"","Player","Team","Position","GP","TOI","CF","CA","CF%","FF","FA","FF%","SF","SA","SF%","GF","GA","GF%","xGF","xGA","xGF%","SCF","SCA","SCF%","HDCF","HDCA","HDCF%","HDGF","HDGA","HDGF%","MDCF","MDCA","MDCF%","MDGF","MDGA","MDGF%","LDCF","LDCA","LDCF%","LDGF","LDGA","LDGF%","On-Ice SH%","On-Ice SV%","PDO","Off. Zone Starts","Neu. Zone Starts","Def. Zone Starts","On The Fly Starts","Off. Zone Start %","Off. Zone Faceoffs","Neu. Zone Faceoffs","Def. Zone Faceoffs","Off. Zone Faceoff %"
"77","Erik Karlsson","PIT, S.J","D","246","5121.4","5735","5024","53.30","4092","3767","52.07","2832","2586","52.27","286","312","47.83","278.68","282","49.70","2846","2493","53.31","1198","1028","53.82","137","146","48.41","1648","1465","52.94","83","104","44.39","3418","2707","55.80","62","49","55.86","10.10","87.94","0.980","759","993","547","3344","58.12","2046","1651","1412","59.17"
"357","Josh Morrissey","WPG","D","239","4919.6833333333","5129","4739","51.98","3835","3494","52.33","2601","2420","51.80","273","208","56.76","254.12","245.18","50.90","2460","2172","53.11","1071","928","53.58","152","102","59.84","1389","1244","52.75","84","52","61.76","2994","2518","54.32","34","34","50.00","10.50","91.40","1.019","891","934","601","3392","59.72","2043","1429","1340","60.39"
"773","Rasmus Dahlin","BUF","D","232","4830.9","5298","4441","54.40","3868","3280","54.11","2720","2227","54.98","265","237","52.79","265.17","241.48","52.34","2525","2220","53.21","1006","910","52.51","116","113","50.66","1519","1310","53.69","88","74","54.32","2925","2344","55.51","48","41","53.93","9.74","89.36","0.991","860","1169","730","3164","54.09","1946","1635","1505","56.39"
"218","Adam Larsson","SEA","D","245","4807.4666666667","4783","4639","50.76","3432","3401","50.23","2296","2283","50.14","252","205","55.14","224.61","210.57","51.61","2150","2135","50.18","841","917","47.84","111","114","49.33","1309","1218","51.80","77","69","52.74","2659","2565","50.90","52","22","70.27","10.98","91.02","1.020","678","982","583","3113","53.77","1628","1415","1360","54.48"
"389","Travis Sanheim","PHI","D","244","4807.3333333333","4544","4816","48.55","3357","3346","50.08","2314","2285","50.32","208","251","45.32","217.46","209.7","50.91","2120","2281","48.17","884","869","50.43","103","113","47.69","1236","1412","46.68","53","91","36.81","2494","2672","48.28","45","46","49.45","8.99","89.02","0.980","533","1149","714","3680","42.74","1456","1723","1536","48.66"
"416","Devon Toews","COL","D","238","4752.9333333333","5208","4350","54.49","3688","3141","54.00","2616","2231","53.97","293","202","59.19","254.19","206.79","55.14","2545","1934","56.82","990","869","53.25","127","104","54.98","1555","1065","59.35","103","60","63.19","2924","2442","54.49","43","28","60.56","11.20","90.95","1.021","872","968","616","2831","58.60","2049","1554","1474","58.16"
"752","Quinn Hughes","VAN","D","228","4715.25","4925","3899","55.81","3495","2942","54.30","2379","2035","53.90","287","218","56.83","226.45","209.14","51.99","2402","1888","55.99","993","875","53.16","152","111","57.79","1409","1013","58.18","79","60","56.83","2768","1953","58.63","48","32","60.00","12.06","89.29","1.014","640","853","461","3217","58.13","1630","1314","1092","59.88"
"500","Ivan Provorov","CBJ, PHI","D","246","4683.7333333333","4347","4802","47.51","3129","3410","47.85","2154","2371","47.60","219","246","47.10","204.51","233.5","46.69","1971","2343","45.69","797","996","44.45","119","118","50.21","1174","1347","46.57","59","84","41.26","2266","2527","47.28","34","37","47.89","10.17","89.62","0.998","508","906","640","3165","44.25","1304","1424","1437","47.57"
"264","Colton Parayko","STL","D","225","4660.9166666667","3872","4694","45.20","2853","3358","45.93","2002","2326","46.26","205","220","48.24","186.92","211.7","46.89","1836","2266","44.76","710","878","44.71","84","118","41.58","1126","1388","44.79","77","63","55.00","2132","2653","44.56","36","37","49.32","10.24","90.54","1.008","461","1022","852","3222","35.11","1132","1488","1726","39.61"
"306","MacKenzie Weegar","CGY","D","244","4608.3","5180","4027","56.26","3649","2810","56.49","2504","1924","56.55","220","192","53.40","227.99","202.29","52.99","2278","2012","53.10","862","837","50.74","104","92","53.06","1416","1175","54.65","63","62","50.40","2913","2145","57.59","44","30","59.46","8.79","90.02","0.988","611","1022","758","4052","44.63","1728","1561","1496","53.60"
"352","Darnell Nurse","EDM","D","239","4589","4728","4416","51.71","3467","3252","51.60","2456","2291","51.74","230","199","53.61","242.93","201.87","54.62","2361","2172","52.08","1010","806","55.62","116","97","54.46","1351","1366","49.72","71","72","49.65","2427","2330","51.02","38","27","58.46","9.36","91.31","1.007","539","964","600","2912","47.32","1318","1465","1460","47.44"
"422","Gustav Forsling","FLA","D","241","4580.2166666667","5258","4105","56.16","3766","3135","54.57","2627","2167","54.80","257","163","61.19","248.33","197.2","55.74","2444","1931","55.86","1039","870","54.43","118","79","59.90","1405","1061","56.97","61","50","54.95","2892","2247","56.28","66","34","66.00","9.78","92.48","1.023","618","945","615","3312","50.12","1494","1459","1431","51.08"
"447","Noah Hanifin","CGY, VGK","D","241","4570.1","4787","4361","52.33","3554","3159","52.94","2478","2134","53.73","243","218","52.71","242.56","206.23","54.05","2305","2091","52.43","975","830","54.02","131","100","56.71","1330","1261","51.33","73","80","47.71","2575","2329","52.51","33","30","52.38","9.81","89.78","0.996","603","1011","664","3642","47.59","1541","1541","1415","52.13"
"448","Rasmus Andersson","CGY","D","238","4562.7166666667","4912","4723","50.98","3573","3392","51.30","2445","2326","51.25","215","251","46.14","227.8","236.81","49.03","2263","2286","49.75","889","932","48.82","109","129","45.80","1374","1354","50.37","61","81","42.96","2788","2593","51.81","37","29","56.06","8.79","89.21","0.980","622","966","685","4078","47.59","1790","1517","1530","53.92"
"1040","Owen Power","BUF","D","234","4551.6333333333","4629","4338","51.62","3335","3288","50.35","2279","2312","49.64","247","242","50.51","213.66","239.03","47.20","2226","2169","50.65","855","982","46.54","112","119","48.48","1371","1187","53.60","89","73","54.94","2478","2287","52.00","41","40","50.62","10.84","89.53","1.004","725","826","637","3248","53.23","1539","1206","1307","54.08"
"867","Moritz Seider","DET","D","246","4522.4333333333","4261","4681","47.65","3100","3313","48.34","2146","2193","49.46","219","235","48.24","204.02","224.81","47.58","1851","2247","45.17","716","903","44.22","95","103","47.98","1135","1344","45.78","68","77","46.90","2381","2645","47.37","46","46","50.00","10.21","89.28","0.995","541","947","813","3133","39.96","1246","1416","1695","42.37"
"759","K'Andre Miller","NYR","D","233","4486.15","4388","4447","49.67","3163","3200","49.71","2164","2181","49.80","225","223","50.22","209.69","206.58","50.37","2092","2147","49.35","843","923","47.73","115","121","48.73","1249","1224","50.51","65","64","50.39","2315","2362","49.50","38","38","50.00","10.40","89.78","1.002","439","957","579","3065","43.12","1229","1456","1410","46.57"
"755","Evan Bouchard","EDM","D","245","4478.05","5283","3645","59.17","3872","2740","58.56","2740","1943","58.51","275","213","56.35","273.34","200.98","57.63","2688","1823","59.59","1165","750","60.84","159","113","58.46","1523","1073","58.67","71","65","52.21","2880","1851","60.88","42","21","66.67","10.04","89.04","0.991","643","773","499","2844","56.30","1732","1220","1187","59.34"
"248","Brady Skjei","CAR, NSH","D","243","4420.9333333333","4814","3825","55.72","3498","2906","54.62","2312","2062","52.86","191","202","48.60","225.66","195.7","53.56","2160","1850","53.87","924","825","52.83","105","94","52.76","1236","1025","54.67","42","74","36.21","2756","2012","57.80","34","28","54.84","8.26","90.20","0.985","613","821","533","3299","53.49","1552","1402","1306","54.30"
"157","Cam Fowler","ANA, STL","D","231","4413.1333333333","4015","4536","46.95","2894","3400","45.98","2039","2371","46.24","192","238","44.65","185.03","236.08","43.94","1923","2199","46.65","753","964","43.86","87","119","42.23","1170","1235","48.65","62","73","45.93","2161","2408","47.30","35","35","50.00","9.42","89.96","0.994","638","884","707","2765","47.43","1472","1328","1486","49.76"
"404","Brandon Montour","FLA, SEA","D","227","4412.3","4828","4320","52.78","3488","3245","51.80","2398","2194","52.22","217","218","49.89","218.67","226.94","49.07","2254","1988","53.14","938","834","52.93","104","103","50.24","1316","1154","53.28","65","55","54.17","2610","2349","52.63","44","41","51.76","9.05","90.06","0.991","611","833","552","2887","52.54","1467","1329","1306","52.90"
"191","Dylan DeMelo","WPG","D","239","4409.4333333333","4284","4223","50.36","3175","3086","50.71","2120","2115","50.06","228","150","60.32","215.39","180.69","54.38","2028","1872","52.00","890","786","53.10","133","84","61.29","1138","1086","51.17","61","46","57.01","2467","2404","50.65","30","20","60.00","10.75","92.91","1.037","727","876","644","3315","53.03","1575","1350","1312","54.55"
"24","Kris Letang","PIT","D","220","4398.05","4643","4570","50.40","3347","3335","50.09","2288","2305","49.81","221","230","49.00","235.94","235.77","50.02","2232","2215","50.19","940","907","50.89","111","127","46.64","1292","1308","49.69","60","62","49.18","2524","2400","51.26","38","35","52.05","9.66","90.02","0.997","583","1034","538","2837","52.01","1535","1547","1399","52.32"
"105","Victor Hedman","T.B","D","233","4397.6666666667","4747","4349","52.19","3461","3213","51.86","2368","2306","50.66","258","208","55.36","235.95","238.65","49.72","2321","2075","52.80","949","839","53.08","131","86","60.37","1372","1236","52.61","68","68","50.00","2855","2417","54.15","55","42","56.70","10.90","90.98","1.019","668","793","469","3125","58.75","1700","1261","1161","59.42"
"284","Jaccob Slavin","CAR","D","237","4383.2666666667","5327","3683","59.12","3810","2745","58.12","2428","1885","56.29","227","185","55.10","251.77","175.4","58.94","2470","1707","59.13","1020","743","57.86","126","88","58.88","1450","964","60.07","51","67","43.22","2882","1994","59.11","43","26","62.32","9.35","90.19","0.995","643","834","481","3050","57.21","1618","1367","1344","54.63"
"400","Marcus Pettersson","PIT, VAN","D","228","4368.95","4670","4470","51.09","3414","3262","51.14","2318","2223","51.05","245","210","53.85","246.25","198.46","55.37","2292","2072","52.52","1023","859","54.36","135","112","54.66","1269","1213","51.13","62","57","52.10","2397","2530","48.65","41","40","50.62","10.57","90.55","1.011","468","900","648","3095","41.94","1292","1424","1527","45.83"
"462","Mikko Rantanen","CAR, COL, DAL","R","244","4359.5166666667","5075","4270","54.31","3616","3140","53.52","2525","2199","53.45","292","231","55.83","247.84","228.43","52.04","2574","1985","56.46","956","882","52.01","130","110","54.17","1618","1103","59.46","90","58","60.81","2818","2245","55.66","51","45","53.13","11.56","89.50","1.011","1041","944","486","2718","68.17","2061","1388","1215","62.91"
"116","Brayden McNabb","VGK","D","246","4334.9166666667","4200","4248","49.72","2976","2919","50.48","2089","1977","51.38","220","157","58.36","205.72","173.58","54.24","1986","1893","51.20","782","750","51.04","103","81","55.98","1204","1143","51.30","77","49","61.11","2218","2356","48.49","24","27","47.06","10.53","92.06","1.026","610","873","740","3137","45.19","1298","1362","1372","48.61"
"661","Mikey Anderson","L.A","D","228","4327.2666666667","4073","3805","51.70","2960","2682","52.46","2005","1813","52.51","183","133","57.91","196.68","162","54.83","1858","1772","51.18","751","698","51.83","84","71","54.19","1107","1074","50.76","52","42","55.32","2332","2218","51.25","29","20","59.18","9.13","92.66","1.018","399","919","591","2627","40.30","1125","1385","1338","45.68"
"255","Cody Ceci","DAL, EDM, S.J","D","244","4321.7833333333","4052","4502","47.37","2926","3349","46.63","2035","2319","46.74","207","190","52.14","206.65","208.22","49.81","1967","2235","46.81","855","888","49.05","96","109","46.83","1112","1347","45.22","64","54","54.24","2121","2381","47.11","40","27","59.70","10.17","91.81","1.020","467","963","645","2831","42.00","1172","1444","1494","43.96"
"525","Vladislav Gavrikov","CBJ, L.A","D","231","4320.7833333333","4376","4107","51.59","3231","2908","52.63","2226","1993","52.76","200","175","53.33","206.24","172.7","54.43","1989","1881","51.40","808","722","52.81","93","89","51.10","1181","1159","50.47","58","58","50.00","2394","2343","50.54","35","27","56.45","8.98","91.22","1.002","397","809","624","2986","38.88","1120","1286","1486","42.98"
"786","Noah Dobson","NYI","D","228","4293.8833333333","4622","4388","51.30","3345","3149","51.51","2311","2186","51.39","218","210","50.93","211.69","218.72","49.18","2160","2030","51.55","901","815","52.51","109","98","52.66","1259","1215","50.89","63","49","56.25","2517","2327","51.96","40","43","48.19","9.43","90.39","0.998","570","703","466","3490","55.02","1468","1143","1121","56.70"
"2","Ryan Suter","DAL, STL","D","246","4278.8833333333","4064","4102","49.77","2886","2975","49.24","1977","2035","49.28","189","175","51.92","184.5","174.83","51.35","1927","1866","50.80","812","753","51.88","109","100","52.15","1115","1113","50.04","46","48","48.94","2124","2311","47.89","29","25","53.70","9.56","91.40","1.010","496","858","566","3166","46.70","1213","1304","1338","47.55"
"130","Ben Chiarot","DET","D","234","4275.65","3656","4803","43.22","2640","3414","43.61","1846","2305","44.47","180","234","43.48","172.65","201.49","46.15","1618","2206","42.31","629","884","41.57","84","101","45.41","989","1322","42.80","52","83","38.52","2056","2739","42.88","40","48","45.45","9.75","89.85","0.996","510","935","691","3120","42.46","1127","1362","1560","41.94"
"346","Nathan MacKinnon","COL","C","232","4271.6833333333","5280","3943","57.25","3780","2914","56.47","2658","2034","56.65","317","212","59.92","259.29","213.64","54.83","2723","1851","59.53","1046","827","55.85","149","104","58.89","1677","1024","62.09","100","51","66.23","2938","2109","58.21","49","38","56.32","11.93","89.58","1.015","1011","964","440","2613","69.68","2096","1460","1167","64.24"
"652","Mario Ferraro","S.J","D","228","4266.7333333333","3918","4743","45.24","2786","3396","45.07","1912","2326","45.12","164","262","38.50","186.1","214.02","46.51","1924","2353","44.98","785","914","46.20","79","121","39.50","1139","1439","44.18","55","94","36.91","2140","2690","44.31","22","46","32.35","8.58","88.74","0.973","331","765","636","3008","34.23","1139","1266","1514","42.93"
"704","Neal Pionk","WPG","D","233","4230.75","4134","4233","49.41","3035","3087","49.58","2034","2152","48.59","210","195","51.85","201.3","210.4","48.90","1856","1994","48.21","806","868","48.15","98","101","49.25","1050","1126","48.25","65","53","55.08","2242","2269","49.70","42","29","59.15","10.32","90.94","1.013","563","868","621","3321","47.55","1237","1263","1347","47.87"
"5","Brent Burns","CAR","D","246","4225.1333333333","5276","3584","59.55","3756","2690","58.27","2434","1843","56.91","236","193","55.01","247.28","191.82","56.32","2430","1672","59.24","1020","729","58.32","134","89","60.09","1410","943","59.92","51","61","45.54","2908","1922","60.21","43","29","59.72","9.70","89.53","0.992","682","819","498","3035","57.80","1674","1341","1314","56.02"
"243","Morgan Rielly","TOR","D","219","4210.6333333333","4360","4291","50.40","3177","3106","50.57","2209","2093","51.35","222","222","50.00","207.38","219.98","48.53","2153","2052","51.20","918","857","51.72","117","105","52.70","1235","1195","50.82","78","67","53.79","2473","2222","52.67","24","40","37.50","10.05","89.39","0.994","732","787","497","3371","59.56","1590","1167","1138","58.28"
"548","Adam Fox","NYR","D","228","4204.9166666667","4554","3684","55.28","3330","2695","55.27","2252","1894","54.32","230","169","57.64","226.52","198.9","53.25","2276","1796","55.89","925","762","54.83","105","84","55.56","1351","1034","56.65","72","53","57.60","2526","1877","57.37","44","23","65.67","10.21","91.08","1.013","732","785","540","2844","57.55","1689","1276","1142","59.66"
"266","Esa Lindell","DAL","D","244","4181.9166666667","3931","4315","47.67","2838","3042","48.27","1978","2066","48.91","219","158","58.09","206.84","173.96","54.32","1930","1942","49.85","800","734","52.15","109","82","57.07","1130","1208","48.33","60","50","54.55","1958","2464","44.28","30","26","53.57","11.07","92.35","1.034","280","829","695","3293","28.72","868","1298","1607","35.07"
"151","Justin Faulk","STL","D","220","4172.7666666667","3743","4319","46.43","2754","3200","46.25","1991","2216","47.33","190","198","48.97","184.49","206.29","47.21","1847","2085","46.97","704","831","45.86","88","101","46.56","1143","1254","47.68","66","52","55.93","1973","2313","46.03","30","37","44.78","9.54","91.06","1.006","552","755","569","3291","49.24","1354","1129","1230","52.40"
"693","Cale Makar","COL","D","217","4163.2666666667","4791","3864","55.36","3382","2820","54.53","2377","1970","54.68","263","202","56.56","230.13","193.07","54.38","2379","1700","58.32","890","724","55.14","116","101","53.46","1489","976","60.41","86","52","62.32","2753","2198","55.60","40","31","56.34","11.06","89.75","1.008","943","862","505","2388","65.12","2036","1351","1222","62.49"
"812","Alexander Romanov","NYI","D","221","4135.85","4017","4593","46.66","2932","3210","47.74","2053","2182","48.48","188","162","53.71","191.77","200.67","48.87","1890","2174","46.51","813","903","47.38","92","87","51.40","1077","1271","45.87","52","48","52.00","2111","2431","46.48","38","27","58.46","9.16","92.58","1.017","392","781","562","3333","41.09","1054","1195","1266","45.43"
"80","Roman Josi","NSH","D","202","4135.15","4785","4066","54.06","3414","2960","53.56","2320","2082","52.70","220","220","50.00","231.8","217.09","51.64","2323","1965","54.17","921","768","54.53","111","87","56.06","1402","1197","53.94","58","72","44.62","2769","2083","57.07","41","46","47.13","9.48","89.43","0.989","711","670","375","2764","65.47","1827","1175","1042","63.68"
"345","Brett Pesce","CAR, N.J","D","224","4128.1333333333","4441","3521","55.78","3195","2627","54.88","2097","1787","53.99","180","174","50.85","205.83","167.17","55.18","2059","1636","55.72","870","743","53.94","98","86","53.26","1189","893","57.11","48","64","42.86","2466","1901","56.47","29","23","55.77","8.58","90.26","0.988","594","798","545","2880","52.15","1444","1300","1253","53.54"
"683","Miro Heiskanen","DAL","D","200","4126.7666666667","4522","3690","55.07","3189","2727","53.90","2160","1853","53.83","217","187","53.71","215.83","177.55","54.87","2196","1662","56.92","895","719","55.45","118","103","53.39","1301","943","57.98","56","51","52.34","2495","2030","55.14","36","27","57.14","10.05","89.91","1.000","691","832","478","2508","59.11","1734","1316","1216","58.78"
"215","Nikita Kucherov","T.B","R","241","4094.8","4653","3975","53.93","3416","2943","53.72","2353","2142","52.35","301","244","55.23","244.72","224.24","52.18","2377","1977","54.59","978","787","55.41","145","99","59.43","1399","1190","54.04","82","81","50.31","2678","2092","56.14","64","47","57.66","12.79","88.61","1.014","859","728","418","2782","67.27","1608","1060","958","62.67"
"260","Jacob Trouba","ANA, NYR","D","228","4093.6","3945","4415","47.19","2846","3123","47.68","1961","2141","47.81","194","208","48.26","189.73","193.58","49.50","1845","2124","46.49","744","867","46.18","90","116","43.69","1101","1257","46.69","62","57","52.10","2059","2363","46.56","32","34","48.48","9.89","90.28","1.002","403","850","558","2945","41.94","1111","1349","1388","44.46"
"519","Niko Mikkola","FLA, NYR, STL","D","239","4083.1333333333","3885","3774","50.72","2801","2777","50.22","1930","1891","50.51","181","162","52.77","183.71","166.19","52.50","1766","1723","50.62","714","740","49.11","86","92","48.31","1052","983","51.70","60","49","55.05","2177","2048","51.53","28","21","57.14","9.38","91.43","1.008","542","907","586","3517","48.05","1211","1363","1184","50.56"
"962","Jake Sanderson","OTT","D","236","4076.05","4253","3986","51.62","3106","2820","52.41","2150","1984","52.01","178","195","47.72","201.12","181.5","52.56","1951","1826","51.65","798","732","52.16","91","89","50.56","1153","1094","51.31","53","69","43.44","2338","2229","51.19","29","33","46.77","8.28","90.17","0.985","488","927","645","3188","43.07","1249","1422","1467","45.99"
"121","Brian Dumoulin","ANA, N.J, PIT, SEA","D","242","4069.05","3913","3886","50.17","2772","2831","49.47","1907","1952","49.42","161","170","48.64","180.48","171.64","51.25","1829","1793","50.50","737","759","49.26","87","100","46.52","1092","1034","51.36","44","49","47.31","2061","2153","48.91","25","21","54.35","8.44","91.29","0.997","501","847","569","3184","46.82","1199","1262","1239","49.18"
"61","Ryan McDonagh","NSH, T.B","D","227","4067.5333333333","3949","4180","48.58","2851","2957","49.09","1940","2050","48.62","217","153","58.65","207.57","180","53.56","1969","1996","49.66","843","711","54.25","116","68","63.04","1126","1285","46.70","48","60","44.44","2037","2334","46.60","40","23","63.49","11.19","92.54","1.037","467","878","607","2902","43.48","1150","1357","1424","44.68"
"436","Jake Middleton","MIN","D","226","4057.4166666667","3675","4283","46.18","2638","2986","46.91","1787","2021","46.93","165","163","50.30","169.25","166.23","50.45","1708","1874","47.68","690","709","49.32","72","80","47.37","1018","1165","46.63","52","52","50.00","1976","2566","43.51","30","30","50.00","9.23","91.93","1.012","426","840","586","2901","42.09","1114","1305","1441","43.60"
"528","Matt Roy","L.A, WSH","D","232","4055.0833333333","4131","3948","51.13","3046","2745","52.60","2118","1831","53.63","206","171","54.64","198.21","168.76","54.01","1919","1813","51.42","762","692","52.41","110","92","54.46","1157","1121","50.79","62","43","59.05","2409","2313","51.02","25","35","41.67","9.73","90.66","1.004","373","744","524","2841","41.58","1138","1237","1206","48.55"
"122","Mattias Ekholm","EDM, NSH","D","222","4052.2166666667","4656","3415","57.69","3398","2532","57.30","2380","1799","56.95","244","168","59.22","248.34","175.68","58.57","2385","1715","58.17","1027","706","59.26","146","93","61.09","1358","1009","57.37","60","48","55.56","2502","1744","58.93","32","17","65.31","10.25","90.66","1.009","551","712","518","2646","51.54","1476","1141","1164","55.91"
"17","Sidney Crosby","PIT","C","244","4044.6333333333","4829","4135","53.87","3507","3120","52.92","2399","2161","52.61","268","256","51.15","255.93","234.73","52.16","2393","2036","54.03","1042","848","55.13","136","131","50.94","1351","1188","53.21","61","70","46.56","2763","2094","56.89","58","42","58.00","11.17","88.15","0.993","925","1194","424","2704","68.57","1850","1603","1137","61.94"
"221","Mark Scheifele","WPG","C","237","4043.8166666667","4069","4168","49.40","2978","3139","48.68","2029","2180","48.21","230","203","53.12","201.66","223.86","47.39","2007","1989","50.23","844","840","50.12","126","108","53.85","1163","1149","50.30","68","43","61.26","2302","2126","51.99","34","32","51.52","11.34","90.69","1.020","859","639","435","2538","66.38","1606","910","979","62.13"
"253","Mike Matheson","MTL","D","210","4028.6333333333","3698","4413","45.59","2644","3063","46.33","1829","2056","47.08","184","214","46.23","183.77","219.15","45.61","1714","2118","44.73","664","867","43.37","76","105","41.99","1050","1251","45.63","64","58","52.46","2057","2457","45.57","35","39","47.30","10.06","89.59","0.997","431","755","642","2433","40.17","1143","1224","1461","43.89"
"455","Vince Dunn","SEA","D","202","4026.0666666667","4315","3823","53.02","3077","2828","52.11","2099","1920","52.23","239","195","55.07","193.81","196.71","49.63","1943","1756","52.53","762","761","50.03","115","96","54.50","1181","995","54.27","76","59","56.30","2385","2020","54.14","44","23","65.67","11.39","89.84","1.012","630","846","455","2602","58.06","1500","1206","1047","58.89"
"379","Leon Draisaitl","EDM","C","232","4016.6166666667","4530","3626","55.54","3419","2773","55.22","2446","1971","55.38","274","201","57.68","255.9","201.3","55.97","2382","1827","56.59","1021","733","58.21","147","96","60.49","1361","1094","55.44","76","67","53.15","2428","1861","56.61","44","21","67.69","11.20","89.80","1.010","808","829","553","2214","59.37","1562","1173","1248","55.59"
"789","Rasmus Sandin","TOR, WSH","D","221","4002.7166666667","3787","3957","48.90","2772","2848","49.32","1917","1954","49.52","195","188","50.91","194.04","187.02","50.92","1903","1846","50.76","810","794","50.50","99","106","48.29","1093","1052","50.96","59","44","57.28","1973","2098","48.46","32","35","47.76","10.17","90.38","1.006","392","671","457","3042","46.17","1208","1125","1108","52.16"
"453","Connor McDavid","EDM","C","225","3997.1833333333","4775","3463","57.96","3547","2625","57.47","2524","1892","57.16","291","211","57.97","272.95","188.92","59.10","2590","1717","60.13","1133","693","62.05","165","98","62.74","1457","1024","58.73","80","71","52.98","2461","1756","58.36","41","25","62.12","11.53","88.85","1.004","780","769","418","2319","65.11","1575","1139","1043","60.16"
"360","Nikita Zadorov","BOS, CGY, VAN","D","238","3994.25","4006","3580","52.81","2894","2621","52.48","1973","1797","52.33","185","158","53.94","180.42","163.41","52.47","1831","1696","51.91","706","705","50.04","71","82","46.41","1125","991","53.17","59","50","54.13","2124","1977","51.79","49","23","68.06","9.38","91.21","1.006","482","766","570","3546","45.82","1242","1208","1255","49.74"
"673","Nick Suzuki","MTL","C","246","3992.95","3921","4002","49.49","2866","2873","49.94","1975","1984","49.89","230","231","49.89","192.21","225.61","46.00","1841","2079","46.96","702","875","44.51","99","113","46.70","1139","1204","48.61","81","71","53.29","2204","1913","53.53","45","31","59.21","11.65","88.36","1.000","704","880","551","2376","56.10","1334","1243","1178","53.11"
"286","Brett Kulak","EDM","D","246","3990.4","3839","3574","51.79","2803","2579","52.08","1982","1838","51.88","162","169","48.94","187.09","158.24","54.18","1865","1650","53.06","825","657","55.67","93","80","53.76","1040","993","51.16","41","64","39.05","2039","1962","50.96","27","25","51.92","8.17","90.81","0.990","512","818","504","2913","50.39","1190","1233","1125","51.40"
"508","Artemi Panarin","NYR","L","244","3988.8","4474","3617","55.30","3264","2676","54.95","2181","1861","53.96","237","208","53.26","213.77","203.11","51.28","2184","1841","54.26","865","786","52.39","95","114","45.45","1319","1055","55.56","89","59","60.14","2505","1616","60.79","48","26","64.86","10.87","88.82","0.997","669","713","278","2931","70.64","1332","1033","679","66.24"
"76","Tyler Myers","VAN","D","226","3988.0166666667","3471","3975","46.62","2545","2834","47.31","1712","1904","47.35","186","193","49.08","175.76","172.16","50.52","1661","1849","47.32","720","759","48.68","92","96","48.94","941","1090","46.33","63","56","52.94","1778","2186","44.85","17","38","30.91","10.86","89.86","1.007","348","822","577","3397","37.62","939","1253","1324","41.49"
"133","Nick Jensen","OTT, WSH","D","226","3978.0166666667","3684","4001","47.94","2623","2875","47.71","1804","2002","47.40","170","166","50.60","176.82","178.81","49.72","1695","1831","48.07","686","783","46.70","90","99","47.62","1009","1048","49.05","54","39","58.06","1886","2240","45.71","21","28","42.86","9.42","91.71","1.011","339","748","607","3182","35.84","981","1196","1309","42.84"
"490","Thomas Chabot","OTT","D","199","3974.15","4333","3880","52.76","3120","2778","52.90","2152","1959","52.35","215","206","51.07","202.59","185.69","52.18","2105","1889","52.70","865","737","54.00","120","110","52.17","1240","1152","51.84","73","51","58.87","2245","1981","53.12","19","36","34.55","9.99","89.48","0.995","482","703","477","2921","50.26","1349","1137","1163","53.70"
"396","David Pastrnak","BOS","R","246","3972.6333333333","4079","3760","52.03","3021","2798","51.92","2135","1957","52.17","270","194","58.19","211.39","195.26","51.98","2079","1835","53.12","830","766","52.01","130","96","57.52","1249","1069","53.88","82","63","56.55","2245","1900","54.16","49","22","69.01","12.65","90.09","1.027","941","638","374","2962","71.56","1634","889","919","64.00"
"72","Alex Pietrangelo","VGK","D","208","3964.1","4128","4303","48.96","3013","2961","50.44","2091","1968","51.52","215","208","50.83","208.27","199.72","51.05","2002","2018","49.80","848","741","53.37","105","99","51.47","1154","1277","47.47","73","65","52.90","2193","2282","49.01","24","34","41.38","10.28","89.43","0.997","639","775","600","2571","51.57","1391","1164","1234","52.99"
"349","Seth Jones","CHI, FLA","D","202","3963.4666666667","3732","4034","48.06","2739","2992","47.79","1933","2073","48.25","167","229","42.17","176.92","225.08","44.01","1693","1994","45.92","654","859","43.23","82","119","40.80","1039","1135","47.79","54","51","51.43","2124","2144","49.77","27","43","38.57","8.64","88.95","0.976","559","750","514","2598","52.10","1420","1169","1236","53.46"
"70","Drew Doughty","L.A","D","193","3948.6333333333","3927","3452","53.22","2876","2462","53.88","1978","1662","54.34","179","138","56.47","185.37","164.51","52.98","1832","1657","52.51","736","667","52.46","77","75","50.66","1096","990","52.54","52","36","59.09","2324","1965","54.19","38","21","64.41","9.05","91.70","1.007","453","817","529","2186","46.13","1231","1281","1192","50.80"
"46","Ian Cole","T.B, UTA, VAN","D","238","3947.9666666667","3728","3720","50.05","2752","2609","51.33","1830","1819","50.15","176","163","51.92","194.84","159.26","55.02","1799","1685","51.64","783","657","54.38","101","84","54.59","1016","1028","49.71","45","50","47.37","2040","2221","47.88","23","28","45.10","9.62","91.04","1.007","373","741","585","3469","38.94","951","1149","1238","43.44"
"136","Brenden Dillon","N.J, WPG","D","241","3947.3833333333","3898","3838","50.39","2826","2822","50.04","1868","1917","49.35","183","161","53.20","190.14","168.6","53.00","1785","1765","50.28","774","746","50.92","90","92","49.45","1011","1019","49.80","54","44","55.10","2054","2110","49.33","33","24","57.89","9.80","91.60","1.014","492","834","529","3309","48.19","1026","1190","1158","46.98"
"195","Vincent Trocheck","NYR","C","246","3940.2","4309","3772","53.32","3112","2749","53.10","2054","1896","52.00","220","199","52.51","210.89","206.67","50.51","2094","1886","52.61","800","785","50.47","85","105","44.74","1294","1101","54.03","85","59","59.03","2425","1884","56.28","42","26","61.76","10.71","89.50","1.002","656","650","555","2739","54.17","1294","1004","1160","52.73"
"359","Ryan Pulock","NYI","D","214","3935.2333333333","3617","4234","46.07","2610","2967","46.80","1787","1989","47.33","176","167","51.31","169.89","187.9","47.48","1750","1969","47.06","728","818","47.09","85","75","53.13","1022","1151","47.03","61","55","52.59","1900","2342","44.79","24","32","42.86","9.85","91.60","1.015","459","920","708","3128","39.33","1093","1333","1477","42.53"
"603","Filip Hronek","DET, VAN","D","206","3934.3166666667","3871","3640","51.54","2753","2737","50.15","1853","1845","50.11","222","177","55.64","189.54","181.9","51.03","1854","1694","52.25","773","788","49.52","116","101","53.46","1081","906","54.40","60","38","61.22","2248","1971","53.28","39","30","56.52","11.98","90.41","1.024","578","772","498","2813","53.72","1329","1141","1116","54.36"
"120","Dmitry Orlov","BOS, CAR, WSH","D","224","3914.4166666667","4301","3207","57.29","3094","2401","56.31","2050","1708","54.55","180","151","54.38","200","155.42","56.27","1976","1564","55.82","781","703","52.63","81","85","48.80","1195","861","58.12","59","46","56.19","2369","1608","59.57","36","17","67.92","8.78","91.16","0.999","475","800","454","2773","51.13","1206","1205","1041","53.67"
"225","Jamie Oleksiak","SEA","D","239","3902.3","3698","3996","48.06","2702","2858","48.60","1803","1862","49.20","179","177","50.28","173.91","169.97","50.57","1658","1837","47.44","686","727","48.55","86","96","47.25","972","1110","46.69","51","51","50.00","1931","2402","44.56","32","30","51.61","9.93","90.49","1.004","316","774","717","3068","30.59","897","1186","1529","36.97"
"561","Clayton Keller","ARI, UTA","R","241","3898.6","3769","3530","51.64","2761","2636","51.16","1869","1841","50.38","199","218","47.72","185.36","202.63","47.78","1839","1787","50.72","737","744","49.76","94","109","46.31","1102","1043","51.38","57","57","50.00","2072","1784","53.73","40","35","53.33","10.65","88.16","0.988","700","890","565","2891","55.34","1362","1203","1097","55.39"
"563","Jakob Chychrun","ARI, OTT, WSH","D","204","3892.85","4089","3806","51.79","2932","2744","51.66","1954","1886","50.89","200","202","49.75","184.04","190.63","49.12","1912","1821","51.22","725","756","48.95","94","108","46.53","1187","1065","52.71","70","56","55.56","2294","2033","53.02","33","27","55.00","10.24","89.29","0.995","482","599","407","2834","54.22","1335","1038","1067","55.58"
"279","Jake McCabe","CHI, TOR","D","215","3879.7166666667","3672","3886","48.58","2673","2778","49.04","1858","1869","49.85","217","159","57.71","187.04","169.47","52.46","1796","1839","49.41","754","745","50.30","110","84","56.70","1042","1094","48.78","68","47","59.13","1879","2098","47.25","28","27","50.91","11.68","91.49","1.032","412","907","641","3201","39.13","1001","1321","1272","44.04"
"276","Damon Severson","CBJ, N.J","D","218","3878.35","4124","3712","52.63","2938","2663","52.45","2043","1838","52.64","193","193","50.00","206.56","176.71","53.89","1993","1763","53.06","845","705","54.52","106","91","53.81","1148","1058","52.04","57","61","48.31","2273","2176","51.09","24","38","38.71","9.45","89.50","0.989","499","751","525","2578","48.73","1184","1174","1135","51.06"
"967","Tim Stützle","OTT","C, L","235","3852.4166666667","4346","3618","54.57","3165","2620","54.71","2171","1881","53.58","214","225","48.75","206.47","186.9","52.49","2081","1763","54.14","844","717","54.07","113","102","52.56","1237","1046","54.18","74","67","52.48","2362","1813","56.57","24","44","35.29","9.86","88.04","0.979","794","808","421","2878","65.35","1427","1102","951","60.01"
"512","Will Borgen","NYR, SEA","D","248","3847.3166666667","3510","3849","47.70","2545","2744","48.12","1709","1798","48.73","169","178","48.70","155.72","167.2","48.22","1597","1785","47.22","640","736","46.51","81","97","45.51","957","1049","47.71","59","54","52.21","1875","2211","45.89","27","27","50.00","9.89","90.10","1.000","290","867","653","3363","30.75","845","1280","1386","37.88"
"409","Brayden Point","T.B","C","240","3846.4333333333","4216","3846","52.29","3096","2835","52.20","2170","2071","51.17","264","237","52.69","218.41","217.22","50.14","2191","1910","53.43","920","771","54.41","138","96","58.97","1271","1139","52.74","72","81","47.06","2441","2024","54.67","47","43","52.22","12.17","88.56","1.007","835","694","422","2604","66.43","1555","1018","921","62.80"
"354","Bo Horvat","NYI, VAN","C","241","3842.3833333333","4208","3952","51.57","3105","2848","52.16","2129","1964","52.02","210","209","50.12","201.53","207.24","49.30","1993","1877","51.50","828","766","51.94","103","90","53.37","1165","1111","51.19","64","58","52.46","2384","2048","53.79","34","43","44.16","9.86","89.36","0.992","641","770","513","2894","55.55","1341","1093","1181","53.17"
"382","William Nylander","TOR","R","246","3813.7","4147","3958","51.17","3043","2886","51.32","2143","1926","52.67","231","198","53.85","215.06","211.55","50.41","2159","1911","53.05","952","765","55.45","122","98","55.45","1207","1146","51.30","74","57","56.49","2221","2051","51.99","29","34","46.03","10.78","89.72","1.005","713","786","419","2806","62.99","1481","1152","1024","59.12"
"617","Brandon Hagel","T.B","L","245","3798.8","4106","3544","53.67","2948","2590","53.23","2028","1828","52.59","243","188","56.38","218.42","172.94","55.81","2102","1658","55.90","868","636","57.71","124","76","62.00","1234","1022","54.70","71","66","51.82","2196","2029","51.98","41","34","54.67","11.98","89.72","1.017","635","905","565","2453","52.92","1119","1241","1075","51.00"
"252","Olli Määttä","DET, UTA","D","227","3796.6","3272","3444","48.72","2329","2478","48.45","1595","1715","48.19","146","137","51.59","149.8","150.45","49.89","1505","1567","48.99","579","660","46.73","64","74","46.38","926","907","50.52","58","42","58.00","1809","1884","48.98","19","21","47.50","9.15","92.01","1.012","477","843","521","2929","47.80","1049","1172","1105","48.70"
"473","Brandon Carlo","BOS, TOR","D","234","3788.2666666667","3193","3841","45.39","2389","2771","46.30","1704","1845","48.01","186","128","59.24","167.98","161.59","50.97","1553","1758","46.90","642","695","48.02","86","60","58.90","911","1063","46.15","61","46","57.01","1505","2282","39.74","31","22","58.49","10.92","93.06","1.040","249","794","750","3332","24.92","608","1138","1488","29.01"
"591","Samuel Girard","COL","D","208","3780.1666666667","4029","3517","53.39","2837","2531","52.85","2004","1796","52.74","181","185","49.45","178.06","162.11","52.34","1921","1614","54.34","761","730","51.04","87","101","46.28","1160","884","56.75","57","45","55.88","2128","1907","52.74","28","37","43.08","9.03","89.70","0.987","478","779","554","2839","46.32","1192","1245","1194","49.96"
"449","Kyle Connor","WPG","L","229","3778.1","3777","3822","49.70","2794","2843","49.57","1892","1985","48.80","213","201","51.45","183.29","209.33","46.68","1883","1810","50.99","793","767","50.83","110","101","52.13","1090","1043","51.10","68","44","60.71","2124","1941","52.25","33","35","48.53","11.26","89.87","1.011","847","651","399","2403","67.98","1539","917","874","63.78"
"855","Bowen Byram","BUF, COL","D","197","3769.45","3635","3706","49.52","2611","2697","49.19","1818","1815","50.04","195","182","51.72","167.01","186.83","47.20","1719","1813","48.67","675","808","45.52","87","98","47.03","1044","1005","50.95","73","45","61.86","2080","2027","50.65","31","30","50.82","10.73","89.97","1.007","578","784","547","2549","51.38","1257","1147","1191","51.35"
"263","Matt Grzelcyk","BOS, PIT","D","220","3760.1166666667","3602","3776","48.82","2632","2749","48.91","1810","1868","49.21","190","137","58.10","168.82","169.88","49.84","1755","1827","48.99","736","767","48.97","104","69","60.12","1019","1060","49.01","53","48","52.48","2008","2019","49.86","32","19","62.75","10.50","92.67","1.032","659","800","522","3003","55.80","1401","1145","1108","55.84"
"110","Nazem Kadri","CGY","C","246","3748.9","4304","3586","54.55","3044","2613","53.81","2061","1816","53.16","179","201","47.11","188.31","189.61","49.83","1944","1774","52.29","758","735","50.77","94","98","48.96","1186","1039","53.30","47","67","41.23","2476","1840","57.37","35","20","63.64","8.69","88.93","0.976","708","754","355","3018","66.60","1582","1196","942","62.68"
"677","Jason Robertson","DAL","L","246","3747.3166666667","4163","3416","54.93","2941","2479","54.26","2035","1644","55.31","240","167","58.97","207.69","160.75","56.37","2083","1538","57.53","865","602","58.96","122","96","55.96","1218","936","56.55","81","43","65.32","2168","1924","52.98","26","20","56.52","11.79","89.84","1.016","621","787","496","2716","55.60","1259","1169","1153","52.20"
"79","John Carlson","WSH","D","201","3734.25","3921","3884","50.24","2829","2724","50.95","1889","1803","51.16","199","194","50.64","209.73","196.74","51.60","1920","1826","51.25","779","764","50.49","101","103","49.51","1141","1062","51.79","55","53","50.93","2121","2155","49.60","37","30","55.22","10.53","89.24","0.998","464","712","483","2708","49.00","1371","1215","1259","52.13"
"369","Trevor van Riemsdyk","WSH","D","227","3715.8833333333","3450","3622","48.78","2437","2553","48.84","1627","1727","48.51","171","153","52.78","158.87","152.76","50.98","1675","1616","50.90","715","630","53.16","95","81","53.98","960","986","49.33","51","36","58.62","1748","1992","46.74","22","36","37.93","10.51","91.14","1.017","425","667","456","2865","48.24","1077","1108","1071","50.14"
"649","Nicolas Hague","VGK","D","222","3715.2833333333","3377","3777","47.20","2454","2693","47.68","1748","1846","48.64","152","155","49.51","153.09","158.98","49.06","1593","1737","47.84","680","663","50.63","81","69","54.00","913","1074","45.95","53","54","49.53","1757","2030","46.40","15","31","32.61","8.70","91.60","1.003","444","741","508","2849","46.64","1021","1099","1069","48.85"
"245","Mathew Dumba","ARI, DAL, MIN, T.B","D","218","3711.1833333333","3391","3657","48.11","2417","2693","47.30","1638","1873","46.65","136","174","43.87","157.99","168.68","48.36","1607","1747","47.91","668","739","47.48","81","99","45.00","939","1008","48.23","38","49","43.68","1779","1936","47.89","17","24","41.46","8.30","90.71","0.990","386","693","473","2835","44.94","1028","1076","1111","48.06"
"164","Zach Hyman","EDM","L","232","3710.9833333333","4442","3303","57.35","3302","2473","57.18","2340","1747","57.25","264","196","57.39","252.27","178.11","58.62","2382","1663","58.89","1078","640","62.75","149","95","61.07","1304","1023","56.04","77","64","54.61","2334","1654","58.53","36","21","63.16","11.28","88.78","1.001","780","698","413","2326","65.38","1462","1005","986","59.72"
"944","Braden Schneider","NYR","D","243","3708.6833333333","3319","3904","45.95","2440","2825","46.34","1716","1914","47.27","165","158","51.08","154.12","175.06","46.82","1525","1892","44.63","643","787","44.97","76","86","46.91","882","1105","44.39","50","43","53.76","1715","1992","46.26","36","29","55.38","9.62","91.75","1.014","291","637","391","3173","42.67","793","1028","951","45.47"
"749","Martin Fehervary","WSH","D","214","3696.7333333333","3420","3744","47.74","2424","2614","48.11","1604","1732","48.08","156","163","48.90","166.46","164.37","50.32","1630","1705","48.88","684","707","49.17","86","97","46.99","946","998","48.66","42","37","53.16","1736","2159","44.57","20","29","40.82","9.73","90.59","1.003","301","765","598","2757","33.48","967","1209","1375","41.29"
"585","Jordan Kyrou","STL","C, R","243","3695.8","3644","3514","50.91","2653","2591","50.59","1889","1773","51.58","200","211","48.66","164.2","196.79","45.49","1837","1752","51.18","648","701","48.04","90","102","46.88","1189","1051","53.08","86","58","59.72","2003","1795","52.74","24","31","43.64","10.59","88.10","0.987","653","737","454","2701","58.99","1342","1014","937","58.89"
"963","Alexis Lafrenière","NYR","L","245","3690.85","3980","3431","53.70","2849","2545","52.82","1924","1783","51.90","200","197","50.38","179.62","187.83","48.88","1941","1720","53.02","756","740","50.53","87","108","44.62","1185","980","54.73","69","63","52.27","2203","1581","58.22","40","21","65.57","10.40","88.95","0.993","636","648","257","2786","71.22","1199","926","602","66.57"
"152","Brock Nelson","COL, NYI","C","244","3683.6","3908","3939","49.80","2786","2840","49.52","1929","1937","49.90","214","193","52.58","185.05","209.21","46.94","1982","1830","51.99","772","755","50.56","102","82","55.43","1210","1075","52.95","77","51","60.16","2010","2073","49.23","31","39","44.29","11.09","90.04","1.011","701","685","427","2909","62.15","1287","1033","1007","56.10"
"140","Chris Tanev","CGY, DAL, TOR","D","215","3681.7333333333","3647","3391","51.82","2657","2337","53.20","1835","1557","54.10","187","138","57.54","193.63","137.8","58.42","1748","1556","52.91","699","578","54.74","96","63","60.38","1049","978","51.75","53","46","53.54","1882","1972","48.83","27","28","49.09","10.19","91.14","1.013","382","942","722","3374","34.60","990","1358","1428","40.94"
"19","Anze Kopitar","L.A","C","244","3675.4666666667","3808","3391","52.90","2724","2415","53.01","1886","1626","53.70","210","157","57.22","175.16","165","51.49","1729","1627","51.52","717","646","52.60","103","80","56.28","1012","981","50.78","59","45","56.73","2302","1898","54.81","37","24","60.66","11.13","90.34","1.015","567","795","544","2532","51.04","1165","1150","1222","48.81"
"869","Cam York","PHI","D","202","3669.3333333333","3412","3514","49.26","2514","2418","50.97","1735","1622","51.68","159","190","45.56","163.42","152.88","51.66","1616","1633","49.74","721","642","52.90","80","87","47.90","895","991","47.45","43","74","36.75","1883","2002","48.47","31","29","51.67","9.16","88.29","0.975","441","855","526","2950","45.60","1145","1324","1151","49.87"
"108","Brayden Schenn","STL","C","246","3666.45","3346","3846","46.52","2393","2786","46.21","1697","1921","46.90","188","220","46.08","156.15","208.42","42.83","1605","1931","45.39","620","775","44.44","86","105","45.03","985","1156","46.01","69","54","56.10","1875","2032","47.99","26","42","38.24","11.08","88.55","0.996","602","741","593","2555","50.38","1190","1035","1215","49.48"
"557","Alex DeBrincat","DET, OTT","R","246","3661.8333333333","3795","3713","50.55","2774","2693","50.74","1946","1871","50.98","178","202","46.84","172.31","193.68","47.08","1798","1762","50.51","687","722","48.76","80","88","47.62","1111","1040","51.65","66","67","49.62","2073","1949","51.54","30","33","47.62","9.15","89.20","0.984","666","746","473","2764","58.47","1243","1019","1005","55.29"
"874","Matt Boldy","MIN","L","238","3660.1666666667","3793","3428","52.53","2794","2463","53.15","1893","1683","52.94","181","164","52.46","176.33","160.39","52.37","1796","1536","53.90","744","584","56.02","83","70","54.25","1052","952","52.50","63","40","61.17","2005","1985","50.25","27","42","39.13","9.56","90.26","0.998","587","767","492","2111","54.40","1151","1123","1089","51.38"
"714","Drake Batherson","OTT","R","246","3659.1333333333","3866","3631","51.57","2824","2606","52.01","1956","1818","51.83","158","198","44.38","176.91","179.89","49.58","1813","1739","51.04","722","698","50.85","80","92","46.51","1091","1041","51.17","55","64","46.22","2108","1905","52.53","23","32","41.82","8.08","89.11","0.972","695","805","435","3042","61.50","1276","1128","989","56.34"
"114","Nick Leddy","STL","D","191","3653.5","3088","3725","45.33","2282","2709","45.72","1618","1848","46.68","173","158","52.27","147.9","174.73","45.84","1517","1814","45.54","581","738","44.05","71","86","45.22","936","1076","46.52","69","44","61.06","1605","2003","44.48","26","28","48.15","10.69","91.45","1.021","353","805","620","2622","36.28","864","1170","1259","40.70"
"544","Auston Matthews","TOR","C","222","3652.8166666667","4097","3538","53.66","3029","2484","54.94","2055","1681","55.01","263","178","59.64","224.43","188.24","54.39","2222","1698","56.68","982","691","58.70","135","80","62.79","1240","1007","55.18","84","58","59.15","2077","1829","53.17","35","32","52.24","12.80","89.41","1.022","651","827","373","2537","63.57","1376","1206","933","59.59"
"495","Mitch Marner","TOR","R","230","3646.3","3819","3466","52.42","2765","2492","52.60","1894","1705","52.63","235","171","57.88","199.77","187.6","51.57","2050","1610","56.01","855","675","55.88","120","71","62.83","1195","935","56.10","77","59","56.62","1944","1851","51.23","30","32","48.39","12.41","89.97","1.024","665","853","481","2412","58.03","1286","1181","1075","54.47"
"317","Jake Guentzel","CAR, PIT, T.B","C, L","225","3644.2333333333","4313","3698","53.84","3119","2741","53.23","2140","1930","52.58","242","180","57.35","224.63","193.74","53.69","2167","1780","54.90","913","721","55.88","117","77","60.31","1254","1059","54.22","58","62","48.33","2352","1902","55.29","58","27","68.24","11.31","90.67","1.020","796","907","373","2470","68.09","1560","1260","967","61.73"
"1037","Matty Beniers","SEA","C","239","3616.55","3520","3395","50.90","2513","2498","50.15","1685","1622","50.95","171","163","51.20","157.4","166.48","48.60","1591","1536","50.88","620","623","49.88","76","74","50.67","971","913","51.54","61","46","57.01","1961","1947","50.18","28","27","50.91","10.15","89.95","1.001","642","783","487","2409","56.86","1164","1058","1043","52.74"
"1033","J.J. Moser","ARI, T.B","D","216","3608.5166666667","3227","3544","47.66","2282","2583","46.91","1544","1847","45.53","172","173","49.86","158.97","169.06","48.46","1593","1703","48.33","647","704","47.89","86","83","50.89","946","999","48.64","48","55","46.60","1656","1933","46.14","33","32","50.77","11.14","90.63","1.018","386","865","643","2893","37.51","932","1225","1256","42.60"
"459","Timo Meier","N.J, S.J","R","227","3602.0666666667","4012","3506","53.37","2835","2540","52.74","1898","1744","52.11","177","202","46.70","200.36","192.05","51.06","2015","1662","54.80","853","664","56.23","85","83","50.60","1162","998","53.80","63","69","47.73","2264","2013","52.93","27","37","42.19","9.33","88.42","0.977","619","800","491","2559","55.77","1239","1119","1068","53.71"
"268","Shayne Gostisbehere","ARI, CAR, DET","D","226","3600.1666666667","3767","3116","54.73","2697","2334","53.61","1787","1635","52.22","160","175","47.76","170.16","170.24","49.99","1791","1572","53.26","684","651","51.24","78","89","46.71","1107","921","54.59","56","47","54.37","2083","1530","57.65","23","27","46.00","8.95","89.30","0.983","561","730","404","2615","58.13","1237","1088","952","56.51"
"595","Jesper Bratt","N.J","L","245","3596.9833333333","4335","3296","56.81","3095","2470","55.62","2103","1706","55.21","226","208","52.07","213.37","191.95","52.64","2216","1573","58.49","872","665","56.73","99","106","48.29","1344","908","59.68","78","56","58.21","2462","1802","57.74","45","32","58.44","10.75","87.81","0.986","746","851","421","2905","63.92","1415","1192","871","61.90"
"378","Sam Reinhart","FLA","C","243","3594.3666666667","4196","3056","57.86","3015","2255","57.21","2024","1547","56.68","194","167","53.74","200.94","158.35","55.93","1954","1336","59.39","814","542","60.03","94","72","56.63","1140","794","58.95","45","38","54.22","2409","1752","57.89","45","41","52.33","9.58","89.20","0.988","707","848","575","2406","55.15","1315","1175","1131","53.76"
"685","Martin Necas","CAR, COL","C","238","3592.9833333333","4334","3014","58.98","3150","2305","57.75","2089","1637","56.07","196","187","51.17","192.65","178.21","51.95","2005","1481","57.52","787","689","53.32","107","87","55.15","1218","792","60.60","58","66","46.77","2408","1483","61.89","30","25","54.55","9.38","88.58","0.980","625","645","284","2656","68.76","1332","999","823","61.81"
"320","Carter Verhaeghe","FLA","C","238","3592.2333333333","4499","3247","58.08","3231","2523","56.15","2277","1768","56.29","209","180","53.73","221.56","180.75","55.07","2205","1504","59.45","902","666","57.53","101","78","56.42","1303","838","60.86","62","53","53.91","2397","1723","58.18","41","35","53.95","9.18","89.82","0.990","690","821","476","2542","59.18","1315","1099","989","57.07"
"233","Rickard Rakell","PIT","R","233","3576.35","4051","3524","53.48","2899","2630","52.43","1933","1845","51.16","204","215","48.69","195.57","193.8","50.23","1961","1717","53.32","853","705","54.75","108","113","48.87","1108","1012","52.26","52","55","48.60","2311","1737","57.09","40","36","52.63","10.55","88.35","0.989","746","898","275","2742","73.07","1461","1251","813","64.25"
"109","Oliver Ekman-Larsson","FLA, TOR, VAN","D","211","3573.65","3562","3387","51.26","2569","2537","50.31","1776","1711","50.93","169","165","50.60","170.22","163.56","51.00","1661","1561","51.55","686","670","50.59","86","80","51.81","975","891","52.25","47","48","49.47","2092","1860","52.94","33","34","49.25","9.52","90.36","0.999","563","787","476","2947","54.19","1211","1149","1048","53.61"
"596","Mikhail Sergachev","T.B, UTA","D","190","3572.7166666667","3746","3368","52.66","2716","2461","52.46","1834","1756","51.09","178","183","49.31","190.52","169.5","52.92","1846","1643","52.91","761","678","52.88","89","94","48.63","1085","965","52.93","51","52","49.51","2199","1940","53.13","31","29","51.67","9.71","89.58","0.993","559","766","531","2546","51.28","1305","1208","1112","53.99"
"37","Claude Giroux","OTT","R","245","3568.85","4099","3359","54.96","2965","2438","54.88","2023","1723","54.00","183","199","47.91","199.89","173.71","53.50","1942","1609","54.69","810","680","54.36","111","92","54.68","1132","929","54.92","50","47","51.55","2200","1731","55.97","16","47","25.40","9.05","88.45","0.975","778","802","595","2800","56.66","1421","1130","1199","54.24"
"522","Troy Terry","ANA","R","223","3567.8833333333","3536","3618","49.43","2613","2691","49.26","1804","1886","48.89","179","189","48.64","166.34","199.38","45.48","1722","1852","48.18","681","780","46.61","88","102","46.32","1041","1072","49.27","57","54","51.35","1825","1878","49.28","30","21","58.82","9.92","89.98","0.999","590","711","465","2403","55.92","1159","988","1003","53.61"
"734","Sean Walker","CAR, COL, L.A, PHI","D","233","3567.7","4053","3296","55.15","2911","2291","55.96","1946","1555","55.58","161","166","49.24","175.4","153.23","53.37","1829","1631","52.86","755","684","52.47","83","88","48.54","1074","947","53.14","53","47","53.00","2350","1853","55.91","24","31","43.64","8.27","89.32","0.976","485","662","430","2778","53.01","1134","1037","983","53.57"
"549","Ryan Lindgren","COL, NYR","D","211","3550.8666666667","3370","3338","50.24","2464","2401","50.65","1664","1692","49.58","171","130","56.81","167.66","158.04","51.48","1636","1600","50.56","665","692","49.01","75","71","51.37","971","908","51.68","53","43","55.21","1880","1829","50.69","37","16","69.81","10.28","92.32","1.026","505","672","514","2698","49.56","1232","1083","1127","52.23"
"675","Robert Thomas","STL","C","225","3546.7333333333","3522","3529","49.95","2606","2635","49.72","1828","1804","50.33","225","198","53.19","188.97","204.07","48.08","1828","1760","50.95","666","731","47.67","104","102","50.49","1162","1029","53.04","84","56","60.00","1920","1866","50.71","26","22","54.17","12.31","89.02","1.013","648","757","588","2316","52.43","1314","1043","1176","52.77"
"138","Radko Gudas","ANA, FLA","D","219","3543.3333333333","3497","3636","49.03","2562","2581","49.82","1721","1761","49.43","159","135","54.08","164.84","152.6","51.93","1588","1680","48.59","652","690","48.58","89","70","55.97","936","990","48.60","38","40","48.72","1760","2098","45.62","26","25","50.98","9.24","92.33","1.016","355","702","561","2719","38.76","876","1019","1195","42.30"
"71","Steven Stamkos","NSH, T.B","C","242","3538.0166666667","3662","3580","50.57","2611","2618","49.93","1804","1840","49.51","189","231","45.00","174.92","198.47","46.85","1794","1710","51.20","720","680","51.43","92","87","51.40","1074","1030","51.05","48","76","38.71","2261","1958","53.59","45","53","45.92","10.48","87.45","0.979","771","654","476","2471","61.83","1413","974","984","58.95"
"550","Charlie McAvoy","BOS","D","191","3537.8666666667","3533","3442","50.65","2582","2492","50.89","1802","1697","51.50","194","152","56.07","179.2","164.09","52.20","1854","1666","52.67","785","702","52.79","105","77","57.69","1069","964","52.58","54","38","58.70","1926","1789","51.84","31","26","54.39","10.77","91.04","1.018","716","681","541","2529","56.96","1479","1006","1097","57.41"
"217","Jonathan Huberdeau","CGY","C, L","241","3526.0333333333","3894","3363","53.66","2736","2411","53.16","1856","1641","53.07","157","186","45.77","173.25","177.03","49.46","1773","1597","52.61","679","666","50.48","83","88","48.54","1094","931","54.02","45","62","42.06","2255","1797","55.65","24","22","52.17","8.46","88.67","0.971","753","801","430","2718","63.65","1575","1210","963","62.06"
"753","Brady Tkachuk","OTT","L","235","3519.0333333333","4262","3354","55.96","3146","2408","56.64","2180","1684","56.42","196","193","50.39","214.84","170.88","55.70","2110","1630","56.42","889","654","57.62","109","100","52.15","1221","976","55.58","61","52","53.98","2208","1747","55.83","25","31","44.64","8.99","88.54","0.975","758","966","530","2799","58.85","1357","1294","1048","56.42"
"947","Lucas Raymond","DET","L","238","3511.7","3408","3405","50.02","2426","2509","49.16","1655","1730","48.89","176","208","45.83","162.19","179.52","47.46","1560","1655","48.52","625","686","47.67","73","92","44.24","935","969","49.11","65","68","48.87","1899","1883","50.21","32","38","45.71","10.63","87.98","0.986","565","845","585","2478","49.13","1041","1127","1218","46.08"
"472","Dylan Strome","WSH","C","245","3508.6833333333","3664","3568","50.66","2644","2598","50.44","1763","1767","49.94","190","195","49.35","181.82","193.71","48.42","1822","1675","52.10","764","715","51.66","96","105","47.76","1058","960","52.43","60","53","53.10","2053","1707","54.60","29","30","49.15","10.78","88.96","0.997","818","742","265","2554","75.53","1461","976","645","69.37"
"662","Casey Mittelstadt","BOS, BUF, COL","C","243","3501.4166666667","3356","3228","50.97","2465","2418","50.48","1750","1708","50.61","189","204","48.09","157.53","180.62","46.59","1640","1557","51.30","610","686","47.07","84","105","44.44","1030","871","54.18","71","53","57.26","1868","1674","52.74","28","35","44.44","10.80","88.06","0.989","672","652","489","2482","57.88","1196","944","1015","54.09"
"60","Mikael Backlund","CGY","C","240","3498.5833333333","3903","3146","55.37","2826","2247","55.71","1947","1528","56.03","167","143","53.87","193.09","150.65","56.17","1867","1528","54.99","718","634","53.11","71","68","51.08","1149","894","56.24","53","43","55.21","1985","1857","51.67","31","28","52.54","8.58","90.64","0.992","487","798","815","2452","37.40","1095","1169","1475","42.61"
"484","Zach Werenski","CBJ","D","164","3497.8333333333","3937","3750","51.22","2809","2664","51.32","1936","1834","51.35","205","196","51.12","186.34","181.66","50.64","1788","1735","50.75","726","714","50.42","95","84","53.07","1062","1021","50.98","72","55","56.69","2369","2183","52.04","34","45","43.04","10.59","89.31","0.999","527","701","438","1887","54.61","1408","1119","1102","56.10"
"220","Mika Zibanejad","NYR","C","245","3494.45","3526","3446","50.57","2598","2498","50.98","1764","1725","50.56","180","165","52.17","175.22","184.06","48.77","1675","1638","50.56","713","714","49.96","79","82","49.07","962","924","51.01","62","50","55.36","1945","1872","50.96","30","25","54.55","10.20","90.43","1.006","602","911","580","2397","50.93","1189","1243","1190","49.98"
"387","Dylan Larkin","DET","C","230","3486.8666666667","3622","3390","51.65","2642","2485","51.53","1816","1735","51.14","205","212","49.16","180.33","178.23","50.29","1662","1650","50.18","626","673","48.19","74","97","43.27","1036","977","51.47","77","67","53.47","2011","1846","52.14","45","39","53.57","11.29","87.78","0.991","552","823","535","2403","50.78","1057","1120","1151","47.87"
"397","Adrian Kempe","L.A","C, R","240","3477.7666666667","3586","3208","52.78","2580","2299","52.88","1770","1544","53.41","199","137","59.23","163.8","155.1","51.36","1627","1530","51.54","659","607","52.05","96","69","58.18","968","923","51.19","56","37","60.22","2192","1823","54.60","38","22","63.33","11.24","91.13","1.024","579","799","529","2387","52.26","1159","1126","1170","49.76"
"132","Anders Lee","NYI","L","245","3475.55","3941","3648","51.93","2856","2573","52.61","1962","1743","52.96","188","175","51.79","197.07","180.75","52.16","1942","1680","53.62","857","683","55.65","96","73","56.80","1085","997","52.11","56","50","52.83","2103","1933","52.11","33","40","45.21","9.58","89.96","0.995","651","706","440","2776","59.67","1222","994","965","55.88"
"385","Kevin Fiala","L.A","L","232","3472.75","3805","3030","55.67","2786","2143","56.52","1924","1471","56.67","177","168","51.30","178.63","146.9","54.87","1784","1437","55.39","719","553","56.53","90","83","52.02","1065","884","54.64","52","48","52.00","2228","1678","57.04","31","31","50.00","9.20","88.58","0.978","530","608","442","2590","54.53","1085","974","936","53.69"
"964","Dawson Mercer","N.J","C","246","3470.1833333333","3422","3364","50.43","2425","2410","50.16","1682","1618","50.97","156","150","50.98","173.22","156.47","52.54","1634","1535","51.56","682","608","52.87","92","69","57.14","952","927","50.67","43","42","50.59","1921","1959","49.51","20","33","37.74","9.27","90.73","1.000","519","729","506","2658","50.63","980","1043","1053","48.20"
"11","Evgeni Malkin","PIT","C","232","3468.1833333333","3782","3350","53.03","2716","2473","52.34","1911","1719","52.64","172","190","47.51","180.93","195.02","48.13","1857","1647","53.00","789","676","53.86","91","98","48.15","1068","971","52.38","49","46","51.58","2021","1579","56.14","30","34","46.88","9.00","88.95","0.979","606","615","213","2983","73.99","1247","980","633","66.33"
"104","John Tavares","TOR","C","235","3467.4666666667","3553","3510","50.30","2579","2569","50.10","1848","1743","51.46","197","178","52.53","184.35","187.5","49.58","1851","1614","53.42","805","662","54.87","98","83","54.14","1046","952","52.35","68","55","55.28","1894","1912","49.76","26","31","45.61","10.66","89.79","1.004","630","681","504","2569","55.56","1244","1002","1117","52.69"
"231","Phillip Danault","L.A","C","240","3464.3666666667","3763","3114","54.72","2811","2169","56.45","1924","1490","56.36","170","142","54.49","183.42","144.15","55.99","1729","1465","54.13","724","596","54.85","83","67","55.33","1005","869","53.63","45","46","49.45","2169","1817","54.42","31","25","55.36","8.84","90.47","0.993","498","758","534","2417","48.26","996","1068","1073","48.14"
"461","Erik Cernak","T.B","D","215","3460.1166666667","3112","3338","48.25","2230","2361","48.57","1519","1653","47.89","175","143","55.03","165.16","150.96","52.25","1551","1597","49.27","685","642","51.62","99","70","58.58","866","955","47.56","38","50","43.18","1684","2031","45.33","32","23","58.18","11.52","91.35","1.029","406","912","624","2593","39.42","911","1301","1320","40.83"
"711","Johnathan Kovacevic","MTL, N.J","D","220","3459","3166","3288","49.05","2232","2368","48.52","1509","1639","47.94","148","133","52.67","149.34","145.57","50.64","1473","1531","49.03","581","641","47.55","61","73","45.52","892","890","50.06","59","37","61.46","1589","1828","46.50","24","23","51.06","9.81","91.89","1.017","287","656","474","2621","37.71","743","1041","1107","40.16"
"392","Nick Schmaltz","ARI, UTA","C","224","3457.6333333333","3444","3149","52.24","2504","2345","51.64","1663","1608","50.84","174","191","47.67","171.1","178.52","48.94","1662","1551","51.73","684","629","52.09","86","89","49.14","978","922","51.47","53","56","48.62","1907","1655","53.54","28","30","48.28","10.46","88.12","0.986","603","739","490","2472","55.17","1161","991","977","54.30"
"235","Jonathan Marchessault","NSH, VGK","C, R","236","3455.1333333333","3614","3538","50.53","2597","2519","50.76","1872","1754","51.63","170","187","47.62","167.95","179.05","48.40","1684","1648","50.54","654","631","50.89","86","68","55.84","1030","1017","50.32","49","58","45.79","2043","1876","52.13","26","45","36.62","9.08","89.34","0.984","679","553","380","2576","64.12","1362","883","911","59.92"
"682","Henri Jokiharju","BOS, BUF","D","194","3446.0666666667","3294","3278","50.12","2408","2476","49.30","1637","1703","49.01","168","156","51.85","150.8","166.35","47.55","1576","1605","49.54","620","728","45.99","75","85","46.88","956","877","52.15","62","47","56.88","1838","1803","50.48","26","23","53.06","10.26","90.84","1.011","508","732","554","2556","47.83","1126","1038","1111","50.34"
"171","Mikael Granlund","DAL, NSH, PIT, S.J","C","231","3445.25","3302","3967","45.43","2383","2881","45.27","1647","1971","45.52","166","193","46.24","166.69","220.97","43.00","1580","1951","44.75","639","808","44.16","83","95","46.63","941","1143","45.15","53","55","49.07","1802","2068","46.56","27","29","48.21","10.08","90.21","1.003","480","729","479","2346","50.05","1118","1066","1120","49.96"
"267","Chandler Stephenson","SEA, VGK","C","234","3443.4666666667","3344","3780","46.94","2375","2642","47.34","1670","1767","48.59","175","184","48.75","150.29","188.4","44.38","1466","1757","45.49","586","717","44.97","80","95","45.71","880","1040","45.83","58","45","56.31","1978","2057","49.02","30","29","50.85","10.48","89.59","1.001","680","611","589","2213","53.59","1300","928","1225","51.49"
"471","Travis Konecny","PHI","R","218","3440.7166666667","3769","3518","51.72","2688","2458","52.23","1852","1668","52.61","179","208","46.25","167.54","181.25","48.03","1752","1764","49.83","689","687","50.07","81","92","46.82","1063","1077","49.67","63","77","45.00","2198","1785","55.18","34","33","50.75","9.67","87.53","0.972","668","758","442","2446","60.18","1317","1053","963","57.76"
"224","Jonas Brodin","MIN","D","172","3440.4166666667","3294","3278","50.12","2351","2291","50.65","1585","1569","50.25","170","133","56.11","151.74","135.95","52.74","1455","1446","50.16","626","585","51.69","82","72","53.25","829","861","49.05","44","34","56.41","1805","1902","48.69","28","23","54.90","10.73","91.52","1.022","373","653","447","2255","45.49","1079","1115","1070","50.21"
"106","Matt Duchene","DAL, NSH","C","233","3439.15","3612","3559","50.37","2627","2658","49.71","1773","1784","49.85","203","165","55.16","181.87","185.32","49.53","1830","1732","51.38","720","686","51.21","110","91","54.73","1110","1046","51.48","54","47","53.47","1963","1867","51.25","32","19","62.75","11.45","90.75","1.022","626","693","426","2351","59.51","1232","1004","1028","54.51"
"201","Blake Coleman","CGY","C, L","242","3433.1166666667","3901","3124","55.53","2803","2220","55.80","1923","1514","55.95","159","139","53.36","192.56","145.86","56.90","1827","1505","54.83","745","612","54.90","77","73","51.33","1082","893","54.78","43","39","52.44","1964","1800","52.18","27","24","52.94","8.27","90.82","0.991","481","784","725","2486","39.88","1066","1141","1346","44.20"
"444","Frank Vatrano","ANA","R","244","3431.7666666667","3240","3969","44.94","2400","2960","44.78","1697","2074","45.00","156","212","42.39","151.74","206.08","42.41","1495","1982","43.00","615","886","40.97","79","129","37.98","880","1096","44.53","41","54","43.16","1772","2108","45.67","33","22","60.00","9.19","89.78","0.990","641","711","590","2352","52.07","1137","998","1196","48.74"
"399","Ivan Barbashev","STL, VGK","C","234","3429.6166666667","3390","3703","47.79","2475","2644","48.35","1748","1817","49.03","195","146","57.18","163.74","168.64","49.26","1726","1766","49.43","672","690","49.34","103","70","59.54","1054","1076","49.48","72","44","62.07","1744","1907","47.77","14","28","33.33","11.16","91.96","1.031","555","651","392","2368","58.61","1107","968","873","55.91"
"333","J.T. Compher","COL, DET","L","235","3426.6","3128","3587","46.58","2260","2563","46.86","1577","1732","47.66","157","153","50.65","150.31","162.44","48.06","1463","1606","47.67","562","653","46.26","80","76","51.28","901","953","48.60","36","48","42.86","1687","2056","45.07","33","22","60.00","9.96","91.17","1.011","618","681","623","2387","49.80","1117","967","1246","47.27"
"390","Alex Tuch","BUF","R","231","3424.4","3677","3388","52.05","2700","2476","52.16","1865","1688","52.49","215","182","54.16","187.07","195.79","48.86","1808","1680","51.83","719","712","50.24","100","88","53.19","1089","968","52.94","71","52","57.72","1967","1796","52.27","32","32","50.00","11.53","89.22","1.007","773","913","456","2218","62.90","1323","1186","1035","56.11"
"1058","Wyatt Johnston","DAL","C","246","3422.0666666667","3511","3440","50.51","2473","2527","49.46","1718","1708","50.15","181","162","52.77","175.37","163.15","51.80","1756","1564","52.89","743","635","53.92","98","88","52.69","1013","929","52.16","52","40","56.52","1868","1895","49.64","27","29","48.21","10.54","90.52","1.011","579","649","496","2531","53.86","1152","996","1122","50.66"
"465","Sebastian Aho","CAR","C","232","3421.9166666667","4192","2861","59.44","3093","2176","58.70","1987","1546","56.24","217","176","55.22","206.07","164.46","55.61","1949","1377","58.60","791","616","56.22","104","81","56.22","1158","761","60.34","66","58","53.23","2426","1440","62.75","40","26","60.61","10.92","88.62","0.995","698","546","326","2560","68.16","1375","859","845","61.94"
"592","Pierre-Luc Dubois","L.A, WPG, WSH","C, L","237","3419.7666666667","3599","3220","52.78","2691","2302","53.90","1734","1549","52.82","191","159","54.57","181.37","169.5","51.69","1794","1498","54.50","747","620","54.65","96","73","56.80","1047","878","54.39","59","46","56.19","1925","1745","52.45","32","32","50.00","11.01","89.74","1.008","667","690","498","2496","57.25","1210","960","997","54.83"
"141","Mats Zuccarello","MIN","R","216","3415.4166666667","3449","3316","50.98","2493","2381","51.15","1684","1639","50.68","163","162","50.15","157.11","158","49.86","1625","1498","52.03","647","580","52.73","70","74","48.61","978","918","51.58","55","49","52.88","1866","1801","50.89","30","28","51.72","9.68","90.12","0.998","627","607","304","2021","67.35","1233","926","784","61.13"
"226","J.T. Miller","NYR, VAN","C","234","3413.4166666667","3448","3240","51.56","2483","2409","50.76","1675","1640","50.53","201","178","53.03","167.29","177.77","48.48","1649","1563","51.34","656","681","49.07","91","96","48.66","993","882","52.96","59","41","59.00","1953","1697","53.51","39","30","56.52","12.00","89.15","1.011","588","812","555","2783","51.44","1178","1114","1159","50.41"
"531","Jalen Chatfield","CAR","D","229","3413.35","3770","2546","59.69","2751","1898","59.17","1798","1336","57.37","168","117","58.95","171.28","120.42","58.72","1704","1213","58.42","699","579","54.69","76","66","53.52","1005","634","61.32","55","38","59.14","2137","1320","61.82","34","13","72.34","9.34","91.24","1.006","479","795","357","2662","57.30","1158","1196","903","56.19"
"216","Ryan Nugent-Hopkins","EDM","C","240","3413.0666666667","3705","3038","54.95","2712","2238","54.79","1956","1582","55.29","195","167","53.87","199.09","161.1","55.27","1889","1482","56.04","865","592","59.37","105","79","57.07","1024","890","53.50","59","57","50.86","1953","1605","54.89","30","18","62.50","9.97","89.44","0.994","651","682","521","2247","55.55","1202","981","1074","52.81"
"876","Jack Hughes","N.J","C","202","3411.8833333333","4046","3026","57.21","2892","2246","56.29","2011","1554","56.41","203","184","52.45","200.4","165.61","54.75","2040","1453","58.40","768","574","57.23","99","82","54.70","1272","879","59.14","66","59","52.80","2275","1574","59.11","37","32","53.62","10.09","88.16","0.983","664","568","219","2590","75.20","1294","862","589","68.72"
"229","Connor Murphy","CHI","D","194","3410.7333333333","2731","3556","43.44","1988","2506","44.24","1425","1766","44.66","119","159","42.81","124.59","157.53","44.16","1261","1715","42.37","506","700","41.96","53","93","36.30","755","1015","42.66","45","40","52.94","1410","1917","42.38","19","26","42.22","8.35","91.00","0.993","194","684","529","2737","26.83","670","1043","1136","37.10"
"219","Ryan Strome","ANA","C","243","3404.4333333333","3227","3798","45.94","2392","2856","45.58","1677","1974","45.93","158","204","43.65","151.71","204.28","42.62","1533","1877","44.96","616","864","41.62","74","117","38.74","917","1013","47.51","46","57","44.66","1705","1995","46.08","35","21","62.50","9.42","89.67","0.991","668","702","545","2384","55.07","1203","1017","1099","52.26"
"310","Connor Clifton","BOS, BUF","D","230","3398.2166666667","3065","3405","47.37","2245","2499","47.32","1530","1706","47.28","156","141","52.53","143.18","155.14","47.99","1502","1649","47.67","593","681","46.55","70","78","47.30","909","968","48.43","63","38","62.38","1496","1809","45.26","18","24","42.86","10.20","91.74","1.019","367","693","477","2843","43.48","771","975","957","44.62"
"358","Alex Wennberg","NYR, S.J, SEA","C","238","3393.55","3226","3301","49.43","2275","2354","49.15","1580","1579","50.02","155","174","47.11","141.62","164.42","46.28","1467","1541","48.77","553","603","47.84","58","79","42.34","914","938","49.35","56","56","50.00","1786","1877","48.76","33","30","52.38","9.81","88.98","0.988","566","777","575","2303","49.61","1067","1066","1162","47.87"
"831","Simon Benoit","ANA, TOR","D","220","3390.35","2898","3657","44.21","2138","2640","44.75","1476","1800","45.05","138","150","47.92","131.56","172.51","43.27","1314","1774","42.55","517","763","40.39","64","84","43.24","797","1011","44.08","47","36","56.63","1454","1889","43.49","22","30","42.31","9.35","91.67","1.010","216","669","507","3261","29.88","594","1018","1049","36.15"
"474","Brock Boeser","VAN","R","230","3380.4166666667","3281","3303","49.83","2359","2450","49.05","1585","1642","49.12","188","191","49.60","152.15","176.38","46.31","1562","1583","49.67","628","697","47.40","98","105","48.28","934","886","51.32","50","47","51.55","1876","1733","51.98","32","24","57.14","11.86","88.37","1.002","601","736","450","2689","57.18","1134","983","952","54.36"
"450","Jonas Siegenthaler","N.J","D","192","3380.4","3417","3205","51.60","2462","2331","51.37","1689","1560","51.99","154","130","54.23","168.09","136.36","55.21","1567","1444","52.04","636","559","53.22","80","66","54.79","931","885","51.27","45","41","52.33","1974","1922","50.67","25","23","52.08","9.12","91.67","1.008","393","719","478","2593","45.12","992","1099","1080","47.88"
"113","Dmitry Kulikov","ANA, FLA, PIT","D","213","3377.7","3222","3244","49.83","2300","2452","48.40","1594","1689","48.55","145","140","50.88","149.55","153.66","49.32","1464","1506","49.29","587","698","45.68","79","85","48.17","877","808","52.05","39","35","52.70","1871","1759","51.54","23","20","53.49","9.10","91.71","1.008","507","754","479","2711","51.42","1118","1138","1031","52.02"
"721","Nick Perbix","T.B","D","220","3374.6","3216","3080","51.08","2299","2220","50.87","1558","1568","49.84","163","140","53.80","143.92","140.99","50.51","1554","1482","51.19","629","587","51.73","83","73","53.21","925","895","50.82","48","48","50.00","1837","1752","51.18","29","19","60.42","10.46","91.07","1.015","397","679","451","2898","46.82","985","1047","944","51.06"
"600","Tage Thompson","BUF","C, R","225","3367.1333333333","3759","3310","53.18","2747","2457","52.79","1888","1700","52.62","210","196","51.72","185.17","192.83","48.99","1830","1692","51.96","742","707","51.21","105","90","53.85","1088","985","52.48","65","57","53.28","1989","1695","53.99","31","38","44.93","11.12","88.47","0.996","751","916","431","2213","63.54","1366","1150","947","59.06"
"518","Conor Garland","VAN","R","244","3359.35","3243","2990","52.03","2363","2183","51.98","1587","1479","51.76","149","137","52.10","161.4","143.7","52.90","1605","1353","54.26","684","550","55.43","86","65","56.95","921","803","53.42","44","37","54.32","1733","1641","51.36","16","23","41.03","9.39","90.74","1.001","512","730","509","2787","50.15","986","984","1021","49.13"
"578","Dante Fabbro","CBJ, NSH","D","203","3358.9","3363","3389","49.81","2456","2400","50.58","1720","1653","50.99","151","133","53.17","163.51","143.52","53.26","1603","1577","50.41","668","620","51.86","63","56","52.94","935","957","49.42","57","46","55.34","1800","1821","49.71","27","30","47.37","8.78","91.95","1.007","427","714","405","2383","51.32","1022","1098","1004","50.44"
"664","Nico Hischier","N.J","C","227","3351.7166666667","3823","3163","54.72","2758","2291","54.62","1893","1568","54.70","207","170","54.91","208.29","169.97","55.07","1941","1466","56.97","799","614","56.55","103","82","55.68","1142","852","57.27","63","48","56.76","2207","1912","53.58","34","28","54.84","10.94","89.16","1.001","660","974","690","2240","48.89","1238","1305","1277","49.22"
"147","Charlie Coyle","BOS, COL","C","247","3347.35","3148","3531","47.13","2240","2512","47.14","1555","1670","48.22","160","146","52.29","157.34","160.74","49.46","1568","1643","48.83","685","669","50.59","85","69","55.19","883","974","47.55","44","46","48.89","1608","1995","44.63","29","25","53.70","10.29","91.26","1.015","497","788","745","2541","40.02","858","1028","1376","38.41"
"88","TJ Brodie","CHI, TOR","D","190","3345.95","3077","3200","49.02","2251","2302","49.44","1573","1556","50.27","152","149","50.50","150.89","142.14","51.49","1528","1529","49.98","661","643","50.69","84","71","54.19","867","886","49.46","46","52","46.94","1625","1700","48.87","17","26","39.53","9.66","90.42","1.001","407","660","454","2730","47.27","985","1010","975","50.26"
"750","Joel Farabee","CGY, PHI","L","245","3343.1166666667","3331","3438","49.21","2421","2366","50.57","1715","1619","51.44","149","174","46.13","157.39","162.35","49.22","1584","1657","48.87","667","673","49.78","84","84","50.00","917","984","48.24","42","61","40.78","1762","1808","49.36","22","26","45.83","8.69","89.25","0.979","573","684","445","2661","56.29","1040","947","933","52.71"
"452","Pavel Zacha","BOS","C","242","3341.9666666667","3241","3331","49.32","2375","2468","49.04","1653","1707","49.20","206","166","55.38","157.6","164.03","49.00","1620","1622","49.97","620","661","48.40","98","82","54.44","1000","961","50.99","61","51","54.46","1842","1738","51.45","42","23","64.62","12.46","90.28","1.027","756","623","434","2548","63.53","1251","834","907","57.97"
"670","Elias Pettersson","VAN","C","226","3335.6","3224","3044","51.44","2316","2187","51.43","1563","1485","51.28","207","174","54.33","159.22","152.98","51.00","1598","1421","52.93","673","606","52.62","118","83","58.71","925","815","53.16","52","46","53.06","1723","1668","50.81","31","31","50.00","13.24","88.28","1.015","559","644","438","2706","56.07","1075","920","954","52.98"
"710","Fabian Zetterlund","N.J, OTT, S.J","L","233","3330.7","3207","3679","46.57","2281","2622","46.52","1561","1758","47.03","153","179","46.08","143.21","192.18","42.70","1491","1791","45.43","586","723","44.77","71","89","44.38","905","1068","45.87","58","49","54.21","1899","2008","48.61","22","30","42.31","9.80","89.82","0.996","468","736","474","2364","49.68","1076","1054","1057","50.45"
"326","Ryan Graves","N.J, PIT","D","209","3327.4833333333","3301","3312","49.92","2372","2355","50.18","1658","1577","51.25","151","128","54.12","164.5","143.47","53.42","1547","1579","49.49","648","606","51.67","68","73","48.23","899","973","48.02","44","34","56.41","1813","1894","48.91","32","20","61.54","9.11","91.88","1.010","299","639","518","2644","36.60","789","980","1107","41.61"
"272","Adam Pelech","NYI","D","179","3324.2333333333","3385","3176","51.59","2429","2241","52.01","1643","1534","51.72","144","135","51.61","155.88","135.47","53.50","1598","1474","52.02","650","611","51.55","66","70","48.53","948","863","52.35","54","39","58.06","1787","1802","49.79","19","23","45.24","8.76","91.20","1.000","399","770","650","2640","38.04","972","1103","1302","42.74"
"316","Pavel Buchnevich","STL","L","219","3318.9666666667","3327","3267","50.45","2432","2434","49.98","1688","1669","50.28","204","172","54.26","175.86","183.07","49.00","1696","1597","51.50","620","650","48.82","91","83","52.30","1076","947","53.19","81","46","63.78","1811","1783","50.39","26","24","52.00","12.09","89.69","1.018","592","699","527","2202","52.90","1195","984","1096","52.16"
"323","Nicholas Paul","T.B","L","238","3304.9166666667","3124","3077","50.38","2219","2219","50.00","1494","1590","48.44","156","139","52.88","145.98","150.68","49.21","1452","1438","50.24","600","587","50.55","73","66","52.52","852","851","50.03","49","35","58.33","1805","1871","49.10","29","34","46.03","10.44","91.26","1.017","551","733","632","2183","46.58","912","1017","1118","44.93"
"516","Alexandre Carrier","MTL, NSH","D","195","3302.0833333333","3052","3265","48.31","2191","2342","48.33","1484","1605","48.04","139","148","48.43","145.13","148.99","49.34","1450","1547","48.38","581","629","48.02","69","85","44.81","869","918","48.63","43","39","52.44","1683","1928","46.61","20","23","46.51","9.37","90.78","1.001","315","718","563","2555","35.88","820","1172","1244","39.73"
"287","Erik Gustafsson","DET, NYR, TOR, WSH","D","206","3299.3","3463","2998","53.60","2498","2232","52.81","1705","1533","52.66","144","141","50.53","152.65","150.17","50.41","1664","1412","54.10","657","589","52.73","64","72","47.06","1007","823","55.03","55","42","56.70","1811","1530","54.21","25","25","50.00","8.45","90.80","0.992","502","542","298","2576","62.75","1128","879","710","61.37"
"193","Nick Seeler","PHI","D","225","3298.9666666667","3182","3534","47.38","2354","2240","51.24","1636","1492","52.30","152","142","51.70","146.71","131.09","52.81","1385","1601","46.38","601","549","52.26","82","65","55.78","784","1052","42.70","46","54","46.00","1758","1887","48.23","21","22","48.84","9.29","90.48","0.998","373","587","440","3220","45.88","974","937","923","51.34"
"994","JJ Peterka","BUF","R","236","3292.2","3393","3224","51.28","2479","2416","50.64","1703","1655","50.71","191","185","50.80","163.91","175.81","48.25","1660","1664","49.94","638","677","48.52","81","93","46.55","1022","987","50.87","82","51","61.65","1845","1641","52.93","25","30","45.45","11.22","88.82","1.000","605","733","406","2376","59.84","1067","947","880","54.80"
"955","Seth Jarvis","CAR","C","236","3292.0666666667","3839","2682","58.87","2776","1962","58.59","1820","1375","56.96","187","143","56.67","183.53","133.76","57.84","1775","1241","58.85","759","530","58.88","92","56","62.16","1016","711","58.83","54","56","49.09","2181","1442","60.20","35","23","60.34","10.27","89.60","0.999","685","688","393","2260","63.54","1219","963","918","57.04"
"672","Owen Tippett","PHI","R","232","3291.15","3429","3322","50.79","2531","2266","52.76","1753","1551","53.06","174","199","46.65","156.85","153.93","50.47","1575","1476","51.62","651","580","52.88","90","89","50.28","924","896","50.77","43","69","38.39","1971","1801","52.25","37","33","52.86","9.93","87.17","0.971","644","739","409","2677","61.16","1235","1018","909","57.60"
"970","Brock Faber","MIN","D","162","3288.7333333333","3045","3495","46.56","2142","2456","46.59","1467","1635","47.29","144","141","50.53","136.53","149.84","47.67","1386","1551","47.19","552","594","48.17","63","64","49.61","834","957","46.57","47","45","51.09","1805","2187","45.22","22","27","44.90","9.82","91.38","1.012","387","694","435","2064","47.08","1018","1143","1090","48.29"
"576","Andrew Peeke","BOS, CBJ","D","194","3279.0333333333","2852","3516","44.79","2008","2481","44.73","1375","1671","45.14","123","180","40.59","129.54","147.31","46.79","1279","1620","44.12","522","626","45.47","57","89","39.04","757","994","43.23","38","66","36.54","1501","1889","44.28","24","25","48.98","8.95","89.23","0.982","367","608","528","2585","41.01","836","939","1136","42.39"
"350","Elias Lindholm","BOS, CGY, VAN","C","237","3260.05","3385","3208","51.34","2421","2307","51.21","1641","1548","51.46","168","178","48.55","157.31","161.18","49.39","1544","1488","50.92","585","590","49.79","73","75","49.32","959","898","51.64","51","60","45.95","1999","1771","53.02","38","28","57.58","10.24","88.50","0.987","644","739","616","2542","51.11","1286","1036","1213","51.46"
"411","Jake Walman","DET, EDM, S.J","D","191","3257.15","3211","3362","48.85","2315","2354","49.58","1601","1580","50.33","169","165","50.60","150.68","152.97","49.62","1420","1684","45.75","576","642","47.29","70","80","46.67","844","1042","44.75","59","48","55.14","1831","1807","50.33","34","33","50.75","10.56","89.56","1.001","361","654","556","2432","39.37","958","1012","1119","46.12"
"507","Evan Rodrigues","COL, FLA","C","231","3246.5","3699","2762","57.25","2639","2050","56.28","1834","1400","56.71","158","122","56.43","159.11","132.72","54.52","1655","1282","56.35","661","560","54.14","89","60","59.73","994","722","57.93","34","34","50.00","2135","1505","58.65","33","22","60.00","8.62","91.29","0.999","630","684","462","2369","57.69","1134","960","905","55.62"
"1009","Artem Zub","OTT","D","178","3240.9666666667","3132","3067","50.52","2292","2140","51.71","1576","1466","51.81","139","136","50.55","156.2","126.31","55.29","1409","1445","49.37","600","549","52.22","80","60","57.14","809","896","47.45","36","54","40.00","1679","1705","49.62","18","19","48.65","8.82","90.72","0.995","333","723","494","2428","40.27","865","1096","1134","43.27"
"520","Kirill Kaprizov","MIN","L","183","3238.25","3436","2920","54.06","2497","2108","54.22","1693","1492","53.16","195","150","56.52","161.78","136.24","54.28","1667","1372","54.85","691","523","56.92","91","67","57.59","976","849","53.48","65","48","57.52","1816","1518","54.47","29","24","54.72","11.52","89.95","1.015","614","647","249","1877","71.15","1244","967","699","64.02"
"261","Filip Forsberg","NSH","L","214","3237.2166666667","3675","3230","53.22","2653","2365","52.87","1788","1636","52.22","192","197","49.36","185.71","177.14","51.18","1754","1559","52.94","748","610","55.08","112","73","60.54","1006","949","51.46","42","71","37.17","2183","1681","56.50","30","36","45.45","10.74","87.96","0.987","708","697","332","2447","68.08","1423","1033","838","62.94"
"173","Bryan Rust","PIT","R","214","3236.2333333333","3637","3434","51.44","2701","2572","51.22","1873","1742","51.81","208","213","49.41","201.47","194.19","50.92","1779","1705","51.06","801","695","53.54","107","109","49.54","978","1010","49.20","49","61","44.55","2056","1734","54.25","42","35","54.55","11.11","87.77","0.989","736","847","334","2343","68.79","1399","1162","886","61.23"
"145","Tyler Toffoli","CGY, N.J, S.J, WPG","C, R","239","3234.3","3785","2990","55.87","2717","2205","55.20","1871","1495","55.59","186","186","50.00","176.48","172.68","50.55","1748","1440","54.83","664","588","53.04","90","76","54.22","1084","852","55.99","64","76","45.71","2103","1527","57.93","25","20","55.56","9.94","87.56","0.975","622","751","425","2630","59.41","1305","1085","906","59.02"
"454","Jack Eichel","VGK","C","207","3222.3166666667","3367","3286","50.61","2480","2270","52.21","1789","1550","53.58","214","148","59.12","167.73","154.62","52.03","1665","1510","52.44","684","577","54.24","104","67","60.82","981","933","51.25","74","38","66.07","1782","1783","49.99","23","34","40.35","11.96","90.45","1.024","610","562","404","2115","60.16","1239","893","898","57.98"
"858","Dylan Cozens","BUF, OTT","C","242","3221.2","3296","3280","50.12","2433","2470","49.62","1725","1737","49.83","174","194","47.28","172.5","187.37","47.93","1622","1650","49.57","629","708","47.05","70","86","44.87","993","942","51.32","67","64","51.15","1784","1725","50.84","31","30","50.82","10.09","88.83","0.989","618","739","518","2455","54.40","1049","969","1030","50.46"
"321","Oliver Bjorkstrand","SEA, T.B","R","242","3219.85","3369","2958","53.25","2386","2152","52.58","1563","1437","52.10","144","152","48.65","140.31","148.77","48.54","1483","1371","51.96","555","539","50.73","75","74","50.34","928","832","52.73","40","40","50.00","1884","1588","54.26","28","24","53.85","9.21","89.42","0.986","538","745","421","2317","56.10","994","986","849","53.93"
"275","Jordan Martinook","CAR","L","243","3212.45","3771","2512","60.02","2679","1837","59.32","1672","1281","56.62","147","131","52.88","171.6","115.43","59.78","1706","1153","59.67","765","530","59.07","88","74","54.32","941","623","60.17","30","37","44.78","2074","1426","59.26","21","18","53.85","8.79","89.77","0.986","592","986","566","2088","51.12","1062","1276","1167","47.64"
"329","Shea Theodore","VGK","D","169","3211.5166666667","3320","3091","51.79","2337","2154","52.04","1646","1482","52.62","174","130","57.24","150.43","142.91","51.28","1561","1434","52.12","608","580","51.18","88","57","60.69","953","854","52.74","55","38","59.14","1873","1614","53.71","23","24","48.94","10.57","91.23","1.018","556","650","510","2159","52.16","1209","997","947","56.08"
"420","Michael Bunting","CAR, NSH, PIT, TOR","L","239","3209.4","3562","3053","53.85","2562","2234","53.42","1710","1556","52.36","157","161","49.37","168.01","164.74","50.49","1735","1513","53.42","722","638","53.09","84","73","53.50","1013","875","53.65","48","54","47.06","1878","1476","55.99","25","22","53.19","9.18","89.65","0.988","597","646","250","2571","70.48","1150","932","665","63.36"
"865","Cole Caufield","MTL","R","210","3201.9666666667","3255","3275","49.85","2380","2350","50.32","1642","1611","50.48","179","171","51.14","148.5","183.58","44.72","1510","1710","46.89","563","706","44.37","82","86","48.81","947","1004","48.54","57","52","52.29","1924","1530","55.70","38","21","64.41","10.90","89.39","1.003","640","734","356","2065","64.26","1134","1030","785","59.09"
"300","Nate Schmidt","FLA, WPG","D","214","3197.6833333333","3201","2719","54.07","2294","1976","53.72","1512","1323","53.33","120","90","57.14","145.68","117.7","55.31","1482","1213","54.99","621","511","54.86","55","54","50.46","861","702","55.09","37","15","71.15","1748","1470","54.32","27","20","57.45","7.94","93.20","1.011","490","619","367","2692","57.18","978","933","755","56.43"
"784","Kevin Bahl","CGY, N.J","D","197","3195.3166666667","3094","3133","49.69","2240","2237","50.03","1483","1544","48.99","144","148","49.32","149.46","134.2","52.69","1438","1437","50.02","577","585","49.66","78","85","47.85","861","852","50.26","43","41","51.19","1802","1887","48.85","20","21","48.78","9.71","90.41","1.001","384","724","501","2791","43.39","965","1051","1071","47.40"
"506","Anthony Cirelli","T.B","C","217","3192.9333333333","3434","2987","53.48","2423","2163","52.83","1623","1457","52.69","188","155","54.81","179.37","152.95","53.97","1701","1361","55.55","724","518","58.29","102","52","66.23","977","843","53.68","42","60","41.18","1892","1843","50.66","40","31","56.34","11.58","89.36","1.009","529","847","669","1893","44.16","932","1128","1195","43.82"
"172","Nino Niederreiter","NSH, WPG","R","237","3191.6666666667","3313","3040","52.15","2381","2225","51.69","1615","1530","51.35","139","117","54.30","157.02","144.64","52.05","1508","1388","52.07","669","568","54.08","73","55","57.03","839","820","50.57","31","36","46.27","1711","1762","49.27","33","20","62.26","8.61","92.35","1.010","423","839","526","2203","44.57","818","1106","1046","43.88"
"127","David Savard","MTL","D","197","3189.0333333333","2688","3711","42.01","1945","2576","43.02","1315","1737","43.09","132","163","44.75","134.73","171.07","44.06","1327","1804","42.38","540","716","42.99","62","78","44.29","787","1088","41.97","43","59","42.16","1343","1872","41.77","18","26","40.91","10.04","90.62","1.007","295","622","443","2204","39.97","783","996","1046","42.81"
"240","Yanni Gourde","SEA, T.B","C","218","3186.75","3339","3018","52.52","2402","2184","52.38","1567","1453","51.89","149","141","51.38","150.99","135.49","52.70","1494","1412","51.41","599","552","52.04","81","72","52.94","895","860","51.00","39","42","48.15","1770","1668","51.48","26","21","55.32","9.51","90.30","0.998","452","731","440","2222","50.67","859","983","939","47.78"
"98","Marcus Johansson","MIN, WSH","L","230","3180.5833333333","3159","3134","50.20","2260","2249","50.12","1575","1567","50.13","128","144","47.06","134.76","136.81","49.62","1433","1360","51.31","566","501","53.05","51","57","47.22","867","859","50.23","50","47","51.55","1715","1817","48.56","20","36","35.71","8.13","90.81","0.989","479","665","459","2025","51.07","932","947","967","49.08"
"160","Jaden Schwartz","SEA","C","214","3175.2333333333","3175","2896","52.30","2257","2136","51.38","1510","1432","51.33","141","171","45.19","144.69","153.1","48.59","1426","1344","51.48","564","551","50.58","57","84","40.43","862","793","52.08","45","47","48.91","1769","1628","52.08","33","23","58.93","9.34","88.06","0.974","563","706","450","2190","55.58","1042","968","976","51.64"
"99","Kyle Palmieri","NYI","C","219","3174.1166666667","3333","3481","48.91","2388","2503","48.82","1604","1709","48.42","163","177","47.94","163.45","178.21","47.84","1688","1624","50.97","694","655","51.45","84","74","53.16","994","969","50.64","52","47","52.53","1742","1850","48.50","22","38","36.67","10.16","89.64","0.998","575","636","387","2529","59.77","1079","924","879","55.11"
"207","Scott Mayfield","NYI","D","189","3168.15","2813","3354","45.61","1994","2346","45.94","1354","1569","46.32","128","117","52.24","136.91","140.21","49.40","1359","1561","46.54","586","635","47.99","69","63","52.27","773","926","45.50","40","42","48.78","1361","1724","44.12","14","12","53.85","9.45","92.54","1.020","266","602","433","2797","38.05","700","925","984","41.57"
"687","Timothy Liljegren","S.J, TOR","D","190","3168.0333333333","3094","3255","48.73","2312","2301","50.12","1620","1556","51.01","141","134","51.27","149.75","144.95","50.82","1593","1515","51.25","689","589","53.91","67","62","51.94","904","926","49.40","48","47","50.53","1623","1770","47.83","23","23","50.00","8.70","91.39","1.001","410","657","416","2588","49.64","1055","952","933","53.07"
"10","Alex Ovechkin","WSH","L","217","3167.4","3294","3414","49.11","2384","2506","48.75","1632","1731","48.53","183","189","49.19","175.1","196.24","47.15","1583","1673","48.62","666","732","47.64","92","109","45.77","917","941","49.35","56","44","56.00","1900","1563","54.87","28","26","51.85","11.21","89.08","1.003","850","727","146","2393","85.34","1475","957","487","75.18"
"100","Ryan O'Reilly","NSH, STL, TOR","C","214","3166.1666666667","3442","2996","53.46","2492","2198","53.13","1711","1545","52.55","168","200","45.65","176.86","168.86","51.16","1697","1445","54.01","703","576","54.96","94","87","51.93","994","869","53.35","42","50","45.65","1987","1581","55.69","25","45","35.71","9.82","87.06","0.969","572","690","447","2290","56.13","1230","990","962","56.11"
"257","Tomas Hertl","S.J, VGK","C","206","3164.5166666667","3411","3199","51.60","2396","2268","51.37","1641","1562","51.23","150","198","43.10","169.26","170.93","49.75","1684","1552","52.04","722","625","53.60","76","86","46.91","962","927","50.93","50","64","43.86","2030","1775","53.35","20","40","33.33","9.14","87.32","0.965","557","626","473","2162","54.08","1226","924","958","56.14"
"250","Scott Laughton","PHI, TOR","C","240","3159.3","2913","3513","45.33","2174","2381","47.73","1557","1581","49.62","132","180","42.31","135.05","154.74","46.60","1309","1637","44.43","561","648","46.40","63","89","41.45","748","989","43.06","43","56","43.43","1553","1848","45.66","23","32","41.82","8.48","88.61","0.971","464","690","517","2569","47.30","878","1005","1064","45.21"
"244","Hampus Lindholm","BOS","D","170","3147.9","3067","2911","51.30","2271","2145","51.43","1648","1503","52.30","170","111","60.50","156.43","132.05","54.23","1578","1390","53.17","643","562","53.36","81","57","58.70","935","828","53.03","56","33","62.92","1471","1573","48.32","26","17","60.47","10.32","92.61","1.029","366","594","570","2345","39.10","876","898","1185","42.50"
"541","Matthew Tkachuk","FLA","L","211","3146.4333333333","4209","2767","60.34","3046","2156","58.55","2130","1550","57.88","226","165","57.80","220.36","165.04","57.18","2149","1335","61.68","930","619","60.04","116","72","61.70","1219","716","63.00","60","51","54.05","2156","1414","60.39","40","29","57.97","10.61","89.35","1.000","664","713","402","2267","62.29","1287","1003","848","60.28"
"803","Ilya Lyubushkin","ANA, BUF, DAL, TOR","D","222","3140.9166666667","2735","3185","46.20","2004","2327","46.27","1401","1612","46.50","124","143","46.44","136.86","148.32","47.99","1332","1511","46.85","550","642","46.14","71","82","46.41","782","869","47.37","34","38","47.22","1463","1784","45.06","15","23","39.47","8.85","91.13","1.000","351","744","527","2626","39.98","791","1057","1065","42.62"
"356","Max Domi","CHI, DAL, TOR","C","234","3140.1833333333","2972","3289","47.47","2209","2403","47.90","1567","1610","49.32","165","152","52.05","137.06","163.69","45.57","1445","1598","47.49","587","631","48.19","89","85","51.15","858","967","47.01","53","41","56.38","1614","1649","49.46","22","24","47.83","10.53","90.56","1.011","532","601","301","2519","63.87","1062","934","791","57.31"
"799","Kirill Marchenko","CBJ","R","216","3139.3166666667","3293","3246","50.36","2326","2339","49.86","1614","1586","50.44","169","154","52.32","154.16","170.51","47.48","1511","1513","49.97","594","651","47.71","81","74","52.26","917","862","51.55","64","35","64.65","1843","1776","50.93","22","31","41.51","10.47","90.29","1.008","623","716","427","2029","59.33","1170","978","880","57.07"
"678","Morgan Frost","CGY, PHI","C","233","3136.5666666667","3061","3052","50.07","2218","2081","51.59","1557","1444","51.88","136","152","47.22","135.47","137.96","49.55","1455","1394","51.07","580","541","51.74","70","67","51.09","875","853","50.64","42","57","42.42","1703","1591","51.70","23","24","48.94","8.73","89.47","0.982","617","668","277","2661","69.02","1119","936","672","62.48"
"503","John Marino","N.J, UTA","D","174","3136.4166666667","3100","2868","51.94","2201","2085","51.35","1515","1420","51.62","159","149","51.62","163.67","137.66","54.32","1519","1346","53.02","623","582","51.70","85","89","48.85","896","764","53.98","42","39","51.85","1731","1670","50.90","24","18","57.14","10.50","89.51","1.000","363","707","491","2349","42.51","874","1039","1019","46.17"
"38","Jordan Staal","CAR","C","236","3133.3666666667","3721","2379","61.00","2599","1750","59.76","1650","1214","57.61","136","135","50.18","169.73","121.42","58.30","1709","1105","60.73","768","507","60.24","82","73","52.90","941","598","61.14","25","36","40.98","2059","1372","60.01","22","21","51.16","8.24","88.88","0.971","604","1015","620","2028","49.35","1099","1299","1215","47.49"
"43","Alex Killorn","ANA, T.B","C, L","227","3129.9","3152","3044","50.87","2262","2233","50.32","1537","1526","50.18","172","151","53.25","148.3","156","48.74","1473","1489","49.73","579","626","48.05","91","71","56.17","894","863","50.88","48","48","50.00","1789","1760","50.41","26","23","53.06","11.19","90.10","1.013","562","652","485","2053","53.68","945","922","963","49.53"
"443","Andrew Mangiapane","CGY, WSH","L","238","3121.3333333333","3415","2848","54.53","2487","2037","54.97","1680","1373","55.03","156","132","54.17","168.43","135.55","55.41","1642","1405","53.89","643","552","53.81","73","72","50.34","999","853","53.94","50","37","57.47","1754","1474","54.34","29","19","60.42","9.29","90.39","0.997","472","690","475","2457","49.84","966","1003","945","50.55"
"29","Brad Marchand","BOS, FLA","L","226","3121.1333333333","3325","3027","52.35","2386","2247","51.50","1647","1543","51.63","167","140","54.40","167.41","151.14","52.55","1683","1456","53.62","692","597","53.69","75","60","55.56","991","859","53.57","53","47","53.00","1746","1647","51.46","35","21","62.50","10.14","90.93","1.011","730","632","583","2318","55.60","1256","830","1097","53.38"
"950","Kaiden Guhle","MTL","D","169","3119.1","2666","3284","44.81","1919","2311","45.37","1311","1569","45.52","138","164","45.70","128.61","150.41","46.09","1291","1633","44.15","496","661","42.87","64","93","40.76","795","972","44.99","41","53","43.62","1473","1758","45.59","27","17","61.36","10.53","89.55","1.001","284","682","462","2059","38.07","795","1095","1087","42.24"
"744","Zach Whitecloud","VGK","D","194","3116.7833333333","2825","3040","48.17","2040","2158","48.59","1438","1433","50.09","126","114","52.50","128.52","124.67","50.76","1297","1388","48.31","555","527","51.29","70","54","56.45","742","861","46.29","38","33","53.52","1517","1664","47.69","16","27","37.21","8.76","92.04","1.008","332","607","457","2405","42.08","816","926","897","47.64"
"211","Joel Edmundson","L.A, MTL, TOR, WSH","D","187","3114.85","2894","3251","47.10","2082","2318","47.32","1404","1540","47.69","150","157","48.86","134.55","146.97","47.79","1299","1562","45.40","578","625","48.05","73","85","46.20","721","937","43.49","47","50","48.45","1598","1725","48.09","27","22","55.10","10.68","89.81","1.005","366","583","397","2495","47.97","942","1004","989","48.78"
"117","Reilly Smith","NYR, PIT, VGK","R","233","3110.2833333333","3202","3087","50.91","2310","2215","51.05","1595","1499","51.55","154","136","53.10","155.48","142.33","52.21","1517","1419","51.67","626","553","53.10","75","74","50.34","891","866","50.71","48","33","59.26","1677","1673","50.06","26","25","50.98","9.66","90.93","1.006","498","676","476","2410","51.13","1007","953","974","50.83"
"889","Thomas Harley","DAL","D","163","3100.7166666667","3358","2864","53.97","2350","2067","53.20","1589","1347","54.12","185","121","60.46","160.84","133.87","54.58","1602","1306","55.09","655","542","54.72","96","69","58.18","947","764","55.35","59","30","66.29","2006","1670","54.57","27","18","60.00","11.64","91.02","1.027","433","542","412","2061","51.24","1135","884","949","54.46"
"709","Eetu Luostarinen","FLA","C","244","3098.0333333333","3243","2707","54.50","2322","2021","53.47","1586","1349","54.04","138","109","55.87","149.97","126.31","54.28","1474","1230","54.51","620","535","53.68","76","55","58.02","854","695","55.13","33","30","52.38","1838","1466","55.63","23","22","51.11","8.70","91.92","1.006","632","770","462","2318","57.77","1091","1042","861","55.89"
"395","Jared McCann","SEA","L","241","3094.8333333333","3218","2979","51.93","2279","2197","50.92","1548","1401","52.49","182","161","53.06","139.44","154.6","47.42","1444","1302","52.59","519","535","49.24","77","76","50.33","925","767","54.67","68","38","64.15","1800","1750","50.70","31","30","50.82","11.76","88.51","1.003","599","619","453","2396","56.94","1098","893","973","53.02"
"736","Sean Durzi","ARI, L.A, UTA","D","178","3094.3666666667","3171","2898","52.25","2278","2039","52.77","1552","1392","52.72","154","157","49.52","153.41","142.29","51.88","1565","1442","52.05","635","570","52.70","80","75","51.61","930","872","51.61","47","43","52.22","1776","1591","52.75","20","31","39.22","9.92","88.72","0.986","384","624","426","2258","47.41","953","938","872","52.22"
"377","Aaron Ekblad","FLA","D","178","3090.1666666667","3588","2853","55.71","2589","2184","54.24","1799","1510","54.37","160","140","53.33","172.9","151.19","53.35","1672","1331","55.68","721","607","54.29","72","62","53.73","951","724","56.78","32","38","45.71","1970","1527","56.33","42","34","55.26","8.89","90.73","0.996","440","678","482","2291","47.72","1077","1009","1037","50.95"
"492","Lawson Crouse","ARI, UTA","L","239","3089.5666666667","2964","3061","49.20","2140","2247","48.78","1446","1548","48.30","134","145","48.03","141.68","145.35","49.36","1425","1422","50.05","562","578","49.30","63","68","48.09","863","844","50.56","46","44","51.11","1553","1705","47.67","22","25","46.81","9.27","90.63","0.999","426","902","505","2430","45.76","810","1152","1010","44.51"
"347","Aleksander Barkov","FLA","C","208","3086.1166666667","3736","2596","59.00","2678","1935","58.05","1815","1337","57.58","192","139","58.01","185.05","143.07","56.40","1766","1196","59.62","722","499","59.13","96","56","63.16","1044","697","59.97","40","36","52.63","2126","1456","59.35","46","32","58.97","10.58","89.60","1.002","611","803","540","2017","53.08","1153","1082","1010","53.31"
"36","Jeff Petry","DET, PIT","D","178","3081","2888","3309","46.60","2098","2410","46.54","1451","1674","46.43","140","151","48.11","137.97","140.45","49.56","1384","1498","48.02","553","588","48.47","75","79","48.70","831","910","47.73","40","44","47.62","1510","1870","44.67","24","27","47.06","9.65","90.98","1.006","361","586","443","2379","44.90","835","911","994","45.65"
"293","Alexander Kerfoot","ARI, TOR, UTA","C","245","3080.6","2993","2873","51.02","2127","2053","50.89","1412","1416","49.93","128","143","47.23","144.68","139.28","50.95","1424","1350","51.33","588","545","51.90","71","65","52.21","836","805","50.94","26","47","35.62","1599","1621","49.66","24","27","47.06","9.07","89.90","0.990","456","685","531","2417","46.20","825","956","1002","45.16"
"882","Alex Vlasic","CHI","D","164","3078.2833333333","2457","3215","43.32","1784","2279","43.91","1222","1551","44.07","127","159","44.41","115.57","144.24","44.48","1119","1512","42.53","441","623","41.45","64","72","47.06","678","889","43.27","41","51","44.57","1438","1996","41.88","19","33","36.54","10.39","89.75","1.001","340","687","497","2038","40.62","869","1027","1131","43.45"
"647","Juuso Valimaki","ARI, UTA","D","189","3064.8333333333","2821","2858","49.67","2062","2094","49.62","1384","1461","48.65","135","137","49.63","132.57","134.38","49.66","1362","1333","50.54","544","521","51.08","63","63","50.00","818","812","50.18","45","51","46.88","1486","1544","49.04","27","20","57.45","9.75","90.62","1.004","400","678","432","2467","48.08","876","960","875","50.03"
"158","Vladimir Tarasenko","DET, FLA, NYR, OTT, STL","R","225","3063.6333333333","2901","3243","47.22","2130","2374","47.29","1478","1627","47.60","159","167","48.77","139.78","174.14","44.53","1405","1566","47.29","552","661","45.51","72","92","43.90","853","905","48.52","53","44","54.64","1562","1744","47.25","31","21","59.62","10.76","89.74","1.005","575","723","413","2456","58.20","1066","1036","955","52.75"
"477","Roope Hintz","DAL","C","229","3057.9833333333","3366","2910","53.63","2371","2093","53.11","1634","1385","54.12","203","132","60.60","171.39","136.82","55.61","1691","1311","56.33","707","519","57.67","103","75","57.87","984","792","55.41","67","34","66.34","1805","1652","52.21","24","16","60.00","12.42","90.47","1.029","604","751","467","2327","56.40","1159","1095","1041","52.68"
"66","Lars Eller","COL, PIT, WSH","C","246","3056.4","2991","2856","51.15","2113","2011","51.24","1451","1362","51.58","115","119","49.15","134.5","124.1","52.01","1358","1336","50.41","552","512","51.88","50","65","43.48","806","824","49.45","34","25","57.63","1532","1637","48.34","23","27","46.00","7.93","91.26","0.992","371","618","666","2398","35.78","658","856","1184","35.72"
"198","Adam Lowry","WPG","C","236","3054.6833333333","3069","2950","50.99","2241","2140","51.15","1517","1444","51.23","137","108","55.92","162.68","136.62","54.35","1444","1279","53.03","670","532","55.74","76","50","60.32","774","747","50.89","34","30","53.13","1573","1854","45.90","23","21","52.27","9.03","92.52","1.016","396","941","741","2202","34.83","674","1200","1341","33.45"
"209","Brandon Saad","STL, VGK","L","225","3037.6","2826","3167","47.16","2104","2326","47.49","1488","1629","47.74","142","154","47.97","134","143.09","48.36","1402","1531","47.80","531","598","47.03","64","81","44.14","871","933","48.28","56","39","58.95","1532","1735","46.89","15","33","31.25","9.54","90.55","1.001","445","652","460","2162","49.17","884","867","950","48.20"
"288","Josh Anderson","MTL","R","228","3037.2166666667","2743","3422","44.49","1934","2437","44.25","1302","1679","43.68","136","159","46.10","140.41","176.27","44.34","1373","1657","45.31","592","688","46.25","66","86","43.42","781","969","44.63","44","50","46.81","1388","1776","43.87","17","18","48.57","10.45","90.53","1.010","407","719","462","2124","46.84","743","1019","967","43.45"
"204","Jean-Gabriel Pageau","NYI","C","231","3033.65","2936","3364","46.60","2110","2332","47.50","1429","1561","47.79","133","151","46.83","149.92","151.34","49.76","1414","1541","47.85","648","613","51.39","70","58","54.69","766","928","45.22","36","49","42.35","1565","1844","45.91","20","33","37.74","9.31","90.33","0.996","446","701","724","2371","38.12","823","983","1314","38.51"
"825","Yegor Sharangovich","CGY, N.J","C","230","3032.9166666667","3120","2921","51.65","2219","2088","51.52","1535","1429","51.79","119","167","41.61","141.17","143.34","49.62","1398","1403","49.91","525","570","47.95","55","78","41.35","873","833","51.17","39","54","41.94","1881","1586","54.25","24","28","46.15","7.75","88.31","0.961","511","561","313","2465","62.01","1042","825","740","58.47"
"499","Jake DeBrusk","BOS, VAN","L","226","3029.1833333333","3040","2949","50.76","2191","2142","50.57","1553","1408","52.45","156","135","53.61","146.53","135.12","52.03","1512","1342","52.98","632","554","53.29","93","60","60.78","880","788","52.76","36","33","52.17","1601","1694","48.59","22","30","42.31","10.05","90.41","1.005","649","690","513","2373","55.85","1106","875","1020","52.02"
"971","Quinton Byfield","L.A","C, R","214","3018.9","3153","2619","54.63","2248","1872","54.56","1473","1259","53.92","162","110","59.56","140.99","120.67","53.88","1444","1178","55.07","615","446","57.96","94","60","61.04","829","732","53.11","38","28","57.58","1891","1592","54.29","26","17","60.47","11.00","91.26","1.023","486","608","426","2265","53.29","1004","949","945","51.51"
"65","Alec Martinez","CHI, VGK","D","176","3018.8666666667","2742","3516","43.82","1945","2395","44.82","1386","1636","45.86","149","143","51.03","131.79","145.18","47.58","1307","1710","43.32","520","599","46.47","76","64","54.29","787","1111","41.46","50","47","51.55","1413","1794","44.06","19","29","39.58","10.75","91.26","1.020","383","597","456","2188","45.65","844","890","947","47.12"
"1061","Mason McTavish","ANA","C","220","3002.3833333333","2747","3364","44.95","2016","2556","44.09","1393","1747","44.36","149","182","45.02","133.25","171.01","43.80","1320","1622","44.87","573","716","44.45","78","99","44.07","747","906","45.19","41","46","47.13","1476","1813","44.88","25","32","43.86","10.70","89.58","1.003","502","602","454","2171","52.51","916","879","959","48.85"
"380","Sam Bennett","FLA","C","208","3002.1166666667","3703","2812","56.84","2681","2156","55.43","1879","1512","55.41","163","144","53.09","182.49","145.74","55.60","1839","1316","58.29","764","604","55.85","74","75","49.66","1075","712","60.16","50","42","54.35","1969","1497","56.81","33","17","66.00","8.67","90.48","0.992","601","659","363","2228","62.34","1156","940","829","58.24"
"57","Patrick Kane","CHI, DET, NYR","R","195","3001.3833333333","2731","3179","46.21","2022","2316","46.61","1419","1593","47.11","132","160","45.21","124.85","177.6","41.28","1275","1570","44.82","499","645","43.62","63","80","44.06","776","925","45.62","44","49","47.31","1551","1581","49.52","25","19","56.82","9.30","89.96","0.993","519","577","337","2128","60.63","1011","842","794","56.01"
"115","Chris Kreider","NYR","L","229","2999.6666666667","3115","2948","51.38","2271","2151","51.36","1548","1472","51.26","162","129","55.67","154.57","156.61","49.67","1489","1404","51.47","631","587","51.81","79","62","56.03","858","817","51.22","48","38","55.81","1719","1607","51.68","27","20","57.45","10.47","91.24","1.017","574","780","450","2141","56.05","1065","1058","993","51.75"
"966","Anton Lundell","FLA","C","230","2999.45","3324","2626","55.87","2359","1953","54.71","1625","1299","55.57","144","110","56.69","153.59","131.28","53.92","1466","1203","54.93","623","533","53.89","70","56","55.56","843","670","55.72","38","25","60.32","1918","1384","58.09","29","26","52.73","8.86","91.53","1.004","578","677","411","2299","58.44","1056","942","817","56.38"
"872","Kaapo Kakko","NYR, SEA","R","222","2996.7666666667","2953","2853","50.86","2170","2099","50.83","1509","1458","50.86","141","123","53.41","132.16","136.48","49.19","1373","1387","49.75","552","591","48.29","64","61","51.20","821","796","50.77","44","34","56.41","1598","1454","52.36","30","25","54.55","9.34","91.56","1.009","430","682","333","2169","56.36","849","948","761","52.73"
"74","Luke Schenn","NSH, TOR, VAN, WPG","D","209","2993.8166666667","2835","3010","48.50","2042","2171","48.47","1429","1502","48.75","120","121","49.79","132.64","130.56","50.40","1350","1413","48.86","580","590","49.57","73","62","54.07","770","823","48.34","28","34","45.16","1453","1601","47.58","16","24","40.00","8.40","91.94","1.003","293","684","367","2750","44.39","737","1023","888","45.35"
"131","Erik Haula","N.J","L","225","2992.75","3051","2793","52.21","2182","2050","51.56","1516","1356","52.79","145","138","51.24","158.97","133.34","54.38","1442","1325","52.11","594","522","53.23","69","71","49.29","848","803","51.36","52","41","55.91","1771","1661","51.60","20","24","45.45","9.56","89.82","0.994","528","642","497","2366","51.51","925","901","1002","48.00"
"18","Jack Johnson","CBJ, CHI, COL","D","204","2987.3833333333","2595","3156","45.12","1881","2303","44.96","1322","1573","45.66","114","134","45.97","113.19","143.5","44.10","1162","1539","43.02","473","636","42.65","58","74","43.94","689","903","43.28","35","35","50.00","1332","1608","45.31","19","25","43.18","8.62","91.48","1.001","206","537","430","2465","32.39","570","849","913","38.44"
"688","Dylan Samberg","WPG","D","201","2984.4","2977","2707","52.38","2160","1901","53.19","1467","1252","53.95","138","87","61.33","139.39","117.72","54.21","1344","1199","52.85","593","518","53.38","67","48","58.26","751","681","52.44","36","26","58.06","1559","1552","50.11","33","12","73.33","9.41","93.05","1.025","306","550","396","2591","43.59","712","838","828","46.23"
"636","Trevor Moore","L.A","C, L","212","2980.3166666667","3267","2714","54.62","2437","1875","56.52","1661","1284","56.40","151","125","54.71","157.41","119.46","56.85","1438","1274","53.02","606","495","55.04","74","56","56.92","832","779","51.64","35","45","43.75","1931","1581","54.98","30","19","61.22","9.09","90.26","0.994","454","660","448","2086","50.33","894","960","937","48.83"
"89","Gustav Nyquist","CBJ, MIN, NSH","C, L, R","211","2969.2166666667","3291","3047","51.92","2346","2222","51.36","1575","1542","50.53","144","168","46.15","165.23","155.03","51.59","1538","1416","52.06","635","554","53.41","75","78","49.02","903","862","51.16","30","48","38.46","1911","1654","53.60","26","28","48.15","9.14","89.11","0.982","625","602","416","2101","60.04","1158","837","856","57.50"
"223","Dougie Hamilton","N.J","D","166","2965.0333333333","3514","2822","55.46","2535","2080","54.93","1769","1419","55.49","178","145","55.11","168.65","144.18","53.91","1688","1294","56.61","669","539","55.38","90","78","53.57","1019","755","57.44","52","38","57.78","2008","1577","56.01","34","24","58.62","10.06","89.78","0.998","464","555","318","2405","59.34","1131","890","767","59.59"
"766","Jesperi Kotkaniemi","CAR","C","239","2952.4833333333","3405","2342","59.25","2432","1752","58.13","1596","1207","56.94","135","111","54.88","149.44","115.86","56.33","1511","1130","57.21","603","518","53.79","73","50","59.35","908","612","59.74","35","41","46.05","1922","1171","62.14","25","17","59.52","8.46","90.80","0.993","573","607","278","2175","67.33","1058","916","703","60.08"
"163","Jeff Skinner","BUF, EDM","C, L","225","2951.6833333333","3230","2862","53.02","2393","2169","52.46","1696","1554","52.18","175","149","54.01","157.45","163.1","49.12","1619","1495","51.99","649","642","50.27","87","81","51.79","970","853","53.21","61","46","57.01","1658","1341","55.29","25","20","55.56","10.32","90.41","1.007","662","723","296","2080","69.10","1125","914","669","62.71"
"408","Warren Foegele","EDM, L.A","L","231","2948.9166666667","3185","2571","55.33","2336","1869","55.55","1592","1253","55.96","147","105","58.33","162.45","116.91","58.15","1552","1217","56.05","730","505","59.11","81","53","60.45","822","712","53.59","39","37","51.32","1669","1402","54.35","20","13","60.61","9.23","91.62","1.009","513","713","405","2171","55.88","932","996","893","51.07"
"330","Jason Dickinson","CHI","C","219","2944.6833333333","2390","2890","45.27","1683","2077","44.76","1185","1454","44.90","119","160","42.65","106.13","138.13","43.45","1078","1350","44.40","415","567","42.26","62","73","45.93","663","783","45.85","35","48","42.17","1288","1611","44.43","18","31","36.73","10.04","89.00","0.990","314","678","511","2112","38.06","699","992","1105","38.75"
"343","Tyler Bertuzzi","BOS, CHI, DET, TOR","L","212","2940.6666666667","2965","2926","50.33","2103","2146","49.49","1461","1432","50.50","139","170","44.98","138.72","151.87","47.74","1491","1433","50.99","617","588","51.20","71","87","44.94","874","845","50.84","45","44","50.56","1604","1550","50.86","21","28","42.86","9.51","88.13","0.976","457","596","336","2142","57.63","911","852","799","53.27"
"44","Jamie Benn","DAL","L","244","2932.9166666667","3089","3112","49.81","2156","2281","48.59","1483","1547","48.94","172","139","55.31","157.66","148.59","51.48","1533","1419","51.93","664","567","53.94","96","73","56.80","869","852","50.49","46","38","54.76","1682","1732","49.27","27","21","56.25","11.60","91.01","1.026","634","632","507","2414","55.57","1169","946","1067","52.28"
"311","Carson Soucy","NYR, SEA, VAN","D","193","2928.7166666667","2552","2771","47.94","1849","1995","48.10","1245","1285","49.21","122","112","52.14","119.94","119.37","50.12","1147","1256","47.73","450","519","46.44","53","58","47.75","697","737","48.61","47","34","58.02","1332","1541","46.36","15","18","45.45","9.80","91.28","1.011","330","610","395","2722","45.52","751","916","896","45.60"
"324","Andrew Copp","DET","C","217","2925.6333333333","2459","2956","45.41","1764","2174","44.79","1220","1450","45.69","136","129","51.32","120.27","136.91","46.76","1117","1401","44.36","464","577","44.57","66","63","51.16","653","824","44.21","44","34","56.41","1392","1625","46.14","21","30","41.18","11.15","91.10","1.023","478","697","511","2010","48.33","825","931","1027","44.55"
"741","Pius Suter","DET, VAN","C","227","2915.65","2631","2655","49.77","1857","1893","49.52","1259","1232","50.54","137","118","53.73","126.19","117.99","51.68","1269","1193","51.54","529","488","52.02","69","49","58.47","740","705","51.21","38","35","52.05","1361","1486","47.80","21","26","44.68","10.88","90.42","1.013","438","612","444","2370","49.66","774","865","904","46.13"
"258","Teuvo Teravainen","CAR, CHI","C, L","226","2914.8666666667","2886","2465","53.93","2121","1818","53.85","1431","1279","52.80","137","136","50.18","137.47","130.03","51.39","1271","1181","51.84","519","525","49.71","70","70","50.00","752","656","53.41","37","41","47.44","1677","1355","55.31","23","18","56.10","9.57","89.37","0.989","497","592","357","2147","58.20","955","893","845","53.06"
"588","Taylor Raddysh","CHI, WSH","R","231","2909.0833333333","2654","2967","47.22","1877","2165","46.44","1278","1472","46.47","90","136","39.82","122.52","148.98","45.13","1250","1430","46.64","529","591","47.23","50","75","40.00","721","839","46.22","23","29","44.23","1391","1571","46.96","17","26","39.53","7.04","90.76","0.978","372","586","456","2166","44.93","798","837","962","45.34"
"486","Anthony Beauvillier","CHI, NSH, NYI, PIT, VAN, WSH","L","223","2907.3","2847","2912","49.44","2028","2114","48.96","1370","1470","48.24","123","134","47.86","127.21","132.79","48.93","1410","1408","50.04","583","574","50.39","66","68","49.25","827","834","49.79","35","43","44.87","1433","1470","49.36","22","20","52.38","8.98","90.88","0.999","466","593","356","2368","56.69","835","803","780","51.70"
"78","Jordan Eberle","SEA","R","202","2895.1666666667","2946","2687","52.30","2112","1983","51.58","1464","1291","53.14","164","145","53.07","139.75","136.61","50.57","1407","1235","53.26","560","517","52.00","78","71","52.35","847","718","54.12","58","37","61.05","1570","1503","51.09","23","25","47.92","11.20","88.77","1.000","527","611","407","2112","56.42","985","824","842","53.91"
"907","Alex Newhook","COL, MTL","C","219","2894.95","2670","2932","47.66","1883","2104","47.23","1312","1451","47.48","123","148","45.39","122.99","144.95","45.90","1306","1373","48.75","538","573","48.42","61","65","48.41","768","800","48.98","36","52","40.91","1394","1500","48.17","26","27","49.06","9.38","89.80","0.992","473","518","357","2147","56.99","853","763","741","53.51"
"144","Jason Zucker","ARI, BUF, NSH, PIT","L","220","2894.05","3021","2859","51.38","2270","2112","51.80","1574","1499","51.22","149","152","49.50","150.85","143.16","51.31","1455","1422","50.57","657","579","53.16","81","76","51.59","798","843","48.63","40","45","47.06","1583","1488","51.55","26","24","52.00","9.47","89.86","0.993","495","583","330","2409","60.00","912","801","750","54.87"
"143","Justin Holl","DET, TOR","D","191","2891.5666666667","2628","2710","49.23","1956","1977","49.73","1342","1342","50.00","130","122","51.59","130.86","120.94","51.97","1308","1292","50.31","535","534","50.05","75","62","54.74","773","758","50.49","44","38","53.66","1332","1410","48.58","11","22","33.33","9.69","90.91","1.006","336","549","360","2476","48.28","780","836","803","49.27"
"532","Mason Marchment","DAL","L","211","2887.0166666667","2926","2899","50.23","2149","2140","50.10","1453","1477","49.59","149","116","56.23","141.58","133.87","51.40","1438","1372","51.17","547","552","49.77","72","70","50.70","891","820","52.07","41","29","58.57","1590","1525","51.04","27","15","64.29","10.25","92.15","1.024","498","575","371","2166","57.31","962","823","865","52.65"
"277","Colton Sissons","NSH","C","235","2880.1166666667","2652","2960","47.26","1936","2123","47.70","1344","1504","47.19","116","142","44.96","138.26","138.91","49.88","1221","1397","46.64","531","553","48.99","59","62","48.76","690","844","44.98","27","41","39.71","1407","1687","45.48","22","34","39.29","8.63","90.56","0.992","317","728","616","2218","33.98","624","1020","1208","34.06"
"605","Troy Stecher","ARI, CGY, EDM","D","201","2879.8","2552","2841","47.32","1849","2089","46.95","1278","1480","46.34","103","106","49.28","121.15","127.06","48.81","1220","1374","47.03","508","546","48.20","50","60","45.45","712","828","46.23","34","33","50.75","1330","1476","47.40","17","13","56.67","8.06","92.84","1.009","316","531","364","2537","46.47","698","787","818","46.04"
"716","Noah Cates","PHI","L","219","2874.0833333333","2646","2700","49.49","1942","1834","51.43","1312","1246","51.29","120","123","49.38","129.04","118.95","52.04","1223","1268","49.10","551","492","52.83","63","50","55.75","672","776","46.41","34","48","41.46","1364","1549","46.82","21","24","46.67","9.15","90.13","0.993","400","786","597","2275","40.12","791","1053","1117","41.46"
"165","Erik Gudbranson","CBJ","D","164","2871.8166666667","2565","3343","43.42","1802","2408","42.80","1271","1677","43.11","107","150","41.63","118.36","146.14","44.75","1170","1573","42.65","457","624","42.28","53","62","46.09","713","949","42.90","31","59","34.44","1264","1812","41.09","23","29","44.23","8.42","91.06","0.995","307","587","448","2072","40.66","827","933","1035","44.41"
"853","Peyton Krebs","BUF","C","235","2864.3333333333","2628","2562","50.64","1893","1884","50.12","1251","1240","50.22","112","113","49.78","111.56","128.82","46.41","1158","1263","47.83","448","564","44.27","51","64","44.35","710","699","50.39","37","31","54.41","1438","1414","50.42","22","14","61.11","8.95","90.89","0.998","459","676","498","2111","47.96","768","867","903","45.96"
"154","Nick Bjugstad","ARI, EDM, UTA","C","220","2858.9166666667","2722","2820","49.12","1999","2078","49.03","1374","1422","49.14","138","119","53.70","133.94","136.37","49.55","1293","1392","48.16","539","543","49.82","57","59","49.14","754","849","47.04","58","39","59.79","1455","1543","48.53","19","17","52.78","10.04","91.63","1.017","420","796","545","2177","43.52","777","1020","1046","42.62"
"1042","Luke Hughes","N.J","D","155","2858.5","3076","2598","54.21","2121","1940","52.23","1439","1287","52.79","115","144","44.40","139.43","149.85","48.20","1454","1218","54.42","562","548","50.63","56","67","45.53","892","670","57.11","37","48","43.53","1857","1472","55.78","21","20","51.22","7.99","88.81","0.968","438","567","377","2030","53.74","1033","867","754","57.81"
"668","Eeli Tolvanen","NSH, SEA","R","223","2853.9833333333","2853","2851","50.02","2026","2018","50.10","1336","1293","50.82","130","129","50.19","116.68","124.94","48.29","1248","1276","49.45","472","498","48.66","57","62","47.90","776","778","49.94","37","35","51.39","1645","1586","50.91","33","27","55.00","9.73","90.02","0.998","456","648","352","2154","56.44","854","891","788","52.01"
"87","Adam Henrique","ANA, EDM","C","225","2851","2574","2901","47.01","1837","2102","46.64","1300","1462","47.07","132","132","50.00","127.31","146.93","46.42","1250","1381","47.51","553","572","49.16","74","66","52.86","697","809","46.28","40","34","54.05","1389","1590","46.63","14","28","33.33","10.15","90.97","1.011","476","680","512","2010","48.18","858","887","995","46.30"
"73","Zach Bogosian","MIN, T.B","D","192","2847.8666666667","2716","2871","48.61","1971","2089","48.55","1314","1439","47.73","121","121","50.00","117.26","114.3","50.64","1225","1252","49.45","500","489","50.56","64","62","50.79","725","763","48.72","32","35","47.76","1530","1766","46.42","18","24","42.86","9.21","91.59","1.008","244","463","311","2348","43.96","675","769","803","45.67"
"656","Morgan Geekie","BOS, SEA","C","222","2846.4666666667","2738","2818","49.28","2000","1991","50.11","1359","1329","50.56","159","128","55.40","133.28","132.77","50.10","1309","1304","50.10","562","542","50.91","91","67","57.59","747","762","49.50","43","43","50.00","1548","1537","50.18","23","14","62.16","11.70","90.37","1.021","574","567","334","2129","63.22","951","773","764","55.45"
"405","Ryan Donato","CHI, SEA","C","229","2843.9666666667","2558","2872","47.11","1887","2117","47.13","1319","1470","47.29","138","146","48.59","117.98","147.52","44.44","1198","1439","45.43","495","600","45.21","72","69","51.06","703","839","45.59","45","42","51.72","1330","1511","46.81","20","24","45.45","10.46","90.07","1.005","344","524","307","2195","52.84","719","783","734","49.48"
"126","Casey Cizikas","NYI","C","233","2837.9666666667","2509","2852","46.80","1820","1964","48.10","1239","1334","48.15","92","111","45.32","111.21","124.32","47.22","1102","1302","45.84","479","543","46.87","39","61","39.00","623","759","45.08","34","30","53.13","1348","1564","46.29","17","18","48.57","7.43","91.68","0.991","302","681","651","2409","31.69","580","919","1133","33.86"
"213","William Karlsson","VGK","C","205","2837.5833333333","2989","2728","52.28","2167","1902","53.26","1516","1285","54.12","150","107","58.37","144.01","125.69","53.40","1377","1231","52.80","535","468","53.34","63","48","56.76","842","763","52.46","56","33","62.92","1622","1410","53.50","21","18","53.85","9.89","91.67","1.016","457","513","451","1994","50.33","973","773","852","53.32"
"94","Jared Spurgeon","MIN","D","161","2837.2833333333","2895","2727","51.49","2095","1871","52.82","1418","1292","52.32","144","103","58.30","137.94","111.74","55.25","1322","1205","52.31","550","428","56.24","65","46","58.56","772","777","49.84","41","26","61.19","1524","1553","49.53","28","27","50.91","10.16","92.03","1.022","338","536","399","2125","45.86","897","862","948","48.62"
"497","Joel Eriksson Ek","MIN","C","201","2836.9","2916","2778","51.21","2136","2007","51.56","1479","1379","51.75","158","125","55.83","141.89","125.92","52.98","1348","1241","52.07","577","481","54.54","64","59","52.03","771","760","50.36","57","32","64.04","1549","1636","48.63","24","23","51.06","10.68","90.94","1.016","435","744","502","1609","46.42","864","1074","1044","45.28"
"156","Kevin Hayes","PHI, PIT, STL","C, R","224","2835.0833333333","2777","2812","49.69","2038","2102","49.23","1424","1489","48.88","115","143","44.57","130.01","142.03","47.79","1264","1367","48.04","558","577","49.16","67","68","49.63","706","790","47.19","29","44","39.73","1477","1486","49.85","16","21","43.24","8.08","90.40","0.985","454","520","447","2204","50.39","858","726","905","48.67"
"440","Darren Raddysh","T.B","D","172","2830.5333333333","2946","2680","52.36","2094","1976","51.45","1431","1356","51.35","144","138","51.06","131.32","124.42","51.35","1360","1224","52.63","542","497","52.17","65","57","53.28","818","727","52.94","48","45","51.61","1799","1528","54.07","29","28","50.88","10.06","89.82","0.999","429","462","248","2205","63.37","998","770","669","59.87"
"751","Philipp Kurashev","CHI","C","196","2830.1","2379","3153","43.00","1722","2305","42.76","1201","1607","42.77","100","195","33.90","112.62","170.18","39.82","1119","1573","41.57","456","648","41.30","54","98","35.53","663","925","41.75","36","51","41.38","1332","1606","45.34","10","34","22.73","8.33","87.87","0.962","435","524","302","1882","59.02","933","775","793","54.06"
"374","Frederick Gaudreau","MIN","C","231","2819.4","2428","2882","45.73","1737","2034","46.06","1198","1391","46.27","109","124","46.78","108.73","117.04","48.16","1035","1255","45.20","412","489","45.73","54","68","44.26","623","766","44.85","22","34","39.29","1392","1697","45.06","21","21","50.00","9.10","91.09","1.002","428","502","461","1896","48.14","829","791","940","46.86"
"757","Mattias Samuelsson","BUF","D","158","2803.2166666667","2554","2814","47.58","1946","2082","48.31","1346","1443","48.26","148","132","52.86","134.26","129.07","50.98","1224","1392","46.79","489","575","45.96","67","77","46.53","735","817","47.36","50","38","56.82","1293","1545","45.56","23","16","58.97","11.00","90.85","1.018","360","684","475","2013","43.11","750","966","1018","42.42"
"758","Joe Veleno","CHI, DET","C","235","2801.6333333333","2280","2771","45.14","1637","1957","45.55","1117","1332","45.61","90","140","39.13","99.57","122.07","44.93","1002","1299","43.55","391","541","41.95","49","73","40.16","611","758","44.63","25","40","38.46","1278","1503","45.95","16","24","40.00","8.06","89.49","0.975","371","567","369","2205","50.14","673","762","804","45.57"
"767","Andrei Svechnikov","CAR","R","195","2799.2333333333","3518","2378","59.67","2520","1842","57.77","1621","1294","55.61","151","132","53.36","165.02","135.99","54.82","1623","1153","58.47","643","530","54.82","75","72","51.02","980","623","61.14","45","35","56.25","1984","1225","61.83","28","19","59.57","9.32","89.80","0.991","562","529","330","2100","63.00","1114","805","780","58.82"
"707","Jan Rutta","PIT, S.J","D","179","2795.3333333333","2442","3009","44.80","1702","2168","43.98","1181","1522","43.69","101","128","44.10","103.44","132.97","43.76","1044","1383","43.02","429","581","42.48","41","65","38.68","615","802","43.40","36","48","42.86","1364","1684","44.75","19","15","55.88","8.55","91.59","1.001","248","563","434","2312","36.36","691","878","952","42.06"
"483","Jack Roslovic","CAR, CBJ, NYR","C","217","2790.35","2949","2801","51.29","2093","2098","49.94","1374","1470","48.31","133","164","44.78","129.22","147.03","46.78","1368","1354","50.26","490","592","45.29","59","85","40.97","878","762","53.54","46","47","49.46","1646","1409","53.88","28","23","54.90","9.68","88.84","0.985","564","577","332","1952","62.95","962","808","718","57.26"
"341","Artturi Lehkonen","COL","L","178","2787.0666666667","3218","2505","56.23","2323","1891","55.13","1652","1294","56.08","187","131","58.81","156.59","136.35","53.45","1624","1150","58.54","643","507","55.91","87","61","58.78","981","643","60.41","60","27","68.97","1713","1368","55.60","27","31","46.55","11.32","89.88","1.012","551","604","303","1925","64.52","1141","920","779","59.43"
"331","Ryan Hartman","MIN","R","202","2785.5333333333","2904","2822","50.72","2088","1984","51.28","1408","1364","50.79","132","127","50.97","124.75","124.22","50.11","1291","1258","50.65","514","492","51.09","61","61","50.00","777","766","50.36","35","43","44.87","1598","1668","48.93","25","18","58.14","9.38","90.69","1.001","423","524","398","1745","51.52","874","827","895","49.41"
"232","Vladislav Namestnikov","T.B, WPG","C","233","2783.3","2767","2497","52.56","2053","1776","53.62","1368","1212","53.02","134","91","59.56","129.06","110.97","53.77","1257","1114","53.02","539","482","52.79","66","49","57.39","718","632","53.19","40","26","60.61","1658","1392","54.36","24","14","63.16","9.80","92.49","1.023","561","558","272","2165","67.35","960","782","592","61.86"
"754","Ryan McLeod","BUF, EDM","C","217","2779.9333333333","2786","2498","52.73","2040","1844","52.52","1393","1242","52.87","136","119","53.33","133.52","123.45","51.96","1336","1217","52.33","541","496","52.17","64","61","51.20","795","721","52.44","44","37","54.32","1501","1395","51.83","25","17","59.52","9.76","90.42","1.002","436","712","458","2039","48.77","771","950","855","47.42"
"1134","Juraj Slafkovsky","MTL","L","200","2777.25","2759","2903","48.73","2005","2061","49.31","1344","1389","49.18","132","146","47.48","127.98","151.71","45.76","1288","1464","46.80","499","612","44.91","60","71","45.80","789","852","48.08","43","47","47.78","1631","1460","52.77","27","19","58.70","9.82","89.49","0.993","525","543","358","1794","59.46","900","803","757","54.32"
"234","Colin Miller","DAL, N.J, WPG","D","185","2773.85","2824","2507","52.97","2007","1861","51.89","1368","1273","51.80","127","87","59.35","121.13","111.66","52.03","1315","1107","54.29","505","476","51.48","56","40","58.33","810","631","56.21","47","28","62.67","1470","1317","52.74","23","15","60.53","9.28","93.17","1.024","380","569","279","2349","57.66","937","830","684","57.80"
"504","Yakov Trenin","COL, MIN, NSH","C","229","2773.0333333333","2569","2742","48.37","1831","1990","47.92","1245","1378","47.46","100","100","50.00","124.41","120.15","50.87","1230","1255","49.50","498","494","50.20","48","55","46.60","732","761","49.03","23","30","43.40","1281","1580","44.77","17","15","53.13","8.03","92.74","1.008","240","608","425","2098","36.09","532","842","925","36.51"
"353","Rasmus Ristolainen","PHI","D","168","2769.5666666667","2521","2741","47.91","1901","1858","50.57","1355","1282","51.38","119","130","47.79","118.22","111.54","51.45","1165","1246","48.32","492","456","51.90","62","63","49.60","673","790","46.00","32","48","40.00","1343","1484","47.51","21","18","53.85","8.78","89.86","0.986","267","500","445","2560","37.50","724","781","940","43.51"
"1157","Andrei Kuzmenko","CGY, L.A, PHI, VAN","L","219","2765.5833333333","2824","2475","53.29","2014","1824","52.48","1351","1261","51.72","154","145","51.51","126.67","123.89","50.55","1381","1182","53.88","585","470","55.45","82","53","60.74","796","712","52.79","43","51","45.74","1493","1240","54.63","28","34","45.16","11.40","88.50","0.999","524","531","245","2279","68.14","953","768","599","61.40"
"475","Mathew Barzal","NYI","C","168","2765.5333333333","3206","2677","54.50","2364","1915","55.25","1645","1326","55.37","150","132","53.19","145.9","141.9","50.70","1553","1288","54.66","619","533","53.73","70","60","53.85","934","755","55.30","46","32","58.97","1776","1349","56.83","32","26","55.17","9.12","90.05","0.992","474","459","240","2100","66.39","1000","681","545","64.72"
"912","Aliaksei Protas","WSH","C","212","2756.3833333333","2719","2614","50.98","1953","1851","51.34","1311","1233","51.53","147","124","54.24","132.27","120.83","52.26","1288","1201","51.75","527","488","51.92","79","68","53.74","761","713","51.63","44","36","55.00","1448","1464","49.73","22","17","56.41","11.21","89.94","1.012","420","638","473","2031","47.03","719","832","857","45.62"
"149","Jon Merrill","MIN","D","208","2749.6666666667","2345","2690","46.57","1724","1927","47.22","1161","1346","46.31","95","111","46.12","95.05","107.09","47.02","1015","1184","46.16","397","463","46.16","42","56","42.86","618","721","46.15","29","38","43.28","1268","1498","45.84","22","17","56.41","8.18","91.75","0.999","246","395","238","2405","50.83","645","688","661","49.39"
"896","Shane Pinto","OTT","C","193","2743.95","2841","2703","51.24","2069","1892","52.23","1427","1325","51.85","124","126","49.60","145.56","119.11","55.00","1356","1239","52.25","554","507","52.21","63","62","50.40","802","732","52.28","43","41","51.19","1437","1525","48.51","13","20","39.39","8.69","90.49","0.992","450","634","476","2175","48.60","783","862","1001","43.89"
"526","Mason Appleton","WPG","C","194","2724.4166666667","2685","2760","49.31","1986","2015","49.64","1339","1354","49.72","111","88","55.78","135.03","121.14","52.71","1245","1230","50.30","578","544","51.52","62","49","55.86","667","686","49.30","30","22","57.69","1370","1707","44.52","19","15","55.88","8.29","93.50","1.018","331","752","509","1857","39.40","566","981","1001","36.12"
"921","Matias Maccelli","ARI, UTA","L","201","2708.5833333333","2642","2684","49.61","1922","1992","49.11","1297","1376","48.52","122","134","47.66","125.58","136.86","47.85","1246","1237","50.18","504","491","50.65","59","58","50.43","742","746","49.87","48","48","50.00","1441","1467","49.55","15","18","45.45","9.41","90.26","0.997","373","674","389","2078","48.95","722","872","799","47.47"
"908","Ilya Mikheyev","CHI, VAN","R","204","2707.6166666667","2366","2463","49.00","1703","1796","48.67","1159","1237","48.37","139","130","51.67","109.62","110.89","49.71","1109","1160","48.88","479","511","48.38","71","70","50.35","630","649","49.26","41","32","56.16","1282","1413","47.57","25","27","48.08","11.99","89.49","1.015","350","589","355","2159","49.65","681","792","800","45.98"
"469","Keegan Kolesar","VGK","R","235","2707.3666666667","2430","2619","48.13","1692","1830","48.04","1187","1221","49.29","100","103","49.26","109.41","106.82","50.60","1156","1189","49.30","516","454","53.20","64","47","57.66","640","735","46.55","29","36","44.62","1221","1475","45.29","6","20","23.08","8.42","91.56","1.000","274","867","450","2119","37.85","526","1123","857","38.03"
"1048","Cole Sillinger","CBJ","C","207","2705.3333333333","2519","2929","46.24","1831","2095","46.64","1266","1460","46.44","115","154","42.75","111.24","137.17","44.78","1127","1407","44.48","439","561","43.90","51","68","42.86","688","846","44.85","40","54","42.55","1421","1591","47.18","20","31","39.22","9.08","89.45","0.985","508","629","419","1817","54.80","888","850","795","52.76"
"236","Barclay Goodrow","NYR, S.J","C","239","2704.0666666667","2224","2988","42.67","1589","2085","43.25","1091","1400","43.80","84","137","38.01","104.14","136.65","43.25","1030","1387","42.61","417","577","41.95","45","69","39.47","613","810","43.08","16","39","29.09","1133","1679","40.29","20","28","41.67","7.70","90.21","0.979","299","574","505","2084","37.19","634","835","1096","36.65"
"30","Nick Foligno","BOS, CHI","L","212","2703.8","2243","2708","45.30","1608","1962","45.04","1147","1359","45.77","118","146","44.70","103.9","134.33","43.61","1047","1270","45.19","447","527","45.89","64","65","49.61","600","743","44.68","38","42","47.50","1285","1562","45.14","16","30","34.78","10.29","89.26","0.995","298","661","432","1974","40.82","615","891","914","40.22"
"435","Jake Evans","MTL","C","218","2703.5333333333","2364","2872","45.15","1621","1994","44.84","1107","1338","45.28","109","127","46.19","115.01","131.51","46.65","1109","1353","45.04","451","555","44.83","47","63","42.73","658","798","45.19","36","34","51.43","1207","1635","42.47","18","29","38.30","9.85","90.51","1.004","300","611","598","1893","33.41","555","871","1135","32.84"
"948","Marco Rossi","MIN","C","183","2697.25","2670","2592","50.74","1907","1821","51.15","1260","1251","50.18","115","114","50.22","113.15","113.14","50.00","1213","1126","51.86","503","429","53.97","62","48","56.36","710","697","50.46","34","34","50.00","1542","1536","50.10","16","28","36.36","9.13","90.89","1.000","374","476","259","1750","59.08","808","704","624","56.42"
"837","Logan O'Connor","COL","R","219","2692.9833333333","2585","2437","51.47","1819","1689","51.85","1236","1204","50.66","103","93","52.55","108.86","99.58","52.23","1151","1063","51.99","482","455","51.44","55","54","50.46","669","608","52.39","34","20","62.96","1339","1406","48.78","11","18","37.93","8.33","92.28","1.006","272","647","499","2246","35.28","482","873","975","33.08"
"83","Travis Hamonic","OTT","D","182","2689.7833333333","2646","2950","47.28","1930","2112","47.75","1365","1501","47.63","103","140","42.39","121.97","133.45","47.75","1239","1417","46.65","519","547","48.69","55","68","44.72","720","870","45.28","31","47","39.74","1336","1507","46.99","15","25","37.50","7.55","90.67","0.982","299","564","401","2389","42.71","784","852","913","46.20"
"433","Pierre Engvall","NYI, TOR","L","212","2683.1333333333","2726","2500","52.16","1979","1783","52.60","1438","1226","53.98","112","106","51.38","131.39","110.7","54.27","1341","1214","52.49","576","486","54.24","60","44","57.69","765","728","51.24","41","42","49.40","1373","1282","51.71","8","18","30.77","7.79","91.35","0.991","363","572","312","2215","53.78","670","779","701","48.87"
"567","Sam Steel","DAL, MIN","C","221","2680.8833333333","2537","2346","51.96","1804","1693","51.59","1211","1182","50.61","104","109","48.83","117.45","104.17","53.00","1184","1071","52.51","472","456","50.86","53","63","45.69","712","615","53.65","31","29","51.67","1286","1272","50.27","17","16","51.52","8.59","90.78","0.994","359","548","308","1992","53.82","668","811","746","47.24"
"256","Tom Wilson","WSH","R","188","2675.7666666667","2693","2675","50.17","1918","1872","50.61","1287","1230","51.13","138","149","48.08","142.45","141.46","50.17","1266","1207","51.19","538","521","50.80","74","79","48.37","728","686","51.49","35","41","46.05","1574","1509","51.05","22","23","48.89","10.72","87.89","0.986","549","620","405","1794","57.55","987","824","771","56.14"
"489","Jeremy Lauzon","NSH","D","174","2675.4166666667","2419","2646","47.76","1772","1932","47.84","1228","1375","47.18","100","124","44.64","116.26","117.85","49.66","1121","1273","46.83","463","513","47.44","44","65","40.37","658","760","46.40","32","41","43.84","1257","1460","46.26","13","18","41.94","8.14","90.98","0.991","214","534","409","2369","34.35","535","862","915","36.90"
"485","Nicolas Roy","VGK","C","206","2674.65","2534","2541","49.93","1756","1778","49.69","1233","1188","50.93","121","106","53.30","121.77","113.71","51.71","1184","1193","49.81","524","450","53.80","71","43","62.28","660","743","47.04","27","40","40.30","1307","1373","48.77","17","18","48.57","9.81","91.08","1.009","324","735","499","1877","39.37","610","984","892","40.61"
"118","Tomas Tatar","COL, N.J, SEA","L","226","2669.3166666667","2721","2321","53.97","1963","1692","53.71","1380","1150","54.55","135","89","60.27","136.9","100.66","57.63","1304","1042","55.58","537","425","55.82","73","53","57.94","767","617","55.42","34","26","56.67","1531","1365","52.87","26","10","72.22","9.78","92.26","1.020","421","667","387","2318","52.10","778","907","772","50.19"
"572","Trent Frederic","BOS, EDM","C","219","2666.1333333333","2432","2690","47.48","1736","1898","47.77","1221","1256","49.29","118","97","54.88","119.61","117.07","50.54","1240","1225","50.30","545","494","52.45","66","50","56.90","695","731","48.74","39","28","58.21","1138","1468","43.67","11","17","39.29","9.66","92.28","1.019","341","687","378","2250","47.43","570","861","761","42.82"
"780","Barrett Hayton","ARI, UTA","C","197","2659.4666666667","2792","2396","53.82","2022","1789","53.06","1355","1231","52.40","129","147","46.74","139.54","128.18","52.12","1375","1148","54.50","574","475","54.72","70","72","49.30","801","673","54.34","36","48","42.86","1467","1251","53.97","20","17","54.05","9.52","88.06","0.976","471","566","492","2150","48.91","898","784","891","50.20"
"783","Jack McBain","ARI, UTA","C","231","2648.0666666667","2367","2710","46.62","1696","1965","46.33","1165","1352","46.29","117","111","51.32","114.25","121.12","48.54","1153","1248","48.02","485","492","49.64","64","51","55.65","668","756","46.91","30","32","48.39","1236","1506","45.08","20","24","45.45","10.04","91.79","1.018","376","686","437","2326","46.25","706","907","874","44.68"
"613","Ross Colton","COL, T.B","C","222","2644.7333333333","2893","2546","53.19","2049","1819","52.97","1374","1282","51.73","110","123","47.21","128.59","119.34","51.87","1366","1189","53.46","577","485","54.33","53","67","44.17","789","704","52.85","33","32","50.77","1602","1476","52.05","20","20","50.00","8.01","90.41","0.984","435","630","426","2078","50.52","732","873","846","46.39"
"413","Michael Amadio","OTT, VGK","C, R","212","2633.5","2562","2653","49.13","1789","1818","49.60","1247","1220","50.55","123","102","54.67","117.49","105.67","52.65","1187","1187","50.00","467","466","50.05","54","53","50.47","720","721","49.97","46","36","56.10","1344","1488","47.46","20","12","62.50","9.86","91.64","1.015","402","540","425","2053","48.61","683","754","817","45.53"
"952","Jake Neighbours","STL","L","202","2626.1666666667","2297","2737","45.63","1652","1975","45.55","1148","1361","45.76","111","141","44.05","108.68","142.29","43.31","1100","1321","45.44","455","518","46.76","60","71","45.80","645","803","44.54","30","39","43.48","1366","1483","47.95","18","19","48.65","9.67","89.64","0.993","416","530","334","2046","55.47","846","746","721","53.99"
"539","Brandon Tanev","SEA, WPG","L","227","2622.4666666667","2278","2657","46.16","1667","1847","47.44","1074","1195","47.33","108","100","51.92","117.45","110.24","51.58","1054","1172","47.35","465","468","49.84","58","51","53.21","589","704","45.55","30","35","46.15","1206","1545","43.84","12","13","48.00","10.06","91.63","1.017","454","558","396","2165","53.41","741","816","915","44.75"
"185","Ondrej Palat","N.J","L","197","2620","2788","2564","52.09","1958","1873","51.11","1320","1242","51.52","121","124","49.39","131.76","128.25","50.67","1350","1183","53.30","545","487","52.81","63","68","48.09","805","696","53.63","37","31","54.41","1561","1445","51.93","19","21","47.50","9.17","90.02","0.992","487","633","348","2184","58.32","824","833","693","54.32"
"568","Brett Howden","VGK","C","206","2611.8166666667","2330","2762","45.76","1660","1910","46.50","1154","1257","47.86","120","112","51.72","113.23","115.53","49.50","1105","1285","46.23","452","490","47.98","58","56","50.88","653","795","45.10","39","38","50.65","1262","1500","45.69","14","18","43.75","10.40","91.09","1.015","384","607","401","1962","48.92","687","820","794","46.39"
"383","Nikolaj Ehlers","WPG","L","196","2607.65","2917","2429","54.56","2163","1789","54.73","1427","1205","54.22","154","111","58.11","140.93","129.76","52.06","1314","1123","53.92","564","478","54.13","73","47","60.83","750","645","53.76","56","31","64.37","1754","1300","57.43","25","15","62.50","10.79","90.79","1.016","602","501","283","1943","68.02","1064","704","631","62.77"
"230","Stefan Noesen","CAR, N.J","R","237","2607.2","2947","2096","58.44","2116","1514","58.29","1364","993","57.87","119","93","56.13","137.7","105.66","56.58","1367","950","59.00","593","422","58.42","65","39","62.50","774","528","59.45","42","34","55.26","1656","1202","57.94","12","14","46.15","8.72","90.63","0.994","519","617","344","2120","60.14","984","878","740","57.08"
"818","Paul Cotter","N.J, VGK","C","210","2604.0833333333","2356","2652","47.04","1663","1887","46.85","1151","1264","47.66","89","116","43.41","103.46","109.71","48.54","1112","1188","48.35","443","463","48.90","45","57","44.12","669","725","47.99","32","37","46.38","1226","1477","45.36","11","22","33.33","7.73","90.82","0.986","359","467","341","2095","51.29","651","703","740","46.80"
"658","Michael Rasmussen","DET","C","208","2600.2333333333","2230","2712","45.12","1560","1900","45.09","1072","1245","46.27","117","121","49.16","112.27","122.1","47.90","1053","1265","45.43","451","475","48.70","61","54","53.04","602","790","43.25","37","39","48.68","1208","1539","43.98","16","24","40.00","10.91","90.28","1.012","427","674","476","1954","47.29","749","872","927","44.69"
"938","Drew O'Connor","PIT, VAN","L","209","2593.75","2680","2531","51.43","1927","1848","51.05","1270","1242","50.56","103","115","47.25","128.71","119.11","51.94","1230","1214","50.33","550","516","51.59","48","59","44.86","680","698","49.35","32","37","46.38","1444","1375","51.22","21","18","53.85","8.11","90.74","0.989","330","534","349","2217","48.60","619","742","759","44.92"
"702","Alex Iafallo","L.A, WPG","L","223","2591.7666666667","2477","2378","51.02","1855","1651","52.91","1255","1094","53.43","125","75","62.50","119.45","101.2","54.13","1113","1033","51.86","487","435","52.82","63","40","61.17","626","598","51.14","34","19","64.15","1470","1440","50.52","21","14","60.00","9.96","93.14","1.031","415","575","389","1997","51.62","736","765","732","50.14"
"984","Cole Perfetti","WPG","C","204","2589.8833333333","2628","2306","53.26","1924","1638","54.01","1279","1121","53.29","124","85","59.33","118.07","109.17","51.96","1166","1047","52.69","495","444","52.72","56","39","58.95","671","603","52.67","43","27","61.43","1514","1129","57.28","21","13","61.76","9.70","92.42","1.021","547","444","186","2062","74.62","945","624","458","67.36"
"56","David Perron","DET, OTT","L","201","2586.65","2403","2477","49.24","1757","1819","49.13","1253","1286","49.35","128","144","47.06","113.43","128.33","46.92","1101","1222","47.40","440","486","47.52","61","67","47.66","661","736","47.32","37","50","42.53","1327","1262","51.26","28","20","58.33","10.22","88.80","0.990","392","630","418","2147","48.40","764","835","815","48.39"
"192","Johnny Gaudreau","CBJ","L","161","2583.8833333333","2689","2798","49.01","1959","2060","48.74","1372","1472","48.24","137","187","42.28","133.34","152.51","46.65","1338","1383","49.17","531","550","49.12","63","88","41.72","807","833","49.21","48","57","45.71","1343","1393","49.09","25","30","45.45","9.99","87.30","0.973","489","603","401","1557","54.94","863","787","789","52.24"
"727","Alexey Toropchenko","STL","R","231","2576.6","1958","2610","42.86","1404","1803","43.78","1007","1263","44.36","80","83","49.08","86.89","108.81","44.40","893","1145","43.82","392","473","45.32","42","46","47.73","501","672","42.71","20","25","44.44","1044","1474","41.46","17","12","58.62","7.94","93.43","1.014","249","665","379","2077","39.65","472","863","788","37.46"
"860","Trevor Zegras","ANA","C","169","2573.4333333333","2445","2720","47.34","1809","2106","46.21","1244","1507","45.22","125","152","45.13","117.3","153.4","43.33","1193","1389","46.20","486","601","44.71","59","80","42.45","707","788","47.29","49","49","50.00","1189","1318","47.43","15","17","46.88","10.05","89.91","1.000","444","481","235","1855","65.39","838","669","555","60.16"
"59","Evgenii Dadonov","DAL, MTL","R","204","2564.65","2471","2525","49.46","1736","1861","48.26","1177","1285","47.81","126","135","48.28","117.3","121.72","49.08","1209","1189","50.42","525","461","53.25","72","73","49.66","684","728","48.44","37","37","50.00","1291","1307","49.69","16","23","41.03","10.71","89.49","1.002","439","532","363","1980","54.74","785","806","776","50.29"
"134","Nic Dowd","WSH","C","211","2564.0333333333","2236","2626","45.99","1579","1769","47.16","1060","1149","47.99","113","105","51.83","114.47","104.47","52.28","1040","1138","47.75","420","441","48.78","55","60","47.83","620","697","47.08","34","24","58.62","993","1760","36.07","18","21","46.15","10.66","90.86","1.015","131","600","960","1808","12.01","235","795","1478","13.72"
"1163","Connor Bedard","CHI","C","150","2556.1166666667","2251","2894","43.75","1594","2131","42.79","1091","1445","43.02","107","174","38.08","101.32","158.06","39.06","1068","1448","42.45","383","580","39.77","49","79","38.28","685","868","44.11","43","50","46.24","1413","1565","47.45","15","32","31.91","9.81","87.96","0.978","455","486","218","1610","67.61","932","702","643","59.17"
"902","Jackson LaCombe","ANA","D","148","2539.9833333333","2345","2658","46.87","1694","1873","47.49","1146","1269","47.45","97","121","44.50","114.29","126.97","47.37","1080","1245","46.45","460","504","47.72","54","56","49.09","620","741","45.55","25","42","37.31","1305","1626","44.52","15","16","48.39","8.46","90.46","0.989","288","505","463","1785","38.35","726","727","881","45.18"
"1039","William Eklund","S.J","L","165","2539.85","2574","2729","48.54","1793","1905","48.49","1198","1306","47.84","113","165","40.65","112.1","146.16","43.41","1149","1271","47.48","482","502","48.98","54","72","42.86","667","769","46.45","31","45","40.79","1538","1587","49.22","23","37","38.33","9.43","87.37","0.968","308","498","361","1744","46.04","794","736","789","50.16"
"348","Jonathan Drouin","COL, MTL","L","180","2537.2833333333","2819","2355","54.48","2020","1738","53.75","1394","1205","53.64","143","137","51.07","118.98","134.91","46.86","1359","1146","54.25","536","504","51.54","68","74","47.89","823","642","56.18","52","35","59.77","1625","1231","56.90","19","21","47.50","10.26","88.63","0.989","491","524","256","1837","65.73","962","787","621","60.77"
"419","Danton Heinen","BOS, PIT, VAN","L","218","2534.7166666667","2396","2456","49.38","1705","1792","48.76","1195","1202","49.85","116","105","52.49","109.73","112.29","49.42","1132","1108","50.54","443","495","47.23","56","56","50.00","689","613","52.92","42","30","58.33","1249","1346","48.13","15","19","44.12","9.71","91.26","1.010","320","532","350","2244","47.76","614","727","717","46.13"
"278","Teddy Blueger","PIT, VAN, VGK","C","213","2532.2166666667","2297","2443","48.46","1674","1731","49.16","1106","1187","48.23","96","113","45.93","112.64","103.62","52.08","1039","1115","48.24","481","468","50.68","46","61","42.99","558","647","46.31","35","35","50.00","1222","1380","46.96","10","17","37.04","8.68","90.48","0.992","244","561","462","2189","34.56","485","783","915","34.64"
"671","Gabriel Vilardi","L.A, WPG","C, R","181","2523.1","2499","2509","49.90","1811","1808","50.04","1250","1195","51.12","142","104","57.72","117.09","120.23","49.34","1180","1153","50.58","492","465","51.41","80","51","61.07","688","688","50.00","47","26","64.38","1592","1337","54.35","15","16","48.39","11.36","91.30","1.027","522","498","263","1756","66.50","935","694","562","62.46"
"697","Erik Brannstrom","OTT, VAN","D","178","2519.4333333333","2517","2316","52.08","1819","1605","53.13","1266","1127","52.90","103","102","50.24","118.23","102.47","53.57","1160","1103","51.26","483","460","51.22","52","53","49.52","677","643","51.29","32","31","50.79","1301","1191","52.21","18","14","56.25","8.14","90.95","0.991","333","461","246","2352","57.51","801","731","619","56.41"
"262","Radek Faksa","DAL, STL","C","225","2516.85","2275","2189","50.96","1580","1523","50.92","1091","1067","50.56","90","90","50.00","96.69","89.11","52.04","1009","915","52.44","425","395","51.83","45","47","48.91","584","520","52.90","21","27","43.75","1156","1260","47.85","17","14","54.84","8.25","91.57","0.998","237","619","463","2107","33.86","481","854","901","34.80"
"194","Sean Kuraly","CBJ","C","215","2506.2166666667","2316","2769","45.55","1636","1960","45.49","1104","1369","44.64","88","129","40.55","104.62","122.35","46.09","1031","1273","44.75","427","526","44.81","44","65","40.37","604","747","44.71","29","38","43.28","1147","1523","42.96","12","25","32.43","7.97","90.58","0.985","225","545","550","1824","29.03","419","721","1057","28.39"
"703","David Kampf","TOR","C","219","2494.7666666667","2061","2408","46.12","1510","1723","46.71","1080","1189","47.60","91","98","48.15","99.74","106.51","48.36","941","1159","44.81","394","499","44.12","46","41","52.87","547","660","45.32","23","39","37.10","986","1283","43.46","17","18","48.57","8.43","91.76","1.002","145","522","490","2115","22.83","334","719","926","26.51"
"690","Pierre-Olivier Joseph","PIT, STL","D","174","2490.1166666667","2505","2384","51.24","1815","1798","50.24","1294","1267","50.53","105","122","46.26","115.68","115.94","49.94","1194","1173","50.44","526","509","50.82","61","65","48.41","668","664","50.15","22","39","36.07","1295","1195","52.01","20","17","54.05","8.11","90.37","0.985","288","500","305","2223","48.57","724","758","677","51.68"
"798","Michael Kesselring","ARI, UTA","D","156","2487.0333333333","2563","2306","52.64","1842","1666","52.51","1202","1105","52.10","108","90","54.55","108.91","104.95","50.93","1171","1048","52.77","458","404","53.13","50","42","54.35","713","644","52.54","36","33","52.17","1502","1367","52.35","21","15","58.33","8.99","91.86","1.008","352","536","339","2265","50.94","808","773","675","54.48"
"318","Mattias Janmark","EDM","C","217","2480.5833333333","2070","2189","48.60","1500","1580","48.70","1054","1110","48.71","82","89","47.95","97.95","98.42","49.88","971","1004","49.16","440","407","51.95","44","48","47.83","531","597","47.07","21","28","42.86","1077","1196","47.38","14","13","51.85","7.78","91.98","0.998","349","609","376","1871","48.14","567","818","752","42.99"
"180","Mark Stone","VGK","R","165","2474.6666666667","2641","2496","51.41","1914","1722","52.64","1348","1145","54.07","144","114","55.81","130.52","113.31","53.53","1327","1112","54.41","549","422","56.54","73","56","56.59","778","690","53.00","52","31","62.65","1417","1391","50.46","15","22","40.54","10.68","90.04","1.007","494","439","357","1607","58.05","1007","694","730","57.97"
"123","Marcus Foligno","MIN","L","197","2460.3166666667","2348","2241","51.17","1667","1597","51.07","1087","1075","50.28","104","93","52.79","104.58","95.71","52.21","1007","966","51.04","432","395","52.24","52","43","54.74","575","571","50.17","26","24","52.00","1274","1347","48.61","17","22","43.59","9.57","91.35","1.009","325","555","443","1615","42.32","647","827","840","43.51"
"373","Garnet Hathaway","BOS, PHI, WSH","R","233","2455.5833333333","2286","2455","48.22","1654","1590","50.99","1156","1043","52.57","94","99","48.70","105.71","92.04","53.46","1049","1059","49.76","456","381","54.48","38","51","42.70","593","678","46.66","35","32","52.24","1154","1372","45.68","16","16","50.00","8.13","90.51","0.986","237","681","594","1998","28.52","438","878","965","31.22"
"1035","Kent Johnson","CBJ","C","189","2450.2166666667","2309","2429","48.73","1654","1793","47.98","1150","1256","47.80","127","138","47.92","101.33","128.55","44.08","1043","1160","47.34","428","490","46.62","67","58","53.60","615","670","47.86","36","45","44.44","1255","1269","49.72","24","23","51.06","11.04","89.01","1.001","492","494","284","1736","63.40","832","693","614","57.54"
"900","Simon Holmstrom","NYI","R","200","2449.3166666667","2298","2659","46.36","1664","1835","47.56","1081","1224","46.90","103","108","48.82","101.44","114.46","46.98","1016","1244","44.96","418","475","46.81","50","53","48.54","598","769","43.75","31","37","45.59","1322","1456","47.59","18","16","52.94","9.53","91.18","1.007","395","528","397","2071","49.87","716","745","785","47.70"
"940","Cole Smith","NSH","L, R","220","2447.8","2141","2361","47.56","1524","1714","47.07","1013","1205","45.67","79","99","44.38","104.9","102.74","50.52","1002","1097","47.74","442","441","50.06","41","46","47.13","560","656","46.05","24","30","44.44","1051","1381","43.22","11","22","33.33","7.80","91.78","0.996","181","707","454","2012","28.50","394","930","916","30.08"
"509","Noel Acciari","PIT, STL, TOR","C","211","2441.2333333333","1929","2560","42.97","1421","1769","44.55","973","1187","45.05","73","112","39.46","98.18","105.67","48.16","933","1134","45.14","386","475","44.83","37","53","41.11","547","659","45.36","21","27","43.75","890","1565","36.25","10","32","23.81","7.50","90.56","0.981","165","468","669","1986","19.78","355","658","1147","23.64"
"254","Zemgus Girgensons","BUF, T.B","C, L","225","2420.4666666667","2106","2103","50.04","1516","1510","50.10","1024","1026","49.95","63","77","45.00","94.56","95.64","49.71","947","971","49.37","392","418","48.40","29","43","40.28","555","553","50.09","16","22","42.11","1115","1184","48.50","16","11","59.26","6.15","92.50","0.986","411","670","454","1797","47.51","647","826","811","44.38"
"176","Brendan Gallagher","MTL","R","196","2416","2406","2517","48.87","1666","1742","48.88","1131","1140","49.80","99","131","43.04","121.64","127.88","48.75","1188","1163","50.53","531","474","52.84","49","72","40.50","657","689","48.81","34","38","47.22","1222","1345","47.60","12","15","44.44","8.75","88.51","0.973","312","578","343","1798","47.63","610","820","698","46.64"
"394","Kasperi Kapanen","EDM, PIT, STL","R","206","2415.6833333333","2175","2394","47.60","1607","1771","47.57","1152","1244","48.08","93","128","42.08","96.45","117.27","45.13","950","1171","44.79","389","511","43.22","49","74","39.84","561","660","45.95","28","34","45.16","1208","1283","48.49","14","18","43.75","8.07","89.71","0.978","346","532","398","1782","46.51","629","720","756","45.42"
"187","Josh Manson","COL","D","151","2404.0666666667","2446","2185","52.82","1698","1566","52.02","1187","1088","52.18","116","102","53.21","103.91","100.71","50.78","1104","1020","51.98","450","444","50.34","61","62","49.59","654","576","53.17","29","21","58.00","1303","1307","49.92","20","19","51.28","9.77","90.63","1.004","237","548","399","1993","37.26","580","805","814","41.61"
"208","Boone Jenner","CBJ","C","152","2401.3833333333","2575","2628","49.49","1836","1896","49.20","1270","1326","48.92","126","156","44.68","128.2","137.44","48.26","1200","1234","49.30","464","492","48.54","58","76","43.28","736","742","49.80","37","41","47.44","1367","1362","50.09","27","27","50.00","9.92","88.24","0.982","462","558","456","1334","50.33","803","736","891","47.40"
"50","James van Riemsdyk","BOS, CBJ, PHI","L","203","2399.5833333333","2399","2360","50.41","1756","1702","50.78","1213","1154","51.25","119","109","52.19","116.1","107.86","51.84","1163","1117","51.01","553","435","55.97","72","49","59.50","610","682","47.21","30","35","46.15","1229","1264","49.30","17","22","43.59","9.81","90.55","1.004","420","493","308","2048","57.69","728","683","651","52.79"
"635","Mathieu Olivier","CBJ","R","202","2396.6666666667","2091","2657","44.04","1493","1851","44.65","1033","1290","44.47","88","119","42.51","101.18","111.94","47.48","957","1198","44.41","467","493","48.65","56","55","50.45","490","705","41.00","18","39","31.58","1064","1514","41.27","9","25","26.47","8.52","90.78","0.993","302","614","448","1684","40.27","518","789","898","36.58"
"965","Justin Barron","MTL, NSH","D","149","2384.0666666667","2206","2357","48.35","1547","1660","48.24","1062","1139","48.25","97","120","44.70","100.12","113.01","46.98","1049","1154","47.62","438","497","46.84","52","55","48.60","611","657","48.19","29","52","35.80","1215","1223","49.84","14","11","56.00","9.13","89.46","0.986","329","485","283","1741","53.76","804","765","637","55.79"
"988","Tyson Foerster","PHI","R","166","2379.4166666667","2298","2207","51.01","1642","1487","52.48","1105","978","53.05","112","113","49.78","102.43","99.25","50.79","1031","1002","50.71","442","372","54.30","52","52","50.00","589","630","48.32","34","32","51.52","1331","1357","49.52","24","25","48.98","10.14","88.45","0.986","341","575","384","1812","47.03","651","800","758","46.20"
"796","Jordan Harris","CBJ, MTL","D","154","2379.25","2114","2411","46.72","1492","1741","46.15","1046","1236","45.84","98","108","47.57","99.23","111.87","47.01","1012","1181","46.15","418","483","46.39","52","64","44.83","594","698","45.98","33","28","54.10","996","1180","45.77","12","16","42.86","9.37","91.26","1.006","166","390","256","1817","39.34","484","646","618","43.92"
"238","Torey Krug","STL","D","140","2366.5166666667","2349","2488","48.56","1732","1860","48.22","1232","1325","48.18","94","144","39.50","112.31","141.1","44.32","1153","1240","48.18","444","556","44.40","55","84","39.57","709","684","50.90","29","30","49.15","1220","1263","49.13","8","17","32.00","7.63","89.13","0.968","393","443","284","2006","58.05","949","656","621","60.45"
"23","Marc-Edouard Vlasic","S.J","D","162","2361.3","2068","2580","44.49","1496","1809","45.26","1018","1260","44.69","82","134","37.96","99.03","113.79","46.53","1014","1261","44.57","446","499","47.20","43","75","36.44","568","762","42.71","21","44","32.31","1101","1510","42.17","17","15","53.13","8.06","89.37","0.974","147","492","363","2076","28.82","515","748","859","37.48"
"627","Michael Eyssimont","S.J, SEA, T.B, WPG","C","212","2357.6833333333","2400","2100","53.33","1696","1520","52.74","1151","1059","52.08","95","82","53.67","107.53","95.34","53.01","1135","989","53.44","480","382","55.68","48","40","54.55","655","607","51.90","27","31","46.55","1275","1215","51.20","17","11","60.71","8.25","92.26","1.005","343","630","339","1982","50.29","584","834","665","46.76"
"8","Joe Pavelski","DAL","C","164","2341.5","2557","2176","54.02","1824","1557","53.95","1255","1070","53.98","158","96","62.20","130.26","99.06","56.80","1302","954","57.71","542","383","58.59","81","50","61.83","760","571","57.10","47","32","59.49","1282","1177","52.14","22","9","70.97","12.59","91.03","1.036","443","490","302","1761","59.46","862","745","727","54.25"
"1088","Arber Xhekaj","MTL","D","165","2323.6166666667","2120","2388","47.03","1493","1706","46.67","1020","1190","46.15","85","97","46.70","96.82","119.37","44.78","955","1167","45.00","408","484","45.74","40","48","45.45","547","683","44.47","29","41","41.43","1109","1138","49.35","15","8","65.22","8.33","91.85","1.002","245","420","198","1840","55.30","621","675","545","53.26"
"174","Jani Hakanpää","DAL, TOR","D","148","2314.3666666667","2111","2379","47.02","1510","1701","47.03","1085","1192","47.65","119","104","53.36","110.26","97.16","53.16","1039","1111","48.33","422","416","50.36","60","54","52.63","617","695","47.03","34","33","50.75","938","1195","43.98","14","17","45.16","10.97","91.28","1.022","123","448","365","2015","25.20","400","725","811","33.03"
"391","Tony DeAngelo","CAR, NYI, PHI","D","136","2308.8666666667","2508","2437","50.72","1842","1772","50.97","1315","1207","52.14","102","138","42.50","111.92","137.17","44.93","1144","1256","47.67","512","564","47.58","50","68","42.37","632","692","47.73","37","38","49.33","1359","1114","54.95","13","25","34.21","7.76","88.57","0.963","329","452","264","1783","55.48","794","684","614","56.39"
"888","Connor McMichael","WSH","C","168","2306.15","2246","2441","47.92","1601","1713","48.31","1040","1132","47.88","113","111","50.45","117.76","116.55","50.26","1114","1082","50.73","469","447","51.20","63","64","49.61","645","635","50.39","27","35","43.55","1255","1391","47.43","16","9","64.00","10.87","90.19","1.011","423","539","334","1686","55.88","734","704","641","53.38"
"273","Jimmy Vesey","COL, NYR","L","204","2305.6","2087","2263","47.98","1534","1592","49.07","1064","1112","48.90","93","89","51.10","110.55","101.82","52.06","1001","1034","49.19","444","448","49.78","47","42","52.81","557","586","48.73","25","20","55.56","995","1281","43.72","18","27","40.00","8.74","92.00","1.007","243","551","399","1790","37.85","521","781","826","38.68"
"418","Sam Lafferty","BUF, CHI, TOR, VAN","C","209","2301.0666666667","1935","2237","46.38","1363","1636","45.45","937","1101","45.98","73","101","41.95","81.78","104.03","44.01","887","1045","45.91","355","438","44.77","45","60","42.86","532","607","46.71","16","24","40.00","1008","1191","45.84","9","16","36.00","7.79","90.83","0.986","249","507","336","2080","42.56","483","726","683","41.42"
"579","Joshua Mahura","FLA, SEA","D","176","2300.3","2295","2149","51.64","1664","1526","52.16","1168","1028","53.19","100","81","55.25","98.83","91.73","51.86","1055","971","52.07","439","412","51.59","55","39","58.51","616","559","52.43","27","18","60.00","1183","1104","51.73","17","24","41.46","8.56","92.12","1.007","308","485","261","1967","54.13","691","723","558","55.32"
"468","Christian Fischer","ARI, CBJ, DET","R","205","2297.9333333333","1827","2465","42.57","1318","1778","42.57","930","1248","42.70","81","96","45.76","87.71","110.24","44.31","840","1180","41.58","358","461","43.71","51","58","46.79","482","719","40.13","18","23","43.90","946","1322","41.71","10","15","40.00","8.71","92.31","1.010","327","542","377","2011","46.45","585","740","797","42.33"
"692","Ryan Poehling","PHI, PIT","C","198","2297.5833333333","2191","2360","48.14","1602","1558","50.70","1111","1012","52.33","91","116","43.96","103.46","91.75","53.00","998","1058","48.54","436","382","53.30","47","61","43.52","562","676","45.40","24","36","40.00","1200","1350","47.06","16","19","45.71","8.19","88.54","0.967","246","540","399","1952","38.14","492","754","776","38.80"
"355","Valeri Nichushkin","COL","R","150","2297.25","2583","2143","54.66","1839","1592","53.60","1265","1124","52.95","145","109","57.09","120.73","119.66","50.22","1268","1000","55.91","469","451","50.98","64","56","53.33","799","549","59.27","42","30","58.33","1410","1153","55.01","28","13","68.29","11.46","90.30","1.018","466","440","291","1634","61.56","914","721","709","56.32"
"327","Andre Burakovsky","SEA","L","177","2296.6833333333","2287","2323","49.61","1614","1695","48.78","1118","1101","50.38","95","115","45.24","88.55","116.08","43.27","1023","1082","48.60","358","432","45.32","37","54","40.66","665","650","50.57","32","34","48.48","1277","1268","50.18","26","17","60.47","8.50","89.55","0.981","376","462","276","1781","57.67","730","628","629","53.72"
"417","Viktor Arvidsson","EDM, L.A","L, R","162","2296.05","2479","2114","53.97","1852","1495","55.33","1301","1032","55.77","102","99","50.75","120.73","99.47","54.83","1162","1039","52.79","454","398","53.29","41","47","46.59","708","641","52.48","31","34","47.69","1452","1179","55.19","24","15","61.54","7.84","90.41","0.982","375","507","330","1619","53.19","685","669","651","51.27"
"543","Luke Kunin","CBJ, S.J","C","183","2294.3666666667","1920","2795","40.72","1324","1961","40.30","880","1372","39.08","68","134","33.66","86.28","131.91","39.54","854","1333","39.05","357","511","41.13","22","59","27.16","497","822","37.68","26","51","33.77","1126","1595","41.38","17","22","43.59","7.73","90.23","0.980","268","484","329","1819","44.89","590","684","787","42.85"
"746","Eric Robinson","BUF, CAR, CBJ","L","201","2293.5166666667","2272","2250","50.24","1620","1669","49.26","1079","1156","48.28","94","105","47.24","103.07","107.8","48.88","1051","1130","48.19","441","493","47.22","50","45","52.63","610","637","48.92","26","41","38.81","1194","1138","51.20","16","19","45.71","8.71","90.92","0.996","351","559","382","1649","47.89","587","741","763","43.48"
"304","Kyle Burroughs","L.A, S.J, VAN","D","154","2281.9666666667","2054","2350","46.64","1486","1700","46.64","1032","1167","46.93","76","122","38.38","95.02","106.67","47.11","995","1184","45.66","404","460","46.76","33","67","33.00","591","724","44.94","29","35","45.31","1048","1262","45.37","14","20","41.18","7.36","89.55","0.969","177","418","324","1908","35.33","574","635","720","44.36"
"6","Corey Perry","CHI, EDM, T.B","R","216","2273.45","2316","2057","52.96","1666","1510","52.46","1153","1067","51.94","102","116","46.79","107.76","106.84","50.21","1106","939","54.08","475","380","55.56","56","52","51.85","631","559","53.03","21","36","36.84","1354","1141","54.27","24","23","51.06","8.85","89.13","0.980","416","425","240","1783","63.41","738","592","499","59.66"
"491","Mathieu Joseph","OTT, STL","R","188","2271.15","2073","2160","48.97","1473","1526","49.12","1016","1051","49.15","94","103","47.72","89.45","91.65","49.39","968","1006","49.04","368","407","47.48","42","56","42.86","600","599","50.04","37","26","58.73","1066","1176","47.55","13","21","38.24","9.25","90.20","0.995","266","562","306","2058","46.50","500","740","679","42.41"
"424","Dakota Joshua","VAN","C","199","2268.7833333333","1905","2181","46.62","1406","1557","47.45","966","1048","47.96","84","97","46.41","99.54","98.44","50.28","949","996","48.79","434","422","50.70","51","51","50.00","515","574","47.29","19","25","43.18","999","1193","45.57","10","17","37.04","8.70","90.74","0.994","337","619","424","1980","44.28","590","802","796","42.57"
"222","Sean Couturier","PHI","C","153","2264.5","2516","2181","53.57","1771","1458","54.85","1212","978","55.34","120","125","48.98","114.38","102.97","52.62","1123","1026","52.26","471","370","56.00","64","60","51.61","652","656","49.85","32","42","43.24","1547","1264","55.03","21","21","50.00","9.90","87.22","0.971","379","456","353","1637","51.78","788","672","731","51.88"
"199","Nick Cousins","FLA, OTT","C","198","2257.9666666667","2349","2142","52.30","1648","1560","51.37","1189","1092","52.13","88","89","49.72","99.89","102.72","49.30","1067","1022","51.08","438","470","48.24","44","52","45.83","629","552","53.26","29","20","59.18","1246","1121","52.64","14","17","45.16","7.40","91.85","0.993","389","523","302","1902","56.30","643","676","635","50.31"
"535","Ryan Lomberg","CGY, FLA","L","237","2251.7666666667","2181","2175","50.07","1560","1592","49.49","1096","1086","50.23","75","82","47.77","90.47","97.32","48.18","919","997","47.96","406","422","49.03","41","41","50.00","513","575","47.15","17","26","39.53","1162","1160","50.04","17","15","53.13","6.84","92.45","0.993","315","519","298","1991","51.39","553","694","671","45.18"
"265","Oskar Sundqvist","DET, MIN, STL","C","205","2246.05","1775","2311","43.44","1278","1587","44.61","896","1069","45.60","77","94","45.03","82.51","100.14","45.17","791","1062","42.69","327","432","43.08","32","46","41.03","464","630","42.41","26","31","45.61","922","1338","40.80","12","16","42.86","8.59","91.21","0.998","302","484","393","1804","43.45","516","652","757","40.53"
"791","Nils Lundkvist","DAL","D","158","2245.75","2477","2194","53.03","1740","1615","51.86","1198","1109","51.93","100","86","53.76","105.87","97.26","52.12","1193","964","55.31","485","395","55.11","50","48","51.02","708","569","55.44","36","21","63.16","1347","1188","53.14","14","15","48.28","8.35","92.25","1.006","360","464","283","1833","55.99","844","727","652","56.42"
"511","Kevin Stenlund","FLA, UTA, WPG","C","217","2245.4166666667","2052","2085","49.60","1451","1459","49.86","989","995","49.85","73","91","44.51","89.47","93.62","48.87","834","932","47.23","328","411","44.38","27","50","35.06","506","521","49.27","24","27","47.06","1225","1240","49.70","18","13","58.06","7.38","90.85","0.982","336","492","519","1896","39.30","570","660","946","37.60"
"634","Tanner Jeannot","L.A, NSH, T.B","L","198","2245.3833333333","2076","2123","49.44","1486","1518","49.47","995","1082","47.91","75","93","44.64","93.18","93.6","49.89","980","980","50.00","421","377","52.76","44","41","51.76","559","603","48.11","21","34","38.18","1081","1126","48.98","9","16","36.00","7.54","91.40","0.989","279","486","254","1754","52.35","537","675","609","46.86"
"846","Nico Sturm","FLA, S.J","C","199","2242.2166666667","2014","2428","45.34","1450","1729","45.61","994","1181","45.70","80","126","38.83","94.05","113.7","45.27","927","1239","42.80","388","517","42.87","32","67","32.32","539","722","42.74","22","39","36.07","1183","1379","46.17","24","18","57.14","8.05","89.33","0.974","255","497","486","1926","34.41","565","720","944","37.44"
"351","Sean Monahan","CBJ, MTL, WPG","C","162","2241.6166666667","2381","2309","50.77","1716","1668","50.71","1199","1140","51.26","138","123","52.87","117.66","128.44","47.81","1080","1103","49.47","456","489","48.25","69","63","52.27","624","614","50.40","44","30","59.46","1385","1322","51.16","18","20","47.37","11.51","89.21","1.007","424","488","431","1499","49.59","811","712","859","48.56"
"406","Christian Dvorak","MTL","C","176","2235.7","1977","2492","44.24","1351","1758","43.45","918","1159","44.20","88","109","44.67","100.94","122.37","45.20","969","1179","45.11","396","479","45.26","39","57","40.63","573","700","45.01","28","37","43.08","985","1342","42.33","13","12","52.00","9.59","90.60","1.002","302","513","481","1534","38.57","565","744","914","38.20"
"593","Jake Bean","CBJ, CGY","D","150","2230.9333333333","2235","2299","49.29","1528","1652","48.05","1024","1153","47.04","77","89","46.39","88.75","97.88","47.56","976","1039","48.44","366","400","47.78","45","41","52.33","610","639","48.84","17","31","35.42","1258","1292","49.33","15","16","48.39","7.52","92.28","0.998","220","385","238","2018","48.03","659","598","564","53.88"
"31","Erik Johnson","BUF, COL, PHI","D","166","2225.4666666667","2110","2248","48.42","1519","1606","48.61","1088","1123","49.21","85","95","47.22","95.02","98.63","49.07","982","1034","48.71","406","448","47.54","42","46","47.73","576","586","49.57","25","33","43.10","1089","1185","47.89","17","16","51.52","7.81","91.54","0.994","255","439","367","2073","41.00","579","670","712","44.85"
"847","Blake Lizotte","L.A, PIT","C","202","2224.35","2147","2034","51.35","1527","1429","51.66","1071","957","52.81","94","85","52.51","90.53","85.45","51.44","976","960","50.41","391","368","51.52","44","45","49.44","585","592","49.70","31","21","59.62","1210","1175","50.73","18","19","48.65","8.78","91.12","0.999","296","456","384","1909","43.53","535","639","664","44.62"
"33","Trevor Lewis","CGY, L.A","C","224","2220.9666666667","2136","2005","51.58","1535","1380","52.66","1045","951","52.35","70","79","46.98","86.92","81.2","51.70","897","947","48.64","354","369","48.96","34","42","44.74","543","578","48.44","21","21","50.00","1149","1022","52.92","13","16","44.83","6.70","91.69","0.984","327","428","245","2064","57.17","630","647","571","52.46"
"227","Joel Armia","MTL","R","190","2217.4333333333","1976","2314","46.06","1382","1633","45.84","921","1101","45.55","87","105","45.31","97.6","110.37","46.93","907","1095","45.30","358","455","44.03","38","42","47.50","549","640","46.17","29","39","42.65","1024","1261","44.81","16","23","41.03","9.45","90.46","0.999","241","475","326","1669","42.50","476","679","714","40.00"
"168","Tyler Seguin","DAL","C","164","2216.7166666667","2349","2183","51.83","1704","1612","51.39","1179","1130","51.06","135","107","55.79","123.18","103.19","54.42","1199","1055","53.19","468","437","51.71","68","61","52.71","731","618","54.19","35","26","57.38","1185","1125","51.30","24","14","63.16","11.45","90.53","1.020","389","452","324","1683","54.56","785","670","710","52.51"
"663","Urho Vaakanainen","ANA, NYR","D","142","2211.65","1957","2245","46.57","1422","1625","46.67","954","1105","46.33","80","95","45.71","79.36","97.9","44.77","837","1033","44.76","352","437","44.61","41","51","44.57","485","596","44.87","28","27","50.91","1071","1284","45.48","11","17","39.29","8.39","91.40","0.998","154","427","298","1896","34.07","467","634","664","41.29"
"665","Jesper Boqvist","BOS, FLA, N.J","C","195","2210.0833333333","2049","2005","50.54","1438","1475","49.36","970","961","50.23","88","75","53.99","92.8","84.95","52.21","958","903","51.48","393","383","50.64","51","43","54.26","565","520","52.07","25","18","58.14","1133","1179","49.01","11","13","45.83","9.07","92.20","1.013","356","492","267","1991","57.14","605","657","580","51.05"
"111","Calvin de Haan","CAR, COL, NYR, T.B","D","159","2207.65","2207","1893","53.83","1566","1298","54.68","1032","904","53.31","91","99","47.89","98.31","80.27","55.05","1047","858","54.96","408","349","53.90","46","45","50.55","639","509","55.66","28","35","44.44","1074","1009","51.56","14","17","45.16","8.82","89.05","0.979","201","472","255","1927","44.08","473","719","598","44.16"
"1053","Matthew Knies","TOR","L","161","2206.9333333333","2185","2213","49.68","1587","1567","50.32","1083","1047","50.85","125","103","54.82","108.69","111.18","49.43","1079","984","52.30","487","406","54.54","69","51","57.50","592","578","50.60","37","32","53.62","1273","1308","49.32","15","18","45.45","11.54","90.16","1.017","359","502","286","1644","55.66","706","672","622","53.16"
"728","Morgan Barron","WPG","C","224","2206.4666666667","1998","1986","50.15","1452","1391","51.07","982","951","50.80","76","60","55.88","98","84.96","53.57","929","860","51.93","436","397","52.34","44","32","57.89","493","463","51.57","18","18","50.00","976","1102","46.97","13","9","59.09","7.74","93.69","1.014","231","583","349","1865","39.83","397","745","650","37.92"
"623","Vincent Desharnais","EDM, PIT, S.J, VAN","D","165","2205.9","1939","1970","49.60","1374","1389","49.73","951","938","50.34","73","73","50.00","93.38","81.87","53.28","910","889","50.58","398","340","53.93","40","32","55.56","512","549","48.26","20","28","41.67","1070","1127","48.70","12","13","48.00","7.68","92.22","0.999","269","449","293","1829","47.86","614","656","622","49.68"
"954","Ridly Greig","OTT","C","170","2183.5166666667","2100","2220","48.61","1527","1547","49.67","1034","1060","49.38","103","103","50.00","102.67","99.47","50.79","956","1002","48.83","400","408","49.50","58","56","50.88","556","594","48.35","26","29","47.27","1160","1354","46.14","13","17","43.33","9.96","90.28","1.002","360","469","375","1877","48.98","610","646","794","43.45"
"119","Tyson Barrie","CGY, EDM, NSH","D","139","2182.0666666667","2051","2251","47.68","1511","1687","47.25","1092","1196","47.73","88","107","45.13","100.28","117.25","46.10","1023","1076","48.74","445","441","50.23","54","52","50.94","578","635","47.65","24","32","42.86","999","1089","47.84","10","19","34.48","8.06","91.05","0.991","311","386","214","1668","59.24","697","643","589","54.20"
"903","Jordan Spence","L.A","D","156","2176.75","2372","1796","56.91","1694","1259","57.37","1108","852","56.53","107","76","58.47","97.34","77.4","55.71","1095","836","56.71","442","357","55.32","58","34","63.04","653","479","57.69","28","28","50.00","1373","970","58.60","21","12","63.64","9.66","91.08","1.007","288","360","236","1682","54.96","670","609","511","56.73"
"1101","Logan Cooley","ARI, UTA","C","157","2173.65","2150","2195","49.48","1522","1553","49.50","985","1068","47.98","105","111","48.61","100.25","108.92","47.93","1039","1001","50.93","366","415","46.86","52","59","46.85","673","586","53.46","32","25","56.14","1209","1278","48.61","18","21","46.15","10.66","89.61","1.003","334","388","235","1729","58.70","688","549","550","55.57"
"779","Ty Dellandrea","DAL, S.J","C","192","2168.0666666667","1961","2107","48.21","1374","1527","47.36","937","1045","47.28","79","116","40.51","83.79","91.74","47.73","922","987","48.30","360","401","47.31","32","68","32.00","562","586","48.95","24","32","42.86","959","1109","46.37","20","16","55.56","8.43","88.90","0.973","274","450","311","1822","46.84","575","661","667","46.30"
"745","Kiefer Sherwood","NSH, VAN","L","178","2161.65","2103","2059","50.53","1488","1487","50.02","994","1013","49.53","110","90","55.00","90.72","98.29","48.00","921","967","48.78","380","383","49.80","51","36","58.62","541","584","48.09","39","27","59.09","1159","1114","50.99","18","24","42.86","11.07","91.12","1.022","262","533","290","1780","47.46","480","721","618","43.72"
"986","Alex Laferriere","L.A","R","158","2150.0666666667","2237","1968","53.20","1617","1393","53.72","1053","924","53.26","95","85","52.78","101.82","90.33","52.99","1038","887","53.92","410","362","53.11","42","48","46.67","628","525","54.47","36","16","69.23","1307","1115","53.96","14","15","48.28","9.02","90.80","0.998","332","370","259","1655","56.18","648","616","582","52.68"
"756","Isac Lundestrom","ANA","C","186","2149.1166666667","1663","2343","41.51","1180","1664","41.49","825","1132","42.16","67","96","41.10","77.4","100.2","43.58","714","1085","39.69","304","442","40.75","30","49","37.97","410","643","38.94","15","26","36.59","884","1355","39.48","17","19","47.22","8.12","91.52","0.996","239","500","456","1599","34.39","405","655","853","32.19"
"49","Pat Maroon","BOS, CHI, MIN, T.B","L","199","2147.1666666667","1926","2139","47.38","1393","1575","46.93","932","1084","46.23","71","95","42.77","81.94","101.28","44.72","881","1000","46.84","373","417","47.22","36","44","45.00","508","583","46.56","25","33","43.10","1089","1244","46.68","10","17","37.04","7.62","91.24","0.989","270","477","248","1637","52.12","488","663","578","45.78"
"958","Jack Quinn","BUF","R","176","2139","2077","2085","49.90","1519","1619","48.41","1015","1140","47.10","107","125","46.12","104.99","108.95","49.07","1055","1047","50.19","389","444","46.70","42","61","40.78","666","603","52.48","47","36","56.63","1101","1093","50.18","17","22","43.59","10.54","89.04","0.996","467","411","269","1692","63.45","737","553","572","56.30"
"432","Victor Olofsson","BUF, VGK","L","182","2138.85","1976","1933","50.55","1464","1475","49.81","1017","988","50.72","97","97","50.00","92.31","96.44","48.90","915","937","49.41","350","385","47.62","43","45","48.86","565","552","50.58","34","25","57.63","1071","1004","51.61","17","26","39.53","9.54","90.18","0.997","380","431","317","1620","54.52","683","593","574","54.34"
"322","Miles Wood","COL, N.J","L","187","2133.9","2322","2292","50.33","1586","1615","49.55","1097","1119","49.50","86","95","47.51","100.78","106.89","48.53","1047","1077","49.29","445","432","50.74","55","56","49.55","602","645","48.28","16","18","47.06","1256","1314","48.87","13","19","40.63","7.84","91.51","0.993","282","467","359","1857","43.99","494","662","746","39.84"
"239","Luke Glendening","DAL, T.B","C","228","2125.9","1622","2067","43.97","1109","1452","43.30","747","986","43.10","45","73","38.14","66.23","89.63","42.50","714","913","43.88","285","374","43.25","21","39","35.00","429","539","44.32","12","22","35.29","895","1245","41.82","10","11","47.62","6.02","92.60","0.986","292","521","603","1873","32.63","498","724","1007","33.09"
"610","Brandon Duhaime","COL, MIN, WSH","R","213","2122.5","1953","2168","47.39","1365","1496","47.71","912","1003","47.62","78","79","49.68","86.65","86.38","50.08","886","947","48.34","347","364","48.80","42","39","51.85","539","583","48.04","20","24","45.45","990","1351","42.29","14","16","46.67","8.55","92.12","1.007","196","540","512","1731","27.68","380","732","898","29.73"
"470","Tommy Novak","NSH, PIT","C","176","2121.0833333333","2397","2024","54.22","1712","1485","53.55","1196","1054","53.16","109","107","50.46","110.43","108.05","50.55","1212","988","55.09","480","400","54.55","56","44","56.00","732","588","55.45","32","37","46.38","1253","1010","55.37","18","19","48.65","9.11","89.85","0.990","361","357","119","1846","75.21","730","577","352","67.47"
"458","Jordan Greenway","BUF, MIN","L","163","2119.0333333333","1984","2151","47.98","1431","1497","48.87","965","1019","48.64","102","106","49.04","95.28","102.88","48.08","922","974","48.63","380","394","49.10","39","52","42.86","542","580","48.31","34","31","52.31","1059","1201","46.86","23","20","53.49","10.57","89.60","1.002","389","491","359","1478","52.01","644","678","711","47.53"
"981","Luke Evangelista","NSH","R","172","2117.8","2271","1935","53.99","1643","1376","54.42","1154","976","54.18","97","91","51.60","103.03","91.84","52.87","1114","931","54.47","443","371","54.42","53","46","53.54","671","560","54.51","28","26","51.85","1235","1020","54.77","14","17","45.16","8.41","90.68","0.991","351","361","160","1726","68.69","697","551","409","63.02"
"81","Justin Schultz","SEA","D","143","2112.35","2027","1872","51.99","1449","1351","51.75","995","894","52.67","82","97","45.81","84.18","89.21","48.55","938","888","51.37","333","355","48.40","39","46","45.88","605","533","53.16","28","25","52.83","1043","955","52.20","14","20","41.18","8.24","89.15","0.974","326","386","242","1919","57.39","711","604","524","57.57"
"660","Cody Glass","N.J, NSH, PIT","C","178","2108.4166666667","2125","2028","51.17","1494","1456","50.64","1037","996","51.01","89","91","49.44","94.4","93.67","50.19","1013","938","51.92","398","373","51.62","40","40","50.00","615","565","52.12","27","29","48.21","1146","1079","51.51","18","21","46.15","8.58","90.86","0.994","320","439","290","1756","52.46","630","639","606","50.97"
"155","Derek Forbort","BOS, VAN","D","143","2102.9666666667","1755","2141","45.05","1263","1464","46.31","868","994","46.62","85","81","51.20","82.19","85.85","48.91","801","949","45.77","321","352","47.70","49","42","53.85","480","597","44.57","26","24","52.00","897","1207","42.63","6","15","28.57","9.79","91.85","1.016","184","443","369","2059","33.27","404","639","716","36.07"
"836","Egor Zamula","PHI","D","143","2096.1333333333","2008","1924","51.07","1430","1285","52.67","984","881","52.76","86","98","46.74","80.13","80.57","49.86","881","876","50.14","352","348","50.29","45","51","46.88","529","528","50.05","29","31","48.33","1182","1052","52.91","12","15","44.44","8.74","88.88","0.976","234","318","243","1973","49.06","538","516","511","51.29"
"909","Joel Kiviranta","COL, DAL","L","205","2090.3833333333","1923","1906","50.22","1326","1344","49.66","906","886","50.56","69","68","50.36","80.24","78.19","50.65","855","824","50.92","353","349","50.28","28","39","41.79","502","475","51.38","23","15","60.53","961","1089","46.88","14","14","50.00","7.62","92.33","0.999","211","534","345","1992","37.95","399","718","692","36.57"
"48","Kevin Shattenkirk","ANA, BOS","D","136","2081.25","1916","2208","46.46","1411","1605","46.78","1003","1121","47.22","90","108","45.45","88.68","104.14","45.99","913","1040","46.75","391","435","47.34","49","54","47.57","522","605","46.32","28","27","50.91","948","1095","46.40","12","25","32.43","8.97","90.37","0.993","264","368","255","1632","50.87","598","558","603","49.79"
"175","Sam Carrick","ANA, EDM, NYR","C","209","2081.1","1764","2243","44.02","1273","1609","44.17","861","1117","43.53","62","89","41.06","78.34","106.26","42.44","759","1067","41.57","334","475","41.29","37","45","45.12","425","592","41.79","14","31","31.11","915","1246","42.34","10","12","45.45","7.20","92.03","0.992","203","418","488","1731","29.38","392","592","885","30.70"
"1123","Pavel Mintyukov","ANA","D","131","2079.7833333333","1910","2337","44.97","1415","1704","45.37","960","1116","46.24","92","115","44.44","87.78","108.65","44.69","889","1100","44.70","376","465","44.71","54","60","47.37","513","635","44.69","20","42","32.26","1069","1396","43.37","18","11","62.07","9.58","89.70","0.993","258","443","304","1577","45.91","570","621","686","45.38"
"740","Parker Kelly","COL, OTT","C, L","215","2063.9","1920","1944","49.69","1322","1286","50.69","875","905","49.16","57","85","40.14","74.62","75.83","49.60","803","853","48.49","313","337","48.15","28","44","38.89","490","516","48.71","12","24","33.33","1025","1116","47.87","13","17","43.33","6.51","90.61","0.971","215","525","318","2069","40.34","400","711","641","38.42"
"55","Brendan Smith","DAL, N.J","D","155","2061.3","2009","1958","50.64","1454","1413","50.72","996","1004","49.80","88","105","45.60","97.15","88.54","52.32","939","956","49.55","389","375","50.92","49","53","48.04","550","581","48.63","23","35","39.66","1132","1095","50.83","15","17","46.88","8.84","89.54","0.984","224","372","296","1816","43.08","544","569","642","45.87"
"124","Craig Smith","BOS, CHI, DAL, DET, WSH","C","198","2057.7666666667","2023","2034","49.86","1486","1436","50.86","1049","980","51.70","86","87","49.71","91.43","90.39","50.29","914","981","48.23","378","399","48.65","44","50","46.81","536","582","47.94","31","25","55.36","1066","1082","49.63","11","12","47.83","8.20","91.12","0.993","245","500","269","1792","47.67","485","697","590","45.12"
"862","Nils Hoglander","VAN","L","177","2044.1166666667","1971","1872","51.29","1397","1358","50.71","931","927","50.11","104","80","56.52","89.28","83.42","51.70","878","810","52.01","377","322","53.93","63","37","63.00","501","488","50.66","25","27","48.08","1144","1099","51.00","15","12","55.56","11.17","91.37","1.025","331","407","238","1929","58.17","609","582","550","52.55"
"946","Dylan Holloway","EDM, STL","L","166","2024.4166666667","2009","1744","53.53","1402","1256","52.75","1003","852","54.07","97","74","56.73","88.87","77.34","53.47","944","780","54.76","405","298","57.61","43","39","52.44","539","482","52.79","31","18","63.27","1101","978","52.96","23","16","58.97","9.67","91.31","1.010","319","443","235","1560","57.58","572","586","492","53.76"
"146","Evgeny Kuznetsov","CAR, WSH","C","144","2007.5333333333","1870","2053","47.67","1353","1547","46.66","919","1080","45.97","82","110","42.71","85.57","124.94","40.65","912","997","47.77","341","456","42.79","41","56","42.27","571","541","51.35","26","30","46.43","906","968","48.35","13","18","41.94","8.92","89.81","0.987","420","417","209","1401","66.77","730","581","454","61.66"
"881","Henry Thrun","S.J","D","119","2004.9","1669","2270","42.37","1166","1646","41.47","789","1087","42.06","65","114","36.31","69.44","105.17","39.77","731","1058","40.86","281","440","38.97","29","44","39.73","450","618","42.13","25","43","36.76","1024","1360","42.95","11","26","29.73","8.24","89.51","0.978","210","400","287","1537","42.25","574","612","684","45.63"
"166","Taylor Hall","BOS, CAR, CHI","L","148","1997.1","2051","1961","51.12","1455","1437","50.31","995","979","50.41","95","96","49.74","90.57","101.85","47.07","994","977","50.43","373","425","46.74","44","50","46.81","621","552","52.94","32","26","55.17","1098","966","53.20","19","15","55.88","9.55","90.19","0.997","327","396","233","1536","58.39","623","567","553","52.98"
"987","Will Cuylle","NYR","L","167","1997.0333333333","1896","1985","48.85","1365","1414","49.12","940","948","49.79","91","87","51.12","86.87","91.54","48.69","853","921","48.08","341","390","46.65","44","41","51.76","512","531","49.09","30","31","49.18","1113","1110","50.07","14","15","48.28","9.68","90.82","1.005","349","477","215","1626","61.88","573","631","515","52.67"
"401","Andreas Englund","CHI, COL, L.A, NSH","D","164","1988.0833333333","1811","1799","50.17","1311","1305","50.11","908","894","50.39","65","80","44.83","78.85","75.52","51.08","838","825","50.39","324","346","48.36","34","42","44.74","514","479","51.76","19","24","44.19","1000","976","50.61","12","14","46.15","7.16","91.05","0.982","182","372","239","1746","43.23","460","581","532","46.37"
"901","Pavel Dorofeyev","VGK","L","147","1980.7333333333","2060","1864","52.50","1509","1299","53.74","1035","847","54.99","98","79","55.37","96.53","83.37","53.66","966","816","54.21","384","322","54.39","44","35","55.70","582","494","54.09","39","21","65.00","1248","1055","54.19","13","21","38.24","9.47","90.67","1.001","373","319","268","1426","58.19","726","523","509","58.79"
"362","Anthony Mantha","CGY, VGK, WSH","R","154","1975.0166666667","1963","1833","51.71","1417","1287","52.40","977","886","52.44","100","87","53.48","90.98","81.96","52.61","916","832","52.40","390","300","56.52","56","43","56.57","526","532","49.72","29","29","50.00","990","941","51.27","14","15","48.28","10.24","90.18","1.004","279","384","277","1408","50.18","490","521","514","48.80"
"717","Sebastian Aho","NYI","D","129","1974.6333333333","1972","1930","50.54","1438","1391","50.83","1013","960","51.34","82","80","50.62","92.66","89.17","50.96","985","930","51.44","446","376","54.26","52","43","54.74","539","554","49.31","21","21","50.00","977","910","51.78","9","16","36.00","8.09","91.67","0.998","298","377","179","1703","62.47","657","536","386","62.99"
"850","Brett Leason","ANA","R","184","1965.5333333333","1564","2248","41.03","1106","1584","41.12","738","1079","40.62","60","93","39.22","68.17","102.24","40.00","656","1072","37.96","280","448","38.46","31","44","41.33","376","624","37.60","15","26","36.59","823","1232","40.05","12","22","35.29","8.13","91.38","0.995","244","405","332","1627","42.36","421","563","676","38.38"
"1024","Mason Lohrei","BOS","D","118","1964.65","1870","2028","47.97","1283","1438","47.15","849","963","46.85","84","121","40.98","81.36","97.56","45.47","865","954","47.55","344","382","47.38","44","55","44.44","521","572","47.67","25","43","36.76","1135","1086","51.10","15","18","45.45","9.89","87.44","0.973","334","372","211","1551","61.28","704","559","462","60.38"
"978","Jamie Drysdale","ANA, PHI","D","112","1942.0166666667","1894","2059","47.91","1366","1405","49.30","909","930","49.43","73","126","36.68","84.25","97.39","46.38","827","969","46.05","359","360","49.93","37","56","39.78","468","609","43.45","23","42","35.38","1198","1090","52.36","13","24","35.14","8.03","86.45","0.945","273","369","189","1624","59.09","698","549","465","60.02"
"771","Jack Drury","CAR, COL","C","184","1940.5333333333","2254","1493","60.15","1598","1055","60.23","1021","727","58.41","76","68","52.78","93.29","65.37","58.80","925","689","57.31","365","295","55.30","35","34","50.72","560","394","58.70","24","28","46.15","1358","802","62.87","16","4","80.00","7.44","90.65","0.981","344","455","227","1503","60.25","639","621","522","55.04"
"1170","Adam Fantilli","CBJ","C","131","1935.6166666667","1882","2039","48.00","1315","1482","47.01","889","998","47.11","100","114","46.73","81.72","99.58","45.07","803","938","46.12","308","392","44.00","45","53","45.92","495","546","47.55","30","34","46.88","1146","1130","50.35","23","21","52.27","11.25","88.58","0.998","362","391","153","1322","70.29","677","563","427","61.32"
"712","Jacob Bryson","BUF","D","143","1935.5666666667","1703","1847","47.97","1234","1374","47.32","828","951","46.54","72","104","40.91","77.29","85.96","47.35","796","935","45.98","305","383","44.33","34","51","40.00","491","552","47.08","20","37","35.09","868","931","48.25","16","15","51.61","8.70","89.06","0.978","249","453","306","1730","44.86","473","613","552","46.15"
"328","Michael McCarron","NSH","C, R","176","1931.5166666667","1749","1993","46.74","1243","1415","46.76","843","1011","45.47","68","91","42.77","86.28","87.12","49.76","809","911","47.03","381","353","51.91","38","41","48.10","428","558","43.41","16","36","30.77","863","1183","42.18","8","14","36.36","8.07","91.00","0.991","125","505","384","1610","24.56","273","701","796","25.54"
"923","Dmitri Voronkov","CBJ","L","148","1928.5833333333","2100","2022","50.95","1493","1448","50.77","1033","950","52.09","110","94","53.92","103.01","107.71","48.89","960","942","50.47","395","412","48.95","52","39","57.14","565","530","51.60","40","24","62.50","1232","1182","51.04","15","25","37.50","10.65","90.11","1.008","402","448","246","1405","62.04","790","623","540","59.40"
"897","Philip Broberg","EDM, STL","D","126","1919.9333333333","1804","1794","50.14","1296","1280","50.31","902","893","50.25","92","71","56.44","92.1","75.56","54.93","900","832","51.96","380","311","54.99","42","35","54.55","520","521","49.95","34","23","59.65","952","1045","47.67","14","13","51.85","10.20","92.05","1.022","251","380","283","1470","47.00","587","561","604","49.29"
"806","Connor Dewar","MIN, PIT, TOR","C","203","1919.85","1607","1865","46.28","1147","1308","46.72","763","898","45.94","55","75","42.31","68.03","73.17","48.18","700","814","46.24","275","311","46.93","29","35","45.31","425","503","45.80","16","22","42.11","854","1098","43.75","9","17","34.62","7.21","91.65","0.989","161","400","313","1719","33.97","327","547","630","34.17"
"1066","Simon Edvinsson","DET","D","103","1915.2833333333","1737","1900","47.76","1246","1362","47.78","818","890","47.89","87","83","51.18","89.13","84.49","51.34","817","898","47.64","343","354","49.21","45","45","50.00","474","544","46.56","23","29","44.23","977","1126","46.46","16","9","64.00","10.64","90.67","1.013","221","341","257","1463","46.23","518","504","615","45.72"
"1081","Ryker Evans","SEA","D","109","1907.95","1739","1807","49.04","1236","1304","48.66","811","832","49.36","69","85","44.81","68.71","77","47.15","736","791","48.20","265","304","46.57","30","42","41.67","471","487","49.16","23","23","50.00","1075","1075","50.00","15","17","46.88","8.51","89.78","0.983","196","312","203","1326","49.12","540","503","453","54.38"
"9","Mark Giordano","TOR","D","124","1896.1333333333","1949","1784","52.21","1446","1262","53.40","1030","864","54.38","100","68","59.52","104.76","79.54","56.84","1056","857","55.20","458","365","55.65","56","33","62.92","598","492","54.86","25","23","52.08","862","870","49.77","14","12","53.85","9.71","92.13","1.018","185","351","254","1755","42.14","510","540","556","47.84"
"589","Noah Gregor","OTT, S.J, TOR","C, L","172","1881.1333333333","1620","2065","43.96","1183","1471","44.57","776","1010","43.45","51","92","35.66","74.36","92.66","44.52","738","996","42.56","315","393","44.49","24","47","33.80","423","603","41.23","17","32","34.69","877","1135","43.59","8","12","40.00","6.57","90.89","0.975","202","428","283","1741","41.65","379","593","596","38.87"
"527","Steven Lorentz","FLA, S.J, TOR","C","198","1878.35","1613","1790","47.40","1166","1269","47.89","792","874","47.54","52","75","40.94","71.24","75.32","48.61","744","815","47.72","316","334","48.62","23","40","36.51","428","481","47.08","17","24","41.46","842","1020","45.22","10","10","50.00","6.57","91.42","0.980","162","406","272","1865","37.33","332","549","546","37.81"
"319","Anthony Duclair","FLA, NYI, S.J, T.B","L","137","1876.0166666667","1869","2133","46.70","1338","1535","46.57","919","1062","46.39","83","99","45.60","88.66","100.28","46.93","906","1036","46.65","413","426","49.23","48","42","53.33","493","610","44.70","22","36","37.93","1033","1174","46.81","11","19","36.67","9.03","90.68","0.997","309","479","275","1406","52.91","645","618","626","50.75"
"968","Lukas Reichel","CHI","L","158","1874.2833333333","1482","2147","40.84","1096","1573","41.06","790","1086","42.11","60","106","36.14","63.57","104.24","37.88","669","1019","39.63","273","410","39.97","34","49","40.96","396","609","39.40","17","35","32.69","861","1169","42.41","9","13","40.91","7.59","90.24","0.978","245","331","171","1505","58.89","534","510","495","51.90"
"700","Filip Chytil","NYR, VAN","C","140","1874.1166666667","1854","1741","51.57","1346","1303","50.81","946","908","51.02","95","85","52.78","89.67","85.37","51.23","918","849","51.95","375","392","48.89","48","47","50.53","543","457","54.30","28","23","54.90","926","846","52.26","16","12","57.14","10.04","90.64","1.007","260","342","139","1433","65.16","530","510","361","59.48"
"177","Jesper Fast","CAR","R","153","1873.9833333333","2128","1342","61.33","1514","997","60.29","971","700","58.11","69","65","51.49","96.79","64.82","59.89","982","619","61.34","460","284","61.83","42","38","52.50","522","335","60.91","15","16","48.39","1108","683","61.86","10","9","52.63","7.11","90.71","0.978","358","594","305","1244","54.00","649","748","623","51.02"
"1168","Leo Carlsson","ANA","C","131","1873.5166666667","1843","1902","49.21","1334","1374","49.26","900","906","49.83","78","82","48.75","80.99","95.59","45.87","833","891","48.32","316","365","46.40","39","41","48.75","517","526","49.57","26","29","47.27","1044","1135","47.91","13","8","61.90","8.67","90.95","0.996","307","379","237","1294","56.43","565","535","522","51.98"
"307","Tyler Motte","DET, NYR, OTT, T.B","C, L","186","1872.1833333333","1583","1806","46.71","1115","1244","47.27","756","857","46.87","55","75","42.31","70.32","78.58","47.23","715","814","46.76","313","323","49.21","30","37","44.78","402","491","45.02","19","21","47.50","821","949","46.38","4","17","19.05","7.28","91.25","0.985","221","454","253","1590","46.62","368","618","536","40.71"
"1044","Dylan Guenther","ARI, UTA","R","148","1863.1333333333","1928","1847","51.07","1388","1322","51.22","912","907","50.14","86","94","47.78","83.67","94.82","46.88","925","859","51.85","319","343","48.19","42","46","47.73","606","516","54.01","27","23","54.00","1053","997","51.37","15","16","48.39","9.43","89.64","0.991","326","402","200","1565","61.98","609","534","455","57.24"
"792","Jacob Bernard-Docker","BUF, OTT","D","131","1854.9833333333","1714","1827","48.40","1225","1261","49.28","835","838","49.91","77","84","47.83","70.51","76.94","47.82","746","854","46.63","298","338","46.86","36","44","45.00","448","516","46.47","26","22","54.17","966","1037","48.23","14","18","43.75","9.22","89.98","0.992","227","376","210","1661","51.95","529","580","526","50.14"
"795","Calen Addison","MIN, S.J","D","134","1846.45","1706","1900","47.31","1224","1398","46.68","828","988","45.59","62","110","36.05","69.98","94.44","42.56","747","946","44.12","297","390","43.23","38","58","39.58","450","556","44.73","17","32","34.69","982","966","50.41","7","15","31.82","7.49","88.87","0.964","224","291","188","1632","54.37","606","484","484","55.60"
"1164","Zach Benson","BUF","L","146","1839.2333333333","1940","1628","54.37","1373","1194","53.49","930","776","54.51","84","84","50.00","86.48","78.55","52.40","881","766","53.49","344","337","50.51","39","43","47.56","537","429","55.59","30","26","53.57","1140","947","54.62","13","13","50.00","9.03","89.18","0.982","330","399","268","1387","55.18","528","514","480","52.38"
"366","Nathan Walker","STL","L","174","1835.2666666667","1382","1744","44.21","956","1208","44.18","682","825","45.26","61","58","51.26","56.27","74.37","43.07","614","778","44.11","246","318","43.62","30","30","50.00","368","460","44.44","16","15","51.61","722","954","43.08","14","13","51.85","8.94","92.97","1.019","146","506","245","1524","37.34","290","660","505","36.48"
"107","Evander Kane","EDM","L","118","1834.6","1909","1770","51.89","1364","1307","51.07","966","974","49.79","85","92","48.02","96.56","93.46","50.81","953","904","51.32","427","354","54.67","45","48","48.39","526","550","48.88","26","25","50.98","1007","855","54.08","11","15","42.31","8.80","90.55","0.994","304","418","217","1085","58.35","626","582","537","53.83"
"811","Jonatan Berggren","DET","R","154","1823.25","1520","1778","46.09","1129","1282","46.83","752","866","46.48","64","86","42.67","65.83","80.99","44.84","680","813","45.55","267","351","43.20","29","46","38.67","413","462","47.20","23","25","47.92","834","959","46.51","12","13","48.00","8.51","90.07","0.986","281","351","218","1459","56.31","476","499","487","49.43"
"816","Martin Pospisil","CGY","C","144","1820.9166666667","2050","1716","54.43","1428","1234","53.64","961","855","52.92","87","67","56.49","81.37","80.48","50.27","890","825","51.90","319","356","47.26","42","32","56.76","571","469","54.90","25","26","49.02","1318","984","57.25","18","8","69.23","9.05","92.16","1.012","390","439","196","1577","66.55","781","650","478","62.03"
"835","Brayden Pachal","CGY, VGK","D","136","1819.5333333333","1783","1837","49.25","1218","1306","48.26","819","896","47.76","64","63","50.39","73.21","74.33","49.62","783","768","50.48","300","301","49.92","37","35","51.39","483","467","50.84","15","22","40.54","1003","1060","48.62","11","6","64.71","7.81","92.97","1.008","181","308","146","1977","55.35","506","472","396","56.10"
"291","Connor Brown","EDM, WSH","R","157","1814.9333333333","1659","1700","49.39","1174","1203","49.39","805","810","49.85","58","62","48.33","77.29","75.14","50.70","781","761","50.65","345","295","53.91","28","34","45.16","436","466","48.34","18","18","50.00","931","1032","47.43","11","9","55.00","7.20","92.35","0.996","220","424","280","1263","44.00","413","558","530","43.80"
"361","Curtis Lazar","N.J, VAN","C","168","1782.65","1421","1724","45.18","998","1247","44.45","722","849","45.96","62","65","48.82","71.79","74.22","49.17","653","777","45.66","303","327","48.10","39","37","51.32","350","450","43.75","10","23","30.30","771","980","44.03","11","5","68.75","8.59","92.34","1.009","233","458","344","1595","40.38","412","579","612","40.23"
"463","A.J. Greer","BOS, CGY, FLA","L","201","1776.4","1616","1611","50.08","1156","1130","50.57","772","792","49.36","59","55","51.75","77.31","66.61","53.72","768","703","52.21","328","302","52.06","28","28","50.00","440","401","52.32","20","16","55.56","844","912","48.06","11","11","50.00","7.64","93.06","1.007","197","467","232","1640","45.92","317","592","447","41.49"
"367","Joel Hanley","CGY, DAL","D","121","1774.1166666667","1747","1563","52.78","1209","1088","52.63","805","721","52.75","73","55","57.03","71.49","62.34","53.42","782","686","53.27","310","266","53.82","40","23","63.49","472","420","52.91","22","23","48.89","1010","971","50.98","8","9","47.06","9.07","92.37","1.014","211","387","279","1697","43.06","545","567","590","48.02"
"430","Kevin Labanc","CBJ, S.J","R","152","1766.7833333333","1851","1684","52.36","1284","1215","51.38","899","868","50.88","72","109","39.78","80.08","84.08","48.78","877","858","50.55","342","335","50.52","37","48","43.53","535","523","50.57","24","42","36.36","1042","931","52.81","11","19","36.67","8.01","87.44","0.955","238","344","245","1485","49.28","516","506","551","48.36"
"1142","Nick Blankenburg","CBJ, NSH","D","108","1762.0666666667","1703","1821","48.33","1220","1359","47.31","840","940","47.19","80","95","45.71","90.48","86.29","51.18","811","867","48.33","332","352","48.54","40","41","49.38","479","515","48.19","23","36","38.98","886","1009","46.75","14","18","43.75","9.52","89.89","0.994","220","367","271","1429","44.81","554","578","588","48.51"
"303","Dominik Kubalik","DET, OTT","L","155","1761.5","1518","1837","45.25","1109","1294","46.15","788","905","46.54","67","105","38.95","68.05","88.09","43.58","642","890","41.91","254","366","40.97","28","47","37.33","388","524","42.54","22","33","40.00","810","905","47.23","15","21","41.67","8.50","88.40","0.969","277","368","225","1492","55.18","507","500","497","50.50"
"96","Tyler Johnson","BOS, CHI","C","132","1753.4333333333","1427","1895","42.96","1036","1380","42.88","720","981","42.33","56","103","35.22","65.2","99.51","39.59","640","963","39.93","253","389","39.41","34","53","39.08","387","574","40.27","14","25","35.90","791","908","46.56","7","15","31.82","7.78","89.50","0.973","269","323","228","1307","54.12","536","491","557","49.04"
"643","Zach Aston-Reese","CBJ, DET, TOR","C","159","1752.3","1494","1736","46.25","1096","1196","47.82","760","808","48.47","53","74","41.73","74.7","73.34","50.46","736","799","47.95","346","317","52.19","34","32","51.52","390","482","44.72","9","33","21.43","726","936","43.68","9","9","50.00","6.97","90.84","0.978","196","406","286","1476","40.66","358","531","584","38.00"
"651","Conor Timmins","ARI, PIT, TOR","D","120","1751.7333333333","1793","1585","53.08","1303","1134","53.47","880","777","53.11","86","69","55.48","86.46","70.32","55.15","893","736","54.82","383","313","55.03","42","37","53.16","510","423","54.66","22","27","44.90","994","896","52.59","20","5","80.00","9.77","91.12","1.009","245","324","218","1655","52.92","548","505","417","56.79"
"294","Jaycob Megna","CHI, FLA, S.J, SEA","D","106","1730.95","1629","1659","49.54","1146","1210","48.64","812","866","48.39","70","85","45.16","73.58","75.25","49.44","795","834","48.80","311","330","48.52","39","38","50.65","484","504","48.99","20","36","35.71","917","905","50.33","9","11","45.00","8.62","90.18","0.988","174","353","188","1438","48.07","517","544","471","52.33"
"393","Robby Fabbri","ANA, DET","C","140","1725.4833333333","1516","2084","42.11","1087","1530","41.54","746","1023","42.17","68","82","45.33","69","98.41","41.22","680","971","41.19","267","401","39.97","34","43","44.16","413","570","42.01","20","24","45.45","845","1157","42.21","12","10","54.55","9.12","91.98","1.011","237","332","244","1290","49.27","426","464","558","43.29"
"20","Marc Staal","FLA, PHI","D","117","1724.0166666667","1717","1732","49.78","1294","1267","50.53","937","908","50.79","86","78","52.44","90.7","79.67","53.24","854","837","50.50","381","374","50.46","44","45","49.44","473","463","50.53","25","22","53.19","786","834","48.52","15","11","57.69","9.18","91.41","1.006","253","368","250","1511","50.30","525","571","567","48.08"
"142","Calle Jarnkrok","TOR","C","144","1722.75","1595","1690","48.55","1194","1232","49.22","859","814","51.34","91","67","57.59","83.38","80.91","50.75","802","773","50.92","352","333","51.39","48","33","59.26","450","440","50.56","32","20","61.54","806","883","47.72","10","11","47.62","10.59","91.77","1.024","279","368","250","1446","52.74","500","488","555","47.39"
"809","Pontus Holmberg","TOR","R","159","1722.4333333333","1599","1684","48.71","1138","1149","49.76","760","723","51.25","74","58","56.06","69.04","64.86","51.56","724","720","50.14","292","279","51.14","40","32","55.56","432","441","49.48","22","18","55.00","873","967","47.45","9","8","52.94","9.74","91.98","1.017","224","334","181","1552","55.31","414","479","441","48.42"
"488","Daniel Sprong","DET, N.J, SEA, VAN","R","172","1714.8","1658","1629","50.44","1221","1193","50.58","814","830","49.51","92","80","53.49","72.16","73.95","49.39","738","783","48.52","290","311","48.25","50","42","54.35","448","472","48.70","25","26","49.02","872","830","51.23","17","9","65.38","11.30","90.36","1.017","248","306","154","1468","61.69","435","431","383","53.18"
"570","Beck Malenstyn","BUF, WSH","L","166","1714.2833333333","1331","1828","42.13","907","1263","41.80","590","798","42.51","56","74","43.08","55.86","74.53","42.84","587","788","42.69","232","333","41.06","27","44","38.03","355","455","43.83","18","15","54.55","646","1274","33.65","11","15","42.31","9.49","90.73","1.002","114","447","485","1338","19.03","178","562","837","17.54"
"368","Conor Sheary","T.B, WSH","L","144","1714.2166666667","1640","1758","48.26","1191","1241","48.97","815","872","48.31","78","74","51.32","80.12","80.46","49.89","791","835","48.65","338","331","50.52","38","36","51.35","453","504","47.34","27","21","56.25","782","843","48.12","9","15","37.50","9.57","91.51","1.011","304","437","210","1281","59.14","523","550","427","55.05"
"510","Derek Ryan","EDM","C","186","1711.6166666667","1580","1469","51.82","1100","1043","51.33","782","755","50.88","53","56","48.62","72.1","62.65","53.51","749","670","52.78","319","255","55.57","28","26","51.85","430","415","50.89","15","21","41.67","808","838","49.09","9","9","50.00","6.78","92.58","0.994","276","433","373","1453","42.53","452","572","645","41.20"
"641","Justin Danforth","CBJ","R","138","1709.0833333333","1639","1835","47.18","1173","1292","47.59","795","875","47.60","78","96","44.83","80.1","79.49","50.19","777","835","48.20","347","354","49.50","38","38","50.00","430","481","47.20","27","36","42.86","861","1144","42.94","12","22","35.29","9.81","89.03","0.988","254","382","302","1240","45.68","440","526","611","41.86"
"32","Kyle Okposo","BUF, FLA","R","142","1709.05","1604","1493","51.79","1156","1100","51.24","831","782","51.52","57","63","47.50","74.4","73.05","50.46","745","727","50.61","319","321","49.84","30","31","49.18","426","406","51.20","14","23","37.84","819","776","51.35","13","7","65.00","6.86","91.94","0.988","283","417","311","1166","47.64","475","529","554","46.16"
"478","Parker Wotherspoon","BOS, NYI","D","108","1704.7666666667","1519","1673","47.59","1092","1164","48.40","745","749","49.87","62","60","50.82","69.37","71.8","49.14","729","712","50.59","306","297","50.75","34","27","55.74","423","415","50.48","19","23","45.24","764","1026","42.68","8","9","47.06","8.32","91.99","1.003","137","370","246","1438","35.77","333","504","507","39.64"
"184","Colin Blackwell","CHI, DAL","C","160","1699.7333333333","1475","1625","47.58","1018","1155","46.85","705","806","46.66","51","69","42.50","61.66","72.68","45.90","639","783","44.94","255","333","43.37","37","38","49.33","384","450","46.04","8","19","29.63","813","884","47.91","5","12","29.41","7.23","91.44","0.987","183","361","256","1447","41.69","355","509","566","38.55"
"788","Adam Boqvist","CBJ, FLA, NYI","D","116","1698.3166666667","1781","1798","49.76","1300","1347","49.11","871","971","47.29","82","105","43.85","82.11","98.81","45.38","866","876","49.71","350","405","46.36","42","53","44.21","516","471","52.28","30","25","54.55","927","911","50.44","10","20","33.33","9.41","89.19","0.986","297","299","183","1354","61.88","672","490","406","62.34"
"371","Jordan Oesterle","BOS, CGY, DET, NSH","D","111","1697.35","1476","1624","47.61","1058","1157","47.77","718","789","47.64","63","78","44.68","64.25","75.5","45.97","681","802","45.92","271","332","44.94","29","43","40.28","410","470","46.59","21","24","46.67","764","793","49.07","13","10","56.52","8.77","90.11","0.989","202","320","173","1438","53.87","466","486","421","52.54"
"92","Matt Martin","NYI","L","170","1690.2166666667","1344","1637","45.09","997","1131","46.85","683","763","47.23","56","50","52.83","57.57","72.33","44.32","561","753","42.69","248","319","43.74","28","25","52.83","313","434","41.90","15","18","45.45","716","851","45.69","11","7","61.11","8.20","93.45","1.016","192","412","287","1544","40.08","319","535","525","37.80"
"894","Jayden Struble","MTL","D","112","1686.15","1578","1683","48.39","1089","1194","47.70","711","775","47.85","67","69","49.26","70.72","79.84","46.97","729","816","47.18","299","346","46.36","37","39","48.68","430","470","47.78","21","19","52.50","892","846","51.32","8","11","42.11","9.42","91.10","1.005","152","266","132","1372","53.52","416","464","351","54.24"
"1007","Alexander Barabanov","S.J","L","114","1679.6166666667","1596","1698","48.45","1124","1253","47.29","768","869","46.92","73","118","38.22","77.03","96.81","44.31","818","883","48.09","378","338","52.79","43","55","43.88","440","545","44.67","17","43","28.33","912","914","49.95","11","16","40.74","9.51","86.42","0.959","255","379","243","1237","51.20","536","542","536","50.00"
"559","Patrik Laine","CBJ, MTL","L","125","1678.85","1634","1795","47.65","1182","1301","47.60","804","877","47.83","80","107","42.78","73.46","102.51","41.74","773","872","46.99","308","367","45.63","38","55","40.86","465","505","47.94","23","33","41.07","848","833","50.45","18","10","64.29","9.95","87.80","0.977","383","305","177","1138","68.39","614","448","359","63.10"
"97","Mike Hoffman","MTL, S.J","C, L","133","1677.15","1392","1715","44.80","998","1231","44.77","715","874","45.00","59","86","40.69","62.79","94.11","40.02","644","858","42.88","264","372","41.51","28","46","37.84","380","486","43.88","22","19","53.66","730","851","46.17","9","16","36.00","8.25","90.16","0.984","216","346","241","1231","47.26","469","490","524","47.23"
"103","Jakob Silfverberg","ANA","R","162","1676.8833333333","1396","1675","45.46","1029","1251","45.13","724","894","44.75","51","66","43.59","64.7","77.91","45.37","580","782","42.58","267","354","43.00","28","39","41.79","313","428","42.24","8","16","33.33","742","910","44.92","13","10","56.52","7.04","92.62","0.997","240","433","392","1279","37.97","394","578","723","35.27"
"1011","Bobby McMann","TOR","C","140","1675.4333333333","1665","1706","49.39","1228","1209","50.39","839","787","51.60","84","60","58.33","75.37","75.09","50.09","726","799","47.61","293","315","48.19","38","26","59.38","433","484","47.22","34","27","55.74","1007","938","51.77","10","7","58.82","10.01","92.38","1.024","212","332","233","1368","47.64","447","470","518","46.32"
"575","Max Jones","ANA, BOS, EDM","L","147","1674.5333333333","1349","1746","43.59","970","1320","42.36","685","939","42.18","46","85","35.11","58.82","83.99","41.19","643","852","43.01","279","353","44.15","32","44","42.11","364","499","42.18","13","27","32.50","656","880","42.71","1","13","7.14","6.72","90.95","0.977","192","420","244","1372","44.04","381","541","510","42.76"
"871","Bobby Brink","PHI","R","136","1671.9333333333","1492","1562","48.85","1087","1070","50.39","720","715","50.17","77","80","49.04","71.04","73.47","49.16","698","725","49.05","316","287","52.40","43","38","53.09","382","438","46.59","19","25","43.18","815","948","46.23","14","16","46.67","10.69","88.81","0.995","258","388","259","1357","49.90","440","522","511","46.27"
"906","Vasily Podkolzin","EDM, VAN","R","140","1663.7833333333","1725","1456","54.23","1267","1035","55.04","881","742","54.28","61","68","47.29","77.74","63.72","54.95","772","642","54.60","322","246","56.69","25","29","46.30","450","396","53.19","23","27","46.00","979","816","54.54","12","12","50.00","6.92","90.84","0.978","254","349","199","1354","56.07","509","483","412","55.27"
"1107","Lane Hutson","MTL","D","84","1658.6","1708","1632","51.14","1223","1158","51.36","777","731","51.53","84","84","50.00","81.56","87.5","48.24","832","782","51.55","341","335","50.44","40","41","49.38","491","447","52.35","24","23","51.06","1044","818","56.07","19","14","57.58","10.81","88.51","0.993","225","298","111","1144","66.96","611","479","312","66.20"
"1087","Emil Lilleberg","T.B","D","113","1652.0666666667","1451","1471","49.66","1016","1057","49.01","657","721","47.68","59","80","42.45","58.91","66.25","47.07","635","689","47.96","259","285","47.61","27","38","41.54","376","404","48.21","23","27","46.00","850","845","50.15","8","14","36.36","8.98","88.90","0.979","207","320","207","1431","50.00","412","488","440","48.36"
"577","Tyson Jost","BUF, CAR, MIN","C","153","1643.7","1476","1492","49.73","1070","1131","48.61","769","809","48.73","61","83","42.36","69.24","73.85","48.39","760","740","50.67","301","322","48.31","32","40","44.44","459","418","52.34","22","23","48.89","701","761","47.95","6","19","24.00","7.93","89.74","0.977","286","340","218","1209","56.75","467","471","466","50.05"
"249","Tanner Pearson","MTL, VAN, VGK","L","146","1640.0666666667","1482","1754","45.80","1059","1237","46.12","719","803","47.24","57","74","43.51","66.48","84.8","43.95","661","811","44.90","278","357","43.78","28","43","39.44","383","454","45.76","18","22","45.00","831","971","46.12","10","8","55.56","7.93","90.78","0.987","232","402","245","1306","48.64","425","569","494","46.25"
"313","Josh Brown","ARI, EDM","D","129","1637.9833333333","1306","1926","40.41","977","1424","40.69","672","1018","39.76","78","97","44.57","63.72","88.77","41.79","646","964","40.12","266","390","40.55","38","47","44.71","380","574","39.83","24","39","38.10","666","987","40.29","13","11","54.17","11.61","90.47","1.021","224","364","321","1485","41.10","448","522","619","41.99"
"735","Mark Kastelic","BOS, OTT","C","189","1636.4166666667","1399","1621","46.32","990","1090","47.60","673","740","47.63","53","67","44.17","59.62","64.71","47.96","612","745","45.10","257","257","50.00","31","27","53.45","355","488","42.11","9","24","27.27","718","921","43.81","11","15","42.31","7.88","90.95","0.988","170","417","430","1555","28.33","296","548","726","28.96"
"179","John Klingberg","ANA, EDM, MIN, TOR","D","92","1635.85","1521","1783","46.04","1134","1358","45.51","797","1038","43.43","73","98","42.69","70.73","103.35","40.63","764","976","43.91","324","455","41.59","41","60","40.59","440","521","45.79","22","23","48.89","718","736","49.38","10","13","43.48","9.16","90.56","0.997","228","298","186","1175","55.07","553","451","446","55.36"
"12","Blake Wheeler","NYR, WPG","R","126","1630.6333333333","1686","1568","51.81","1222","1183","50.81","812","823","49.66","82","80","50.62","81.74","87.57","48.28","840","761","52.47","335","337","49.85","37","41","47.44","505","424","54.36","29","21","58.00","815","744","52.28","13","13","50.00","10.10","90.28","1.004","391","305","197","1288","66.50","618","427","429","59.03"
"556","Carl Grundstrom","L.A, S.J","R","163","1623.0666666667","1692","1565","51.95","1218","1086","52.86","836","746","52.84","55","83","39.86","71.53","64.54","52.57","755","704","51.75","296","273","52.02","23","35","39.66","459","431","51.57","18","30","37.50","925","906","50.52","14","17","45.16","6.58","88.87","0.955","260","343","188","1325","58.04","446","483","395","53.03"
"854","Kirby Dach","MTL","C","117","1621.8166666667","1483","1627","47.68","1077","1151","48.34","728","812","47.27","66","92","41.77","70.64","92.32","43.35","710","809","46.74","301","340","46.96","31","46","40.26","409","469","46.58","20","27","42.55","738","735","50.10","15","13","53.57","9.07","88.67","0.977","309","312","162","1056","65.61","562","446","374","60.04"
"919","Juuso Parssinen","COL, NSH, NYR","C","137","1613.7333333333","1416","1637","46.38","1002","1178","45.96","688","819","45.65","64","72","47.06","68.6","79.16","46.43","686","780","46.79","294","326","47.42","38","34","52.78","392","454","46.34","15","26","36.59","742","870","46.03","9","12","42.86","9.30","91.21","1.005","230","368","183","1339","55.69","439","524","434","50.29"
"480","Caleb Jones","CHI, COL, L.A","D","104","1613.65","1421","1529","48.17","1050","1115","48.50","753","775","49.28","62","78","44.29","69.26","73.89","48.38","687","800","46.20","305","344","47.00","42","39","51.85","382","456","45.58","16","25","39.02","649","662","49.50","4","12","25.00","8.23","89.94","0.982","177","294","180","1264","49.58","428","457","425","50.18"
"314","Hudson Fasching","NYI","R","137","1603.4833333333","1523","1529","49.90","1069","1089","49.54","731","753","49.26","61","61","50.00","70.3","65.17","51.89","725","662","52.27","341","288","54.21","30","36","45.45","384","374","50.66","21","13","61.76","730","863","45.83","10","11","47.62","8.34","91.90","1.002","179","436","213","1397","45.66","328","547","450","42.16"
"972","Alexander Holtz","N.J, VGK","R","154","1599.3166666667","1477","1560","48.63","1044","1144","47.71","704","766","47.89","56","74","43.08","64.29","74.7","46.25","645","704","47.81","253","302","45.59","31","37","45.59","392","402","49.37","19","22","46.34","916","842","52.10","6","13","31.58","7.95","90.34","0.983","290","292","131","1415","68.88","492","400","350","58.43"
"1112","Kevin Korchinski","CHI","D","92","1597.8166666667","1406","1759","44.42","980","1293","43.11","693","896","43.61","49","90","35.25","58.15","83.59","41.03","636","872","42.18","259","370","41.18","29","51","36.25","377","502","42.89","13","21","38.24","883","936","48.54","7","16","30.43","7.07","89.96","0.970","187","264","145","1269","56.33","507","397","348","59.30"
"342","William Carrier","CAR, VGK","L","138","1587.8166666667","1674","1417","54.16","1199","992","54.72","803","663","54.77","71","53","57.26","83.66","59.36","58.50","812","658","55.24","391","252","60.81","41","26","61.19","421","406","50.91","19","14","57.58","875","761","53.48","8","11","42.11","8.84","92.01","1.008","252","529","279","1230","47.46","409","705","519","44.07"
"995","Wyatt Kaiser","CHI","D","98","1586.95","1343","1589","45.80","966","1175","45.12","672","796","45.78","60","65","48.00","59.91","72.92","45.10","600","794","43.04","239","317","42.99","33","36","47.83","361","477","43.08","19","17","52.78","755","880","46.18","8","12","40.00","8.93","91.83","1.008","137","267","203","1285","40.29","412","441","426","49.16"
"945","Connor Zary","CGY","C","117","1576.1166666667","1721","1525","53.02","1194","1066","52.83","787","721","52.19","68","60","53.13","71.22","71.04","50.06","742","713","51.00","298","285","51.11","39","31","55.71","444","428","50.92","15","17","46.88","1029","836","55.17","13","7","65.00","8.64","91.68","1.003","271","321","150","1254","64.37","556","476","366","60.30"
"886","Philip Tomasino","NSH, PIT","C, R","133","1570.9333333333","1532","1549","49.72","1088","1129","49.08","750","755","49.83","60","70","46.15","69.94","74.82","48.31","756","716","51.36","309","297","50.99","38","36","51.35","447","419","51.62","18","25","41.86","786","826","48.76","3","9","25.00","8.00","90.73","0.987","234","302","151","1271","60.78","446","426","364","55.06"
"295","Liam O'Brien","ARI, UTA","C","159","1556.05","1211","1610","42.93","862","1130","43.27","584","778","42.88","53","58","47.75","53.85","66.41","44.78","552","705","43.91","212","288","42.40","29","28","50.88","340","417","44.91","16","19","45.71","644","926","41.02","7","11","38.89","9.08","92.54","1.016","220","405","251","1415","46.71","385","542","514","42.83"
"648","Kailer Yamamoto","EDM, SEA, UTA","R","129","1553.8","1565","1347","53.74","1127","1008","52.79","810","735","52.43","59","56","51.30","72.86","66.78","52.18","762","634","54.58","309","274","53.00","35","30","53.85","453","360","55.72","17","14","54.84","766","684","52.83","7","10","41.18","7.28","92.38","0.997","235","347","189","1188","55.42","432","452","388","52.68"
"285","Andreas Athanasiou","CHI","C","117","1553.7666666667","1294","1741","42.64","967","1290","42.84","704","929","43.11","60","95","38.71","57.17","92.06","38.31","600","852","41.32","259","357","42.05","40","48","45.45","341","495","40.79","17","22","43.59","618","804","43.46","3","17","15.00","8.52","89.77","0.983","207","282","161","1178","56.25","456","446","446","50.55"
"3","Jeff Carter","PIT","C","151","1551.7","1354","1617","45.57","985","1158","45.96","714","807","46.94","45","66","40.54","66.4","69.81","48.75","626","723","46.40","273","325","45.65","22","39","36.07","353","398","47.00","10","14","41.67","628","909","40.86","10","12","45.45","6.30","91.82","0.981","116","319","515","1304","18.38","244","429","858","22.14"
"1041","Matt Coronato","CGY","R","112","1549.7333333333","1669","1555","51.77","1179","1075","52.31","796","748","51.55","68","74","47.89","70.7","76.45","48.05","723","705","50.63","244","288","45.86","27","36","42.86","479","417","53.46","22","21","51.16","996","1009","49.68","14","14","50.00","8.54","90.11","0.986","231","303","312","1144","42.54","525","443","597","46.79"
"289","Matthew Benning","S.J","D","98","1544.1666666667","1265","1652","43.37","929","1237","42.89","651","863","43.00","56","84","40.00","68.33","80.28","45.98","639","843","43.12","304","328","48.10","38","46","45.24","335","515","39.41","8","31","20.51","646","929","41.02","6","7","46.15","8.60","90.27","0.989","74","294","251","1357","22.77","299","460","622","32.46"
"376","Tomas Nosek","BOS, FLA, N.J","L","161","1541.8166666667","1337","1421","48.48","976","1043","48.34","662","720","47.90","47","49","48.96","63.07","63.13","49.97","621","655","48.67","280","276","50.36","26","27","49.06","341","379","47.36","10","13","43.48","705","765","47.96","10","9","52.63","7.10","93.19","1.003","156","435","302","1371","34.06","248","559","524","32.12"
"691","Josh Norris","BUF, OTT","C","114","1528.55","1566","1570","49.94","1124","1106","50.40","778","744","51.12","66","83","44.30","67.27","74.14","47.57","684","738","48.10","286","295","49.23","36","46","43.90","398","443","47.32","20","18","52.63","961","948","50.34","8","14","36.36","8.48","88.84","0.973","297","446","327","1268","47.60","529","602","593","47.15"
"251","Mark Jankowski","CAR, NSH","C, L","142","1517.8666666667","1516","1407","51.86","1097","994","52.46","775","680","53.26","56","45","55.45","72.01","59.51","54.75","739","630","53.98","305","261","53.89","27","26","50.94","434","369","54.05","13","10","56.52","793","786","50.22","14","8","63.64","7.23","93.38","1.006","207","343","230","1287","47.37","399","482","485","45.14"
"402","Nicolas Aube-Kubel","BUF, NYR, TOR, WSH","R","135","1515.4166666667","1281","1416","47.50","892","1013","46.82","602","655","47.89","51","51","50.00","51.82","59.11","46.72","583","641","47.63","236","267","46.92","28","33","45.90","347","374","48.13","13","8","61.90","603","880","40.66","10","10","50.00","8.47","92.21","1.007","116","358","426","1107","21.40","193","448","699","21.64"
"770","Ty Emberson","EDM, S.J","D","106","1513.4","1327","1502","46.91","942","1049","47.31","655","704","48.20","56","67","45.53","61.49","64.08","48.97","597","691","46.35","243","241","50.21","26","27","49.06","354","450","44.03","11","25","30.56","807","893","47.47","18","14","56.25","8.55","90.48","0.990","131","256","218","1279","37.54","384","392","462","45.39"
"597","Nathan Bastian","N.J","R","156","1508.0666666667","1340","1364","49.56","918","978","48.42","638","656","49.30","47","54","46.53","60.84","58.5","50.98","566","600","48.54","264","236","52.80","29","28","50.88","302","364","45.35","11","17","39.29","780","841","48.12","6","9","40.00","7.37","91.77","0.991","178","343","259","1391","40.73","328","457","511","39.09"
"21","T.J. Oshie","WSH","R","110","1502.4333333333","1380","1599","46.32","960","1156","45.37","647","809","44.44","60","80","42.86","66.13","92.54","41.68","706","738","48.89","298","312","48.85","37","44","45.68","408","426","48.92","19","17","52.78","668","783","46.04","3","13","18.75","9.27","90.11","0.994","325","324","193","1079","62.74","568","459","408","58.20"
"598","Michael McLeod","N.J","C","125","1500.9333333333","1526","1467","50.99","1085","1046","50.92","771","731","51.33","73","61","54.48","70.96","69.17","50.64","682","695","49.53","303","284","51.62","42","35","54.55","379","411","47.97","20","14","58.82","880","847","50.96","8","11","42.11","9.47","91.66","1.011","219","357","401","1173","35.32","384","477","668","36.50"
"807","Declan Chisholm","MIN, WPG","D","97","1491.8666666667","1425","1386","50.69","1032","983","51.22","676","650","50.98","48","59","44.86","59.91","53.87","52.66","622","577","51.88","254","205","55.34","22","26","45.83","368","372","49.73","17","22","43.59","846","876","49.13","7","10","41.18","7.10","90.92","0.980","136","244","173","1174","44.01","396","411","399","49.81"
"890","Nicholas Robertson","TOR","L","140","1489.2","1496","1492","50.07","1113","1029","51.96","756","662","53.31","67","59","53.17","59.92","61.1","49.51","657","665","49.70","251","260","49.12","35","32","52.24","406","405","50.06","22","16","57.89","891","796","52.82","10","10","50.00","8.86","91.09","1.000","245","294","120","1377","67.12","455","426","324","58.41"
"1183","Sam Malinski","COL","D","99","1483.9833333333","1503","1424","51.35","1035","971","51.60","690","653","51.38","66","55","54.55","57.93","63.59","47.67","684","620","52.45","267","256","51.05","33","33","50.00","417","364","53.39","21","15","58.33","812","841","49.12","12","7","63.16","9.57","91.58","1.011","132","272","207","1280","38.94","314","443","449","41.15"
"630","Michael Carcone","ARI, UTA","L","136","1479.95","1493","1540","49.23","1019","1091","48.29","672","718","48.35","70","75","48.28","63.22","70.69","47.21","667","729","47.78","267","300","47.09","32","33","49.23","400","429","48.25","20","31","39.22","880","859","50.60","18","7","72.00","10.42","89.55","1.000","240","325","222","1263","51.95","431","429","433","49.88"
"1075","Olen Zellweger","ANA","D","88","1472.1333333333","1446","1577","47.83","1034","1153","47.28","690","781","46.91","63","64","49.61","59.67","74.21","44.57","633","746","45.90","247","282","46.69","30","30","50.00","386","464","45.41","22","23","48.89","859","904","48.72","11","11","50.00","9.13","91.81","1.009","265","254","185","1054","58.89","514","373","399","56.30"
"22","Andrew Cogliano","COL","C","154","1466.6666666667","1280","1347","48.72","887","955","48.15","649","680","48.83","55","44","55.56","50.82","56.94","47.16","549","587","48.33","226","257","46.79","25","25","50.00","323","330","49.46","19","10","65.52","675","736","47.84","8","9","47.06","8.47","93.53","1.020","139","366","295","1522","32.03","269","504","539","33.29"
"934","Tye Kartye","SEA","L","140","1464.65","1379","1427","49.14","955","1015","48.48","623","669","48.22","49","65","42.98","55.6","57.03","49.36","601","592","50.38","239","238","50.10","21","34","38.18","362","354","50.56","19","21","47.50","807","893","47.47","9","10","47.37","7.87","90.28","0.981","235","296","177","1257","57.04","399","429","404","49.69"
"128","Nicolas Deslauriers","PHI","L","171","1457.5833333333","1204","1426","45.78","879","977","47.36","588","688","46.08","35","63","35.71","47.26","57.56","45.09","512","647","44.18","198","252","44.00","20","33","37.74","314","395","44.29","11","19","36.67","644","692","48.20","4","10","28.57","5.95","90.84","0.968","184","313","124","1381","59.74","326","418","286","53.27"
"1019","Yegor Chinakhov","CBJ","R","113","1455.25","1507","1518","49.82","1098","1105","49.84","756","761","49.84","69","82","45.70","62.7","73.84","45.92","670","704","48.76","243","273","47.09","31","28","52.54","427","431","49.77","24","29","45.28","882","853","50.84","13","19","40.63","9.13","89.22","0.984","280","356","220","982","56.00","511","486","414","55.24"
"564","Dillon Dube","CGY","C","125","1453.7166666667","1524","1349","53.05","1107","991","52.76","764","716","51.62","68","87","43.87","64.16","69.41","48.03","672","699","49.02","251","296","45.89","35","45","43.75","421","403","51.09","19","31","38.00","797","564","58.56","14","9","60.87","8.90","87.85","0.967","245","333","153","1309","61.56","492","462","360","57.75"
"582","Logan Stanley","WPG","D","107","1453.15","1278","1465","46.59","932","1041","47.24","626","713","46.75","51","40","56.04","55.67","61.24","47.62","571","641","47.11","237","261","47.59","32","19","62.75","334","380","46.78","12","10","54.55","684","826","45.30","7","11","38.89","8.15","94.39","1.025","131","297","165","1286","44.26","270","431","375","41.86"
"669","Klim Kostin","DET, EDM, S.J","C","144","1450.7666666667","1256","1467","46.13","901","1065","45.83","629","738","46.01","58","63","47.93","55.78","72.14","43.61","598","731","45.00","238","305","43.83","24","43","35.82","360","426","45.80","26","15","63.41","655","761","46.26","8","4","66.67","9.22","91.46","1.007","233","352","201","1186","53.69","424","462","437","49.25"
"212","Matt Nieto","COL, PIT, S.J","L","135","1449.0333333333","1256","1437","46.64","897","1040","46.31","649","711","47.72","55","72","43.31","58.58","65.13","47.35","621","697","47.12","256","270","48.67","31","33","48.44","365","427","46.09","14","29","32.56","599","822","42.15","9","9","50.00","8.47","89.87","0.983","163","317","333","1226","32.86","294","431","610","32.52"
"1055","Brandt Clarke","L.A","D","103","1435.85","1610","1363","54.15","1182","946","55.55","771","609","55.87","75","68","52.45","72.02","60.17","54.48","696","597","53.83","317","230","57.95","36","33","52.17","379","367","50.80","31","19","62.00","1007","775","56.51","8","13","38.10","9.73","88.83","0.986","259","280","157","1108","62.26","538","442","362","59.78"
"1126","Simon Nemec","N.J","D","87","1433.4833333333","1429","1502","48.75","1002","1076","48.22","684","729","48.41","64","75","46.04","67.3","72.86","48.02","662","695","48.78","271","276","49.54","28","39","41.79","391","419","48.27","24","23","51.06","854","819","51.05","11","12","47.83","9.36","89.71","0.991","183","256","146","1142","55.62","417","377","333","55.60"
"1027","Daniil Miromanov","CGY, VGK","D","82","1414.7333333333","1492","1298","53.48","1000","906","52.47","687","646","51.54","52","56","48.15","61.68","61.55","50.05","648","631","50.66","250","259","49.12","22","27","44.90","398","372","51.69","15","12","55.56","842","736","53.36","13","14","48.15","7.57","91.33","0.989","191","321","232","1198","45.15","456","461","475","48.98"
"4","Zach Parise","COL, NYI","L","112","1407.5833333333","1365","1515","47.40","970","1082","47.27","718","751","48.88","53","54","49.53","68.11","67.96","50.05","696","713","49.40","326","292","52.75","26","28","48.15","370","421","46.78","17","16","51.52","585","729","44.52","8","6","57.14","7.38","92.81","1.002","231","342","273","1137","45.83","372","442","495","42.91"
"167","Ryan Johansen","COL, NSH","C","118","1407.5333333333","1430","1360","51.25","1011","1004","50.17","698","704","49.79","54","70","43.55","63.67","73.21","46.51","658","644","50.54","261","272","48.97","29","33","46.77","397","372","51.63","11","22","33.33","766","698","52.32","12","9","57.14","7.74","90.06","0.978","225","300","226","1079","49.89","476","425","469","50.37"
"920","Zac Jones","NYR","D","93","1404.5666666667","1322","1381","48.91","971","1025","48.65","657","718","47.78","52","54","49.06","59.5","65.74","47.51","599","645","48.15","249","298","45.52","20","30","40.00","350","347","50.22","21","15","58.33","747","715","51.09","11","8","57.89","7.91","92.48","1.004","135","235","107","1145","55.79","331","372","269","55.17"
"676","MacKenzie Entwistle","CHI","R","133","1403.3666666667","1113","1464","43.19","797","1077","42.53","588","796","42.49","36","76","32.14","43.91","66.17","39.89","485","733","39.82","178","287","38.28","18","34","34.62","307","446","40.77","11","19","36.67","568","750","43.10","6","20","23.08","6.12","90.45","0.966","118","274","159","1197","42.60","270","406","397","40.48"
"562","Jesse Puljujarvi","CAR, EDM, FLA, PIT","R","128","1402.2666666667","1461","1260","53.69","1065","928","53.44","732","674","52.06","50","62","44.64","64.79","59.05","52.32","695","607","53.38","279","240","53.76","22","33","40.00","416","367","53.13","13","16","44.83","708","603","54.00","15","12","55.56","6.83","90.80","0.976","219","356","197","1168","52.64","420","453","395","51.53"
"698","Alexandre Texier","CBJ, STL","C","109","1373.9","1390","1508","47.96","964","1110","46.48","646","769","45.65","58","68","46.03","57.32","76.48","42.84","610","734","45.39","217","321","40.33","25","38","39.68","393","413","48.76","17","21","44.74","819","843","49.28","16","9","64.00","8.98","91.16","1.001","207","305","194","1020","51.62","375","411","394","48.76"
"1186","Uvis Balinskis","FLA","D","102","1373.45","1372","1113","55.21","963","828","53.77","643","559","53.49","42","48","46.67","59.11","51.6","53.39","590","494","54.43","238","222","51.74","22","29","43.14","352","272","56.41","11","11","50.00","888","657","57.48","9","8","52.94","6.53","91.41","0.979","210","298","162","1225","56.45","462","445","319","59.15"
"170","Jarred Tinordi","CHI","D","96","1368.6666666667","970","1523","38.91","708","1109","38.97","487","784","38.32","38","85","30.89","44.95","66.06","40.49","435","761","36.37","181","290","38.43","24","42","36.36","254","471","35.03","9","32","21.95","466","795","36.95","4","11","26.67","7.80","89.16","0.970","66","283","234","1187","22.00","207","407","495","29.49"
"388","Sonny Milano","WSH","L","116","1362.2333333333","1238","1279","49.19","899","950","48.62","605","674","47.30","68","71","48.92","59.62","60.83","49.50","640","626","50.55","254","267","48.75","42","33","56.00","386","359","51.81","18","23","43.90","563","611","47.96","8","15","34.78","11.24","89.47","1.007","239","279","134","1079","64.08","411","375","312","56.85"
"479","Ethan Bear","VAN, WSH","D","85","1359.5166666667","1179","1221","49.13","878","880","49.94","632","607","51.01","55","59","48.25","55.9","57.58","49.26","570","623","47.78","257","250","50.69","34","30","53.13","313","373","45.63","10","20","33.33","561","535","51.19","11","9","55.00","8.70","90.28","0.990","151","257","176","1159","46.18","411","398","381","51.89"
"777","Rasmus Kupari","L.A, WPG","C","153","1358.75","1175","1232","48.82","850","856","49.82","585","573","50.52","38","50","43.18","50.19","50.36","49.92","505","547","48.00","216","227","48.76","23","26","46.94","289","320","47.45","11","15","42.31","667","731","47.71","4","9","30.77","6.50","91.27","0.978","197","314","232","1176","45.92","318","411","409","43.74"
"1046","Logan Stankoven","CAR, DAL","C","102","1356.5166666667","1553","1249","55.42","1092","895","54.96","750","597","55.68","71","58","55.04","74.38","60.59","55.11","757","582","56.53","294","251","53.94","34","31","52.31","463","331","58.31","21","18","53.85","886","731","54.79","12","8","60.00","9.47","90.28","0.998","243","285","204","982","54.36","424","398","436","49.30"
"481","Noah Juulsen","VAN","D","101","1350.4833333333","1115","1307","46.04","793","916","46.40","537","608","46.90","45","58","43.69","47.48","54.83","46.41","502","572","46.74","215","243","46.94","27","31","46.55","287","329","46.59","11","15","42.31","625","812","43.49","6","11","35.29","8.38","90.46","0.988","125","278","244","1393","33.88","339","392","489","40.94"
"1022","Nils Aman","VAN","C","130","1350.1333333333","989","1284","43.51","705","930","43.12","485","643","43.00","37","57","39.36","46.49","55.24","45.70","474","590","44.55","223","248","47.35","26","30","46.43","251","342","42.33","7","16","30.43","491","637","43.53","4","9","30.77","7.63","91.14","0.988","146","304","161","1284","47.56","255","417","348","42.29"
"26","Ryan Reaves","MIN, NYR, TOR","R","157","1343.8166666667","1094","1318","45.36","785","923","45.96","530","633","45.57","36","55","39.56","46.1","53.2","46.43","455","585","43.75","192","220","46.60","20","30","40.00","263","365","41.88","8","14","36.36","568","688","45.22","7","11","38.89","6.79","91.31","0.981","127","287","187","1229","40.45","229","397","384","37.36"
"205","Mike Reilly","BOS, FLA, NYI","D","89","1335.45","1443","1310","52.42","1061","933","53.21","717","652","52.37","53","57","48.18","67.54","55.18","55.04","662","580","53.30","289","213","57.57","26","22","54.17","373","367","50.41","19","22","46.34","845","700","54.69","8","11","42.11","7.39","91.26","0.986","233","292","112","1224","67.54","491","424","292","62.71"
"834","Jake Christiansen","CBJ","D","104","1331.1","1159","1471","44.07","829","1049","44.14","569","678","45.63","56","61","47.86","46.94","63.74","42.41","507","681","42.68","194","278","41.10","35","38","47.95","313","403","43.72","15","13","53.57","641","803","44.39","6","10","37.50","9.84","91.00","1.008","123","256","139","1042","46.95","352","381","333","51.39"
"35","Cal Clutterbuck","NYI","R","131","1330.9833333333","1001","1422","41.31","758","937","44.72","512","644","44.29","51","38","57.30","48.12","58.08","45.31","468","626","42.78","201","252","44.37","26","20","56.52","267","374","41.65","15","11","57.69","498","822","37.73","8","7","53.33","9.96","94.10","1.041","151","388","330","1211","31.39","250","494","573","30.38"
"957","Tyler Kleven","OTT","D","96","1325.5666666667","1136","1217","48.28","809","843","48.97","521","577","47.45","39","55","41.49","43.48","53.71","44.73","480","551","46.56","183","223","45.07","16","28","36.36","297","328","47.52","17","18","48.57","696","663","51.21","6","9","40.00","7.49","90.47","0.980","186","295","134","1244","58.13","375","429","309","54.82"
"793","Jakub Lauko","BOS, MIN","C","139","1321.3333333333","948","1370","40.90","677","933","42.05","446","632","41.37","41","56","42.27","38.74","51.38","42.98","412","564","42.21","167","225","42.60","19","29","39.58","245","339","41.95","13","19","40.63","496","852","36.80","8","8","50.00","9.19","91.14","1.003","106","382","222","1149","32.32","177","502","451","28.18"
"312","Jonny Brodzinski","NYR","C","125","1298.1","1189","1299","47.79","855","934","47.79","592","645","47.86","55","49","52.88","49.03","58.45","45.62","519","579","47.27","208","267","43.79","32","27","54.24","311","312","49.92","11","12","47.83","685","765","47.24","12","10","54.55","9.29","92.40","1.017","191","288","192","1114","49.87","335","413","396","45.83"
"280","Brock McGinn","ANA, PIT","L","125","1297.45","1067","1389","43.44","793","969","45.01","568","665","46.07","47","61","43.52","54.04","59.04","47.79","477","631","43.05","210","263","44.40","26","36","41.94","267","368","42.05","13","17","43.33","530","738","41.80","6","8","42.86","8.27","90.83","0.991","146","287","307","1072","32.23","247","389","547","31.11"
"542","Joey Anderson","CHI, TOR","R","111","1283.35","1088","1171","48.16","754","818","47.96","525","584","47.34","47","52","47.47","44.66","50.09","47.13","505","541","48.28","188","230","44.98","31","27","53.45","317","311","50.48","10","11","47.62","553","684","44.70","5","14","26.32","8.95","91.10","1.000","148","304","213","1030","41.00","276","417","434","38.87"
"431","Sammy Blais","NYR, STL","L","124","1277.2333333333","1018","1248","44.92","709","905","43.93","500","630","44.25","43","46","48.31","39.65","57.49","40.82","459","607","43.06","182","257","41.46","26","26","50.00","277","350","44.18","12","12","50.00","505","617","45.01","5","8","38.46","8.60","92.70","1.013","173","260","149","1031","53.73","336","367","305","52.42"
"381","Haydn Fleury","T.B, WPG","D","92","1271.9","1105","1272","46.49","782","911","46.19","496","618","44.52","36","53","40.45","44.48","53.39","45.45","509","571","47.13","200","219","47.73","19","23","45.24","309","352","46.75","10","20","33.33","598","752","44.30","7","10","41.18","7.26","91.42","0.987","116","284","173","1112","40.14","268","399","383","41.17"
"713","Emil Bemstrom","CBJ, PIT","C, R","125","1258.75","1205","1264","48.81","858","897","48.89","606","634","48.87","48","62","43.64","49.3","54.41","47.54","540","593","47.66","202","227","47.09","22","33","40.00","338","366","48.01","14","21","40.00","649","632","50.66","12","8","60.00","7.92","90.22","0.981","219","260","163","997","57.33","393","362","325","54.74"
"190","Travis Boyd","ARI, MIN","C","101","1254.6666666667","974","1330","42.27","725","1005","41.91","499","722","40.87","56","80","41.18","49.38","72.05","40.67","501","690","42.07","199","300","39.88","24","47","33.80","302","390","43.64","18","24","42.86","426","577","42.47","12","7","63.16","11.22","88.92","1.001","190","256","207","1083","47.86","340","369","414","45.09"
"13","Alex Goligoski","MIN","D","82","1243.95","1204","1173","50.65","886","851","51.01","631","640","49.65","45","63","41.67","51.5","53.44","49.07","536","560","48.91","213","244","46.61","26","35","42.62","323","316","50.55","14","17","45.16","608","596","50.50","5","11","31.25","7.13","90.16","0.973","107","210","126","1000","45.92","351","345","330","51.54"
"761","Filip Zadina","DET, S.J","R","102","1231.85","1120","1408","44.30","796","1013","44.00","551","702","43.97","32","77","29.36","49.16","63.77","43.53","524","690","43.16","220","268","45.08","15","37","28.85","304","422","41.87","13","25","34.21","591","767","43.52","4","13","23.53","5.81","89.03","0.948","118","229","157","1002","42.91","301","331","361","45.47"
"823","Scott Perunovich","NYI, STL","D","89","1225.55","1131","1152","49.54","831","847","49.52","600","565","51.50","61","63","49.19","49.12","55.01","47.17","520","549","48.64","209","239","46.65","29","30","49.15","311","310","50.08","28","19","59.57","708","620","53.31","4","13","23.53","10.17","88.85","0.990","190","220","92","1034","67.38","406","313","232","63.64"
"584","Boris Katchouk","CHI, OTT","L","117","1225.3","1104","1218","47.55","785","870","47.43","541","622","46.52","36","55","39.56","46.58","53.76","46.42","507","596","45.97","203","249","44.91","22","28","44.00","304","347","46.70","8","14","36.36","550","608","47.50","5","13","27.78","6.65","91.16","0.978","119","222","147","1097","44.74","249","331","356","41.16"
"292","Ben Hutton","VGK","D","83","1221.5333333333","1177","1165","50.26","852","824","50.84","630","548","53.48","52","40","56.52","51.22","45.83","52.78","542","486","52.72","212","193","52.35","27","20","57.45","330","293","52.97","17","10","62.96","659","642","50.65","7","10","41.18","8.25","92.70","1.010","205","242","110","936","65.08","396","343","245","61.78"
"873","John Beecher","BOS","C","130","1218.2833333333","877","1293","40.41","633","857","42.48","409","570","41.78","37","53","41.11","37.76","49.07","43.48","358","545","39.65","152","215","41.42","17","22","43.59","206","330","38.43","12","19","38.71","446","917","32.72","5","12","29.41","9.05","90.70","0.997","70","334","446","994","13.57","136","441","700","16.27"
"301","Chad Ruhwedel","NYR, PIT","D","104","1215.25","1144","1181","49.20","821","848","49.19","598","599","49.96","41","50","45.05","52.34","51.61","50.35","520","536","49.24","236","233","50.32","21","28","42.86","284","303","48.38","14","11","56.00","548","625","46.72","6","11","35.29","6.86","91.65","0.985","104","196","172","1207","37.68","260","308","385","40.31"
"877","Arthur Kaliyev","L.A, NYR","R","121","1214.35","1299","1079","54.63","984","777","55.88","676","535","55.82","54","54","50.00","59.75","50.53","54.18","614","532","53.58","256","225","53.22","33","25","56.90","358","307","53.83","14","14","50.00","779","566","57.92","7","12","36.84","7.99","89.91","0.979","242","248","129","1014","65.23","400","351","281","58.74"
"52","Logan Couture","S.J","C","88","1213.75","1146","1248","47.87","840","908","48.05","581","622","48.30","66","87","43.14","66.29","70.78","48.36","638","646","49.69","289","244","54.22","33","40","45.21","349","402","46.47","17","28","37.78","608","698","46.55","11","16","40.74","11.36","86.01","0.974","204","305","218","947","48.34","422","452","474","47.10"
"606","Nikita Zaitsev","CHI, OTT","D","84","1213.5666666667","1006","1391","41.97","718","1015","41.43","489","733","40.02","40","57","41.24","43.59","58.68","42.62","475","684","40.98","189","244","43.65","21","32","39.62","286","440","39.39","12","13","48.00","525","673","43.82","6","12","33.33","8.18","92.22","1.004","150","249","143","1057","51.19","365","360","351","50.98"
"45","Nick Bonino","NYR, PIT, S.J","C","107","1206.1666666667","964","1348","41.70","725","880","45.17","521","588","46.98","43","57","43.00","49.85","58.37","46.06","484","626","43.60","190","247","43.48","18","26","40.91","294","379","43.68","13","21","38.24","520","810","39.10","9","9","50.00","8.25","90.31","0.986","153","239","240","1071","38.93","304","333","498","37.91"
"93","Cameron Atkinson","PHI, T.B","R","109","1201.0833333333","1198","1245","49.04","874","863","50.32","612","573","51.65","47","71","39.83","49.73","62.59","44.28","527","550","48.93","224","227","49.67","32","41","43.84","303","323","48.40","9","17","34.62","731","719","50.41","6","12","33.33","7.68","87.61","0.953","229","262","137","990","62.57","407","373","323","55.75"
"810","Tyler Tucker","STL","D","90","1198.5166666667","985","1082","47.65","706","766","47.96","491","544","47.44","46","52","46.94","41.74","48.19","46.41","487","505","49.09","190","216","46.80","25","35","41.67","297","289","50.68","13","13","50.00","484","557","46.49","8","4","66.67","9.37","90.44","0.998","135","255","119","1113","53.15","292","362","277","51.32"
"708","Gustav Lindstrom","ANA, DET, MTL","D","82","1197.55","940","1161","44.74","674","844","44.40","475","583","44.90","44","48","47.83","40.74","53.32","43.31","431","556","43.67","185","249","42.63","29","32","47.54","246","307","44.48","5","14","26.32","500","599","45.50","10","2","83.33","9.26","91.77","1.010","146","249","140","983","51.05","298","369","331","47.38"
"857","Kaedan Korczak","VGK","D","76","1176.9","1123","1112","50.25","811","767","51.39","560","483","53.69","59","35","62.77","52.21","41.67","55.62","538","473","53.21","217","177","55.08","27","19","58.70","321","296","52.03","27","14","65.85","610","651","48.37","5","2","71.43","10.54","92.75","1.033","156","273","153","895","50.49","319","375","321","49.84"
"464","Jansen Harkins","ANA, PIT, WPG","C","129","1172.5","1009","1152","46.69","699","800","46.63","474","519","47.73","29","42","40.85","39.52","45.33","46.57","434","483","47.33","172","200","46.24","17","22","43.59","262","283","48.07","5","15","25.00","497","737","40.28","6","5","54.55","6.12","91.91","0.980","97","286","258","989","27.32","146","372","464","23.93"
"618","Michael Pezzetta","MTL","L","149","1168.35","931","1188","43.94","651","807","44.65","460","563","44.97","50","52","49.02","38.34","48.78","44.00","404","565","41.69","166","211","44.03","24","27","47.06","238","354","40.20","20","16","55.56","477","581","45.09","6","9","40.00","10.87","90.76","1.016","132","248","134","1073","49.62","221","349","292","43.08"
"246","Phillip Di Giuseppe","VAN","L","101","1168.0333333333","1052","1115","48.55","748","822","47.64","517","557","48.14","46","51","47.42","49.41","52.84","48.32","487","532","47.79","198","226","46.70","25","30","45.45","289","306","48.57","11","13","45.83","575","590","49.36","8","7","53.33","8.90","90.84","0.997","158","268","168","1055","48.47","297","346","320","48.14"
"1196","Macklin Celebrini","S.J","C","70","1153.1166666667","1212","1199","50.27","866","838","50.82","584","561","51.00","52","77","40.31","52.58","68.58","43.40","570","555","50.67","213","225","48.63","24","28","46.15","357","330","51.97","17","28","37.78","711","665","51.67","10","14","41.67","8.90","86.27","0.952","143","201","142","775","50.18","390","317","331","54.09"
"763","Alexander Alexeyev","WSH","D","79","1125.5166666667","944","1110","45.96","691","768","47.36","473","535","46.92","42","50","45.65","42.34","44.69","48.65","444","481","48.00","186","202","47.94","28","26","51.85","258","279","48.04","10","16","38.46","505","606","45.45","4","8","33.33","8.88","90.65","0.995","69","183","157","998","30.53","250","288","344","42.09"
"748","Oliver Wahlstrom","BOS, NYI","R","110","1113.4","997","1207","45.24","698","844","45.27","487","563","46.38","39","43","47.56","42.49","54.72","43.71","459","565","44.82","188","227","45.30","26","23","53.06","271","338","44.50","8","10","44.44","562","625","47.35","5","8","38.46","8.01","92.36","1.004","207","235","111","1049","65.09","356","311","235","60.24"
"1136","Shane Wright","SEA","C","95","1113.0166666667","1104","1180","48.34","797","848","48.45","517","542","48.82","64","54","54.24","47.56","57.49","45.28","484","521","48.16","198","203","49.38","28","22","56.00","286","318","47.35","25","14","64.10","657","671","49.47","10","15","40.00","12.38","90.04","1.024","190","219","139","887","57.75","373","332","301","55.34"
"1057","Zack Bolduc","STL","C, R","97","1110.2166666667","958","984","49.33","679","693","49.49","468","443","51.37","54","34","61.36","37.79","38.88","49.29","443","425","51.04","163","179","47.66","25","18","58.14","280","246","53.23","18","11","62.07","543","579","48.40","11","5","68.75","11.54","92.33","1.039","166","218","101","974","62.17","265","303","248","51.66"
"1191","Matvei Michkov","PHI","R","80","1107.8833333333","1158","1165","49.85","851","778","52.24","574","531","51.95","62","75","45.26","57.01","55.97","50.46","536","542","49.72","215","198","52.06","37","33","52.86","321","344","48.27","13","27","32.50","741","606","55.01","11","12","47.83","10.80","85.88","0.967","237","196","89","873","72.70","423","296","235","64.29"
"839","Kyle MacLean","NYI","C","113","1099.1","833","1048","44.28","603","720","45.58","418","482","46.44","31","41","43.06","33.83","42.93","44.08","346","448","43.58","151","184","45.07","18","26","40.91","195","264","42.48","7","10","41.18","486","635","43.35","5","5","50.00","7.42","91.49","0.989","191","246","136","951","58.41","302","335","293","50.76"
"456","Travis Dermott","ARI, EDM, MIN, VAN","D","80","1095.3166666667","923","1143","44.68","661","855","43.60","460","568","44.75","32","54","37.21","43.23","49.78","46.48","443","535","45.30","170","223","43.26","11","23","32.35","273","312","46.67","12","22","35.29","495","696","41.56","7","9","43.75","6.96","90.49","0.974","115","235","187","986","38.08","284","345","377","42.97"
"62","Max Pacioretty","CAR, TOR, WSH","L","89","1087.65","1070","1134","48.55","777","794","49.46","520","511","50.44","44","59","42.72","50.13","58.02","46.35","503","512","49.56","221","216","50.57","30","29","50.85","282","296","48.79","11","19","36.67","597","635","48.46","2","8","20.00","8.46","88.45","0.969","175","229","118","944","59.73","326","330","279","53.88"
"148","Patrik Nemeth","ARI","D","75","1086.3","812","1163","41.11","586","884","39.86","425","611","41.02","31","40","43.66","36.86","51.47","41.73","397","576","40.80","153","232","39.74","15","19","44.12","244","344","41.50","8","14","36.36","372","522","41.61","6","7","46.15","7.29","93.45","1.007","106","252","180","915","37.06","222","338","364","37.88"
"1110","Marco Kasper","DET","C","78","1072.6","1051","1074","49.46","760","773","49.58","516","503","50.64","43","40","51.81","53.4","47.91","52.71","455","477","48.82","192","204","48.48","22","17","56.41","263","273","49.07","15","10","60.00","634","674","48.47","6","12","33.33","8.33","92.05","1.004","172","247","146","819","54.09","318","323","332","48.92"
"364","Ross Johnston","ANA, NYI","L","127","1051.4","758","1092","40.97","529","779","40.44","342","499","40.67","20","35","36.36","27.75","45.89","37.68","307","476","39.21","127","199","38.96","16","19","45.71","180","277","39.39","3","8","27.27","414","643","39.17","1","8","11.11","5.85","92.99","0.988","147","238","136","961","51.94","204","310","277","42.41"
"942","Mitchell Chaffee","T.B","R","96","1048.4833333333","847","1023","45.29","591","732","44.67","377","500","42.99","38","37","50.67","31.68","49.17","39.19","370","487","43.17","149","209","41.62","19","21","47.50","221","278","44.29","14","10","58.33","500","586","46.04","5","6","45.45","10.08","92.60","1.027","182","279","139","817","56.70","271","358","300","47.46"
"85","Marco Scandella","STL","D","85","1047.9666666667","827","1107","42.76","603","824","42.26","450","579","43.73","46","42","52.27","37.93","53.44","41.52","383","537","41.63","149","241","38.21","23","22","51.11","234","296","44.15","14","12","53.85","440","575","43.35","8","8","50.00","10.22","92.75","1.030","114","226","152","1024","42.86","222","325","284","43.87"
"270","Devin Shore","EDM, MIN, SEA","C","123","1038.8666666667","895","1088","45.13","640","756","45.85","427","520","45.09","29","28","50.88","38.95","45.7","46.01","421","481","46.67","173","197","46.76","18","16","52.94","248","284","46.62","7","9","43.75","449","589","43.26","4","3","57.14","6.79","94.62","1.014","150","233","132","902","53.19","255","315","294","46.45"
"1103","Cutter Gauthier","ANA","L","83","1038.85","1040","1208","46.26","759","877","46.39","484","573","45.79","56","44","56.00","44.76","55.15","44.80","476","548","46.48","173","223","43.69","25","22","53.19","303","325","48.25","19","15","55.88","588","733","44.51","12","5","70.59","11.57","92.32","1.039","175","207","160","763","52.24","314","279","353","47.08"
"1203","Maxim Tsyplakov","NYI","R","77","1033.3833333333","1069","997","51.74","771","697","52.52","498","444","52.87","48","43","52.75","51.35","42.61","54.65","489","438","52.75","208","188","52.53","26","19","57.78","281","250","52.92","14","10","58.33","606","571","51.49","7","13","35.00","9.64","90.32","1.000","153","201","129","810","54.26","318","290","275","53.63"
"814","David Gustafsson","WPG","C","121","1032.7833333333","905","922","49.53","666","652","50.53","459","434","51.40","39","27","59.09","39.7","36.4","52.17","369","385","48.94","167","163","50.61","24","14","63.16","202","222","47.64","9","9","50.00","487","523","48.22","4","4","50.00","8.50","93.78","1.023","110","246","189","919","36.79","175","309","339","34.05"
"1025","Matthew Kessel","STL","D","70","1026.5166666667","893","964","48.09","623","684","47.67","420","459","47.78","34","38","47.22","38.18","43.24","46.90","416","469","47.01","157","201","43.85","16","21","43.24","259","268","49.15","12","13","48.00","476","523","47.65","5","4","55.56","8.10","91.72","0.998","105","205","104","912","50.24","254","288","260","49.42"
"1177","Will Smith","S.J","C","74","1020.0166666667","1012","1090","48.14","729","796","47.80","492","514","48.91","48","61","44.04","42.57","58.71","42.03","478","507","48.53","181","194","48.27","15","20","42.86","297","313","48.69","22","24","47.83","582","622","48.34","11","12","47.83","9.76","88.13","0.979","136","173","118","759","53.54","335","273","287","53.86"
"604","Jacob MacDonald","COL, S.J","D","92","1012.2666666667","934","995","48.42","678","741","47.78","476","533","47.18","23","49","31.94","40.79","46.24","46.87","439","477","47.93","188","190","49.74","12","28","30.00","251","287","46.65","8","17","32.00","525","546","49.02","3","3","50.00","4.83","90.81","0.956","87","172","115","903","43.07","238","263","297","44.49"
"14","David Krejci","BOS","C","70","1009.1833333333","908","1012","47.29","687","757","47.58","514","558","47.95","67","40","62.62","46.78","50.79","47.95","489","541","47.48","178","214","45.41","28","20","58.33","311","327","48.75","23","14","62.16","388","419","48.08","14","4","77.78","13.04","92.83","1.059","197","146","115","786","63.14","353","203","249","58.64"
"631","Justin Brazeau","BOS, MIN","R","95","1008.9333333333","921","995","48.07","653","703","48.16","422","441","48.90","34","36","48.57","42.25","42.92","49.60","441","416","51.46","179","171","51.14","18","17","51.43","262","245","51.68","11","14","44.00","488","607","44.57","5","3","62.50","8.06","91.84","0.999","125","232","140","920","47.17","228","309","283","44.62"
"833","Reese Johnson","CHI, MIN","C","102","993.78333333333","778","1032","42.98","565","744","43.16","398","528","42.98","25","60","29.41","31.38","44.1","41.57","327","524","38.43","126","214","37.06","11","31","26.19","201","310","39.33","10","16","38.46","405","507","44.41","4","13","23.53","6.28","88.64","0.949","75","178","99","885","43.10","137","265","268","33.83"
"498","Denis Gurianov","DAL, MTL, NSH, PHI","R","84","993.3","914","1015","47.38","643","744","46.36","444","510","46.54","33","37","47.14","34.75","44.66","43.76","401","473","45.88","148","199","42.65","14","20","41.18","253","274","48.01","12","10","54.55","459","509","47.42","6","6","50.00","7.43","92.75","1.002","127","239","133","821","48.85","266","344","293","47.58"
"996","Marat Khusnutdinov","BOS, MIN","C","91","975.41666666667","755","994","43.17","544","694","43.94","361","444","44.84","19","36","34.55","25.71","38.58","39.99","289","409","41.40","104","164","38.81","9","18","33.33","185","245","43.02","4","10","28.57","482","653","42.47","6","8","42.86","5.26","91.89","0.972","100","181","125","789","44.44","207","274","282","42.33"
"822","Jesse Ylonen","MTL","R","96","973.61666666667","746","1095","40.52","533","746","41.67","386","502","43.47","35","42","45.45","32.88","47.43","40.94","310","526","37.08","131","217","37.64","22","22","50.00","179","309","36.68","13","14","48.15","407","541","42.93","0","5","0.00","9.07","91.63","1.007","110","206","139","812","44.18","211","285","284","42.63"
"820","Cole Koepke","BOS, T.B","L","99","973.18333333333","771","941","45.04","552","646","46.08","344","415","45.32","32","36","47.06","35.65","37.49","48.74","323","423","43.30","134","147","47.69","17","15","53.13","189","276","40.65","9","14","39.13","439","577","43.21","5","7","41.67","9.30","91.33","1.006","98","273","168","865","36.84","188","354","350","34.94"
"375","Pierre-Edouard Bellemare","SEA, T.B","L","113","971.5","827","833","49.82","605","620","49.39","390","444","46.76","30","38","44.12","34.87","37.56","48.15","374","390","48.95","160","157","50.47","14","20","41.18","214","233","47.87","11","14","44.00","492","499","49.65","5","4","55.56","7.69","91.44","0.991","121","215","145","869","45.49","215","292","266","44.70"
"827","Tim Berni","CBJ","D","59","970.75","846","1013","45.51","622","749","45.37","446","524","45.98","31","56","35.63","38.95","47.96","44.81","434","518","45.59","174","207","45.67","18","30","37.50","260","311","45.53","8","20","28.57","351","437","44.54","5","6","45.45","6.95","89.31","0.963","112","223","150","731","42.75","246","322","317","43.69"
"904","Albert Johansson","DET","D","61","967.26666666667","852","932","47.76","599","650","47.96","381","422","47.45","30","41","42.25","38.59","43.07","47.25","369","458","44.62","148","192","43.53","19","21","47.50","221","266","45.38","7","14","33.33","539","538","50.05","4","6","40.00","7.87","90.28","0.982","124","185","129","801","49.01","306","264","272","52.94"
"640","Zack MacEwen","L.A, OTT, PHI","C, R","107","966.63333333333","875","960","47.68","610","662","47.96","433","464","48.27","28","43","39.44","34.59","40.59","46.01","374","447","45.55","157","186","45.77","14","22","38.89","217","261","45.40","10","12","45.45","456","467","49.40","4","8","33.33","6.47","90.73","0.972","156","188","105","952","59.77","253","273","239","51.42"
"7","Patrice Bergeron","BOS","C","78","954.45","1155","796","59.20","869","606","58.92","640","432","59.70","64","27","70.33","64.13","37.7","62.98","622","378","62.20","259","149","63.48","34","12","73.91","363","229","61.32","18","9","66.67","486","369","56.84","7","2","77.78","10.00","93.75","1.038","331","201","247","716","57.27","561","252","412","57.66"
"501","Dennis Gilbert","BUF, CGY, OTT","D","86","953.41666666667","908","896","50.33","628","625","50.12","412","427","49.11","34","46","42.50","36.02","38.24","48.50","417","439","48.71","160","174","47.90","18","25","41.86","257","265","49.23","11","16","40.74","494","453","52.16","5","5","50.00","8.25","89.23","0.975","124","171","90","1046","57.94","256","246","211","54.82"
"58","Robert Bortuzzo","NYI, STL, UTA","D","87","951.88333333333","764","980","43.81","577","668","46.35","396","472","45.62","39","34","53.42","36.62","42.17","46.48","390","442","46.88","164","192","46.07","23","16","58.97","226","250","47.48","11","13","45.83","428","521","45.10","5","5","50.00","9.85","92.80","1.026","141","221","127","1102","52.61","274","313","255","51.80"
"1077","Jackson Blake","CAR","R","81","951.6","1130","712","61.35","783","512","60.46","515","324","61.38","41","31","56.94","49.54","34.25","59.13","527","325","61.85","210","143","59.49","25","15","62.50","317","182","63.53","11","9","55.00","676","395","63.12","4","7","36.36","7.96","90.43","0.984","203","188","97","683","67.67","359","285","229","61.05"
"859","Alex Turcotte","L.A","C","92","951.6","987","858","53.50","701","596","54.05","447","396","53.02","43","32","57.33","41.16","32.19","56.12","446","382","53.86","185","144","56.23","21","13","61.76","261","238","52.30","18","10","64.29","557","485","53.45","3","8","27.27","9.62","91.92","1.015","126","222","118","810","51.64","261","323","271","49.06"
"829","Rafael Harvey-Pinard","MTL","L","80","949.66666666667","794","1016","43.87","541","710","43.25","387","501","43.58","45","43","51.14","39.22","45.66","46.21","390","458","45.99","157","180","46.59","22","20","52.38","233","278","45.60","18","14","56.25","370","542","40.57","5","8","38.46","11.63","91.42","1.030","125","189","129","703","49.21","222","278","267","45.40"
"538","Kevin Rooney","CGY","C","120","946.96666666667","849","960","46.93","587","660","47.07","396","443","47.20","32","45","41.56","33.9","38.01","47.14","343","421","44.90","143","152","48.47","16","20","44.44","200","269","42.64","5","16","23.81","475","568","45.54","10","9","52.63","8.08","89.84","0.979","89","155","142","1009","38.53","186","233","294","38.75"
"517","Ryan Shea","PIT","D","70","941.41666666667","856","890","49.03","609","661","47.95","386","448","46.28","29","41","41.43","37.35","41.27","47.51","396","424","48.29","157","189","45.38","11","20","35.48","239","235","50.42","10","18","35.71","449","504","47.11","8","3","72.73","7.51","90.85","0.984","58","162","99","903","36.94","166","271","259","39.06"
"650","Jonah Gadjovich","FLA, S.J","L","116","941.4","887","843","51.27","615","624","49.64","411","412","49.94","27","37","42.19","40.16","35.66","52.97","393","387","50.38","184","175","51.25","15","23","39.47","209","212","49.64","8","9","47.06","505","479","51.32","4","5","44.44","6.57","91.02","0.976","147","222","113","900","56.54","229","293","236","49.25"
"159","Austin Watson","DET, OTT, T.B","L","121","938.86666666667","762","927","45.12","544","634","46.18","384","411","48.30","26","33","44.07","30.23","39.4","43.42","330","455","42.04","136","169","44.59","17","14","54.84","194","286","40.42","6","11","35.29","378","439","46.27","3","8","27.27","6.77","91.97","0.987","105","237","199","963","34.54","175","312","370","32.11"
"150","Tyler Pitlick","NYR, STL","C","95","934.51666666667","711","927","43.41","522","655","44.35","377","432","46.60","32","39","45.07","31.86","39.83","44.44","354","417","45.91","145","164","46.93","17","25","40.48","209","253","45.24","7","9","43.75","316","479","39.75","8","5","61.54","8.49","90.97","0.995","69","233","106","869","39.43","164","302","227","41.94"
"40","Phil Kessel","VGK","C, R","82","930.5","888","1050","45.82","650","759","46.13","466","533","46.65","41","48","46.07","41.3","44.87","47.93","450","511","46.83","190","193","49.61","22","27","44.90","260","318","44.98","13","17","43.33","368","484","43.19","6","3","66.67","8.80","90.99","0.998","158","175","114","774","58.09","276","261","241","53.38"
"893","Jakob Pelletier","CGY, PHI","L","86","928.7","943","808","53.85","676","575","54.04","442","394","52.87","36","34","51.43","42.24","37.67","52.86","443","386","53.44","174","160","52.10","24","18","57.14","269","226","54.34","7","12","36.84","482","427","53.03","5","3","62.50","8.14","91.37","0.995","139","193","114","840","54.94","291","285","238","55.01"
"1051","Mackie Samoskevich","FLA","R","79","918.91666666667","1003","808","55.38","739","611","54.74","486","399","54.92","29","36","44.62","44.33","37.21","54.37","443","325","57.68","184","144","56.10","14","19","42.42","259","181","58.86","8","12","40.00","659","512","56.28","7","3","70.00","5.97","90.98","0.969","193","194","102","771","65.42","356","288","221","61.70"
"694","Ian Mitchell","BOS, CHI","D","63","914.16666666667","728","1013","41.82","517","744","41.00","360","517","41.05","38","41","48.10","30.57","50.35","37.78","349","507","40.77","139","222","38.50","23","24","48.94","210","285","42.42","10","7","58.82","374","488","43.39","4","10","28.57","10.56","92.07","1.026","110","164","82","826","57.29","252","235","213","54.19"
"68","Nick Holden","OTT","D","65","904.73333333333","886","835","51.48","654","608","51.82","461","446","50.83","37","39","48.68","46.27","39.25","54.11","446","435","50.62","182","198","47.89","18","18","50.00","264","237","52.69","12","15","44.44","354","322","52.37","4","6","40.00","8.03","91.26","0.993","93","182","93","850","50.00","235","302","247","48.76"
"386","Jakub Vrana","DET, NSH, STL, WSH","L","85","904.01666666667","775","976","44.26","579","737","44.00","407","511","44.34","41","46","47.13","34.29","54.15","38.77","382","530","41.89","132","237","35.77","22","27","44.90","250","293","46.04","13","12","52.00","404","440","47.87","5","7","41.67","10.07","91.00","1.011","152","172","87","738","63.60","281","252","222","55.86"
"879","Drew Helleson","ANA","D","59","899.26666666667","779","1029","43.09","546","768","41.55","349","490","41.60","39","35","52.70","29.02","46.97","38.19","319","485","39.68","114","201","36.19","17","22","43.59","205","284","41.92","9","11","45.00","463","592","43.89","13","2","86.67","11.17","92.86","1.040","97","193","132","705","42.36","240","275","283","45.89"
"34","Milan Lucic","BOS, CGY","L","81","897.46666666667","914","810","53.02","654","612","51.66","466","428","52.13","36","49","42.35","40.25","39.79","50.29","400","431","48.13","161","165","49.39","17","24","41.46","239","266","47.33","11","18","37.93","443","320","58.06","8","6","57.14","7.73","88.55","0.963","130","158","78","867","62.50","287","248","218","56.83"
"332","Adam Erne","DET, EDM","L","85","896.88333333333","669","903","42.56","473","642","42.42","322","429","42.88","30","43","41.10","29.07","36.84","44.11","312","431","41.99","124","163","43.21","17","19","47.22","188","268","41.23","7","15","31.82","335","446","42.89","5","9","35.71","9.32","89.98","0.993","146","200","108","725","57.48","234","268","263","47.08"
"864","Nikita Okhotiuk","CGY, N.J, S.J","D","62","892.51666666667","787","1006","43.89","556","721","43.54","388","504","43.50","29","53","35.37","35.39","45.77","43.61","346","479","41.94","151","194","43.77","12","26","31.58","195","285","40.63","10","19","34.48","469","583","44.58","7","8","46.67","7.47","89.48","0.970","70","141","128","772","35.35","232","230","290","44.44"
"290","Vinnie Hinostroza","BUF, MIN, NSH, PIT","C","78","891.03333333333","869","886","49.52","633","645","49.53","442","449","49.61","33","35","48.53","36.94","41.26","47.24","395","441","47.25","156","194","44.57","21","21","50.00","239","247","49.18","7","9","43.75","457","460","49.84","5","5","50.00","7.47","92.20","0.997","123","191","143","693","46.24","221","270","274","44.65"
"451","Colin White","FLA, MTL, PIT, S.J","C","99","884.06666666667","780","818","48.81","547","592","48.02","393","409","49.00","29","35","45.31","31.97","36.99","46.36","374","393","48.76","149","178","45.57","20","19","51.28","225","215","51.14","7","11","38.89","355","381","48.23","2","5","28.57","7.38","91.44","0.988","137","235","115","758","54.37","238","312","252","48.57"
"931","Marc Del Gaizo","NSH","D","55","858.61666666667","825","863","48.87","579","592","49.44","401","422","48.72","37","38","49.33","37.96","34.62","52.30","375","379","49.73","163","139","53.97","25","16","60.98","212","240","46.90","7","11","38.89","433","512","45.82","5","11","31.25","9.23","91.00","1.002","77","160","98","763","44.00","185","270","235","44.05"
"659","Jaret Anderson-Dolan","L.A, NSH, WPG","C","84","857.91666666667","769","837","47.88","574","580","49.74","415","391","51.49","31","45","40.79","33.46","35.49","48.53","353","399","46.94","159","149","51.62","12","28","30.00","194","250","43.69","14","11","56.00","455","462","49.62","5","6","45.45","7.47","88.49","0.960","162","193","83","689","66.12","248","255","194","56.11"
"15","Alexander Edler","L.A","D","64","853.86666666667","871","855","50.46","645","586","52.40","447","392","53.28","40","43","48.19","36.54","36.59","49.96","406","434","48.33","180","160","52.94","19","20","48.72","226","274","45.20","14","13","51.85","486","442","52.37","7","10","41.18","8.95","89.03","0.980","117","134","100","619","53.92","256","219","218","54.01"
"935","Louis Crevier","CHI","D","56","852.03333333333","639","977","39.54","439","686","39.02","285","471","37.70","25","48","34.25","25.36","40.45","38.54","273","444","38.08","104","201","34.10","12","25","32.43","169","243","41.02","9","10","47.37","366","626","36.90","4","13","23.53","8.77","89.81","0.986","47","176","136","758","25.68","172","264","331","34.19"
"980","Mavrik Bourque","DAL","C","74","848.01666666667","839","750","52.80","552","552","50.00","371","368","50.20","37","31","54.41","37.27","33.53","52.64","392","316","55.37","165","138","54.46","23","18","56.10","227","178","56.05","10","7","58.82","473","498","48.71","4","6","40.00","9.97","91.58","1.015","126","166","135","692","48.28","220","242","289","43.22"
"372","Patrick Brown","BOS, OTT, PHI","C","87","843.41666666667","674","822","45.05","499","548","47.66","333","384","46.44","23","32","41.82","26.14","34.85","42.86","271","356","43.22","121","159","43.21","16","18","47.06","150","197","43.23","4","8","33.33","307","451","40.50","1","6","14.29","6.91","91.67","0.986","59","178","219","753","21.22","129","232","380","25.34"
"1114","Jiri Kulich","BUF","C","63","842.05","915","869","51.29","656","636","50.77","435","416","51.12","46","50","47.92","43.13","44.96","48.96","389","412","48.56","173","169","50.58","20","25","44.44","216","243","47.06","13","12","52.00","568","527","51.87","11","10","52.38","10.57","87.98","0.986","180","208","158","644","53.25","299","265","274","52.18"
"601","Jacob Moverare","L.A","D","75","837.38333333333","809","759","51.59","586","503","53.81","370","345","51.75","36","37","49.32","36.71","28.3","56.47","381","310","55.14","151","123","55.11","21","18","53.85","230","187","55.16","9","11","45.00","471","441","51.64","6","8","42.86","9.73","89.28","0.990","71","184","101","722","41.28","221","296","222","49.89"
"384","Nick Ritchie","ARI, CGY","L","74","830.05","772","844","47.77","561","653","46.21","396","481","45.15","30","49","37.97","35.84","44.96","44.35","408","457","47.17","177","193","47.84","18","33","35.29","231","264","46.67","7","13","35.00","299","356","45.65","5","2","71.43","7.58","89.81","0.974","141","177","124","781","53.21","252","250","261","49.12"
"1","Eric Staal","FLA","C","72","827.48333333333","848","850","49.94","629","643","49.45","458","458","50.00","34","40","45.95","40.82","41.23","49.75","407","411","49.76","198","184","51.83","17","20","45.95","209","227","47.94","7","9","43.75","388","373","50.99","10","10","50.00","7.42","91.27","0.987","134","189","116","661","53.60","242","262","282","46.18"
"1108","David Jiricek","CBJ, MIN","D","59","825.58333333333","734","841","46.60","518","607","46.04","358","424","45.78","27","35","43.55","31.2","38.63","44.68","324","400","44.75","120","163","42.40","13","25","34.21","204","237","46.26","10","7","58.82","435","452","49.04","4","3","57.14","7.54","91.75","0.993","114","166","95","633","54.55","252","255","204","55.26"
"679","Max Comtois","ANA, CAR","L","65","819.93333333333","699","949","42.42","521","734","41.51","397","535","42.60","31","50","38.27","30.63","47.17","39.36","325","470","40.88","146","211","40.90","15","22","40.54","179","259","40.87","10","13","43.48","303","428","41.45","6","14","30.00","7.81","90.65","0.985","123","146","174","576","41.41","225","216","309","42.13"
"782","Liam Foudy","CBJ, NSH, NYI","C","77","819.25","700","885","44.16","501","665","42.97","355","475","42.77","25","53","32.05","30.72","40.83","42.93","334","429","43.77","140","179","43.89","16","23","41.03","194","250","43.69","5","20","20.00","311","428","42.08","3","10","23.08","7.04","88.84","0.959","119","198","144","593","45.25","197","260","255","43.58"
"1131","Matthew Poitras","BOS","C","66","807.85","801","789","50.38","551","583","48.59","369","371","49.86","32","30","51.61","36.28","33.5","51.99","378","347","52.14","140","143","49.47","21","15","58.33","238","204","53.85","5","11","31.25","436","431","50.29","5","4","55.56","8.67","91.91","1.006","140","169","60","695","70.00","246","214","150","62.12"
"75","Josh Bailey","NYI","R","64","798.03333333333","761","840","47.53","544","629","46.38","397","405","49.50","36","32","52.94","33.24","43.89","43.09","394","443","47.07","147","202","42.12","22","18","55.00","247","241","50.61","8","11","42.11","318","347","47.82","5","3","62.50","9.07","92.10","1.012","149","170","83","675","64.22","252","220","181","58.20"
"667","Adam Ruzicka","ARI, CGY","C","86","793.96666666667","775","733","51.39","563","514","52.27","404","361","52.81","29","39","42.65","31.19","32.44","49.01","348","356","49.43","128","135","48.67","11","18","37.93","220","221","49.89","7","15","31.82","410","348","54.09","11","5","68.75","7.18","89.20","0.964","125","171","92","782","57.60","236","240","211","52.80"
"1031","Walker Duehr","CGY, S.J","R","91","792.56666666667","748","768","49.34","537","537","50.00","371","382","49.27","31","44","41.33","32.51","33.72","49.08","343","381","47.38","156","162","49.06","21","19","52.50","187","219","46.06","6","17","26.09","371","379","49.47","4","8","33.33","8.36","88.48","0.968","87","147","65","839","57.24","200","216","190","51.28"
"701","Nick DeSimone","CGY, N.J, UTA","D","58","788.4","798","777","50.67","590","562","51.22","410","381","51.83","32","29","52.46","37.92","35.04","51.98","384","331","53.71","158","139","53.20","18","13","58.06","226","192","54.07","10","9","52.63","480","453","51.45","4","6","40.00","7.80","92.39","1.002","104","129","75","797","58.10","259","222","171","60.23"
"705","Calle Rosen","STL","D","55","786.8","679","787","46.32","514","568","47.50","386","398","49.23","47","29","61.84","32.53","35.81","47.59","361","406","47.07","142","168","45.81","23","15","60.53","219","238","47.92","20","12","62.50","282","331","46.00","3","2","60.00","12.18","92.71","1.049","89","148","99","760","47.34","225","225","182","55.28"
"1000","Isaak Phillips","CHI","D","52","781.51666666667","633","880","41.84","456","665","40.68","310","457","40.42","22","59","27.16","25.84","44.85","36.56","274","438","38.48","114","214","34.76","10","35","22.22","160","224","41.67","9","15","37.50","354","458","43.60","3","9","25.00","7.10","87.09","0.942","61","139","108","661","36.09","168","222","220","43.30"
"983","Hendrix Lapierre","WSH","C","78","776.16666666667","699","779","47.29","477","539","46.95","316","353","47.23","30","33","47.62","26.89","37.27","41.91","316","367","46.27","125","164","43.25","14","19","42.42","191","203","48.48","7","7","50.00","405","390","50.94","9","7","56.25","9.49","90.65","1.001","139","154","42","671","76.80","220","217","118","65.09"
"274","Chris Tierney","FLA, MTL, N.J","C","88","774.88333333333","584","751","43.75","427","545","43.93","303","382","44.23","36","42","46.15","24.93","34.16","42.19","223","352","38.78","94","144","39.50","18","21","46.15","129","208","38.28","8","17","32.00","347","395","46.77","9","4","69.23","11.88","89.01","1.009","104","181","96","727","52.00","178","243","208","46.11"
"370","Ryan Carpenter","NYR, S.J","C","84","774.68333333333","695","748","48.16","498","545","47.75","334","377","46.98","26","48","35.14","29.31","31.94","47.85","309","365","45.85","127","130","49.42","13","22","37.14","182","235","43.65","8","19","29.63","371","426","46.55","4","7","36.36","7.78","87.27","0.951","76","155","107","731","41.53","178","222","222","44.50"
"51","Sam Gagner","EDM, WPG","C","76","773.56666666667","797","700","53.24","584","523","52.76","409","350","53.89","29","34","46.03","33.43","30.76","52.08","346","324","51.64","148","133","52.67","16","15","51.61","198","191","50.90","4","10","28.57","435","341","56.06","9","9","50.00","7.09","90.29","0.974","120","150","94","663","56.07","228","193","184","55.34"
"466","Oliver Kylington","ANA, CGY, COL","D","52","771.06666666667","821","826","49.85","578","577","50.04","379","390","49.28","28","37","43.08","35.86","34.21","51.18","388","359","51.94","146","146","50.00","11","13","45.83","242","213","53.19","13","15","46.43","485","474","50.57","4","9","30.77","7.39","90.51","0.979","96","151","91","759","51.34","252","222","196","56.25"
"551","Julien Gauthier","NYI, NYR, OTT","R","85","765.33333333333","609","829","42.35","432","583","42.56","305","408","42.78","28","39","41.79","25.09","36.26","40.89","265","398","39.97","111","165","40.22","14","22","38.89","154","233","39.79","9","13","40.91","299","413","41.99","5","4","55.56","9.18","90.44","0.996","91","185","101","736","47.40","172","277","216","44.33"
"415","Fredrik Olofsson","COL, DAL","L","85","763.76666666667","645","672","48.97","444","472","48.47","325","311","51.10","23","28","45.10","26.85","27.61","49.30","287","293","49.48","121","122","49.79","11","13","45.83","166","171","49.26","10","6","62.50","319","377","45.83","2","9","18.18","7.08","91.00","0.981","63","175","111","738","36.21","129","237","223","36.65"
"1125","Frank Nazar","CHI","C","56","760.7","617","801","43.51","433","586","42.49","282","393","41.78","30","46","39.47","28.24","42.74","39.79","299","392","43.27","117","161","42.09","11","19","36.67","182","231","44.07","11","14","44.00","337","463","42.13","8","9","47.06","10.64","88.30","0.989","95","125","89","588","51.63","203","192","203","50.00"
"1002","Gage Goncalves","T.B","C","62","758.61666666667","665","681","49.41","473","475","49.89","305","332","47.88","33","26","55.93","29.51","30.76","48.97","312","295","51.40","123","132","48.24","15","12","55.56","189","163","53.69","12","12","50.00","375","420","47.17","6","1","85.71","10.82","92.17","1.030","144","173","101","604","58.78","212","227","196","51.96"
"547","Wade Allison","PHI","R","60","756.08333333333","692","800","46.38","549","561","49.46","404","388","51.01","24","27","47.06","33.96","34.9","49.32","308","402","43.38","150","168","47.17","19","12","61.29","158","234","40.31","1","11","8.33","323","353","47.78","3","4","42.86","5.94","93.04","0.990","101","178","114","606","46.98","198","243","226","46.70"
"821","Spencer Stastney","NSH","D","51","752.68333333333","721","724","49.90","539","525","50.66","370","359","50.75","31","26","54.39","39.52","33.12","54.41","336","355","48.63","153","143","51.69","18","12","60.00","183","212","46.33","8","10","44.44","401","372","51.88","4","4","50.00","8.38","92.76","1.011","84","141","86","681","49.41","195","221","206","48.63"
"1034","Josh Doan","ARI, UTA","R","62","749.96666666667","815","634","56.25","581","459","55.87","376","295","56.04","34","27","55.74","41.11","27.05","60.31","374","246","60.32","162","95","63.04","14","14","50.00","212","151","58.40","12","8","60.00","478","418","53.35","8","4","66.67","9.04","90.85","0.999","126","193","105","643","54.55","225","248","206","52.20"
"644","Gavin Bayreuther","CBJ","D","51","747.95","696","823","45.82","489","601","44.86","346","436","44.25","26","46","36.11","32.1","38.85","45.24","335","436","43.45","142","171","45.37","10","27","27.03","193","265","42.14","9","13","40.91","298","340","46.71","7","6","53.85","7.51","89.45","0.970","96","125","100","639","48.98","215","193","206","51.07"
"16","Paul Stastny","CAR","C","73","747.55","910","585","60.87","678","453","59.95","455","322","58.56","30","25","54.55","44.01","28.39","60.79","456","277","62.21","197","139","58.63","13","14","48.15","259","138","65.24","14","8","63.64","395","260","60.31","3","3","50.00","6.59","92.24","0.988","170","167","81","553","67.73","309","235","204","60.23"
"653","Cal Foote","N.J, NSH, T.B","D","54","747.41666666667","624","743","45.65","461","549","45.64","321","380","45.79","34","25","57.63","25.3","36.05","41.24","307","378","44.82","129","150","46.24","18","8","69.23","178","228","43.84","12","14","46.15","290","359","44.68","4","3","57.14","10.59","93.42","1.040","51","127","89","623","36.43","132","203","198","40.00"
"523","Adam Gaudette","OTT, STL","C, R","83","744.98333333333","734","690","51.54","500","486","50.71","330","333","49.77","34","22","60.71","28.84","29.46","49.47","331","318","51.00","127","125","50.40","13","6","68.42","204","193","51.39","17","8","68.00","432","348","55.38","4","6","40.00","10.30","93.39","1.037","177","162","62","739","74.06","241","212","130","64.96"
"645","Vinni Lettieri","BOS, MIN","C","73","744.08333333333","636","748","45.95","461","537","46.19","296","358","45.26","21","36","36.84","27.55","32.15","46.15","267","326","45.03","100","139","41.84","15","18","45.45","167","187","47.18","3","11","21.43","363","471","43.53","3","7","30.00","7.09","89.94","0.970","67","158","101","627","39.88","133","202","228","36.84"
"774","Oskar Bäck","DAL","C","73","742.2","671","642","51.10","427","447","48.86","271","306","46.97","19","19","50.00","25.84","25.66","50.18","287","268","51.71","118","114","50.86","14","12","53.85","169","154","52.32","3","5","37.50","368","401","47.85","2","2","50.00","7.01","93.79","1.008","73","167","105","631","41.01","148","232","237","38.44"
"139","Matt Irwin","WSH","D","61","738.41666666667","644","700","47.92","477","502","48.72","343","347","49.71","23","31","42.59","26.2","30.02","46.60","301","342","46.81","124","131","48.63","10","19","34.48","177","211","45.62","9","6","60.00","291","315","48.02","3","6","33.33","6.71","91.07","0.978","53","130","111","685","32.32","136","185","216","38.64"
"1120","Denton Mateychuk","CBJ","D","45","738.1","631","759","45.40","453","534","45.90","303","370","45.02","37","32","53.62","26.97","33","44.97","266","338","44.04","117","135","46.43","19","15","55.88","149","203","42.33","10","11","47.62","347","454","43.32","7","6","53.85","12.21","91.35","1.036","76","148","99","523","43.43","181","220","245","42.49"
"646","Mason Shaw","MIN","C","79","734.43333333333","622","713","46.59","459","508","47.47","312","368","45.88","22","26","45.83","26.7","26.82","49.89","251","293","46.14","113","109","50.90","13","17","43.33","138","184","42.86","5","3","62.50","319","386","45.25","4","6","40.00","7.05","92.93","1.000","52","117","90","668","36.62","114","174","204","35.85"
"42","Jonathan Toews","CHI","C","53","727.18333333333","617","758","44.87","438","576","43.20","307","407","43.00","28","50","35.90","31.31","46.06","40.47","285","424","40.20","117","190","38.11","16","32","33.33","168","234","41.79","5","12","29.41","295","287","50.69","6","3","66.67","9.12","87.71","0.968","111","136","112","555","49.78","239","211","248","49.08"
"534","Philippe Myers","T.B, TOR","D","52","723.53333333333","717","679","51.36","501","484","50.86","345","334","50.81","27","29","48.21","29.07","30.19","49.05","328","303","51.98","122","133","47.84","11","14","44.00","206","170","54.79","7","13","35.00","398","365","52.16","9","2","81.82","7.83","91.32","0.991","84","129","74","702","53.16","202","196","168","54.59"
"1015","Mikael Pyyhtia","CBJ","L","66","722.53333333333","620","833","42.67","425","582","42.20","296","387","43.34","19","37","33.93","21","38.85","35.09","235","390","37.60","85","166","33.86","8","19","29.63","150","224","40.11","8","9","47.06","398","475","45.59","3","9","25.00","6.42","90.44","0.969","99","137","103","576","49.01","185","188","245","43.02"
"587","Riley Stillman","BUF, CAR, VAN","D","55","716.95","663","660","50.11","487","496","49.54","365","360","50.34","32","47","40.51","32.25","35.57","47.55","329","372","46.93","136","156","46.58","18","32","36.00","193","216","47.19","11","12","47.83","276","260","51.49","3","3","50.00","8.77","86.94","0.957","79","150","92","663","46.20","177","222","197","47.33"
"214","Scott Harrington","ANA, S.J","D","45","711.9","608","779","43.84","456","582","43.93","322","419","43.45","35","41","46.05","33.46","36.63","47.74","329","388","45.89","150","167","47.32","18","20","47.37","179","221","44.75","9","17","34.62","260","395","39.69","7","4","63.64","10.87","90.21","1.011","58","152","103","563","36.02","182","243","258","41.36"
"973","Emil Andrae","PHI","D","46","711.53333333333","645","620","50.99","463","434","51.62","316","302","51.13","28","34","45.16","30.87","27.89","52.54","310","284","52.19","137","118","53.73","20","19","51.28","173","166","51.03","6","8","42.86","377","330","53.32","2","7","22.22","8.86","88.74","0.976","91","113","67","671","57.59","200","182","157","56.02"
"674","Jack Studnicka","BOS, S.J, VAN","C","70","708.05","512","715","41.73","369","537","40.73","256","375","40.57","11","35","23.91","21.99","36.28","37.73","239","358","40.03","111","159","41.11","3","18","14.29","128","199","39.14","5","11","31.25","231","353","39.55","3","5","37.50","4.30","90.67","0.950","67","179","100","630","40.12","138","243","222","38.33"
"296","Kurtis MacDermid","COL, N.J","D, L","112","702.96666666667","521","700","42.67","363","497","42.21","266","346","43.46","19","21","47.50","21.44","29.29","42.27","217","322","40.26","100","131","43.29","8","13","38.10","117","191","37.99","6","4","60.00","281","350","44.53","5","4","55.56","7.14","93.93","1.011","85","160","70","804","54.84","151","220","182","45.35"
"427","Oskar Lindblom","S.J","L","74","699.2","574","702","44.98","412","525","43.97","297","362","45.07","24","42","36.36","25.14","32.32","43.75","275","351","43.93","107","143","42.80","16","20","44.44","168","208","44.68","4","14","22.22","317","372","46.01","3","7","30.00","8.08","88.40","0.965","89","125","98","742","47.59","163","176","221","42.45"
"365","Dakota Mermis","MIN, TOR, UTA","D","53","698.81666666667","664","677","49.52","480","480","50.00","306","327","48.34","24","29","45.28","28.23","27.91","50.28","307","304","50.25","121","119","50.42","8","14","36.36","186","185","50.13","11","10","52.38","376","381","49.67","5","5","50.00","7.84","91.13","0.990","54","110","57","662","48.65","168","174","149","53.00"
"398","Brendan Lemieux","CAR, L.A, PHI","L","77","696.96666666667","646","597","51.97","458","439","51.06","327","331","49.70","27","31","46.55","26.93","29.06","48.10","274","310","46.92","117","125","48.35","16","12","57.14","157","185","45.91","6","16","27.27","369","279","56.94","4","3","57.14","8.26","90.63","0.989","109","154","53","620","67.28","182","210","138","56.88"
"47","Justin Braun","PHI","D","51","689.91666666667","605","697","46.47","446","500","47.15","317","357","47.03","23","25","47.92","25.87","26.99","48.94","277","337","45.11","106","120","46.90","9","8","52.94","171","217","44.07","8","12","40.00","280","334","45.60","6","5","54.55","7.26","93.00","1.003","68","137","121","686","35.98","193","218","222","46.51"
"1059","Zachary L'Heureux","NSH","L","62","684.26666666667","660","671","49.59","458","475","49.09","293","330","47.03","26","32","44.83","31.93","28.04","53.24","307","296","50.91","136","116","53.97","16","10","61.54","171","180","48.72","6","14","30.00","351","421","45.47","4","8","33.33","8.87","90.30","0.992","66","164","114","577","36.67","141","239","236","37.40"
"1020","Emil Heineman","MTL","L","66","681.56666666667","606","633","48.91","401","423","48.67","245","251","49.40","24","28","46.15","22.28","25.72","46.41","257","280","47.86","84","112","42.86","8","12","40.00","173","168","50.73","11","7","61.11","361","386","48.33","5","9","35.71","9.80","88.84","0.986","72","164","104","551","40.91","131","224","204","39.10"
"616","Axel Jonsson-Fjallby","WPG","L","76","680.5","609","590","50.79","449","427","51.26","304","296","50.67","24","20","54.55","25.55","25.36","50.18","270","276","49.45","99","112","46.92","13","13","50.00","171","164","51.04","8","4","66.67","283","277","50.54","3","3","50.00","7.89","93.24","1.011","70","160","87","638","44.59","125","209","177","41.39"
"228","Nathan Beaulieu","ANA","D","52","673.1","530","819","39.29","391","640","37.92","289","456","38.79","23","46","33.33","25.64","40.37","38.85","264","423","38.43","115","178","39.25","14","23","37.84","149","245","37.82","6","12","33.33","210","351","37.43","3","11","21.43","7.96","89.91","0.979","52","129","102","569","33.77","131","198","241","35.22"
"514","Denis Malgin","COL, TOR","C","65","667.2","681","569","54.48","503","413","54.91","378","293","56.33","26","22","54.17","31.14","25.5","54.98","349","289","54.70","131","123","51.57","13","10","56.52","218","166","56.77","7","8","46.67","309","250","55.28","6","4","60.00","6.88","92.49","0.994","99","140","90","553","52.38","174","191","180","49.15"
"441","Dryden Hunt","CGY, COL, NYR, TOR","L","70","660.93333333333","594","590","50.17","422","426","49.76","298","301","49.75","22","32","40.74","22.92","26.7","46.20","246","267","47.95","93","112","45.37","8","17","32.00","153","155","49.68","8","11","42.11","337","318","51.45","6","4","60.00","7.38","89.37","0.968","98","133","63","623","60.87","165","176","150","52.38"
"866","Samuel Bolduc","NYI","D","52","658.9","611","709","46.29","457","487","48.41","308","337","47.75","26","25","50.98","28.06","32.36","46.44","298","320","48.22","119","130","47.79","13","14","48.15","179","190","48.51","9","8","52.94","321","380","45.79","4","2","66.67","8.44","92.58","1.010","107","141","66","569","61.85","210","215","173","54.83"
"819","Nikolai Kovalenko","COL, S.J","R","57","653.5","580","635","47.74","414","448","48.03","286","308","48.15","29","38","43.28","24.13","30.01","44.56","268","308","46.53","113","121","48.29","16","18","47.06","155","187","45.32","9","14","39.13","341","369","48.03","4","4","50.00","10.14","87.66","0.978","94","134","96","548","49.47","176","191","196","47.31"
"1145","Ben Meyers","ANA, COL, SEA","C","70","652.05","529","550","49.03","363","403","47.39","256","287","47.15","15","28","34.88","22.19","21.1","51.26","238","244","49.38","104","105","49.76","7","11","38.89","134","139","49.08","5","12","29.41","270","277","49.36","3","5","37.50","5.86","90.24","0.961","78","132","77","595","50.32","126","181","160","44.06"
"412","Mark Friedman","PIT, VAN","D","51","651.76666666667","633","592","51.67","466","415","52.89","321","287","52.80","26","24","52.00","29.97","25.28","54.24","318","278","53.36","129","113","53.31","17","10","62.96","189","165","53.39","6","7","46.15","305","295","50.83","3","7","30.00","8.10","91.64","0.997","83","125","64","700","56.46","194","191","147","56.89"
"918","Valtteri Puustinen","PIT","R","65","650.83333333333","638","620","50.72","455","436","51.07","316","292","51.97","27","25","51.92","28.59","24.6","53.75","297","259","53.42","127","96","56.95","15","13","53.57","170","163","51.05","6","6","50.00","341","377","47.49","6","6","50.00","8.54","91.44","1.000","83","143","67","642","55.33","141","200","156","47.47"
"608","Rem Pitlick","CHI, MTL","C","55","646.35","505","738","40.63","362","548","39.78","254","369","40.77","18","40","31.03","22.9","40.33","36.22","249","384","39.34","90","176","33.83","9","28","24.32","159","208","43.32","5","7","41.67","236","329","41.77","3","3","50.00","7.09","89.16","0.962","77","139","73","484","51.33","155","184","159","49.36"
"335","Robert Hagg","ANA, DET, VGK","D","45","638.4","486","632","43.47","369","438","45.72","253","303","45.50","19","28","40.43","23.75","26.79","47.00","220","305","41.90","102","142","41.80","10","18","35.71","118","163","41.99","4","7","36.36","248","285","46.53","5","3","62.50","7.51","90.76","0.983","89","120","60","596","59.73","186","184","152","55.03"
"414","William Lagesson","ANA, DET, TOR","D","47","634.3","575","624","47.96","402","426","48.55","272","270","50.18","21","20","51.22","23.12","25.52","47.53","249","277","47.34","98","112","46.67","12","13","48.00","151","165","47.78","6","4","60.00","334","342","49.41","3","3","50.00","7.72","92.59","1.003","56","121","65","647","46.28","142","179","127","52.79"
"41","Nicklas Backstrom","WSH","C","47","634.16666666667","564","615","47.84","400","446","47.28","291","296","49.57","17","42","28.81","26.99","40.69","39.88","260","308","45.77","115","115","50.00","13","21","38.24","145","193","42.90","2","10","16.67","278","279","49.91","2","8","20.00","5.84","85.81","0.917","117","156","90","448","56.52","239","213","180","57.04"
"513","Colton White","ANA","D","46","628.06666666667","450","652","40.83","329","515","38.98","249","349","41.64","22","39","36.07","20.73","33.18","38.46","215","340","38.74","97","149","39.43","14","24","36.84","118","191","38.19","7","10","41.18","188","277","40.43","1","4","20.00","8.84","88.83","0.977","52","127","98","541","34.67","147","198","207","41.53"
"340","Justin Bailey","S.J","R","59","627.31666666667","633","644","49.57","421","465","47.52","284","323","46.79","22","37","37.29","23.29","28.1","45.33","272","291","48.31","101","121","45.50","10","21","32.26","171","170","50.15","8","8","50.00","394","392","50.13","3","5","37.50","7.75","88.54","0.963","79","126","101","587","43.89","195","184","202","49.12"
"39","Derick Brassard","OTT","C","62","623.03333333333","609","565","51.87","447","415","51.86","320","309","50.87","24","20","54.55","27.97","28.24","49.76","305","302","50.25","123","125","49.60","16","13","55.17","182","177","50.70","6","4","60.00","242","234","50.84","2","3","40.00","7.50","93.53","1.010","89","157","123","571","41.98","158","210","222","41.58"
"880","Ryan Johnson","BUF","D","44","614.43333333333","605","567","51.62","430","404","51.56","292","263","52.61","23","21","52.27","25.6","25.38","50.22","276","272","50.36","108","107","50.23","7","15","31.82","168","165","50.45","9","3","75.00","340","319","51.59","7","3","70.00","7.88","92.02","0.999","95","119","68","486","58.28","175","168","132","57.00"
"583","Givani Smith","COL, DET, FLA, S.J","R","85","612.95","535","645","45.34","384","473","44.81","265","339","43.87","13","31","29.55","21.81","30.46","41.73","213","307","40.96","99","127","43.81","7","16","30.43","114","180","38.78","3","11","21.43","282","334","45.78","3","4","42.86","4.91","90.86","0.958","83","145","78","552","51.55","152","185","185","45.10"
"467","Evgeny Svechnikov","S.J","L","59","611.5","532","591","47.37","390","444","46.76","270","325","45.38","26","31","45.61","25.41","27.97","47.60","274","326","45.67","113","137","45.20","13","13","50.00","161","189","46.00","8","16","33.33","273","296","47.98","5","2","71.43","9.63","90.46","1.001","87","124","96","580","47.54","153","181","205","42.74"
"732","Sheldon Dries","VAN","C","63","610.01666666667","507","616","45.15","370","445","45.40","268","307","46.61","23","29","44.23","24.34","28.67","45.91","258","310","45.42","120","117","50.63","11","15","42.31","138","193","41.69","10","12","45.45","213","275","43.65","2","1","66.67","8.58","90.55","0.991","92","143","78","593","54.12","167","184","181","47.99"
"84","Derek Stepan","CAR","C","73","609.56666666667","773","417","64.96","583","314","64.99","385","227","62.91","22","15","59.46","35.49","18.78","65.40","371","192","65.90","152","91","62.55","10","9","52.63","219","101","68.44","7","6","53.85","347","180","65.84","5","0","100.00","5.71","93.39","0.991","154","143","80","470","65.81","273","188","174","61.07"
"1045","Nolan Allan","CHI","D","43","606.6","468","656","41.64","322","479","40.20","223","319","41.14","20","34","37.04","18.38","29.96","38.02","198","307","39.21","80","135","37.21","9","18","33.33","118","172","40.69","9","11","45.00","256","381","40.19","2","5","28.57","8.97","89.34","0.983","39","101","73","537","34.82","119","155","164","42.05"
"1104","Conor Geekie","T.B","C","52","602.21666666667","560","551","50.41","385","396","49.30","260","269","49.15","23","26","46.94","24.06","23.88","50.18","264","245","51.87","111","99","52.86","14","11","56.00","153","146","51.17","7","9","43.75","311","318","49.44","2","6","25.00","8.85","90.33","0.992","104","177","91","466","53.33","154","230","173","47.09"
"86","Michael Stone","CGY","D","48","598.1","710","510","58.20","510","394","56.42","356","268","57.05","30","27","52.63","27.58","28.15","49.49","304","287","51.44","111","104","51.63","11","14","44.00","193","183","51.33","7","11","38.89","332","187","63.97","12","1","92.31","8.43","89.93","0.984","95","89","52","703","64.63","230","145","134","63.19"
"271","Jujhar Khaira","CHI, MIN","L","52","594.83333333333","475","544","46.61","347","385","47.40","240","280","46.15","20","32","38.46","23.46","24.57","48.84","230","268","46.18","92","98","48.42","15","14","51.72","138","170","44.81","4","12","25.00","201","240","45.58","1","6","14.29","8.33","88.57","0.969","40","145","80","484","33.33","84","203","178","32.06"
"706","Radim Simek","S.J","D","44","592.33333333333","519","600","46.38","384","406","48.61","257","298","46.31","16","30","34.78","26.36","26.77","49.61","277","302","47.84","127","123","50.80","9","13","40.91","150","179","45.59","7","12","36.84","248","339","42.25","0","5","0.00","6.23","89.93","0.962","36","88","98","564","26.87","121","167","241","33.43"
"1069","Fedor Svechkov","NSH","C","52","582.45","555","549","50.27","383","396","49.17","257","259","49.81","16","33","32.65","23.38","25.81","47.53","266","275","49.17","102","114","47.22","8","14","36.36","164","161","50.46","6","14","30.00","326","281","53.71","2","5","28.57","6.23","87.26","0.935","97","101","28","507","77.60","192","153","96","66.67"
"325","Ben Harpur","NYR","D","42","580.1","462","613","42.98","338","435","43.73","245","305","44.55","22","22","50.00","19.95","29.2","40.59","232","345","40.21","90","150","37.50","9","11","45.00","142","195","42.14","10","6","62.50","190","222","46.12","3","5","37.50","8.98","92.79","1.018","63","89","64","505","49.61","151","149","136","52.61"
"505","Austin Czarnik","DET","C","63","579.65","467","562","45.38","336","406","45.28","241","283","45.99","17","24","41.46","19.62","22.77","46.28","197","245","44.57","80","97","45.20","8","14","36.36","117","148","44.15","4","3","57.14","250","305","45.05","5","6","45.45","7.05","91.52","0.986","102","120","81","509","55.74","151","168","161","48.40"
"1082","Zack Ostapchuk","OTT, S.J","C","63","573.7","465","579","44.54","321","411","43.85","211","282","42.80","9","18","33.33","17.3","22.63","43.33","187","238","44.00","81","104","43.78","3","11","21.43","106","134","44.17","3","5","37.50","272","342","44.30","3","2","60.00","4.27","93.62","0.979","79","146","53","596","59.85","126","187","124","50.40"
"203","Josh Leivo","STL","L","51","571.35","503","472","51.59","373","362","50.75","279","272","50.64","27","26","50.94","25.11","22.6","52.63","264","241","52.28","116","100","53.70","16","13","55.17","148","141","51.21","9","8","52.94","212","207","50.60","2","5","28.57","9.68","90.44","1.001","53","131","73","479","42.06","145","168","148","49.49"
"308","Saku Maenalanen","WPG","R","64","568.78333333333","444","556","44.40","321","415","43.61","227","303","42.83","16","16","50.00","19.97","25.83","43.60","203","258","44.03","87","117","42.65","7","12","36.84","116","141","45.14","4","2","66.67","184","240","43.40","4","2","66.67","7.05","94.72","1.018","50","156","84","541","37.31","94","196","176","34.81"
"926","Elmer Soderblom","DET","L","47","568.31666666667","526","546","49.07","389","399","49.37","264","262","50.19","28","25","52.83","26.53","25.02","51.46","232","253","47.84","105","97","51.98","16","12","57.14","127","156","44.88","7","10","41.18","281","304","48.03","4","2","66.67","10.61","90.46","1.011","97","116","82","453","54.19","174","146","189","47.93"
"927","Adam Edstrom","NYR","C","62","561.23333333333","441","570","43.62","304","403","43.00","202","274","42.44","18","21","46.15","19.39","26.31","42.42","216","242","47.16","97","108","47.32","13","10","56.52","119","134","47.04","4","7","36.36","211","370","36.32","1","4","20.00","8.91","92.34","1.012","58","139","139","482","29.44","92","188","256","26.44"
"125","Chris Wideman","MTL","D","46","560.3","498","600","45.36","361","452","44.40","262","330","44.26","24","30","44.44","20.8","32.26","39.21","217","332","39.53","97","150","39.27","16","22","42.11","120","182","39.74","4","5","44.44","227","235","49.13","4","2","66.67","9.16","90.91","1.001","102","132","48","462","68.00","218","201","134","61.93"
"625","Dylan Gambrell","OTT","C","60","552.6","431","540","44.39","315","378","45.45","221","268","45.19","15","20","42.86","17.7","23.95","42.50","202","269","42.89","83","111","42.78","8","9","47.06","119","158","42.96","5","8","38.46","183","226","44.74","2","3","40.00","6.79","92.54","0.993","40","150","78","569","33.90","65","188","153","29.82"
"993","Landon Slaggert","CHI","L","49","550.58333333333","413","620","39.98","284","465","37.92","207","291","41.57","20","27","42.55","18.08","29.08","38.34","197","315","38.48","80","133","37.56","9","13","40.91","117","182","39.13","8","8","50.00","220","353","38.39","2","6","25.00","9.66","90.72","1.004","50","119","78","473","39.06","105","167","173","37.77"
"602","Alexander Nylander","CBJ, PIT, TOR","L","42","548.25","613","551","52.66","426","406","51.20","299","311","49.02","29","30","49.15","28.96","28.18","50.69","289","267","51.98","113","120","48.50","15","14","51.72","176","147","54.49","6","8","42.86","342","306","52.78","8","7","53.33","9.70","90.35","1.001","103","102","62","414","62.42","181","145","148","55.02"
"1099","Lian Bichsel","DAL","D","38","546.16666666667","497","496","50.05","340","362","48.43","230","236","49.36","26","24","52.00","21.6","23.27","48.14","224","218","50.68","91","101","47.40","15","17","46.88","133","117","53.20","6","5","54.55","321","292","52.37","5","2","71.43","11.30","89.83","1.011","71","92","52","444","57.72","176","152","151","53.82"
"991","Shakir Mukhamadullin","S.J","D","33","546.06666666667","483","547","46.89","320","367","46.58","212","238","47.11","15","24","38.46","18.94","23.18","44.97","214","260","45.15","81","95","46.02","6","5","54.55","133","165","44.63","4","14","22.22","279","347","44.57","4","5","44.44","7.08","89.92","0.970","52","134","91","391","36.36","156","202","182","46.15"
"135","Justin Dowling","N.J","C","54","544.6","448","505","47.01","331","354","48.32","204","224","47.66","13","21","38.24","19.42","20.35","48.83","183","222","45.19","81","87","48.21","5","10","33.33","102","135","43.04","4","7","36.36","277","295","48.43","3","4","42.86","6.37","90.63","0.970","70","106","40","564","63.64","120","170","119","50.21"
"1188","Nikolas Matinpalo","OTT","D","45","542.96666666667","482","523","47.96","339","385","46.82","222","255","46.54","18","19","48.65","20.17","25.17","44.48","217","228","48.76","93","110","45.81","7","10","41.18","124","118","51.24","7","7","50.00","290","301","49.07","4","2","66.67","8.11","92.55","1.007","75","149","68","549","52.45","152","220","128","54.29"
"566","Kale Clague","BUF","D","36","531.21666666667","495","451","52.33","377","358","51.29","273","243","52.91","26","29","47.27","25.3","24.44","50.87","281","263","51.65","104","118","46.85","14","13","51.85","177","145","54.97","10","10","50.00","208","177","54.03","2","5","28.57","9.52","88.07","0.976","99","118","65","416","60.37","165","157","119","58.10"
"905","Vladislav Kolyachonok","ARI, PIT, UTA","D","42","530.41666666667","509","552","47.97","356","390","47.72","231","260","47.05","20","27","42.55","22.66","21.62","51.18","231","246","48.43","90","87","50.85","12","11","52.17","141","159","47.00","4","11","26.67","301","315","48.86","4","4","50.00","8.66","89.62","0.983","75","96","54","535","58.14","160","144","125","56.14"
"90","Derek Grant","ANA","C","46","523.11666666667","402","609","39.76","302","469","39.17","223","344","39.33","22","25","46.81","21.93","30.24","42.03","185","295","38.54","87","132","39.73","12","13","48.00","98","163","37.55","4","6","40.00","162","278","36.82","4","6","40.00","9.87","92.73","1.026","54","120","184","352","22.69","92","170","296","23.71"
"237","Brad Hunt","COL","D","47","522.1","503","434","53.68","362","337","51.79","264","246","51.76","21","17","55.26","20.68","19.81","51.08","223","198","52.97","85","87","49.42","5","9","35.71","138","111","55.42","8","4","66.67","251","197","56.03","8","4","66.67","7.95","93.09","1.010","53","87","52","560","50.48","107","147","111","49.08"
"1200","Collin Graf","S.J","R","40","519.03333333333","405","553","42.28","279","380","42.34","185","249","42.63","17","25","40.48","16.54","25.16","39.66","203","252","44.62","76","95","44.44","9","11","45.00","127","157","44.72","6","10","37.50","226","333","40.43","2","4","33.33","9.19","89.96","0.991","54","92","75","409","41.86","113","139","189","37.42"
"1150","Marcus Bjork","CBJ","D","33","513.15","474","590","44.55","353","456","43.63","249","325","43.38","19","26","42.22","22.98","32.22","41.63","235","284","45.28","97","126","43.50","9","16","36.00","138","158","46.62","6","5","54.55","204","267","43.31","3","3","50.00","7.63","92.00","0.996","65","111","94","405","40.88","147","156","189","43.75"
"1105","Isaiah George","NYI","D","33","511.68333333333","450","523","46.25","309","381","44.78","190","239","44.29","18","21","46.15","19.94","21.03","48.67","213","243","46.71","90","91","49.72","12","11","52.17","123","152","44.73","6","6","50.00","257","299","46.22","0","4","0.00","9.47","91.21","1.007","63","93","55","465","53.39","134","130","131","50.57"
"189","Josh Archibald","PIT","R","62","508.95","465","459","50.32","366","325","52.97","255","237","51.83","22","16","57.89","24.34","16.77","59.21","212","206","50.72","108","69","61.02","15","7","68.18","104","137","43.15","5","8","38.46","213","223","48.85","2","1","66.67","8.63","93.25","1.019","44","123","101","488","30.34","73","152","185","28.29"
"297","Jayson Megna","ANA, BOS, COL","C","56","508.71666666667","370","584","38.78","269","430","38.48","195","314","38.31","10","31","24.39","16.7","25.66","39.42","158","269","37.00","71","115","38.17","7","12","36.84","87","154","36.10","1","11","8.33","182","269","40.35","2","8","20.00","5.13","90.13","0.953","49","90","90","434","35.25","109","135","181","37.59"
"555","Rasmus Asplund","BUF, FLA, NSH","C","52","507.66666666667","428","492","46.52","330","372","47.01","231","270","46.11","16","25","39.02","20.1","24.26","45.31","205","246","45.45","79","113","41.15","6","14","30.00","126","133","48.65","7","5","58.33","199","230","46.39","1","6","14.29","6.93","90.74","0.977","67","118","109","402","38.07","99","157","196","33.56"
"787","Bo Groulx","ANA","C","47","503.88333333333","388","552","41.28","268","373","41.81","174","256","40.47","7","16","30.43","16.34","23.66","40.85","160","247","39.31","76","103","42.46","6","8","42.86","84","144","36.84","1","6","14.29","229","334","40.67","0","2","0.00","4.02","93.75","0.978","55","92","77","389","41.67","100","125","171","36.90"
"800","Karson Kuhlman","SEA, WPG","C","47","501.3","443","443","50.00","331","327","50.30","220","236","48.25","16","21","43.24","24.4","21.67","52.97","221","245","47.42","97","98","49.74","10","8","55.56","124","147","45.76","2","11","15.38","189","176","51.78","4","2","66.67","7.27","91.10","0.984","79","117","62","430","56.03","127","147","132","49.03"
"210","Brett Ritchie","ARI, CGY","R","50","492.55","467","424","52.41","354","310","53.31","252","215","53.96","18","18","50.00","20.2","19.67","50.66","208","216","49.06","88","78","53.01","10","8","55.56","120","138","46.51","4","7","36.36","221","169","56.67","4","3","57.14","7.14","91.63","0.988","72","92","53","485","57.60","142","146","124","53.38"
"841","Jacob Lucchini","MIN, NSH, OTT","C","54","492.38333333333","393","495","44.26","282","342","45.19","179","249","41.82","11","18","37.93","14.57","17.9","44.87","170","208","44.97","57","93","38.00","5","9","35.71","113","115","49.56","4","5","44.44","206","292","41.37","2","4","33.33","6.15","92.77","0.989","31","90","56","479","35.63","59","131","121","32.78"
"898","Victor Soderstrom","ARI","D","33","491.65","426","499","46.05","305","370","45.19","218","256","45.99","19","23","45.24","18.41","24.17","43.24","220","262","45.64","73","103","41.48","13","12","52.00","147","159","48.04","4","10","28.57","184","208","46.94","2","1","66.67","8.72","91.02","0.997","55","113","50","439","52.38","125","154","109","53.42"
"344","Zachary Sanford","ARI, CHI, NSH","L","45","488","438","521","45.67","321","367","46.66","224","249","47.36","14","16","46.67","20.73","21.38","49.23","232","243","48.84","89","96","48.11","7","7","50.00","143","147","49.31","3","6","33.33","209","271","43.54","3","3","50.00","6.25","93.57","0.998","70","97","61","397","53.44","127","127","125","50.40"
"979","Jack Thompson","S.J, T.B","D","34","485.01666666667","450","531","45.87","327","358","47.74","222","244","47.64","14","24","36.84","18.19","20.5","47.01","222","231","49.01","82","95","46.33","7","13","35.00","140","136","50.72","5","8","38.46","245","317","43.59","2","3","40.00","6.31","90.16","0.965","57","84","57","419","50.00","148","147","118","55.64"
"590","Dennis Cholowski","N.J, NYI","D","41","481.68333333333","411","480","46.13","299","336","47.09","200","217","47.96","19","23","45.24","17.79","19.73","47.42","176","204","46.32","78","72","52.00","11","9","55.00","98","132","42.61","6","8","42.86","253","261","49.22","2","5","28.57","9.50","89.40","0.989","63","78","28","502","69.23","125","117","87","58.96"
"722","Cole Guttman","CHI","C","41","469.86666666667","390","535","42.16","284","381","42.71","207","274","43.04","13","29","30.95","17.49","26.77","39.52","169","284","37.31","69","118","36.90","7","15","31.82","100","166","37.59","5","7","41.67","210","259","44.78","1","6","14.29","6.28","89.42","0.957","68","88","48","358","58.62","127","135","138","47.92"
"1076","Ethan Del Mastro","CHI","D","26","466.73333333333","369","410","47.37","254","299","45.93","178","214","45.41","15","18","45.45","16.47","17.95","47.85","180","198","47.62","69","76","47.59","3","8","27.27","111","122","47.64","10","8","55.56","203","239","45.93","2","2","50.00","8.43","91.59","1.000","31","98","60","345","34.07","102","134","125","44.93"
"112","Zack Kassian","ARI","R","51","465.91666666667","316","503","38.58","223","392","36.26","163","286","36.30","6","24","20.00","13.34","26.05","33.88","143","256","35.84","55","119","31.61","3","15","16.67","88","137","39.11","3","8","27.27","137","224","37.95","0","1","0.00","3.68","91.61","0.953","56","100","92","449","37.84","82","142","158","34.17"
"437","Matthew Highmore","OTT, STL","C","50","465.21666666667","384","481","44.39","259","332","43.82","168","225","42.75","12","16","42.86","14.4","17.91","44.55","156","201","43.70","65","74","46.76","5","6","45.45","91","127","41.74","5","7","41.67","223","265","45.70","2","3","40.00","7.14","92.89","1.000","69","132","52","496","57.02","116","178","110","51.33"
"1156","Victor Mancini","NYR, VAN","D","31","464.76666666667","363","536","40.38","264","373","41.44","171","262","39.49","13","22","37.14","16.34","23.62","40.89","164","234","41.21","72","99","42.11","6","10","37.50","92","135","40.53","6","8","42.86","220","293","42.88","1","3","25.00","7.60","91.60","0.992","52","82","38","398","57.78","117","129","100","53.92"
"720","Olle Lycksell","PHI","R","45","463.51666666667","416","428","49.29","296","278","51.57","180","183","49.59","11","17","39.29","18.65","15.82","54.10","193","210","47.89","96","80","54.55","6","9","40.00","97","130","42.73","5","2","71.43","234","226","50.87","0","6","0.00","6.11","90.71","0.968","68","98","48","371","58.62","120","124","99","54.79"
"838","John Ludvig","COL, PIT","D","41","462.8","446","450","49.78","317","342","48.10","214","247","46.42","14","30","31.82","18.82","21.03","47.23","209","226","48.05","89","90","49.72","6","16","27.27","120","136","46.88","3","8","27.27","227","250","47.59","5","6","45.45","6.54","87.85","0.944","34","72","72","465","32.08","73","108","153","32.30"
"769","Vitali Kravtsov","NYR, VAN","R","44","461.8","392","399","49.56","285","301","48.63","201","213","48.55","13","10","56.52","17.08","18.28","48.30","188","201","48.33","82","82","50.00","8","7","53.33","106","119","47.11","3","1","75.00","179","179","50.00","2","2","50.00","6.47","95.31","1.018","62","91","38","384","62.00","141","124","107","56.85"
"1043","Aatu Raty","NYI, VAN","C","48","461.7","413","401","50.74","285","298","48.89","194","183","51.46","18","19","48.65","16.45","17.4","48.60","191","164","53.80","79","75","51.30","11","8","57.89","112","89","55.72","4","6","40.00","248","232","51.67","3","5","37.50","9.28","89.62","0.989","96","108","67","424","58.90","164","134","131","55.59"
"868","Nikita Alexandrov","STL","C","51","460.71666666667","355","417","45.98","248","289","46.18","182","218","45.50","13","17","43.33","15.49","18.34","45.78","173","193","47.27","76","81","48.41","5","9","35.71","97","112","46.41","5","5","50.00","171","210","44.88","3","3","50.00","7.14","92.20","0.993","57","106","34","416","62.64","116","137","78","59.79"
"1017","Matt Rempe","NYR","C","59","451.3","375","470","44.38","274","328","45.51","174","208","45.55","19","11","63.33","16.67","22.87","42.17","187","220","45.95","83","100","45.36","11","5","68.75","104","120","46.43","4","3","57.14","186","247","42.96","4","3","57.14","10.92","94.71","1.056","51","100","53","451","49.04","82","124","120","40.59"
"569","Kieffer Bellows","NSH, NYI, PHI","L","47","450.26666666667","371","453","45.02","266","303","46.75","189","194","49.35","8","22","26.67","15.91","18.4","46.38","160","219","42.22","71","81","46.71","4","12","25.00","89","138","39.21","2","8","20.00","176","214","45.13","2","2","50.00","4.23","88.66","0.929","55","88","53","397","50.93","94","126","116","44.76"
"666","Jonas Rondbjerg","VGK","R","46","448.46666666667","389","396","49.55","262","277","48.61","182","170","51.70","6","13","31.58","13.6","14.82","47.85","163","164","49.85","52","66","44.07","2","9","18.18","111","98","53.11","4","3","57.14","200","233","46.19","0","1","0.00","3.30","92.35","0.956","52","120","62","404","45.61","80","153","118","40.40"
"976","Thomas Bordeleau","S.J","C","36","444.76666666667","407","463","46.78","297","339","46.70","183","244","42.86","9","29","23.68","17.47","25.79","40.38","187","223","45.61","78","101","43.58","3","14","17.65","109","122","47.19","4","9","30.77","261","275","48.69","2","5","28.57","4.92","88.11","0.930","50","96","67","363","42.74","122","125","161","43.11"
"586","Keaton Middleton","COL","D","41","440.55","432","389","52.62","303","273","52.60","183","172","51.55","12","13","48.00","17.28","16.32","51.44","185","177","51.10","75","70","51.72","6","8","42.86","110","107","50.69","5","4","55.56","233","224","50.98","1","1","50.00","6.56","92.44","0.990","27","79","41","435","39.71","80","124","110","42.11"
"817","Jack St. Ivany","PIT","D","33","433.66666666667","358","443","44.69","248","309","44.52","158","212","42.70","13","17","43.33","15.35","17.52","46.69","162","190","46.02","62","73","45.93","6","8","42.86","100","117","46.08","3","3","50.00","213","262","44.84","4","6","40.00","8.23","91.98","1.002","41","71","56","399","42.27","96","112","130","42.48"
"1054","Samuel Helenius","L.A","C","50","432","377","419","47.36","257","280","47.86","150","186","44.64","11","10","52.38","14.21","14.56","49.39","160","156","50.63","64","61","51.20","4","7","36.36","96","95","50.26","5","2","71.43","224","238","48.48","2","1","66.67","7.33","94.62","1.020","56","100","29","392","65.88","104","135","94","52.53"
"247","Brendan Gaunce","CBJ, MIN","C","41","428.45","374","475","44.05","264","341","43.64","167","246","40.44","9","20","31.03","16.64","20.37","44.96","161","218","42.48","66","94","41.25","6","12","33.33","95","124","43.38","1","6","14.29","204","286","41.63","0","2","0.00","5.39","91.87","0.973","45","92","60","349","42.86","86","122","145","37.23"
"941","Connor Mackey","ARI, CGY, NYR","D","33","425.25","402","431","48.26","288","334","46.30","209","242","46.34","24","27","47.06","17.78","23.77","42.79","184","235","43.91","69","104","39.88","18","12","60.00","115","131","46.75","3","14","17.65","188","175","51.79","2","1","66.67","11.48","88.84","1.003","51","88","49","436","51.00","113","135","121","48.29"
"911","Cole Schwindt","CGY, VGK","R","46","404.13333333333","318","403","44.11","231","284","44.85","155","176","46.83","15","13","53.57","15.55","15.43","50.20","160","168","48.78","64","61","51.20","8","6","57.14","96","107","47.29","5","4","55.56","185","239","43.63","1","3","25.00","9.68","92.61","1.023","50","109","36","383","58.14","87","153","85","50.58"
"178","Kevin Gravel","NSH","D","29","403.61666666667","331","430","43.50","233","308","43.07","162","216","42.86","10","17","37.04","14.31","18.36","43.80","167","211","44.18","65","72","47.45","5","8","38.46","102","139","42.32","5","8","38.46","154","209","42.42","0","1","0.00","6.17","92.13","0.983","31","73","42","374","42.47","87","120","98","47.03"
"494","Mitchell Stephens","MTL, SEA","C","51","401.46666666667","307","443","40.93","220","310","41.51","144","211","40.56","12","19","38.71","11.42","18.2","38.55","117","191","37.99","47","74","38.84","7","8","46.67","70","117","37.43","5","8","38.46","207","242","46.10","0","3","0.00","8.33","91.00","0.993","51","62","47","416","52.04","90","95","103","46.63"
"969","Sam Colangelo","ANA","R","35","396.71666666667","347","503","40.82","257","373","40.79","163","237","40.75","21","24","46.67","16.31","22.6","41.91","163","226","41.90","66","85","43.71","10","13","43.48","97","141","40.76","5","8","38.46","190","305","38.38","5","3","62.50","12.88","89.87","1.028","64","75","77","295","45.39","114","104","131","46.53"
"638","Alex Barré-Boulet","MTL, T.B","C","39","393.98333333333","379","404","48.40","255","297","46.20","171","211","44.76","11","23","32.35","16.67","20.08","45.36","193","201","48.98","83","86","49.11","9","13","40.91","110","115","48.89","1","5","16.67","197","192","50.64","1","5","16.67","6.43","89.10","0.955","75","87","32","344","70.09","108","119","67","61.71"
"1124","Ivan Miroshnichenko","WSH","L","39","392.56666666667","374","395","48.63","272","280","49.28","163","179","47.66","12","15","44.44","18.43","16.15","53.31","167","171","49.41","71","69","50.71","9","7","56.25","96","102","48.48","2","5","28.57","221","230","49.00","1","3","25.00","7.36","91.62","0.990","56","81","63","306","47.06","107","112","100","51.69"
"1063","Joshua Roy","MTL","R","35","387.2","366","429","46.04","265","310","46.09","169","209","44.71","15","23","39.47","18.41","17.5","51.26","171","185","48.03","76","76","50.00","8","11","42.11","95","109","46.57","2","6","25.00","211","235","47.31","5","6","45.45","8.88","89.00","0.979","66","73","37","336","64.08","110","109","89","55.28"
"457","Anthony Richard","BOS, MTL, PHI","C","37","384.58333333333","334","415","44.59","245","299","45.04","177","209","45.85","19","19","50.00","14.13","16.97","45.44","149","198","42.94","73","75","49.32","7","8","46.67","76","123","38.19","7","7","50.00","188","206","47.72","5","4","55.56","10.73","90.91","1.016","63","86","52","333","54.78","102","119","98","51.00"
"1008","Radim Zohorna","CGY, PIT, TOR","L","43","383.36666666667","396","350","53.08","289","262","52.45","210","178","54.12","15","15","50.00","18.95","16.3","53.76","192","173","52.60","90","72","55.56","6","10","37.50","102","101","50.25","5","4","55.56","195","193","50.26","4","1","80.00","7.14","91.57","0.987","34","69","63","380","35.05","65","96","121","34.95"
"1021","Adam Wilsby","NSH","D","23","380.51666666667","369","332","52.64","250","240","51.02","177","164","51.91","17","14","54.84","16.91","12.18","58.14","172","145","54.26","79","51","60.77","13","4","76.47","93","94","49.73","3","7","30.00","208","219","48.71","1","3","25.00","9.60","91.46","1.011","29","72","52","331","35.80","90","119","126","41.67"
"1141","Marc Gatcomb","NYI","C","39","379.15","309","332","48.21","215","231","48.21","148","152","49.33","14","18","43.75","12.25","16.31","42.90","123","155","44.24","52","75","40.94","9","11","45.00","71","80","47.02","3","3","50.00","192","175","52.32","2","4","33.33","9.46","88.16","0.976","74","86","38","325","66.07","120","131","88","57.69"
"429","Rourke Chartier","OTT","C","43","378.9","321","363","46.93","220","236","48.25","153","168","47.66","9","13","40.91","13.2","14.88","47.01","148","168","46.84","68","61","52.71","5","8","38.46","80","107","42.78","2","4","33.33","164","193","45.94","2","1","66.67","5.88","92.26","0.981","47","94","58","397","44.76","88","130","103","46.07"
"883","Ville Heinola","WPG","D","28","372.41666666667","321","352","47.70","226","253","47.18","138","175","44.09","12","11","52.17","15.3","15.31","49.99","147","144","50.52","68","66","50.75","7","6","53.85","79","78","50.32","4","3","57.14","172","192","47.25","1","2","33.33","8.70","93.71","1.024","34","62","42","352","44.74","69","90","78","46.94"
"975","Brett Berard","NYR","L","35","371.88333333333","336","398","45.78","241","277","46.53","162","182","47.09","13","19","40.63","15.3","19.27","44.25","145","192","43.03","68","86","44.16","6","10","37.50","77","106","42.08","7","8","46.67","194","214","47.55","0","1","0.00","8.02","89.56","0.976","62","78","44","339","58.49","95","104","96","49.74"
"899","Tobias Bjornfot","FLA, L.A, VGK","D","28","365.66666666667","375","338","52.59","277","236","54.00","182","165","52.45","14","19","42.42","16.86","14.82","53.22","176","146","54.66","68","71","48.92","5","11","31.25","108","75","59.02","8","5","61.54","216","198","52.17","1","3","25.00","7.69","88.48","0.962","50","78","42","331","54.35","114","120","87","56.72"
"621","Tanner Laczynski","PHI, VGK","C","40","360.65","266","340","43.89","190","237","44.50","138","164","45.70","7","13","35.00","12.01","14.04","46.10","96","166","36.64","36","61","37.11","5","4","55.56","60","105","36.36","1","5","16.67","142","162","46.71","0","4","0.00","5.07","92.07","0.971","47","76","41","365","53.41","82","113","82","50.00"
"1159","Ivan Ivan","COL","C","40","359.73333333333","329","311","51.41","221","216","50.57","143","146","49.48","13","22","37.14","12.73","15.57","44.98","135","125","51.92","53","49","51.96","5","10","33.33","82","76","51.90","3","5","37.50","167","204","45.01","5","4","55.56","9.09","84.93","0.940","35","78","53","328","39.77","52","114","106","32.91"
"933","Nikita Nesterenko","ANA","C","32","354.15","294","356","45.23","204","271","42.95","144","172","45.57","11","18","37.93","12.93","16.68","43.66","138","171","44.66","56","62","47.46","9","9","50.00","82","109","42.93","0","8","0.00","144","197","42.23","2","1","66.67","7.64","89.53","0.972","34","87","60","264","36.17","74","113","109","40.44"
"1153","Elias Pettersson","VAN","D","28","350.5","338","323","51.13","230","233","49.68","137","142","49.10","5","9","35.71","14.83","14.76","50.13","140","141","49.82","58","52","52.73","1","3","25.00","82","89","47.95","3","2","60.00","222","181","55.09","1","3","25.00","3.65","93.66","0.973","51","68","24","351","68.00","117","92","63","65.00"
"182","Alex Belzile","MTL","R","31","338.36666666667","252","360","41.18","186","250","42.66","139","182","43.30","19","19","50.00","10.68","14.62","42.22","122","177","40.80","49","70","41.18","10","12","45.45","73","107","40.56","6","6","50.00","116","168","40.85","3","1","75.00","13.67","89.56","1.032","37","63","44","296","45.68","64","98","94","40.51"
"1195","Artyom Levshunov","CHI","D","18","337.35","274","341","44.55","198","259","43.33","133","168","44.19","10","22","31.25","11.61","20.46","36.19","122","181","40.26","51","75","40.48","9","5","64.29","71","106","40.11","1","10","9.09","175","175","50.00","0","4","0.00","7.52","86.90","0.944","51","40","30","256","62.96","115","67","73","61.17"
"1130","Owen Pickering","PIT","D","25","336.31666666667","299","308","49.26","213","234","47.65","134","152","46.85","9","14","39.13","13.02","13.12","49.82","126","133","48.65","59","52","53.15","5","7","41.67","67","81","45.27","2","6","25.00","198","196","50.25","2","1","66.67","6.72","90.79","0.975","30","66","52","315","36.59","79","113","102","43.65"
"936","Nikolai Knyzhov","S.J","D","22","336.05","290","372","43.81","209","272","43.45","142","185","43.43","5","24","17.24","13.46","17.53","43.42","136","194","41.21","54","89","37.76","4","13","23.53","82","105","43.85","0","7","0.00","165","195","45.83","1","4","20.00","3.52","87.03","0.905","38","73","51","263","42.70","89","109","125","41.59"
"654","Cale Fleury","SEA","D","27","334.61666666667","348","314","52.57","263","207","55.96","170","144","54.14","12","10","54.55","17.19","11.69","59.51","154","143","51.85","64","50","56.14","1","5","16.67","90","93","49.18","5","4","55.56","200","161","55.40","6","1","85.71","7.06","93.06","1.001","47","58","33","293","58.75","110","86","83","56.99"
"619","Oskar Steen","BOS","C","37","333.4","251","311","44.66","173","205","45.77","119","145","45.08","8","10","44.44","9.31","10.47","47.07","113","124","47.68","42","51","45.16","3","8","27.27","71","73","49.31","4","2","66.67","122","187","39.48","1","0","100.00","6.72","93.10","0.998","21","103","61","304","25.61","40","131","108","27.03"
"762","Martin Kaut","COL, S.J","R","36","333.3","301","312","49.10","212","230","47.96","151","170","47.04","12","14","46.15","13.31","14.38","48.06","155","146","51.50","57","65","46.72","8","7","53.33","98","81","54.75","3","5","37.50","129","153","45.74","1","2","33.33","7.95","91.76","0.997","46","65","50","318","47.92","90","90","109","45.23"
"1148","Adam Klapka","CGY","R","37","331.78333333333","322","367","46.73","213","239","47.12","141","156","47.47","13","17","43.33","13.32","14.3","48.23","131","155","45.80","64","53","54.70","9","9","50.00","67","102","39.64","2","4","33.33","186","208","47.21","2","4","33.33","9.22","89.10","0.983","51","57","28","331","64.56","90","86","83","52.02"
"574","William Lockwood","FLA, VAN","R","39","330.41666666667","288","273","51.34","214","191","52.84","158","127","55.44","5","10","33.33","11.68","9.88","54.19","114","104","52.29","57","46","55.34","2","8","20.00","57","58","49.57","1","1","50.00","159","158","50.16","1","1","50.00","3.16","92.13","0.953","62","88","48","278","56.36","95","110","99","48.97"
"743","James Hamblin","EDM","L","41","321.65","279","298","48.35","192","205","48.36","144","143","50.17","10","10","50.00","11.84","11.84","50.00","134","131","50.57","57","51","52.78","7","7","50.00","77","80","49.04","1","2","33.33","144","174","45.28","2","1","66.67","6.94","93.01","1.000","51","64","35","311","59.30","80","89","89","47.34"
"657","Jake Leschyshyn","NYR, VGK","C","36","319.41666666667","226","325","41.02","169","236","41.73","120","166","41.96","4","15","21.05","9.87","14.3","40.84","99","154","39.13","38","62","38.00","0","9","0.00","61","92","39.87","2","2","50.00","97","143","40.42","1","4","20.00","3.33","90.96","0.943","48","72","29","292","62.34","77","118","79","49.36"
"1149","Filip Roos","CHI","D","21","308.21666666667","240","324","42.55","179","249","41.82","125","182","40.72","10","19","34.48","10.9","14.03","43.71","117","151","43.66","43","57","43.00","6","10","37.50","74","94","44.05","3","4","42.86","118","161","42.29","1","5","16.67","8.00","89.56","0.976","38","52","34","270","52.78","82","81","74","52.56"
"186","Lukas Sedlak","COL, PHI","C","30","306.8","265","283","48.36","202","187","51.93","150","132","53.19","12","9","57.14","12.98","11.51","53.00","118","126","48.36","60","45","57.14","8","6","57.14","58","81","41.73","2","3","40.00","124","136","47.69","1","0","100.00","8.00","93.18","1.012","37","72","46","316","44.58","69","95","80","46.31"
"781","Akil Thomas","L.A","C","32","304.55","265","282","48.45","192","191","50.13","120","132","47.62","9","13","40.91","11.05","10.47","51.34","108","113","48.87","46","46","50.00","5","5","50.00","62","67","48.06","4","4","50.00","161","177","47.63","0","4","0.00","7.50","90.15","0.977","32","55","38","283","45.71","64","90","92","41.03"
"632","Dylan Coghlan","CAR, WPG","D","24","300.16666666667","342","229","59.89","256","166","60.66","158","116","57.66","11","12","47.83","16.78","11.47","59.39","167","120","58.19","79","52","60.31","7","9","43.75","88","68","56.41","4","3","57.14","175","102","63.18","0","0","-","6.96","89.66","0.966","33","67","31","248","51.56","90","95","64","58.44"
"530","Lane Pederson","CBJ, VAN","C","27","299.36666666667","272","317","46.18","202","235","46.22","153","167","47.81","15","16","48.39","14.63","15.01","49.36","140","175","44.44","67","77","46.53","10","8","55.56","73","98","42.69","3","7","30.00","113","126","47.28","2","1","66.67","9.80","90.42","1.002","54","65","45","231","54.55","80","85","90","47.06"
"1162","Max Sasson","VAN","C","29","298.96666666667","238","281","45.86","162","194","45.51","110","127","46.41","11","10","52.38","11.55","10.84","51.58","107","124","46.32","45","52","46.39","6","5","54.55","62","72","46.27","5","3","62.50","138","157","46.78","0","2","0.00","10.00","92.13","1.021","41","64","28","299","59.42","70","93","65","51.85"
"620","Matthew Phillips","CGY, PIT, WSH","C, R","33","294.3","237","313","43.09","162","213","43.20","108","138","43.90","9","11","45.00","11.99","13.11","47.77","118","135","46.64","53","58","47.75","4","5","44.44","65","77","45.77","3","5","37.50","124","165","42.91","2","1","66.67","8.33","92.03","1.004","50","55","32","248","60.98","72","74","64","52.94"
"169","Dylan McIlrath","WSH","D","26","293.16666666667","282","324","46.53","196","225","46.56","121","139","46.54","10","18","35.71","13.4","14.02","48.87","147","147","50.00","61","50","54.95","9","8","52.94","86","97","46.99","1","7","12.50","145","178","44.89","0","3","0.00","8.26","87.05","0.953","30","50","36","300","45.45","81","89","88","47.93"
"1128","Liam Ohgren","MIN","L","28","292.76666666667","252","330","43.30","175","226","43.64","116","142","44.96","9","15","37.50","8.5","12.08","41.30","106","142","42.74","36","55","39.56","3","8","27.27","70","87","44.59","3","4","42.86","154","191","44.64","3","3","50.00","7.76","89.44","0.972","34","50","32","212","51.52","70","92","77","47.62"
"487","Guillaume Brisebois","VAN","D","20","292.15","208","328","38.81","166","228","42.13","117","160","42.24","10","14","41.67","12.01","11.74","50.56","108","153","41.38","47","54","46.53","6","10","37.50","61","99","38.13","3","3","50.00","89","159","35.89","0","1","0.00","8.55","91.25","0.998","37","74","47","296","44.05","74","96","101","42.29"
"1122","Fraser Minten","BOS, TOR","C","25","291.61666666667","223","283","44.07","168","194","46.41","113","125","47.48","8","12","40.00","9.46","13.28","41.59","82","130","38.68","37","57","39.36","5","6","45.45","45","73","38.14","1","5","16.67","149","178","45.57","2","1","66.67","7.08","90.40","0.975","25","55","33","241","43.10","59","81","92","39.07"
"181","Michael Sgarbossa","WSH","C","28","288.8","256","272","48.48","174","185","48.47","115","124","48.12","11","9","55.00","11.04","9.79","53.00","113","102","52.56","42","44","48.84","8","2","80.00","71","58","55.04","2","3","40.00","133","181","42.36","1","4","20.00","9.57","92.74","1.023","32","70","41","236","43.84","46","84","80","36.51"
"1047","Colton Dach","CHI","C","25","286.78333333333","220","315","41.12","163","237","40.75","106","157","40.30","12","15","44.44","10.69","15.46","40.88","98","144","40.50","47","59","44.34","7","5","58.33","51","85","37.50","1","4","20.00","141","186","43.12","4","6","40.00","11.32","90.45","1.018","39","46","31","242","55.71","78","66","78","50.00"
"573","Logan Brown","STL","C","30","285.86666666667","206","275","42.83","149","200","42.69","111","141","44.05","8","12","40.00","7.67","11.46","40.10","100","129","43.67","34","55","38.20","2","11","15.38","66","74","47.14","6","1","85.71","97","127","43.30","0","0","-","7.21","91.49","0.987","32","46","19","262","62.75","67","73","41","62.04"
"162","Chris Wagner","BOS, COL","R","42","285.6","259","285","47.61","184","200","47.92","133","133","50.00","5","10","33.33","8.98","13.04","40.80","95","126","42.99","36","50","41.86","1","6","14.29","59","76","43.70","3","0","100.00","144","161","47.21","1","4","20.00","3.76","92.48","0.962","24","65","40","313","37.50","44","96","89","33.08"
"624","Casey Fitzgerald","BUF, FLA","D","27","278.53333333333","241","253","48.79","183","201","47.66","124","162","43.36","11","15","42.31","10.28","14.03","42.29","120","151","44.28","51","64","44.35","5","8","38.46","69","87","44.23","3","5","37.50","109","88","55.33","3","2","60.00","8.87","90.74","0.996","40","62","33","264","54.79","71","83","57","55.47"
"815","Linus Karlsson","VAN","C","27","267.78333333333","246","247","49.90","169","177","48.84","105","108","49.30","11","6","64.71","12.24","10.3","54.31","116","115","50.22","53","48","52.48","5","0","100.00","63","67","48.46","6","3","66.67","136","142","48.92","0","3","0.00","10.48","94.44","1.049","29","63","26","264","52.73","68","81","79","46.26"
"730","Carson Meyer","CBJ","R","28","259.78333333333","227","274","45.31","160","197","44.82","104","136","43.33","5","9","35.71","9.56","11.8","44.75","98","134","42.24","40","59","40.40","5","4","55.56","58","75","43.61","0","2","0.00","112","137","44.98","0","3","0.00","4.81","93.38","0.982","29","51","37","212","43.94","57","67","78","42.22"
"985","Brendan Brisson","VGK","C","24","259.03333333333","232","273","45.94","166","195","45.98","108","135","44.44","13","20","39.39","10.18","10.8","48.52","114","124","47.90","41","48","46.07","2","6","25.00","73","76","48.99","8","11","42.11","126","159","44.21","3","3","50.00","12.04","85.19","0.972","30","81","31","204","49.18","53","107","60","46.90"
"460","Jakub Zboril","BOS","D","22","257.2","225","248","47.57","177","191","48.10","131","146","47.29","12","13","48.00","11.18","11.04","50.31","116","125","48.13","48","53","47.52","5","8","38.46","68","72","48.57","4","3","57.14","93","104","47.21","2","2","50.00","9.16","91.10","1.003","36","61","32","227","52.94","75","81","65","53.57"
"1117","Jonathan Lekkerimaki","VAN","R","24","254.45","245","220","52.69","175","163","51.78","111","97","53.37","8","13","38.10","11.85","10.82","52.27","104","103","50.24","47","51","47.96","4","7","36.36","57","52","52.29","2","2","50.00","142","118","54.62","2","3","40.00","7.21","86.60","0.938","50","53","22","258","69.44","75","79","53","58.59"
"924","Maxwell Crozier","T.B","D","18","250.46666666667","237","209","53.14","169","150","52.98","102","105","49.28","9","11","45.00","10.1","7.3","58.04","104","90","53.61","46","22","67.65","7","6","53.85","58","68","46.03","2","4","33.33","126","131","49.03","0","1","0.00","8.82","89.52","0.983","21","51","35","219","37.50","50","78","72","40.98"
"1038","Scott Morrow","CAR","D","16","248.25","312","219","58.76","218","168","56.48","148","114","56.49","15","14","51.72","14.62","12.79","53.35","157","116","57.51","55","54","50.46","9","6","60.00","102","62","62.20","6","5","54.55","178","111","61.59","0","3","0.00","10.14","87.72","0.979","39","63","27","152","59.09","92","92","47","66.19"
"129","Byron Froese","VGK","C","25","246.78333333333","200","240","45.45","151","158","48.87","105","105","50.00","6","8","42.86","8.95","8.09","52.50","98","118","45.37","44","33","57.14","4","2","66.67","54","85","38.85","2","4","33.33","87","122","41.63","0","2","0.00","5.71","92.38","0.981","17","61","37","231","31.48","31","80","67","31.63"
"407","Justin Kirkland","ANA, ARI, CGY","C","30","246.48333333333","209","276","43.09","147","193","43.24","96","134","41.74","11","8","57.89","8.26","10.13","44.93","94","113","45.41","44","40","52.38","8","1","88.89","50","73","40.65","2","5","28.57","116","178","39.46","1","2","33.33","11.46","94.03","1.055","24","41","54","238","30.77","58","70","115","33.53"
"1146","Ethen Frank","WSH","C","24","245.13333333333","243","227","51.70","179","148","54.74","109","89","55.05","11","8","57.89","11.25","8.92","55.76","107","110","49.31","50","38","56.82","4","5","44.44","57","72","44.19","4","2","66.67","136","117","53.75","3","1","75.00","10.09","91.01","1.011","43","39","30","197","58.90","69","54","56","55.20"
"801","Jordan Gross","NSH","D","15","244.46666666667","234","249","48.45","166","193","46.24","111","137","44.76","12","14","46.15","10.64","12.72","45.54","113","131","46.31","48","63","43.24","5","6","45.45","65","68","48.87","1","4","20.00","104","104","50.00","6","4","60.00","10.81","89.78","1.006","47","34","22","190","68.12","94","64","48","66.20"
"1062","Brennan Othmann","NYR","L","25","241.08333333333","257","239","51.81","184","173","51.54","118","115","50.64","12","5","70.59","10.54","10.31","50.55","115","116","49.78","46","51","47.42","3","4","42.86","69","65","51.49","5","0","100.00","159","111","58.89","4","1","80.00","10.17","95.65","1.058","51","51","11","239","82.26","80","72","31","72.07"
"776","Grigori Denisenko","FLA, VGK","L","25","240.63333333333","191","246","43.71","131","172","43.23","84","120","41.18","6","14","30.00","7.31","10.94","40.07","77","121","38.89","32","47","40.51","1","6","14.29","45","74","37.82","2","6","25.00","99","124","44.39","3","2","60.00","7.14","88.33","0.955","26","71","29","195","47.27","52","86","70","42.62"
"612","Lucas Carlsson","FLA, S.J","D","15","240.43333333333","240","285","45.71","159","202","44.04","106","126","45.69","11","14","44.00","10.11","12.53","44.66","103","127","44.78","35","48","42.17","8","8","50.00","68","79","46.26","2","4","33.33","146","172","45.91","1","1","50.00","10.38","88.89","0.993","24","48","32","211","42.86","78","72","74","51.32"
"715","Jacob Peterson","DAL, S.J","C","18","236.73333333333","198","269","42.40","147","199","42.49","106","138","43.44","7","20","25.93","10.21","14.81","40.81","102","154","39.84","42","68","38.18","6","9","40.00","60","86","41.10","1","6","14.29","110","131","45.64","0","4","0.00","6.60","85.51","0.921","31","56","43","184","41.89","75","72","80","48.39"
"315","John Hayden","SEA","C","29","236.36666666667","242","241","50.10","178","162","52.35","117","112","51.09","7","6","53.85","12.31","10.23","54.62","99","104","48.77","49","52","48.51","5","3","62.50","50","52","49.02","1","3","25.00","134","116","53.60","1","0","100.00","5.98","94.64","1.006","31","59","15","226","67.39","54","78","45","54.55"
"515","Christian Wolanin","VAN","D","16","233.33333333333","219","226","49.21","172","166","50.89","122","112","52.14","10","5","66.67","12.44","11.79","51.34","127","103","55.22","59","44","57.28","7","2","77.78","68","59","53.54","2","2","50.00","75","96","43.86","1","1","50.00","8.20","95.54","1.037","40","34","15","214","72.73","77","56","42","64.71"
"421","Max Willman","N.J, PHI","C","27","230.5","166","231","41.81","126","168","42.86","93","134","40.97","6","8","42.86","4.93","11.12","30.72","57","120","32.20","22","51","30.14","3","4","42.86","35","69","33.65","3","3","50.00","104","108","49.06","0","1","0.00","6.45","94.03","1.005","30","51","34","229","46.88","45","64","66","40.54"
"1116","Maveric Lamoureux","UTA","D","15","230.38333333333","229","171","57.25","150","124","54.74","89","87","50.57","10","7","58.82","8.93","6.66","57.28","94","71","56.97","32","23","58.18","5","2","71.43","62","48","56.36","4","2","66.67","143","108","56.97","1","3","25.00","11.24","91.95","1.032","33","39","35","217","48.53","72","69","64","52.94"
"283","Dominic Toninato","WPG","C","25","229.95","218","209","51.05","155","141","52.36","106","96","52.48","10","3","76.92","7.67","6.78","53.05","87","78","52.73","26","30","46.43","4","3","57.14","61","48","55.96","3","0","100.00","122","128","48.80","2","0","100.00","9.43","96.88","1.063","28","48","40","213","41.18","52","65","59","46.85"
"765","Michael Callahan","BOS","D","17","224.21666666667","200","268","42.74","145","204","41.55","97","128","43.11","9","14","39.13","8.5","12.88","39.75","84","113","42.64","29","51","36.25","7","4","63.64","55","62","47.01","0","7","0.00","111","165","40.22","2","3","40.00","9.28","89.06","0.983","5","40","39","228","11.36","27","58","77","25.96"
"738","Trey Fix-Wolansky","CBJ","R","20","221.55","220","265","45.36","155","188","45.19","116","125","48.13","8","13","38.10","8.47","12.78","39.87","95","133","41.67","33","62","34.74","4","7","36.36","62","71","46.62","4","2","66.67","115","121","48.73","0","4","0.00","6.90","89.60","0.965","42","37","24","179","63.64","71","54","55","56.35"
"794","Ty Smith","CAR, PIT","D","17","221.2","247","187","56.91","174","140","55.41","119","91","56.67","10","6","62.50","10.43","8.01","56.57","113","96","54.07","48","36","57.14","6","3","66.67","65","60","52.00","3","3","50.00","139","85","62.05","1","0","100.00","8.40","93.41","1.018","54","48","12","163","81.82","109","67","45","70.78"
"1119","Tristan Luneau","ANA","D","13","220.95","194","226","46.19","137","176","43.77","91","116","43.96","8","12","40.00","8.79","14.1","38.41","91","124","42.33","33","64","34.02","5","9","35.71","58","60","49.15","3","3","50.00","119","120","49.79","0","0","-","8.79","89.66","0.984","36","39","34","143","51.43","75","52","67","52.82"
"1078","Nick Cicek","S.J","D","16","219.15","154","229","40.21","113","156","42.01","78","115","40.41","4","11","26.67","6.3","9.58","39.66","75","106","41.44","29","39","42.65","4","5","44.44","46","67","40.71","0","4","0.00","75","125","37.50","0","2","0.00","5.13","90.43","0.956","14","32","25","213","35.90","41","57","67","37.96"
"334","Laurent Dauphin","ARI","C","21","218.13333333333","188","214","46.77","126","160","44.06","86","114","43.00","3","7","30.00","7.6","10.05","43.05","89","103","46.35","32","43","42.67","2","4","33.33","57","60","48.72","0","3","0.00","85","95","47.22","1","0","100.00","3.49","93.86","0.973","32","46","31","192","50.79","51","58","57","47.22"
"1092","Arshdeep Bains","VAN","L","21","216.6","187","212","46.87","127","150","45.85","81","105","43.55","3","13","18.75","7.72","9.61","44.55","72","87","45.28","32","45","41.56","2","6","25.00","40","42","48.78","1","5","16.67","125","136","47.89","0","2","0.00","3.70","87.62","0.913","39","50","38","195","50.65","69","70","76","47.59"
"959","Danil Gushchin","S.J","L","18","216.01666666667","179","245","42.22","126","165","43.30","81","116","41.12","6","12","33.33","6.28","10.46","37.50","71","119","37.37","24","41","36.92","2","4","33.33","47","78","37.60","3","6","33.33","121","137","46.90","1","1","50.00","7.41","89.66","0.971","28","40","31","166","47.46","58","61","63","47.93"
"723","Ben Jones","MIN","C","26","214.63333333333","168","262","39.07","120","184","39.47","88","118","42.72","3","6","33.33","6.51","9.23","41.36","68","108","38.64","29","40","42.03","0","4","0.00","39","68","36.45","2","1","66.67","101","174","36.73","1","1","50.00","3.41","94.92","0.983","17","53","23","192","42.50","34","66","67","33.66"
"1064","Ryan Winterton","SEA","C","21","213.28333333333","181","221","45.02","124","148","45.59","82","106","43.62","4","16","20.00","7.01","9.16","43.35","66","95","40.99","25","36","40.98","2","5","28.57","41","59","41.00","2","6","25.00","122","122","50.00","0","5","0.00","4.88","84.91","0.898","33","34","21","199","61.11","57","54","56","50.44"
"1086","Tyson Kozak","BUF","C","21","213.06666666667","161","221","42.15","122","156","43.88","77","98","44.00","6","8","42.86","6.89","8.66","44.32","68","101","40.24","32","29","52.46","3","4","42.86","36","72","33.33","2","2","50.00","97","140","40.93","1","2","33.33","7.79","91.84","0.996","25","74","35","193","41.67","39","98","72","35.14"
"558","Markus Niemelainen","EDM","D","23","212.56666666667","198","216","47.83","146","167","46.65","106","115","47.96","11","8","57.89","9.96","10.31","49.13","106","101","51.21","42","41","50.60","6","4","60.00","64","60","51.61","2","4","33.33","77","93","45.29","3","0","100.00","10.38","93.04","1.034","37","43","26","186","58.73","77","75","68","53.10"
"1030","Matt Kiersted","FLA","D","22","212.48333333333","242","183","56.94","173","146","54.23","132","100","56.90","11","6","64.71","12","8.36","58.95","132","80","62.26","62","37","62.63","7","2","77.78","70","43","61.95","4","2","66.67","97","94","50.79","0","2","0.00","8.33","94.00","1.023","25","45","12","218","67.57","54","63","44","55.10"
"1018","Ilya Solovyov","CGY","D","15","211.61666666667","204","226","47.44","146","152","48.99","98","97","50.26","3","11","21.43","7.81","9.68","44.65","78","99","44.07","36","50","41.86","2","8","20.00","42","49","46.15","0","1","0.00","132","132","50.00","1","2","33.33","3.06","88.66","0.917","23","35","23","220","50.00","61","59","60","50.41"
"554","Libor Hajek","NYR","D","16","210.51666666667","162","220","42.41","117","149","43.98","89","106","45.64","7","5","58.33","6.92","7.93","46.59","71","96","42.51","33","30","52.38","3","2","60.00","38","66","36.54","1","2","33.33","80","104","43.48","3","1","75.00","7.87","95.28","1.031","23","29","21","193","52.27","57","50","59","49.14"
"824","Angus Crookshank","OTT","L","21","206.78333333333","195","188","50.91","125","126","49.80","82","90","47.67","8","12","40.00","6.93","7.3","48.69","82","77","51.57","26","26","50.00","2","7","22.22","56","51","52.34","4","4","50.00","115","117","49.57","2","1","66.67","9.76","86.67","0.964","41","38","26","179","61.19","55","51","56","49.55"
"891","Egor Afanasyev","NSH","L","19","204.38333333333","157","225","41.10","112","165","40.43","85","108","44.04","3","11","21.43","5.42","10.73","33.56","65","118","35.52","21","53","28.38","3","8","27.27","44","65","40.37","0","2","0.00","82","94","46.59","0","1","0.00","3.53","89.81","0.933","22","40","26","188","45.83","40","56","65","38.10"
"1102","Luca Del Bel Belluz","CBJ","C","16","203.71666666667","143","210","40.51","104","136","43.33","70","80","46.67","13","10","56.52","6.52","6.81","48.89","58","91","38.93","29","33","46.77","6","5","54.55","29","58","33.33","3","3","50.00","96","131","42.29","4","2","66.67","18.57","87.50","1.061","33","36","29","153","53.23","59","52","59","50.00"
"533","Rodrigo Abols","PHI","C","22","201.2","189","203","48.21","135","137","49.63","84","113","42.64","7","17","29.17","9.24","7.74","54.39","94","101","48.21","39","33","54.17","2","5","28.57","55","68","44.72","3","9","25.00","110","96","53.40","2","3","40.00","8.33","84.96","0.933","36","29","20","185","64.29","63","41","40","61.17"
"615","Joona Koppanen","BOS, PIT","L","20","200.43333333333","136","181","42.90","100","132","43.10","63","88","41.72","5","8","38.46","4.45","7.75","36.45","59","73","44.70","25","37","40.32","4","4","50.00","34","36","48.57","0","3","0.00","71","124","36.41","1","1","50.00","7.94","90.91","0.988","7","40","58","166","10.77","18","56","93","16.22"
"802","Lawrence Pilut","BUF","D","17","200.23333333333","174","162","51.79","134","124","51.94","97","93","51.05","9","13","40.91","7.56","9.42","44.54","85","96","46.96","35","40","46.67","2","8","20.00","50","56","47.17","2","2","50.00","79","55","58.96","5","3","62.50","9.28","86.02","0.953","26","38","31","201","45.61","46","49","55","45.54"
"852","Ronnie Attard","PHI","D","14","193.86666666667","214","177","54.73","161","113","58.76","108","77","58.38","7","6","53.85","9.49","7.68","55.28","91","82","52.60","34","39","46.58","2","1","66.67","57","43","57.00","3","3","50.00","133","95","58.33","2","2","50.00","6.48","92.21","0.987","20","39","21","186","48.78","61","56","34","64.21"
"1151","Pavol Regenda","ANA","L","19","193.7","162","197","45.13","129","155","45.42","91","118","43.54","4","8","33.33","7.5","9.16","45.03","86","98","46.74","38","42","47.50","2","4","33.33","48","56","46.15","1","2","33.33","71","95","42.77","1","2","33.33","4.40","93.22","0.976","33","40","29","155","53.23","56","53","50","52.83"
"870","Adam Beckman","MIN","L","20","193.15","168","199","45.78","126","147","46.15","80","98","44.94","2","6","25.00","6.69","8.39","44.37","64","87","42.38","20","41","32.79","1","5","16.67","44","46","48.89","1","1","50.00","85","115","42.50","0","0","-","2.50","93.88","0.964","19","38","29","159","39.58","38","49","58","39.58"
"102","Alex Chiasson","DET","R","20","188.43333333333","133","151","46.83","94","111","45.85","62","70","46.97","4","11","26.67","5.64","8.28","40.54","55","66","45.45","25","30","45.45","1","8","11.11","30","36","45.45","2","1","66.67","69","77","47.26","1","2","33.33","6.45","84.29","0.907","33","37","22","171","60.00","56","55","51","52.34"
"633","Matt Luff","DET","R","19","187.41666666667","134","185","42.01","94","135","41.05","65","101","39.16","5","9","35.71","6.33","7.78","44.85","64","86","42.67","31","38","44.93","4","6","40.00","33","48","40.74","0","1","0.00","54","84","39.13","1","2","33.33","7.69","91.09","0.988","35","36","22","156","61.40","42","45","47","47.19"
"259","Derrick Pouliot","DAL, S.J","D","13","184.31666666667","186","173","51.81","132","130","50.38","103","97","51.50","8","10","44.44","8.66","9.12","48.71","97","90","51.87","46","42","52.27","3","8","27.27","51","48","51.52","3","1","75.00","98","89","52.41","2","1","66.67","7.77","89.69","0.975","28","40","17","148","62.22","62","69","60","50.82"
"1147","Milos Kelemen","ARI","L","24","182.73333333333","135","193","41.16","89","143","38.36","58","91","38.93","3","10","23.08","4.54","9.05","33.42","53","97","35.33","20","43","31.75","1","5","16.67","33","54","37.93","2","4","33.33","80","98","44.94","0","1","0.00","5.17","89.01","0.942","25","48","33","173","43.10","44","64","61","41.90"
"932","Lukas Rousek","BUF","R","17","181.25","151","160","48.55","99","116","46.05","63","70","47.37","8","7","53.33","5.92","7.3","44.77","69","82","45.70","26","39","40.00","3","4","42.86","43","43","50.00","4","2","66.67","95","88","51.91","1","1","50.00","12.70","90.00","1.027","38","29","22","139","63.33","51","38","41","55.43"
"731","Grant Hutton","NYI","D","15","178.11666666667","130","178","42.21","99","128","43.61","68","84","44.74","6","4","60.00","6.65","8.93","42.65","66","86","43.42","24","42","36.36","4","1","80.00","42","44","48.84","1","1","50.00","65","81","44.52","0","2","0.00","8.82","95.24","1.041","11","25","20","217","35.48","27","35","35","43.55"
"428","Anders Bjork","BUF, CHI","L","14","176.5","155","152","50.49","113","115","49.56","90","86","51.14","9","5","64.29","7.54","6.65","53.10","82","69","54.30","26","28","48.15","4","2","66.67","56","41","57.73","4","2","66.67","61","73","45.52","1","1","50.00","10.00","94.19","1.042","17","34","18","135","48.57","45","56","41","52.33"
"1132","Sam Rinzel","CHI","D","9","175.13333333333","157","173","47.58","122","136","47.29","73","85","46.20","8","9","47.06","8.81","9.4","48.36","73","104","41.24","32","44","42.11","5","2","71.43","41","60","40.59","1","5","16.67","83","87","48.82","2","2","50.00","10.96","89.41","1.004","16","31","25","119","39.02","44","50","56","44.00"
"843","Joe Snively","WSH","C","15","174.5","160","181","46.92","110","129","46.03","87","87","50.00","9","7","56.25","6.97","7.59","47.85","71","89","44.38","32","31","50.79","3","2","60.00","39","58","40.21","4","3","57.14","71","77","47.97","2","2","50.00","10.34","91.95","1.023","35","37","36","118","49.30","59","49","63","48.36"
"928","Andre Lee","L.A","L","19","173.75","149","145","50.68","98","96","50.52","57","65","46.72","3","8","27.27","7.02","4.85","59.11","69","57","54.76","27","20","57.45","2","1","66.67","42","37","53.16","1","4","20.00","79","86","47.88","0","3","0.00","5.26","87.69","0.930","19","32","13","164","59.38","35","51","30","53.85"
"337","Nic Petan","MIN","C","16","172.18333333333","155","175","46.97","112","119","48.48","83","87","48.82","9","11","45.00","6.44","7.39","46.53","61","78","43.88","25","37","40.32","5","8","38.46","36","41","46.75","3","2","60.00","93","90","50.82","1","1","50.00","10.84","87.36","0.982","28","25","28","131","50.00","58","42","54","51.79"
"493","Kyle Capobianco","DAL, WPG","D","15","170.81666666667","163","133","55.07","124","102","54.87","88","74","54.32","7","8","46.67","6.34","6.03","51.23","75","50","60.00","30","25","54.55","3","3","50.00","45","25","64.29","2","0","100.00","72","65","52.55","2","3","40.00","7.95","89.19","0.971","31","29","20","168","60.78","64","45","42","60.38"
"1189","Waltteri Merela","T.B","C","19","170.75","135","136","49.82","86","93","48.04","62","69","47.33","4","2","66.67","5.04","6.48","43.74","59","53","52.68","27","22","55.10","2","1","66.67","32","31","50.79","2","0","100.00","73","85","46.20","0","1","0.00","6.45","97.10","1.036","25","45","26","143","49.02","33","61","49","40.24"
"1070","Oliver Kapanen","MTL","C","18","169.86666666667","140","193","42.04","84","135","38.36","55","97","36.18","4","9","30.77","4.6","10.72","30.03","71","89","44.38","21","47","30.88","1","9","10.00","50","42","54.35","3","0","100.00","69","103","40.12","0","0","-","7.27","90.72","0.980","25","35","24","138","51.02","42","52","46","47.73"
"95","Jordie Benn","TOR","D","12","168.51666666667","155","176","46.83","115","121","48.73","77","78","49.68","7","9","43.75","6.54","6.6","49.77","81","94","46.29","27","31","46.55","4","1","80.00","54","63","46.15","2","6","25.00","61","76","44.53","1","2","33.33","9.09","88.46","0.976","18","34","24","148","42.86","46","61","57","44.66"
"1187","Jiri Smejkal","OTT","L","20","164.98333333333","140","192","42.17","103","120","46.19","57","83","40.71","2","7","22.22","5.13","6.87","42.75","55","79","41.04","13","32","28.89","0","3","0.00","42","47","47.19","1","1","50.00","81","109","42.63","1","3","25.00","3.51","91.57","0.951","24","24","18","160","57.14","39","36","41","48.75"
"521","Rudolfs Balcers","FLA, T.B","L","17","164.8","182","135","57.41","134","102","56.78","107","77","58.15","8","9","47.06","8.81","7.29","54.72","98","56","63.64","37","33","52.86","4","7","36.36","61","23","72.62","1","0","100.00","85","74","53.46","3","2","60.00","7.48","88.31","0.958","39","35","20","133","66.10","65","56","46","58.56"
"438","Bokondji Imama","ARI, OTT, PIT","L","27","161.58333333333","131","164","44.41","94","113","45.41","47","78","37.60","5","4","55.56","3.42","7.15","32.35","51","73","41.13","15","35","30.00","4","1","80.00","36","38","48.65","1","3","25.00","83","83","50.00","0","0","-","10.64","94.87","1.055","23","38","16","169","58.97","39","52","34","53.42"
"1100","Seamus Casey","N.J","D","14","161.43333333333","134","176","43.23","99","127","43.81","64","79","44.76","8","5","61.54","5.35","8.13","39.72","58","84","40.85","21","32","39.62","2","0","100.00","37","52","41.57","5","1","83.33","98","94","51.04","1","4","20.00","12.50","93.67","1.062","31","25","12","137","72.09","61","36","30","67.03"
"241","Ryan Murray","EDM","D","13","160.95","140","148","48.61","103","106","49.28","75","83","47.47","5","9","35.71","6.53","7.2","47.58","74","68","52.11","32","27","54.24","5","3","62.50","42","41","50.60","0","3","0.00","60","76","44.12","0","3","0.00","6.67","89.16","0.958","24","30","22","128","52.17","53","47","57","48.18"
"305","Andreas Johnsson","N.J, S.J","L","13","160.15","149","139","51.74","98","111","46.89","71","82","46.41","5","10","33.33","6.36","8.27","43.47","68","70","49.28","31","29","51.67","1","6","14.29","37","41","47.44","2","2","50.00","91","74","55.15","2","1","66.67","7.04","87.80","0.948","24","36","27","120","47.06","52","48","49","51.49"
"844","Corey Schueneman","MTL, STL","D","11","156.78333333333","133","139","48.90","105","85","55.26","77","58","57.04","5","4","55.56","5.49","6.03","47.66","62","70","46.97","22","32","40.74","4","3","57.14","40","38","51.28","1","1","50.00","70","61","53.44","0","0","-","6.49","93.10","0.996","23","32","16","109","58.97","48","48","31","60.76"
"1201","Juha Jaaska","CAR","L","18","156.61666666667","173","103","62.68","129","76","62.93","83","44","65.35","5","6","45.45","6.19","3.44","64.25","56","52","51.85","22","14","61.11","3","3","50.00","34","38","47.22","1","3","25.00","130","57","69.52","1","0","100.00","6.02","86.36","0.924","36","36","16","121","69.23","58","47","36","61.70"
"1093","Marc McLaughlin","BOS, N.J","C","17","156.28333333333","121","147","45.15","87","102","46.03","52","71","42.28","5","7","41.67","5.03","6.47","43.73","51","67","43.22","21","28","42.86","2","3","40.00","30","39","43.48","3","2","60.00","71","91","43.83","0","2","0.00","9.62","90.14","0.998","21","43","34","143","38.18","31","56","62","33.33"
"426","Dysin Mayo","ARI","D","15","155.46666666667","95","147","39.26","69","98","41.32","51","73","41.13","3","12","20.00","3.48","6.19","36.01","45","80","36.00","15","31","32.61","0","7","0.00","30","49","37.97","1","4","20.00","42","54","43.75","2","1","66.67","5.88","83.56","0.894","17","51","34","130","33.33","33","65","64","34.02"
"917","Santeri Hatakka","N.J","D","12","155.36666666667","158","156","50.32","120","114","51.28","83","86","49.11","11","7","61.11","8.02","6.89","53.80","68","73","48.23","35","26","57.38","6","3","66.67","33","47","41.25","4","2","66.67","93","87","51.67","1","2","33.33","13.25","91.86","1.051","25","40","22","151","53.19","44","58","40","52.38"
"28","Patric Hornqvist","FLA","R","22","154.48333333333","169","149","53.14","129","113","53.31","92","74","55.42","3","7","30.00","7.86","8.37","48.42","82","65","55.78","33","31","51.56","2","1","66.67","49","34","59.04","0","2","0.00","72","68","51.43","1","3","25.00","3.26","90.54","0.938","27","42","18","148","60.00","40","53","44","47.62"
"410","Louie Belpedio","PHI","D","12","150.11666666667","127","163","43.79","91","106","46.19","68","62","52.31","9","3","75.00","5.04","6.69","42.98","59","77","43.38","22","28","44.00","4","3","57.14","37","49","43.02","2","0","100.00","72","79","47.68","3","0","100.00","13.24","95.16","1.084","18","35","18","134","50.00","42","48","33","56.00"
"764","Patrick Giles","FLA, S.J","R","17","149.91666666667","114","164","41.01","84","121","40.98","52","75","40.94","2","5","28.57","3.83","6.35","37.59","46","57","44.66","15","23","39.47","2","2","50.00","31","34","47.69","0","2","0.00","70","103","40.46","0","1","0.00","3.85","93.33","0.972","25","39","18","133","58.14","39","45","34","53.42"
"851","Nolan Foote","N.J","L","17","149.78333333333","147","134","52.31","104","92","53.06","71","63","52.99","6","5","54.55","6.03","5.05","54.42","56","69","44.80","22","24","47.83","3","3","50.00","34","45","43.04","2","1","66.67","92","65","58.60","1","1","50.00","8.45","92.06","1.005","26","22","15","160","63.41","43","30","30","58.90"
"1067","Fabian Lysell","BOS","R","12","149.36666666667","104","137","43.15","75","100","42.86","46","69","40.00","5","9","35.71","4.03","5.86","40.74","41","70","36.94","17","21","44.74","3","1","75.00","24","49","32.88","0","7","0.00","80","68","54.05","2","1","66.67","10.87","86.96","0.978","27","25","14","122","65.85","42","38","33","56.00"
"790","Adam Ginning","PHI","D","11","148.53333333333","164","127","56.36","113","88","56.22","78","65","54.55","5","6","45.45","7.27","6.49","52.82","77","59","56.62","36","27","57.14","2","2","50.00","41","32","56.16","1","2","33.33","86","63","57.72","2","2","50.00","6.41","90.77","0.972","15","26","11","147","57.69","38","42","19","66.67"
"581","Victor Mete","PHI, TOR","D","12","144.28333333333","119","160","42.65","83","116","41.71","63","85","42.57","8","5","61.54","5.2","7.53","40.84","66","83","44.30","25","30","45.45","3","2","60.00","41","53","43.62","2","3","40.00","48","74","39.34","3","0","100.00","12.70","94.12","1.068","16","20","22","148","42.11","36","30","38","48.65"
"689","Jack Rathbone","VAN","D","11","142.58333333333","113","152","42.64","76","114","40.00","54","77","41.22","7","8","46.67","5.22","8.07","39.27","55","75","42.31","26","31","45.61","6","5","54.55","29","44","39.73","1","2","33.33","47","76","38.21","0","1","0.00","12.96","89.61","1.026","18","24","10","142","64.29","40","35","39","50.63"
"63","Jakub Voracek","CBJ","R","11","140.63333333333","125","175","41.67","94","134","41.23","69","98","41.32","7","12","36.84","5.26","9.78","34.98","57","85","40.14","18","30","37.50","2","6","25.00","39","55","41.49","1","2","33.33","61","82","42.66","4","3","57.14","10.14","87.76","0.979","38","26","21","96","64.41","59","38","39","60.20"
"1127","Jani Nyman","SEA","R","12","139.98333333333","123","161","43.31","94","116","44.76","55","76","41.98","4","6","40.00","5.27","8.28","38.90","58","70","45.31","19","27","41.30","3","3","50.00","39","43","47.56","1","1","50.00","75","98","43.35","0","1","0.00","7.27","92.11","0.994","20","24","20","96","50.00","36","36","41","46.75"
"832","Cole Reinhardt","OTT","L","17","139.43333333333","108","140","43.55","78","101","43.58","53","63","45.69","4","8","33.33","3.55","6.32","35.93","52","60","46.43","18","29","38.30","2","3","40.00","34","31","52.31","2","4","33.33","63","88","41.72","0","1","0.00","7.55","87.30","0.948","20","36","25","145","44.44","26","46","43","37.68"
"1080","Jesper Froden","SEA","R","14","138.53333333333","141","116","54.86","107","88","54.87","69","64","51.88","7","3","70.00","6.07","4.81","55.78","66","51","56.41","30","22","57.69","2","3","40.00","36","29","55.38","3","0","100.00","61","55","52.59","2","0","100.00","10.14","95.31","1.055","29","26","17","114","63.04","40","34","43","48.19"
"861","Raphael Lavoie","EDM, VGK","C","16","136.91666666667","133","125","51.55","82","100","45.05","52","71","42.28","1","7","12.50","5.42","5.48","49.73","61","59","50.83","23","22","51.11","0","3","0.00","38","37","50.67","0","3","0.00","72","66","52.17","1","1","50.00","1.92","90.14","0.921","31","28","16","116","65.96","49","35","32","60.49"
"1068","Isak Rosen","BUF","R","15","135.6","128","144","47.06","88","114","43.56","62","77","44.60","2","8","20.00","4.73","7.1","39.98","62","65","48.82","25","32","43.86","1","4","20.00","37","33","52.86","1","3","25.00","80","97","45.20","0","1","0.00","3.23","89.61","0.928","23","32","28","112","45.10","42","36","43","49.41"
"1180","Akito Hirose","VAN","D","10","135.18333333333","79","129","37.98","59","92","39.07","39","69","36.11","3","2","60.00","3.23","6.33","33.80","41","73","35.96","18","36","33.33","2","2","50.00","23","37","38.33","0","0","-","36","55","39.56","1","0","100.00","7.69","97.10","1.048","10","30","10","134","50.00","26","43","29","47.27"
"849","Noah Philp","EDM","C","15","134.23333333333","133","109","54.96","97","72","57.40","65","55","54.17","5","4","55.56","6.04","4.81","55.64","62","42","59.62","26","16","61.90","3","1","75.00","36","26","58.06","1","1","50.00","77","69","52.74","1","2","33.33","7.69","92.73","1.004","27","27","10","129","72.97","48","32","25","65.75"
"840","Samuel Fagemo","L.A, NSH","L","17","134.15","114","125","47.70","81","88","47.93","53","70","43.09","3","8","27.27","4.31","5.46","44.08","51","63","44.74","19","27","41.30","1","4","20.00","32","36","47.06","2","3","40.00","66","57","53.66","0","1","0.00","5.66","88.57","0.942","25","29","15","130","62.50","41","42","28","59.42"
"67","Wayne Simmonds","TOR","R","18","133.58333333333","111","124","47.23","79","87","47.59","48","63","43.24","4","3","57.14","4.67","5.67","45.17","49","64","43.36","23","28","45.10","3","0","100.00","26","36","41.94","0","3","0.00","53","49","51.96","1","0","100.00","8.33","95.24","1.036","18","25","7","156","72.00","33","38","22","60.00"
"724","Samuel Walker","MIN","C","13","132.66666666667","99","125","44.20","84","88","48.84","59","69","46.09","3","7","30.00","4.66","5.34","46.62","44","63","41.12","14","21","40.00","2","4","33.33","30","42","41.67","0","2","0.00","49","63","43.75","1","1","50.00","5.08","89.86","0.949","19","23","27","93","41.30","31","37","45","40.79"
"1056","Logan Mailloux","MTL","D","8","132.16666666667","138","161","46.15","105","123","46.05","69","81","46.00","9","13","40.91","8.08","9.92","44.87","64","75","46.04","31","42","42.47","4","8","33.33","33","33","50.00","5","2","71.43","83","79","51.23","0","3","0.00","13.04","83.95","0.970","15","26","12","96","55.56","43","50","23","65.15"
"1012","Billy Sweezey","CBJ","D","9","131.93333333333","91","168","35.14","68","131","34.17","39","87","30.95","3","6","33.33","4.13","8.04","33.95","45","86","34.35","19","37","33.93","2","2","50.00","26","49","34.67","1","3","25.00","37","74","33.33","0","1","0.00","7.69","93.10","1.008","17","19","20","114","45.95","29","32","36","44.62"
"956","Daemon Hunt","MIN","D","13","130.25","155","127","54.96","114","87","56.72","77","53","59.23","3","3","50.00","5.76","6.24","48.00","76","64","54.29","24","30","44.44","2","1","66.67","52","34","60.47","1","1","50.00","93","64","59.24","0","1","0.00","3.90","94.34","0.982","15","23","9","112","62.50","46","36","22","67.65"
"571","Riley Tufte","BOS, COL, DAL","L","14","130.05","86","129","40.00","55","107","33.95","39","64","37.86","2","8","20.00","2.5","6.66","27.30","38","65","36.89","11","31","26.19","1","3","25.00","27","34","44.26","0","5","0.00","59","59","50.00","1","0","100.00","5.13","87.50","0.926","18","26","17","120","51.43","33","36","40","45.21"
"1098","Owen Beck","MTL","C","13","129.41666666667","119","138","46.30","80","94","45.98","56","52","51.85","2","5","28.57","5.43","5.63","49.10","53","62","46.09","22","27","44.90","1","3","25.00","31","35","46.97","1","2","33.33","76","67","53.15","0","0","-","3.57","90.38","0.940","28","25","20","97","58.33","42","32","32","56.76"
"1060","James Malatesta","CBJ","L","13","129.05","91","148","38.08","63","114","35.59","43","73","37.07","5","7","41.67","3.57","7.6","31.98","42","75","35.90","15","39","27.78","3","4","42.86","27","36","42.86","2","2","50.00","45","75","37.50","0","1","0.00","11.63","90.41","1.020","11","19","11","112","50.00","21","28","34","38.18"
"524","Brett Seney","CHI","L","11","128.86666666667","100","124","44.64","76","87","46.63","55","63","46.61","3","5","37.50","5.14","6.06","45.90","50","57","46.73","22","24","47.83","1","3","25.00","28","33","45.90","1","1","50.00","44","59","42.72","1","1","50.00","5.45","92.06","0.975","8","20","14","120","36.36","20","31","37","35.09"
"1160","Hunter McKown","CBJ","C","12","126.33333333333","98","129","43.17","69","106","39.43","45","72","38.46","4","8","33.33","3.85","6.62","36.76","44","64","40.74","16","31","34.04","3","6","33.33","28","33","45.90","0","1","0.00","43","59","42.16","1","1","50.00","8.89","88.89","0.978","21","31","17","85","55.26","30","42","29","50.85"
"1065","Ville Koivunen","PIT","R","8","123.56666666667","134","122","52.34","106","92","53.54","77","65","54.23","4","4","50.00","7.16","7.5","48.82","66","65","50.38","25","28","47.17","2","1","66.67","41","37","52.56","0","2","0.00","84","63","57.14","2","1","66.67","5.19","93.85","0.990","24","28","6","102","80.00","52","37","24","68.42"
"1172","Ryan Leonard","WSH","R","9","123.33333333333","105","110","48.84","79","78","50.32","57","53","51.82","2","5","28.57","7.97","4.54","63.69","57","42","57.58","25","21","54.35","2","4","33.33","32","21","60.38","0","1","0.00","66","71","48.18","0","0","-","3.51","90.57","0.941","25","34","18","81","58.14","43","45","38","53.09"
"1013","Jeff Malott","L.A","L","12","119.65","122","110","52.59","83","82","50.30","49","57","46.23","2","2","50.00","3.61","4.27","45.76","46","39","54.12","19","12","61.29","1","2","33.33","27","27","50.00","0","0","-","71","76","48.30","1","0","100.00","4.08","96.49","1.006","15","32","18","104","45.45","35","48","38","47.95"
"892","Sam Poulin","PIT","R","13","118.7","132","104","55.93","91","82","52.60","59","57","50.86","2","5","28.57","5.58","5.68","49.57","60","48","55.56","20","22","47.62","2","2","50.00","40","26","60.61","0","1","0.00","70","58","54.69","0","2","0.00","3.39","91.23","0.946","12","29","11","107","52.17","23","38","30","43.40"
"1204","Jere Innala","COL","L","17","118.43333333333","85","98","46.45","60","61","49.59","36","35","50.70","1","4","20.00","3.48","4.06","46.14","40","43","48.19","14","16","46.67","1","2","33.33","26","27","49.06","0","2","0.00","44","49","47.31","0","0","-","2.78","88.57","0.913","11","27","17","102","39.29","16","39","25","39.02"
"922","Mat?j Blümel","DAL","R","13","115.86666666667","94","108","46.53","68","81","45.64","52","58","47.27","2","5","28.57","4.4","5.1","46.31","46","55","45.54","24","29","45.28","2","4","33.33","22","26","45.83","0","0","-","48","59","44.86","0","1","0.00","3.85","91.38","0.952","20","21","19","96","51.28","34","38","33","50.75"
"27","Anton Stralman","BOS","D","8","115.66666666667","109","99","52.40","84","77","52.17","57","55","50.89","4","7","36.36","5.39","5.31","50.38","67","58","53.60","24","30","44.44","2","4","33.33","43","28","60.56","1","2","33.33","38","32","54.29","1","1","50.00","7.02","87.27","0.943","16","21","6","94","72.73","24","30","20","54.55"
"1173","Oliver Moore","CHI","C","9","115.5","90","109","45.23","67","78","46.21","48","44","52.17","5","7","41.67","3.83","4.87","44.05","37","65","36.27","17","26","39.53","3","1","75.00","20","39","33.90","2","4","33.33","60","56","51.72","0","2","0.00","10.42","84.09","0.945","9","23","11","95","45.00","23","29","28","45.10"
"1118","Cam Lund","S.J","C","11","115.3","115","131","46.75","90","98","47.87","58","67","46.40","4","14","22.22","4.54","5.55","44.98","50","62","44.64","22","24","47.83","2","7","22.22","28","38","42.42","1","5","16.67","67","74","47.52","1","2","33.33","6.90","79.10","0.860","17","27","13","100","56.67","31","33","35","46.97"
"695","Robin Salo","NYI","D","11","115.11666666667","96","141","40.51","72","93","43.64","52","60","46.43","7","6","53.85","4.73","6.29","42.93","51","74","40.80","25","36","40.98","3","4","42.86","26","38","40.63","2","2","50.00","43","62","40.95","2","0","100.00","13.46","90.00","1.035","14","29","5","108","73.68","35","40","25","58.33"
"82","Zac Dalpe","FLA","C","14","114.3","101","112","47.42","75","89","45.73","58","57","50.43","6","10","37.50","3.29","5.6","37.03","44","59","42.72","16","17","48.48","2","2","50.00","28","42","40.00","2","7","22.22","49","52","48.51","2","1","66.67","10.34","82.46","0.928","15","34","11","116","57.69","32","47","28","53.33"
"1143","Georgii Merkulov","BOS","C","10","113.43333333333","91","119","43.33","69","83","45.39","47","51","47.96","4","2","66.67","4.47","4.18","51.71","41","45","47.67","16","23","41.03","3","0","100.00","25","22","53.19","0","2","0.00","56","79","41.48","1","0","100.00","8.51","96.08","1.046","20","22","15","90","57.14","31","29","33","48.44"
"772","Jonathan Gruden","PIT","C","16","111.3","79","123","39.11","56","85","39.72","42","48","46.67","1","3","25.00","3.87","4.68","45.25","30","53","36.14","13","18","41.94","0","3","0.00","17","35","32.69","0","0","-","43","80","34.96","1","0","100.00","2.38","93.75","0.961","9","29","22","109","29.03","15","36","44","25.42"
"1121","Rutger McGroarty","PIT","R","8","110.81666666667","126","86","59.43","95","71","57.23","62","43","59.05","5","4","55.56","6.89","4.91","58.40","60","43","58.25","27","18","60.00","4","2","66.67","33","25","56.90","0","2","0.00","78","41","65.55","0","0","-","8.06","90.70","0.988","24","31","10","86","70.59","46","36","22","67.65"
"680","Shane Bowers","COL, N.J","C","13","109.76666666667","87","94","48.07","63","71","47.01","37","50","42.53","4","4","50.00","3.58","4.31","45.39","32","43","42.67","17","18","48.57","3","2","60.00","15","25","37.50","1","1","50.00","57","46","55.34","0","1","0.00","10.81","92.00","1.028","12","28","7","120","63.16","26","38","18","59.09"
"982","Jean-Luc Foudy","COL","C","13","109.18333333333","92","97","48.68","73","69","51.41","56","51","52.34","3","5","37.50","4.33","4.15","51.06","42","41","50.60","16","15","51.61","2","3","40.00","26","26","50.00","1","1","50.00","42","54","43.75","0","1","0.00","5.36","90.20","0.956","10","27","11","111","47.62","20","36","24","45.45"
"546","Lucas Johansen","WSH","D","8","108.45","74","127","36.82","53","91","36.81","36","60","37.50","4","3","57.14","4.74","6.41","42.54","29","62","31.87","10","28","26.32","2","1","66.67","19","34","35.85","0","1","0.00","34","69","33.01","1","1","50.00","11.11","95.00","1.061","8","16","15","106","34.78","20","30","36","35.71"
"828","John Leonard","ARI, NSH","L","12","108.43333333333","76","117","39.38","44","83","34.65","33","62","34.74","2","3","40.00","2.46","5.03","32.87","38","51","42.70","11","20","35.48","1","2","33.33","27","31","46.55","1","0","100.00","28","62","31.11","0","1","0.00","6.06","95.16","1.012","19","19","13","100","59.38","27","30","35","43.55"
"545","Maxime Lajoie","CAR, TOR","D","10","107.78333333333","82","92","47.13","53","64","45.30","38","44","46.34","3","2","60.00","2.67","3.77","41.45","34","43","44.16","14","12","53.85","2","0","100.00","20","31","39.22","1","2","33.33","42","47","47.19","0","0","-","7.89","95.45","1.033","21","17","7","103","75.00","35","27","19","64.81"
"913","Maxence Guenette","OTT","D","8","104.8","109","125","46.58","76","93","44.97","48","63","43.24","2","4","33.33","4.06","6.35","39.02","47","54","46.53","16","28","36.36","0","4","0.00","31","26","54.39","2","0","100.00","65","71","47.79","0","0","-","4.17","93.65","0.978","13","20","11","101","54.17","27","31","30","47.37"
"299","Buddy Robinson","CHI","R","9","102.75","95","89","51.63","73","63","53.68","52","45","53.61","4","3","57.14","4.41","3.23","57.74","44","50","46.81","20","20","50.00","3","0","100.00","24","30","44.44","1","1","50.00","43","35","55.13","0","2","0.00","7.69","93.33","1.010","7","21","8","100","46.67","21","32","21","50.00"
"848","Jimmy Schuldt","S.J","D","8","102.6","73","97","42.94","53","69","43.44","32","47","40.51","0","3","0.00","2.45","4.2","36.82","43","40","51.81","12","16","42.86","0","2","0.00","31","24","56.36","0","0","-","33","59","35.87","0","1","0.00","0.00","93.62","0.936","13","20","17","89","43.33","23","29","23","50.00"
"1083","Vincent Iorio","WSH","D","9","100.25","76","110","40.86","52","82","38.81","35","59","37.23","5","4","55.56","2.61","5.05","34.05","39","50","43.82","12","19","38.71","3","2","60.00","27","31","46.55","1","2","33.33","44","54","44.90","1","0","100.00","14.29","93.22","1.075","14","19","7","111","66.67","24","29","13","64.86"
"1028","Alex Steeves","TOR","C","11","99.8","78","86","47.56","64","61","51.20","44","41","51.76","3","3","50.00","3.28","3.24","50.28","33","37","47.14","13","18","41.94","0","2","0.00","20","19","51.28","2","1","66.67","46","53","46.46","1","0","100.00","6.82","92.68","0.995","8","27","16","94","33.33","13","40","23","36.11"
"845","Mason Morelli","VGK","L","10","99.616666666667","80","109","42.33","60","68","46.88","46","47","49.46","3","7","30.00","3.83","3.64","51.33","37","55","40.22","15","17","46.88","2","1","66.67","22","38","36.67","1","4","20.00","43","57","43.00","0","2","0.00","6.52","85.11","0.916","12","24","16","83","42.86","18","31","24","42.86"
"1010","Callahan Burke","CAR, COL, VGK","C","10","99.6","73","115","38.83","54","86","38.57","42","53","44.21","4","3","57.14","2.78","5.61","33.15","30","51","37.04","11","21","34.38","1","2","33.33","19","30","38.78","3","1","75.00","53","64","45.30","0","0","-","9.52","94.34","1.039","12","23","6","92","66.67","25","34","18","58.14"
"1029","Mike Hardman","CHI, N.J","L","10","98.583333333333","72","89","44.72","58","62","48.33","35","39","47.30","1","3","25.00","3.62","3.2","53.13","34","44","43.59","13","17","43.33","1","0","100.00","21","27","43.75","0","1","0.00","31","39","44.29","0","2","0.00","2.86","92.31","0.952","11","18","6","111","64.71","21","27","21","50.00"
"302","Anton Blidh","COL, NYR","L","15","97.133333333333","78","95","45.09","54","73","42.52","42","59","41.58","0","3","0.00","3.19","3.6","46.98","39","37","51.32","17","17","50.00","0","2","0.00","22","20","52.38","0","1","0.00","30","48","38.46","0","0","-","0.00","94.92","0.949","8","22","10","105","44.44","16","29","36","30.77"
"1135","Jimmy Snuggerud","STL","R","7","93.516666666667","68","104","39.53","47","66","41.59","33","48","40.74","4","4","50.00","3.08","5.31","36.70","28","52","35.00","13","22","37.14","4","3","57.14","15","30","33.33","0","0","-","46","46","50.00","0","1","0.00","12.12","91.67","1.038","17","18","8","85","68.00","26","23","18","59.09"
"747","Sheldon Rempal","VGK","R","10","93.25","72","108","40.00","52","73","41.60","38","48","44.19","2","6","25.00","3.37","3.83","46.78","36","45","44.44","17","15","53.13","2","1","66.67","19","30","38.78","0","3","0.00","35","59","37.23","0","2","0.00","5.26","87.50","0.928","12","22","8","94","60.00","23","28","18","56.10"
"1071","Zach Dean","STL","C","9","89.333333333333","54","106","33.75","39","76","33.91","26","53","32.91","0","4","0.00","1.78","5.04","26.04","24","48","33.33","6","19","24.00","0","2","0.00","18","29","38.30","0","1","0.00","34","55","38.20","0","1","0.00","0.00","92.45","0.925","15","19","3","73","83.33","22","22","16","57.89"
"282","Charles Hudon","COL","L","9","88.866666666667","95","70","57.58","73","59","55.30","55","49","52.88","2","4","33.33","4.51","3.96","53.26","42","35","54.55","18","10","64.29","1","2","33.33","24","25","48.98","1","2","33.33","43","29","59.72","0","0","-","3.64","91.84","0.955","10","15","6","85","62.50","22","23","16","57.89"
"1140","Lucas Condotta","MTL","C, L","11","87.85","72","82","46.75","48","59","44.86","31","41","43.06","4","5","44.44","3.2","3.25","49.60","32","38","45.71","14","16","46.67","2","3","40.00","18","22","45.00","2","2","50.00","40","45","47.06","0","0","-","12.90","87.80","1.007","16","15","9","80","64.00","18","18","23","43.90"
"1167","Luca Cagnoni","S.J","D","6","87.633333333333","75","94","44.38","50","69","42.02","29","41","41.43","1","4","20.00","2.35","3.9","37.56","35","43","44.87","10","15","40.00","0","1","0.00","25","28","47.17","1","1","50.00","47","49","48.96","0","2","0.00","3.45","90.24","0.937","13","16","7","69","65.00","33","21","17","66.00"
"1176","Calum Ritchie","COL","C","7","85.183333333333","86","93","48.04","65","66","49.62","46","43","51.69","2","9","18.18","4.08","4.99","44.96","43","44","49.43","21","15","58.33","1","3","25.00","22","29","43.14","1","4","20.00","47","52","47.47","0","0","-","4.35","79.07","0.834","15","14","8","70","65.22","33","20","17","66.00"
"684","Aleksi Heponiemi","FLA","C","10","84.933333333333","52","100","34.21","38","83","31.40","28","54","34.15","4","5","44.44","1.8","4.06","30.65","22","42","34.38","11","16","40.74","2","3","40.00","11","26","29.73","1","2","33.33","28","56","33.33","1","0","100.00","14.29","90.74","1.050","15","21","9","70","62.50","23","28","24","48.94"
"482","Austin Wagner","CHI","L","7","84.85","65","100","39.39","45","75","37.50","34","57","37.36","3","5","37.50","2.69","4.04","39.95","24","51","32.00","8","19","29.63","0","4","0.00","16","32","33.33","2","1","66.67","34","43","44.16","1","0","100.00","8.82","91.23","1.001","7","22","9","74","43.75","12","30","27","30.77"
"992","Helge Grans","PHI","D","6","84.4","74","95","43.79","49","54","47.57","37","36","50.68","3","3","50.00","3.55","3.14","53.08","42","47","47.19","22","12","64.71","2","1","66.67","20","35","36.36","0","1","0.00","43","48","47.25","1","1","50.00","8.11","91.67","0.998","7","19","11","88","38.89","25","24","17","59.52"
"910","Joona Luoto","CBJ","L","7","84.316666666667","71","80","47.02","48","58","45.28","31","38","44.93","2","9","18.18","3.39","4.16","44.95","35","49","41.67","16","19","45.71","1","8","11.11","19","30","38.78","0","1","0.00","28","26","51.85","1","0","100.00","6.45","76.32","0.828","15","18","16","63","48.39","26","24","26","50.00"
"25","Darren Helm","COL","C","11","84.316666666667","67","76","46.85","52","57","47.71","39","43","47.56","3","4","42.86","2.84","3.81","42.73","31","33","48.44","10","20","33.33","1","4","20.00","21","13","61.76","1","0","100.00","33","35","48.53","1","0","100.00","7.69","90.70","0.984","8","16","22","88","26.67","12","24","34","26.09"
"1026","Josh Dunne","BUF, CBJ","C","10","82.583333333333","55","93","37.16","42","74","36.21","21","50","29.58","0","9","0.00","1.51","4.67","24.40","20","41","32.79","6","21","22.22","0","8","0.00","14","20","41.18","0","1","0.00","33","50","39.76","0","0","-","0.00","82.00","0.820","14","17","17","76","45.16","22","22","24","47.83"
"960","Vasily Ponomarev","CAR, PIT","C","9","82.45","76","69","52.41","51","49","51.00","36","36","50.00","2","3","40.00","2.97","2.71","52.29","33","29","53.23","13","13","50.00","1","0","100.00","20","16","55.56","1","3","25.00","45","41","52.33","0","0","-","5.56","91.67","0.972","4","14","11","73","26.67","13","22","16","44.83"
"153","Alex Petrovic","DAL","D","6","82.4","71","73","49.31","52","62","45.61","35","45","43.75","3","6","33.33","2.82","3.74","42.98","33","39","45.83","11","12","47.83","2","3","40.00","22","27","44.90","0","3","0.00","50","41","54.95","1","0","100.00","8.57","86.67","0.952","15","17","9","63","62.50","35","26","23","60.34"
"496","Jacob Larsson","OTT","D","7","80.683333333333","77","73","51.33","61","57","51.69","49","40","55.06","2","2","50.00","3.67","3.65","50.17","38","36","51.35","16","15","51.61","2","2","50.00","22","21","51.16","0","0","-","30","33","47.62","0","0","-","4.08","95.00","0.991","10","21","18","59","35.71","26","33","26","50.00"
"1185","Cole McWard","VAN","D","6","79.516666666667","68","72","48.57","43","52","45.26","29","40","42.03","2","2","50.00","2.4","3.59","40.10","28","44","38.89","10","19","34.48","1","2","33.33","18","25","41.86","0","0","-","35","22","61.40","1","0","100.00","6.90","95.00","1.019","8","16","2","77","80.00","20","21","7","74.07"
"1129","Noah Ostlund","BUF","C","8","78.733333333333","85","70","54.84","55","56","49.55","34","35","49.28","0","6","0.00","3.17","2.98","51.52","40","28","58.82","15","15","50.00","0","4","0.00","25","13","65.79","0","1","0.00","40","47","45.98","0","1","0.00","0.00","82.86","0.829","12","12","6","79","66.67","17","15","16","51.52"
"607","Drake Caggiula","EDM, PIT","C, L","11","77.5","59","88","40.14","39","58","40.21","29","46","38.67","3","4","42.86","2.11","4.76","30.77","29","52","35.80","10","24","29.41","3","3","50.00","19","28","40.43","0","1","0.00","34","36","48.57","0","0","-","10.34","91.30","1.016","12","20","7","76","63.16","19","27","22","46.34"
"642","Dominik Shine","DET","R","9","77.2","55","78","41.35","43","51","45.74","36","37","49.32","3","4","42.86","3.33","2.88","53.64","20","27","42.55","12","16","42.86","2","1","66.67","8","11","42.11","1","2","33.33","30","49","37.97","0","1","0.00","8.33","89.19","0.975","10","19","11","73","47.62","15","23","19","44.12"
"1182","Jake Livingstone","NSH","D","5","75.866666666667","57","109","34.34","42","78","35.00","32","59","35.16","2","4","33.33","3.45","5.25","39.62","33","50","39.76","16","24","40.00","1","2","33.33","17","26","39.53","1","2","33.33","22","49","30.99","0","0","-","6.25","93.22","0.995","9","11","13","62","40.91","20","18","22","47.62"
"949","Sean Farrell","MTL","C","6","75.616666666667","64","84","43.24","44","62","41.51","27","44","38.03","1","3","25.00","1.98","3.71","34.78","28","44","38.89","9","21","30.00","0","2","0.00","19","23","45.24","0","1","0.00","29","36","44.62","1","0","100.00","3.70","93.18","0.969","10","17","7","60","58.82","15","27","22","40.54"
"737","Mac Hollowell","TOR","D","6","75.583333333333","71","98","42.01","49","75","39.52","38","54","41.30","6","3","66.67","2.75","5.25","34.35","40","50","44.44","9","22","29.03","2","2","50.00","31","28","52.54","3","1","75.00","26","46","36.11","1","0","100.00","15.79","94.44","1.102","7","7","8","86","46.67","17","13","16","51.52"
"637","Jeffrey Viel","BOS, S.J","L","9","74.833333333333","61","86","41.50","44","54","44.90","34","38","47.22","1","2","33.33","3.52","3.82","47.93","40","43","48.19","17","13","56.67","0","2","0.00","23","30","43.40","1","0","100.00","20","46","30.30","0","0","-","2.94","94.74","0.977","7","20","13","74","35.00","12","25","23","34.29"
"502","Gabriel Carlsson","WSH","D","6","74.483333333333","49","74","39.84","37","59","38.54","26","46","36.11","3","4","42.86","2.1","4.13","33.67","24","39","38.10","12","21","36.36","1","2","33.33","12","18","40.00","1","1","50.00","24","36","40.00","1","1","50.00","11.54","91.30","1.028","3","18","21","63","12.50","10","23","29","25.64"
"242","Alex Galchenyuk","COL","C","11","73.916666666667","68","89","43.31","47","67","41.23","33","52","38.82","0","8","0.00","3.09","3.46","47.16","38","38","50.00","13","13","50.00","0","4","0.00","25","25","50.00","0","2","0.00","26","44","37.14","0","2","0.00","0.00","84.62","0.846","9","13","10","76","47.37","21","18","31","40.38"
"403","Roland McKeown","NSH","D","6","73.233333333333","58","102","36.25","42","83","33.60","23","57","28.75","2","1","66.67","2.46","5.51","30.85","32","49","39.51","10","18","35.71","0","1","0.00","22","31","41.51","1","0","100.00","24","46","34.29","1","0","100.00","8.70","98.25","1.069","11","15","11","69","50.00","20","26","25","44.44"
"1001","Adam Raska","MIN, S.J","R","8","69.4","56","58","49.12","40","43","48.19","27","30","47.37","2","2","50.00","2.58","2.06","55.62","26","21","55.32","11","7","61.11","2","1","66.67","15","14","51.72","0","0","-","37","45","45.12","0","1","0.00","7.41","93.33","1.007","4","14","9","63","30.77","19","21","16","54.29"
"797","Jan Jenik","ARI, OTT","C, R","9","68.983333333333","51","83","38.06","32","52","38.10","22","35","38.60","1","3","25.00","1.57","3.31","32.23","16","31","34.04","5","11","31.25","0","1","0.00","11","20","35.48","0","2","0.00","33","52","38.82","1","0","100.00","4.55","91.43","0.960","2","17","8","70","20.00","13","25","19","40.63"
"1175","Gabe Perreault","NYR","R","5","65.733333333333","45","71","38.79","32","48","40.00","23","33","41.07","0","1","0.00","1.5","3.19","31.89","19","28","40.43","5","15","25.00","0","0","-","14","13","51.85","0","0","-","31","41","43.06","0","1","0.00","0.00","96.97","0.970","9","10","5","64","64.29","16","17","10","61.54"
"553","Brandon Gignac","MTL","C","7","64.916666666667","55","84","39.57","37","57","39.36","25","41","37.88","1","4","20.00","1.97","2.77","41.58","21","32","39.62","8","14","36.36","1","3","25.00","13","18","41.94","0","1","0.00","33","48","40.74","0","0","-","4.00","90.24","0.942","8","13","6","57","57.14","15","19","17","46.88"
"54","Brad Malone","EDM","C","10","64.783333333333","68","51","57.14","48","38","55.81","35","27","56.45","0","4","0.00","3.79","2.57","59.57","37","28","56.92","15","11","57.69","0","2","0.00","22","17","56.41","0","1","0.00","22","19","53.66","0","1","0.00","0.00","85.19","0.852","16","14","12","59","57.14","21","19","19","52.50"
"560","Cam Dineen","EDM","D","4","63.916666666667","73","59","55.30","54","41","56.84","33","23","58.93","3","3","50.00","2.69","2.19","55.12","31","29","51.67","10","7","58.82","1","1","50.00","21","22","48.84","1","2","33.33","46","29","61.33","1","0","100.00","9.09","86.96","0.960","13","7","4","57","76.47","23","13","10","69.70"
"1206","Nikita Prishchepov","COL","C","10","63.666666666667","61","56","52.14","43","38","53.09","28","21","57.14","2","2","50.00","2.01","2.22","47.49","25","24","51.02","11","9","55.00","2","0","100.00","14","15","48.28","0","0","-","35","32","52.24","0","2","0.00","7.14","90.48","0.976","6","11","7","65","46.15","9","16","15","37.50"
"1179","Matthew Wood","NSH","R","6","63.666666666667","60","60","50.00","40","48","45.45","25","35","41.67","2","2","50.00","2.7","3.07","46.82","27","26","50.94","9","10","47.37","2","2","50.00","18","16","52.94","0","0","-","34","44","43.59","0","0","-","8.00","94.29","1.023","12","20","16","48","42.86","21","31","29","42.00"
"611","Hardy Haman Aktell","WSH","D","6","63.366666666667","63","59","51.64","47","44","51.65","31","33","48.44","2","4","33.33","3.11","2.79","52.71","28","26","51.85","14","12","53.85","1","3","25.00","14","14","50.00","0","1","0.00","38","31","55.07","1","0","100.00","6.45","87.88","0.943","4","7","4","73","50.00","15","16","11","57.69"
"197","T.J. Tynan","COL","C","9","63.2","66","45","59.46","41","30","57.75","29","17","63.04","1","2","33.33","2.31","2.02","53.31","28","15","65.12","8","8","50.00","0","1","0.00","20","7","74.07","0","0","-","34","31","52.31","1","1","50.00","3.45","88.24","0.917","9","15","6","68","60.00","15","17","14","51.72"
"269","Mackenzie MacEachern","STL","L","8","62.883333333333","33","65","33.67","28","38","42.42","19","21","47.50","2","3","40.00","1.28","2.54","33.49","12","29","29.27","3","9","25.00","1","1","50.00","9","20","31.03","0","2","0.00","20","31","39.22","1","0","100.00","10.53","85.71","0.962","11","10","4","57","73.33","16","14","6","72.73"
"1003","Ethan Cardwell","S.J","R","6","62.633333333333","58","83","41.13","35","56","38.46","21","38","35.59","2","4","33.33","2.16","3.6","37.48","24","35","40.68","11","17","39.29","0","2","0.00","13","18","41.94","0","2","0.00","32","45","41.56","2","0","100.00","9.52","89.47","0.990","9","12","8","50","52.94","15","17","18","45.45"
"742","Austin Strand","ANA","D","5","61.95","56","37","60.22","43","28","60.56","32","20","61.54","0","2","0.00","2.68","1.67","61.57","23","18","56.10","11","9","55.00","0","0","-","12","9","57.14","0","2","0.00","24","11","68.57","0","0","-","0.00","90.00","0.900","10","12","3","55","76.92","16","13","10","61.54"
"1181","Jason Polin","COL","R","9","61.75","53","51","50.96","33","31","51.56","22","20","52.38","1","0","100.00","1.63","1.64","49.89","22","18","55.00","8","6","57.14","0","0","-","14","12","53.85","1","0","100.00","23","39","37.10","0","0","-","4.55","100.00","1.045","4","23","6","57","40.00","7","26","16","30.43"
"1115","Brad Lambert","WPG","C","6","60.216666666667","57","65","46.72","36","38","48.65","21","23","47.73","2","1","66.67","1.59","2.52","38.64","20","24","45.45","9","13","40.91","2","1","66.67","11","11","50.00","0","0","-","30","36","45.45","0","0","-","9.52","95.65","1.052","8","11","1","59","88.89","14","17","8","63.64"
"1154","Nikita Grebenkin","TOR","R","7","59.116666666667","39","62","38.61","27","46","36.99","15","30","33.33","0","2","0.00","1.96","3.03","39.26","20","30","40.00","8","11","42.11","0","1","0.00","12","19","38.71","0","0","-","18","37","32.73","0","1","0.00","0.00","93.33","0.933","8","13","6","59","57.14","9","18","16","36.00"
"336","Steven Santini","STL, T.B","D","5","58.7","52","62","45.61","40","33","54.79","25","22","53.19","3","3","50.00","2.42","1.33","64.59","24","22","52.17","8","5","61.54","2","1","66.67","16","17","48.48","1","2","33.33","23","29","44.23","0","0","-","12.00","86.36","0.984","2","9","6","71","25.00","9","16","10","47.37"
"768","Alec Regula","CHI","D","4","57.75","39","61","39.00","28","44","38.89","23","32","41.82","0","3","0.00","1.56","2.95","34.64","16","32","33.33","3","10","23.08","0","1","0.00","13","22","37.14","0","2","0.00","23","24","48.94","0","0","-","0.00","90.63","0.906","6","12","2","48","75.00","16","17","12","57.14"
"137","Andrew Agozzino","S.J","L","4","56.916666666667","37","64","36.63","30","49","37.97","24","30","44.44","2","4","33.33","2.6","4.03","39.24","24","37","39.34","13","10","56.52","2","1","66.67","11","27","28.95","0","3","0.00","11","24","31.43","0","0","-","8.33","86.67","0.950","5","17","9","39","35.71","11","23","16","40.74"
"64","Jake Muzzin","TOR","D","4","55.716666666667","58","53","52.25","36","35","50.70","27","19","58.70","2","2","50.00","2.11","2.38","47.01","32","34","48.48","8","12","40.00","2","1","66.67","24","22","52.17","0","1","0.00","21","16","56.76","0","0","-","7.41","89.47","0.969","4","13","12","51","25.00","18","16","23","43.90"
"914","Aidan McDonough","VAN","L","6","55.066666666667","41","61","40.20","27","47","36.49","19","33","36.54","1","3","25.00","2.06","3.11","39.92","19","34","35.85","8","15","34.78","0","2","0.00","11","19","36.67","1","0","100.00","14","29","32.56","0","1","0.00","5.26","90.91","0.962","8","17","8","46","50.00","11","21","21","34.38"
"1005","Rory Kerins","CGY","C","5","54.733333333333","51","61","45.54","36","46","43.90","21","25","45.65","4","1","80.00","1.78","2.62","40.46","17","26","39.53","7","12","36.84","2","0","100.00","10","14","41.67","1","0","100.00","40","35","53.33","1","1","50.00","19.05","96.00","1.150","11","9","2","48","84.62","20","14","9","68.97"
"206","Joseph LaBate","CBJ","C","6","54.633333333333","29","77","27.36","21","50","29.58","15","36","29.41","3","2","60.00","1.49","2.8","34.78","15","30","33.33","6","6","50.00","2","1","66.67","9","24","27.27","1","0","100.00","12","46","20.69","0","1","0.00","20.00","94.44","1.144","5","12","11","54","31.25","6","17","21","22.22"
"1171","Samuel Honzek","CGY","L","5","54.1","53","71","42.74","39","47","45.35","26","31","45.61","2","2","50.00","2.22","2.31","48.94","23","35","39.66","9","12","42.86","0","1","0.00","14","23","37.84","1","0","100.00","38","35","52.05","0","1","0.00","7.69","93.55","1.012","12","9","5","45","70.59","24","11","14","63.16"
"1133","Matt Savoie","BUF, EDM","C","5","53.983333333333","56","49","53.33","40","36","52.63","27","26","50.94","2","6","25.00","2.96","2.71","52.19","36","29","55.38","11","11","50.00","2","3","40.00","25","18","58.14","0","3","0.00","29","23","55.77","0","0","-","7.41","76.92","0.843","14","9","7","38","66.67","21","15","10","67.74"
"961","Ozzy Wiesblatt","NSH","C","5","53.883333333333","36","63","36.36","22","41","34.92","14","23","37.84","2","1","66.67","1.2","2.02","37.30","17","25","40.48","5","10","33.33","2","1","66.67","12","15","44.44","0","0","-","17","36","32.08","0","0","-","14.29","95.65","1.099","3","13","12","45","20.00","4","20","23","14.81"
"536","Andrew Poturalski","S.J, SEA","C","5","52.966666666667","41","66","38.32","26","42","38.24","22","22","50.00","1","2","33.33","2.28","2.83","44.68","21","38","35.59","11","16","40.74","0","2","0.00","10","22","31.25","1","0","100.00","27","33","45.00","0","0","-","4.55","90.91","0.955","6","10","6","39","50.00","17","13","18","48.57"
"989","Roby Jarventie","OTT","L","7","52.65","34","69","33.01","24","45","34.78","17","32","34.69","1","6","14.29","1.3","3.34","27.97","12","30","28.57","4","14","22.22","0","4","0.00","8","16","33.33","0","1","0.00","27","31","46.55","1","1","50.00","5.88","81.25","0.871","16","16","1","54","94.12","29","21","2","93.55"
"733","David Gust","CHI","R","4","51.85","52","50","50.98","42","40","51.22","29","28","50.88","2","4","33.33","2.62","3.9","40.18","29","28","50.88","13","12","52.00","1","2","33.33","16","16","50.00","0","2","0.00","19","17","52.78","1","0","100.00","6.90","85.71","0.926","1","11","7","46","12.50","10","15","17","37.04"
"939","Brandon Biro","BUF","L","5","51.616666666667","32","64","33.33","22","43","33.85","16","25","39.02","3","3","50.00","2.23","2.89","43.48","16","29","35.56","8","16","33.33","3","2","60.00","8","13","38.10","0","1","0.00","23","45","33.82","0","0","-","18.75","88.00","1.068","9","10","10","48","47.37","13","13","26","33.33"
"338","Gustav Olofsson","SEA","D","4","51.083333333333","51","61","45.54","37","41","47.44","30","27","52.63","2","1","66.67","1.9","3.06","38.34","20","37","35.09","9","15","37.50","1","0","100.00","11","22","33.33","1","1","50.00","32","25","56.14","0","0","-","6.67","96.30","1.030","8","3","3","53","72.73","20","8","11","64.52"
"826","Hugh McGing","STL","L","6","50.8","33","44","42.86","25","25","50.00","19","17","52.78","0","5","0.00","1.72","1.35","55.91","16","20","44.44","6","5","54.55","0","3","0.00","10","15","40.00","0","1","0.00","17","23","42.50","0","1","0.00","0.00","70.59","0.706","5","9","5","45","50.00","12","12","9","57.14"
"1094","Declan Carlile","T.B","D","4","50.466666666667","48","41","53.93","42","30","58.33","24","17","58.54","3","0","100.00","2.59","1.83","58.67","22","16","57.89","9","10","47.37","2","0","100.00","13","6","68.42","1","0","100.00","34","27","55.74","0","0","-","12.50","100.00","1.125","15","9","4","49","78.95","21","12","13","61.76"
"1073","Nikita Chibrikov","WPG","R","5","50","41","61","40.20","33","41","44.59","22","29","43.14","3","2","60.00","2.35","1.98","54.31","23","21","52.27","8","9","47.06","1","1","50.00","15","12","55.56","2","1","66.67","20","36","35.71","0","0","-","13.64","93.10","1.067","5","8","4","45","55.56","13","15","7","65.00"
"1208","Karsen Dorwart","PHI","L","5","49.716666666667","31","54","36.47","23","38","37.70","18","28","39.13","2","2","50.00","1.39","2.28","37.97","11","25","30.56","5","9","35.71","1","0","100.00","6","16","27.27","0","1","0.00","21","28","42.86","1","1","50.00","11.11","92.86","1.040","7","12","3","40","70.00","12","17","10","54.55"
"614","Otto Koivula","NYI","L","8","48.133333333333","36","46","43.90","20","31","39.22","13","23","36.11","2","1","66.67","1.4","1.66","45.80","19","21","47.50","8","9","47.06","2","1","66.67","11","12","47.83","0","0","-","13","18","41.94","0","0","-","15.38","95.65","1.110","2","9","6","55","25.00","7","9","7","50.00"
"719","Arnaud Durandeau","NYI","L","4","48.066666666667","44","45","49.44","30","35","46.15","21","26","44.68","1","0","100.00","1.94","2.28","45.98","18","22","45.00","10","10","50.00","0","0","-","8","12","40.00","0","0","-","20","21","48.78","1","0","100.00","4.76","100.00","1.048","5","8","6","47","45.45","10","11","10","50.00"
"609","Fredrik Karlstrom","DAL","C","5","47.783333333333","57","25","69.51","41","13","75.93","29","11","72.50","1","0","100.00","2.05","0.59","77.64","23","12","65.71","11","2","84.62","0","0","-","12","10","54.55","0","0","-","30","9","76.92","1","0","100.00","3.45","100.00","1.034","7","10","5","39","58.33","16","15","7","69.57"
"1016","Elliot Desnoyers","PHI","L","4","46.166666666667","26","50","34.21","20","35","36.36","14","24","36.84","1","3","25.00","0.8","2.31","25.82","11","19","36.67","3","10","23.08","0","2","0.00","8","9","47.06","0","1","0.00","17","29","36.96","1","0","100.00","7.14","87.50","0.946","7","5","4","47","63.64","13","8","7","65.00"
"1194","Jett Luchanko","PHI","C","4","45.483333333333","32","49","39.51","27","39","40.91","17","26","39.53","1","4","20.00","1.82","1.89","49.04","17","20","45.95","5","7","41.67","0","2","0.00","12","13","48.00","0","2","0.00","18","27","40.00","1","0","100.00","5.88","84.62","0.905","7","12","4","37","63.64","8","17","10","44.44"
"1202","Arttu Hyry","DAL","R","5","45.416666666667","52","54","49.06","26","36","41.94","16","22","42.11","1","1","50.00","1.37","2.57","34.70","20","25","44.44","9","11","45.00","1","1","50.00","11","14","44.00","0","0","-","33","26","55.93","0","0","-","6.25","95.45","1.017","8","8","5","36","61.54","12","9","12","50.00"
"1032","Jackson Cates","PHI","C","5","44.7","33","45","42.31","21","33","38.89","18","23","43.90","1","1","50.00","1.47","2.42","37.80","16","27","37.21","5","11","31.25","1","1","50.00","11","16","40.74","0","0","-","12","16","42.86","0","0","-","5.56","95.65","1.012","1","7","7","50","12.50","5","14","12","29.41"
"929","Matt Stienburg","COL","C","8","44.366666666667","40","39","50.63","31","25","55.36","23","16","58.97","2","2","50.00","2.12","1.32","61.54","20","16","55.56","12","5","70.59","1","2","33.33","8","11","42.11","0","0","-","18","22","45.00","1","0","100.00","8.70","87.50","0.962","5","8","7","52","41.67","7","14","12","36.84"
"183","Taylor Fedun","PIT","D","4","44.266666666667","63","48","56.76","49","29","62.82","35","16","68.63","2","2","50.00","3.28","2.06","61.39","34","22","60.71","17","11","60.71","2","1","66.67","17","11","60.71","0","1","0.00","23","21","52.27","0","0","-","5.71","87.50","0.932","6","4","1","55","85.71","16","6","7","69.57"
"778","Sampo Ranta","COL","L","6","44.05","39","46","45.88","30","34","46.88","21","27","43.75","1","1","50.00","2.16","1.78","54.85","20","17","54.05","12","8","60.00","0","0","-","8","9","47.06","0","0","-","16","24","40.00","1","1","50.00","4.76","96.30","1.011","4","13","4","46","50.00","6","19","13","31.58"
"718","Marian Studenic","DAL, SEA","L, R","5","42.15","45","39","53.57","37","30","55.22","23","25","47.92","0","2","0.00","1.82","1.43","55.88","17","19","47.22","8","6","57.14","0","1","0.00","9","13","40.91","0","1","0.00","28","23","54.90","0","0","-","0.00","92.00","0.920","3","3","6","51","33.33","9","11","12","42.86"
"1137","Brian Halonen","N.J","L","4","41.266666666667","44","34","56.41","25","22","53.19","15","11","57.69","1","2","33.33","1.13","1.66","40.54","18","13","58.06","3","4","42.86","0","1","0.00","15","9","62.50","0","1","0.00","25","20","55.56","1","0","100.00","6.67","81.82","0.885","3","9","1","43","75.00","7","11","8","46.67"
"552","Frederic Allard","MTL","D","3","40.983333333333","55","33","62.50","41","18","69.49","28","14","66.67","3","1","75.00","2.53","0.92","73.41","24","15","61.54","10","5","66.67","1","1","50.00","14","10","58.33","0","0","-","28","17","62.22","2","0","100.00","10.71","92.86","1.036","5","9","1","33","83.33","13","13","3","81.25"
"997","Ian Moore","ANA","D","3","40.916666666667","44","46","48.89","33","39","45.83","22","25","46.81","1","0","100.00","2.24","2.1","51.68","17","21","44.74","10","11","47.62","1","0","100.00","7","10","41.18","0","0","-","32","25","56.14","0","0","-","4.55","100.00","1.045","6","7","2","37","75.00","16","8","5","76.19"
"423","Clark Bishop","CGY","C","6","40.05","30","44","40.54","22","36","37.93","17","23","42.50","1","3","25.00","0.85","1.5","36.11","8","15","34.78","2","6","25.00","0","1","0.00","6","9","40.00","0","1","0.00","26","27","49.06","1","1","50.00","5.88","86.96","0.928","5","7","3","44","62.50","11","11","8","57.89"
"1198","Justin Hryckowian","DAL","C","5","39.4","28","39","41.79","24","25","48.98","15","20","42.86","1","0","100.00","1.28","1.13","53.15","13","25","34.21","6","6","50.00","1","0","100.00","7","19","26.92","0","0","-","18","17","51.43","0","0","-","6.67","100.00","1.067","6","6","6","41","50.00","7","8","15","31.82"
"915","Tyler Angle","CBJ","C","4","38.7","26","57","31.33","20","44","31.25","16","26","38.10","1","4","20.00","1.38","3.29","29.60","12","36","25.00","6","15","28.57","0","2","0.00","6","21","22.22","1","2","33.33","10","21","32.26","0","0","-","6.25","84.62","0.909","2","5","7","37","22.22","5","6","17","22.73"
"599","Brett Murray","BUF","L","5","38.4","25","33","43.10","15","25","37.50","13","14","48.15","0","2","0.00","0.48","1.48","24.43","5","16","23.81","1","5","16.67","0","1","0.00","4","11","26.67","0","1","0.00","22","22","50.00","0","0","-","0.00","85.71","0.857","10","7","2","35","83.33","15","8","7","68.18"
"309","Tucker Poolman","VAN","D","3","38.35","40","29","57.97","25","19","56.82","18","15","54.55","1","1","50.00","1.24","1.76","41.21","14","15","48.28","5","8","38.46","1","1","50.00","9","7","56.25","0","0","-","23","12","65.71","0","0","-","5.56","93.33","0.989","6","6","9","41","40.00","17","9","13","56.67"
"298","Scott Sabourin","S.J","R","4","38.283333333333","18","45","28.57","16","33","32.65","9","20","31.03","0","2","0.00","0.92","2.64","25.90","7","22","24.14","4","11","26.67","0","2","0.00","3","11","21.43","0","0","-","13","28","31.71","0","0","-","0.00","90.00","0.900","5","7","5","31","50.00","10","11","12","45.45"
"999","Tristen Robins","S.J","C","3","38.15","15","57","20.83","8","44","15.38","6","33","15.38","0","1","0.00","0.42","2.79","13.12","6","28","17.65","2","11","15.38","0","0","-","4","17","19.05","0","1","0.00","10","32","23.81","0","0","-","0.00","96.97","0.970","2","5","3","31","40.00","5","8","16","23.81"
"1089","Logan Morrison","SEA","C","4","38.116666666667","39","41","48.75","27","28","49.09","16","24","40.00","0","0","-","1.52","1.5","50.38","14","16","46.67","6","4","60.00","0","0","-","8","12","40.00","0","0","-","31","26","54.39","0","0","-","0.00","100.00","1.000","9","5","2","35","81.82","13","10","14","48.15"
"1174","Bradly Nadeau","CAR","L","3","38.083333333333","43","26","62.32","36","22","62.07","24","14","63.16","2","5","28.57","2.14","1.65","56.46","23","11","67.65","11","3","78.57","2","1","66.67","12","8","60.00","0","2","0.00","20","15","57.14","0","1","0.00","8.33","64.29","0.726","7","2","6","30","53.85","9","7","7","56.25"
"363","Jean-Sebastien Dea","ARI","C","4","37.8","30","49","37.97","22","37","37.29","15","25","37.50","1","3","25.00","1.8","1.85","49.30","16","24","40.00","11","10","52.38","1","2","33.33","5","14","26.32","0","0","-","9","22","29.03","0","1","0.00","6.67","88.00","0.947","3","9","7","38","30.00","4","13","18","18.18"
"1049","Stanislav Svozil","CBJ","D","2","36.866666666667","37","49","43.02","32","41","43.84","19","30","38.78","0","3","0.00","1.98","3.98","33.28","20","38","34.48","12","18","40.00","0","2","0.00","8","20","28.57","0","1","0.00","16","9","64.00","0","0","-","0.00","90.00","0.900","2","2","6","35","25.00","5","4","15","25.00"
"951","Justin Sourdif","FLA","R","4","35.966666666667","21","28","42.86","11","17","39.29","11","11","50.00","1","0","100.00","0.53","1.02","34.02","8","13","38.10","3","3","50.00","1","0","100.00","5","10","33.33","0","0","-","11","16","40.74","0","0","-","9.09","100.00","1.091","5","13","5","28","50.00","10","14","9","52.63"
"91","Mark Borowiecki","NSH","D","4","35.116666666667","36","37","49.32","26","32","44.83","21","25","45.65","2","2","50.00","2.15","2.09","50.72","20","18","52.63","10","9","52.63","1","1","50.00","10","9","52.63","1","0","100.00","15","20","42.86","0","1","0.00","9.52","92.00","1.015","3","9","6","37","33.33","7","13","14","33.33"
"442","Luke Philp","CHI","C","3","34.883333333333","21","43","32.81","16","35","31.37","8","25","24.24","2","2","50.00","1.42","2.66","34.85","8","27","22.86","1","8","11.11","0","2","0.00","7","19","26.92","2","0","100.00","12","18","40.00","0","0","-","25.00","92.00","1.170","2","6","8","27","20.00","8","11","14","36.36"
"887","Graeme Clarke","N.J","R","3","34.15","29","42","40.85","16","30","34.78","11","21","34.38","1","3","25.00","0.86","2.31","27.18","13","23","36.11","2","13","13.33","0","2","0.00","11","10","52.38","1","1","50.00","14","25","35.90","0","0","-","9.09","85.71","0.948","3","11","8","29","27.27","4","13","18","18.18"
"856","Matthew Robertson","NYR","D","2","33.8","27","26","50.94","17","20","45.95","12","15","44.44","3","1","75.00","0.72","1.37","34.33","8","12","40.00","4","7","36.36","3","1","75.00","4","5","44.44","0","0","-","24","13","64.86","0","0","-","25.00","93.33","1.183","5","10","4","28","55.56","18","15","8","69.23"
"830","Egor Sokolov","OTT","L","5","33.083333333333","46","34","57.50","40","23","63.49","30","18","62.50","4","2","66.67","3.74","1.43","72.37","28","16","63.64","19","5","79.17","2","2","50.00","9","11","45.00","2","0","100.00","16","15","51.61","0","0","-","13.33","88.89","1.022","4","6","5","40","44.44","9","8","10","47.37"
"878","Domenick Fensore","CAR","D","2","33.016666666667","37","30","55.22","31","22","58.49","22","13","62.86","1","1","50.00","1.69","1.14","59.73","18","15","54.55","8","5","61.54","1","1","50.00","10","10","50.00","0","0","-","24","15","61.54","0","0","-","4.55","92.31","0.969","2","9","3","23","40.00","10","12","6","62.50"
"622","Mikhail Maltsev","COL","L","5","32.983333333333","24","28","46.15","18","23","43.90","16","19","45.71","0","0","-","0.57","1.07","34.96","8","9","47.06","1","2","33.33","0","0","-","7","7","50.00","0","0","-","14","19","42.42","0","0","-","0.00","100.00","1.000","8","6","1","33","88.89","11","6","10","52.38"
"1144","Wyatt Aamodt","COL","D","2","32.516666666667","23","37","38.33","18","21","46.15","10","15","40.00","1","0","100.00","1","0.83","54.64","14","13","51.85","5","2","71.43","0","0","-","9","11","45.00","1","0","100.00","10","29","25.64","0","0","-","10.00","100.00","1.100","1","9","4","27","20.00","3","11","12","20.00"
"1050","Oskar Olausson","COL","R","4","32.483333333333","20","29","40.82","12","20","37.50","8","19","29.63","0","0","-","0.5","1.2","29.34","8","10","44.44","2","4","33.33","0","0","-","6","6","50.00","0","0","-","11","18","37.93","0","0","-","0.00","100.00","1.000","5","6","4","26","55.56","7","10","9","43.75"
"895","Nathan Légaré","N.J","R","3","31.65","15","31","32.61","9","17","34.62","8","8","50.00","0","1","0.00","0.64","0.62","50.45","6","9","40.00","3","4","42.86","0","1","0.00","3","5","37.50","0","0","-","8","20","28.57","0","0","-","0.00","87.50","0.875","4","5","2","28","66.67","7","9","6","53.85"
"842","Taro Hirose","DET","L","3","30.983333333333","12","21","36.36","11","15","42.31","9","10","47.37","0","2","0.00","0.69","0.56","55.04","7","7","50.00","6","2","75.00","0","1","0.00","1","5","16.67","0","0","-","4","12","25.00","0","1","0.00","0.00","80.00","0.800","4","9","2","27","66.67","6","12","6","50.00"
"196","Joseph Cramarossa","MIN","C","4","30.833333333333","22","41","34.92","18","30","37.50","11","22","33.33","1","1","50.00","0.84","2.15","28.10","8","17","32.00","4","7","36.36","1","1","50.00","4","10","28.57","0","0","-","11","24","31.43","0","0","-","9.09","95.45","1.045","4","8","8","22","33.33","7","9","11","38.89"
"1014","Samuel Knazko","CBJ","D","2","30.316666666667","30","41","42.25","24","37","39.34","18","26","40.91","1","1","50.00","1.01","2.42","29.31","19","24","44.19","4","7","36.36","0","1","0.00","15","17","46.88","0","0","-","10","15","40.00","1","0","100.00","5.56","96.15","1.017","2","4","7","26","22.22","6","8","18","25.00"
"805","Nathan Smith","ARI","C","4","29.766666666667","24","34","41.38","13","23","36.11","6","13","31.58","0","1","0.00","0.5","1.18","29.52","10","15","40.00","3","5","37.50","0","0","-","7","10","41.18","0","1","0.00","11","18","37.93","0","0","-","0.00","92.31","0.923","1","6","2","34","33.33","5","10","6","45.45"
"686","Dmitri Samorukov","STL","D","2","29.75","19","29","39.58","15","18","45.45","7","14","33.33","0","1","0.00","0.94","1.34","41.39","11","16","40.74","4","8","33.33","0","1","0.00","7","8","46.67","0","0","-","7","10","41.18","0","0","-","0.00","92.86","0.929","2","7","3","27","40.00","5","8","3","62.50"
"937","Jacob Gaucher","PHI","C","4","29.366666666667","28","31","47.46","19","21","47.50","14","16","46.67","2","2","50.00","1.2","1.73","40.95","12","17","41.38","5","9","35.71","0","0","-","7","8","46.67","1","0","100.00","17","13","56.67","1","2","33.33","14.29","87.50","1.018","3","8","2","32","60.00","7","12","3","70.00"
"943","Jack Ahcan","COL","D","2","29.316666666667","31","32","49.21","22","19","53.66","9","15","37.50","1","1","50.00","1.19","0.85","58.26","15","12","55.56","5","4","55.56","0","0","-","10","8","55.56","1","0","100.00","15","22","40.54","0","1","0.00","11.11","93.33","1.044","1","7","4","26","20.00","4","10","11","26.67"
"476","Glenn Gawdin","ANA","C","4","28.683333333333","24","33","42.11","20","21","48.78","11","15","42.31","0","2","0.00","1.19","0.85","58.23","9","13","40.91","4","6","40.00","0","1","0.00","5","7","41.67","0","0","-","10","16","38.46","0","1","0.00","0.00","86.67","0.867","4","4","5","26","44.44","5","5","13","27.78"
"977","Lukas Cormier","VGK","D","2","28.366666666667","30","26","53.57","19","18","51.35","13","13","50.00","1","0","100.00","1.33","0.88","60.21","16","10","61.54","10","5","66.67","1","0","100.00","6","5","54.55","0","0","-","15","17","46.88","0","0","-","7.69","100.00","1.077","3","6","4","21","42.86","8","11","6","57.14"
"1158","Pierrick Dube","WSH","R","3","27.833333333333","18","25","41.86","15","12","55.56","7","7","50.00","1","0","100.00","0.86","0.99","46.46","9","12","42.86","2","4","33.33","0","0","-","7","8","46.67","1","0","100.00","7","15","31.82","0","0","-","14.29","100.00","1.143","3","9","4","24","42.86","3","11","12","20.00"
"339","Dillon Heatherington","OTT","D","3","27.633333333333","23","25","47.92","18","16","52.94","11","13","45.83","0","3","0.00","1.14","1.09","51.10","15","11","57.69","7","5","58.33","0","2","0.00","8","6","57.14","0","1","0.00","7","12","36.84","0","0","-","0.00","76.92","0.769","4","3","4","29","50.00","8","5","6","57.14"
"639","Tye Felhaber","COL","L","5","27.4","30","24","55.56","22","18","55.00","17","7","70.83","0","1","0.00","1.2","1.36","46.80","12","12","50.00","5","7","41.67","0","1","0.00","7","5","58.33","0","0","-","17","10","62.96","0","0","-","0.00","85.71","0.857","1","2","3","32","25.00","6","7","3","66.67"
"446","Nikita Soshnikov","NYI","R","3","27.316666666667","27","18","60.00","21","15","58.33","11","12","47.83","0","2","0.00","1.04","0.78","57.26","13","9","59.09","5","3","62.50","0","1","0.00","8","6","57.14","0","0","-","17","9","65.38","0","1","0.00","0.00","83.33","0.833","4","7","3","33","57.14","12","8","4","75.00"
"580","William Bitten","STL","C","4","26.583333333333","12","16","42.86","11","12","47.83","10","11","47.62","1","0","100.00","0.44","1.12","28.26","5","11","31.25","1","7","12.50","1","0","100.00","4","4","50.00","0","0","-","4","4","50.00","0","0","-","10.00","100.00","1.100","1","6","3","30","25.00","2","7","9","18.18"
"1209","Quinn Hutson","EDM","R","2","26.566666666667","16","26","38.10","12","19","38.71","7","10","41.18","1","1","50.00","0.51","0.53","49.24","8","12","40.00","2","2","50.00","1","0","100.00","6","10","37.50","0","1","0.00","10","13","43.48","0","0","-","14.29","90.00","1.043","9","5","5","16","64.29","11","6","8","57.89"
"729","Skyler Brind'Amour","CAR","C","2","26.1","27","28","49.09","18","19","48.65","9","14","39.13","1","4","20.00","1.45","1.39","51.02","12","19","38.71","6","6","50.00","1","1","50.00","6","13","31.58","0","2","0.00","18","8","69.23","0","1","0.00","11.11","71.43","0.825","5","6","1","22","83.33","9","11","4","69.23"
"1113","Kirill Kudryavtsev","VAN","D","2","25.883333333333","25","18","58.14","19","14","57.58","9","5","64.29","1","0","100.00","0.9","0.59","60.21","12","5","70.59","3","2","60.00","1","0","100.00","9","3","75.00","0","0","-","14","15","48.28","0","0","-","11.11","100.00","1.111","2","1","2","26","50.00","6","3","7","46.15"
"1106","Ryan Greene","CHI","C","2","24.633333333333","18","23","43.90","11","14","44.00","5","6","45.45","0","0","-","0.52","0.98","34.79","6","12","33.33","1","5","16.67","0","0","-","5","7","41.67","0","0","-","12","14","46.15","0","0","-","0.00","100.00","1.000","1","9","5","19","16.67","2","10","8","20.00"
"1006","Riley Duran","BOS","C","2","24.283333333333","25","8","75.76","19","7","73.08","14","7","66.67","0","1","0.00","0.9","0.38","70.34","9","2","81.82","3","2","60.00","0","1","0.00","6","0","100.00","0","0","-","15","9","62.50","0","0","-","0.00","85.71","0.857","2","9","3","20","40.00","5","13","5","50.00"
"1139","Marshall Rifai","TOR","D","2","23.3","22","22","50.00","18","17","51.43","13","13","50.00","1","0","100.00","0.67","0.97","40.74","6","6","50.00","2","2","50.00","0","0","-","4","4","50.00","1","0","100.00","14","14","50.00","0","0","-","7.69","100.00","1.077","1","6","1","28","50.00","4","6","2","66.67"
"1161","Parker Ford","WPG","C","3","22.8","15","20","42.86","12","12","50.00","6","8","42.86","2","1","66.67","0.84","0.46","64.52","5","6","45.45","4","2","66.67","1","0","100.00","1","4","20.00","1","0","100.00","10","18","35.71","0","1","0.00","33.33","87.50","1.208","3","3","3","25","50.00","3","5","7","30.00"
"1205","Ivan Demidov","MTL","R","2","22.6","22","26","45.83","17","19","47.22","8","12","40.00","2","1","66.67","1.29","1.43","47.48","13","13","50.00","6","7","46.15","2","1","66.67","7","6","53.85","0","0","-","11","14","44.00","0","0","-","25.00","91.67","1.167","7","4","0","17","100.00","8","4","3","72.73"
"439","Hayden Hodgson","OTT, PHI","R","3","21.916666666667","16","24","40.00","10","14","41.67","6","12","33.33","0","2","0.00","0.56","0.54","51.01","8","9","47.06","3","2","60.00","0","0","-","5","7","41.67","0","1","0.00","10","17","37.04","0","1","0.00","0.00","83.33","0.833","4","10","3","18","57.14","6","13","7","46.15"
"1072","Justin Robidas","CAR","C","2","21.85","29","15","65.91","19","12","61.29","14","8","63.64","2","1","66.67","1.54","0.7","68.70","16","10","61.54","5","3","62.50","2","1","66.67","11","7","61.11","0","0","-","15","5","75.00","0","0","-","14.29","87.50","1.018","7","6","2","13","77.78","10","8","4","71.43"
"884","Lassi Thomson","OTT","D","2","21.6","22","23","48.89","15","16","48.39","8","13","38.10","0","2","0.00","0.62","0.86","41.76","9","13","40.91","3","4","42.86","0","1","0.00","6","9","40.00","0","1","0.00","10","7","58.82","0","0","-","0.00","84.62","0.846","6","4","2","20","75.00","10","8","5","66.67"
"739","Kristian Reichel","WPG","C","2","21.116666666667","13","14","48.15","12","9","57.14","8","9","47.06","1","1","50.00","0.53","0.4","57.08","7","7","50.00","1","1","50.00","1","1","50.00","6","6","50.00","0","0","-","6","7","46.15","0","0","-","12.50","88.89","1.014","1","10","4","18","20.00","4","11","8","33.33"
"974","Donovan Sebrango","OTT","D","2","20.616666666667","24","21","53.33","17","15","53.13","10","9","52.63","0","1","0.00","0.76","1.03","42.40","7","9","43.75","3","4","42.86","0","1","0.00","4","5","44.44","0","0","-","17","15","53.13","0","0","-","0.00","88.89","0.889","1","2","3","25","25.00","2","4","4","33.33"
"1192","Ty Mueller","VAN","C","2","20.583333333333","13","30","30.23","8","20","28.57","5","14","26.32","0","0","-","0.5","1.05","32.18","6","13","31.58","3","3","50.00","0","0","-","3","10","23.08","0","0","-","7","18","28.00","0","0","-","0.00","100.00","1.000","2","3","4","18","33.33","4","6","7","36.36"
"681","Joel Teasdale","MTL","L","2","20.5","20","23","46.51","14","16","46.67","10","11","47.62","1","3","25.00","1.66","0.97","63.15","11","13","45.83","8","6","57.14","1","2","33.33","3","7","30.00","0","1","0.00","7","9","43.75","0","0","-","10.00","72.73","0.827","3","5","1","17","75.00","4","10","6","40.00"
"202","Andy Andreoff","NYI","C","3","20.433333333333","11","36","23.40","5","29","14.71","5","21","19.23","1","4","20.00","0.55","2.6","17.36","9","23","28.13","2","11","15.38","1","2","33.33","7","12","36.84","0","2","0.00","0","11","0.00","0","0","-","20.00","80.95","1.010","1","4","0","26","100.00","2","7","3","40.00"
"1111","Joakim Kemell","NSH","R","2","19.383333333333","14","16","46.67","11","8","57.89","9","7","56.25","1","1","50.00","0.81","0.4","66.96","7","8","46.67","4","1","80.00","0","0","-","3","7","30.00","1","1","50.00","7","10","41.18","0","0","-","11.11","85.71","0.968","1","6","0","16","100.00","2","8","4","33.33"
"200","Steven Fogarty","MIN","C","2","19.3","10","15","40.00","7","12","36.84","5","8","38.46","0","0","-","0.31","0.33","48.22","4","4","50.00","1","1","50.00","0","0","-","3","3","50.00","0","0","-","4","8","33.33","0","0","-","0.00","100.00","1.000","2","1","4","19","33.33","3","1","6","33.33"
"1193","Zayne Parekh","CGY","D","1","18.55","13","11","54.17","9","9","50.00","8","7","53.33","3","0","100.00","0.42","0.44","48.46","5","6","45.45","0","3","0.00","0","0","-","5","3","62.50","2","0","100.00","6","6","50.00","1","0","100.00","37.50","100.00","1.375","1","3","2","18","33.33","2","9","4","33.33"
"1152","Anton Levtchi","FLA","L","2","18.416666666667","6","21","22.22","4","19","17.39","3","13","18.75","0","0","-","0.31","1.25","19.66","4","9","30.77","2","6","25.00","0","0","-","2","3","40.00","0","0","-","1","11","8.33","0","0","-","0.00","100.00","1.000","3","5","2","15","60.00","5","5","4","55.56"
"1166","Hunter Brzustewicz","CGY","D","1","18.383333333333","23","16","58.97","19","13","59.38","15","8","65.22","2","0","100.00","1.42","0.3","82.38","10","4","71.43","4","1","80.00","2","0","100.00","6","3","66.67","0","0","-","13","12","52.00","0","0","-","13.33","100.00","1.133","1","1","1","17","50.00","7","5","4","63.64"
"998","Justin Richards","CBJ","C","2","18.3","11","34","24.44","9","25","26.47","6","18","25.00","1","2","33.33","0.39","2.07","15.74","6","17","26.09","1","9","10.00","0","2","0.00","5","8","38.46","1","0","100.00","3","16","15.79","0","0","-","16.67","88.89","1.056","3","5","4","14","42.86","3","6","6","33.33"
"760","Filip Kral","TOR","D","2","18.05","24","21","53.33","18","16","52.94","12","11","52.17","1","1","50.00","1.48","1.02","59.20","15","13","53.57","6","5","54.55","1","1","50.00","9","8","52.94","0","0","-","9","6","60.00","0","0","-","8.33","90.91","0.992","2","3","3","18","40.00","7","4","6","53.85"
"1169","Dalibor Dvorsky","STL","C, R","2","17.6","9","25","26.47","6","20","23.08","4","10","28.57","0","0","-","0.18","2.2","7.72","3","16","15.79","0","12","0.00","0","0","-","3","4","42.86","0","0","-","6","9","40.00","0","0","-","0.00","100.00","1.000","3","4","0","17","100.00","4","4","3","57.14"
"930","Tyce Thompson","N.J","R","2","17.3","15","24","38.46","11","19","36.67","4","13","23.53","0","1","0.00","0.58","1.33","30.51","9","12","42.86","3","4","42.86","0","0","-","6","8","42.86","0","1","0.00","5","13","27.78","0","0","-","0.00","92.31","0.923","3","6","4","16","42.86","3","7","6","33.33"
"1155","Maksymilian Szuber","ARI","D","1","16.85","22","17","56.41","17","13","56.67","12","11","52.17","0","1","0.00","1.6","0.7","69.55","9","4","69.23","7","0","100.00","0","0","-","2","4","33.33","0","1","0.00","15","16","48.39","0","0","-","0.00","90.91","0.909","1","1","4","18","20.00","5","6","7","41.67"
"281","Connor Carrick","BOS","D","1","16.65","12","9","57.14","10","9","52.63","8","6","57.14","3","0","100.00","0.51","0.33","60.33","6","3","66.67","1","2","33.33","0","0","-","5","1","83.33","3","0","100.00","4","6","40.00","0","0","-","37.50","100.00","1.375","2","4","2","15","50.00","4","7","5","44.44"
"925","Nick Abruzzese","TOR","C","2","16.383333333333","13","15","46.43","11","12","47.83","7","8","46.67","1","0","100.00","0.89","0.62","58.89","7","8","46.67","2","3","40.00","1","0","100.00","5","5","50.00","0","0","-","6","6","50.00","0","0","-","14.29","100.00","1.143","2","2","1","22","66.67","2","2","3","40.00"
"161","Riley Sheahan","BUF","C","2","16.266666666667","11","13","45.83","6","8","42.86","5","7","41.67","0","2","0.00","0.4","0.39","50.26","7","6","53.85","2","3","40.00","0","1","0.00","5","3","62.50","0","1","0.00","3","6","33.33","0","0","-","0.00","71.43","0.714","3","2","3","15","50.00","3","4","6","33.33"
"101","Kyle Clifford","TOR","L","2","15.816666666667","18","16","52.94","12","11","52.17","8","9","47.06","1","0","100.00","0.7","0.88","44.20","8","9","47.06","4","3","57.14","0","0","-","4","6","40.00","0","0","-","9","6","60.00","1","0","100.00","12.50","100.00","1.125","3","4","0","17","100.00","4","5","2","66.67"
"1036","Dylan Duke","T.B","L","2","15.716666666667","7","14","33.33","3","12","20.00","3","9","25.00","1","1","50.00","0.19","0.91","17.65","4","8","33.33","1","4","20.00","1","0","100.00","3","4","42.86","0","0","-","3","9","25.00","0","1","0.00","33.33","88.89","1.222","3","5","4","14","42.86","4","6","11","26.67"
"775","Filip Hallander","PIT","C","2","15.716666666667","5","19","20.83","5","11","31.25","2","7","22.22","0","0","-","0.15","0.72","17.35","2","9","18.18","1","4","20.00","0","0","-","1","5","16.67","0","0","-","3","7","30.00","0","0","-","0.00","100.00","1.000","2","8","2","12","50.00","2","8","3","40.00"
"1052","Ryan Ufko","NSH","D","1","15.616666666667","11","13","45.83","10","11","47.62","6","10","37.50","1","1","50.00","0.81","1","44.59","6","7","46.15","2","3","40.00","0","1","0.00","4","4","50.00","1","0","100.00","7","8","46.67","0","0","-","16.67","90.00","1.067","4","2","3","11","57.14","6","4","7","46.15"
"1210","Tim Washe","ANA","C","2","15.466666666667","26","11","70.27","21","8","72.41","14","6","70.00","1","1","50.00","1.4","0.33","81.00","11","2","84.62","5","1","83.33","1","0","100.00","6","1","85.71","0","0","-","11","11","50.00","0","1","0.00","7.14","83.33","0.905","0","0","4","21","0.00","1","1","7","12.50"
"699","Cameron Crotty","ARI, MIN","D","2","15.183333333333","14","14","50.00","11","12","47.83","7","9","43.75","0","2","0.00","0.59","0.43","57.49","6","5","54.55","3","1","75.00","0","0","-","3","4","42.86","0","1","0.00","7","15","31.82","0","1","0.00","0.00","77.78","0.778","1","1","1","19","50.00","3","1","10","23.08"
"1084","Ville Ottavainen","SEA","D","1","14.4","15","7","68.18","10","4","71.43","5","1","83.33","1","1","50.00","0.49","0.21","70.13","6","4","60.00","1","1","50.00","0","1","0.00","5","3","62.50","1","0","100.00","7","3","70.00","0","0","-","20.00","0.00","0.200","1","4","1","10","50.00","4","7","1","80.00"
"1096","Taylor Ward","L.A","R","1","13.8","12","8","60.00","10","6","62.50","6","4","60.00","0","0","-","0.31","0.26","54.35","3","2","60.00","2","1","66.67","0","0","-","1","1","50.00","0","0","-","8","6","57.14","0","0","-","0.00","100.00","1.000","2","4","3","10","40.00","4","6","4","50.00"
"1090","Frederic Brunet","BOS","D","1","13.533333333333","6","15","28.57","4","9","30.77","4","6","40.00","0","1","0.00","0.14","0.76","15.99","4","10","28.57","0","3","0.00","0","0","-","4","7","36.36","0","1","0.00","2","7","22.22","0","0","-","0.00","83.33","0.833","0","3","2","14","0.00","2","4","3","40.00"
"885","Ryan Suzuki","CAR","C","2","13.183333333333","13","8","61.90","8","7","53.33","5","4","55.56","1","0","100.00","0.52","0.27","65.88","4","5","44.44","3","0","100.00","1","0","100.00","1","5","16.67","0","0","-","10","4","71.43","0","0","-","20.00","100.00","1.200","3","1","1","13","75.00","6","1","2","75.00"
"808","Damien Giroux","MIN","C","1","12.866666666667","6","22","21.43","6","14","30.00","5","12","29.41","1","1","50.00","0.67","0.96","40.98","3","12","20.00","2","6","25.00","1","0","100.00","1","6","14.29","0","1","0.00","3","10","23.08","0","0","-","20.00","91.67","1.117","0","1","0","15","-","1","4","0","100.00"
"1178","Aydar Suniev","CGY","L","1","12.766666666667","11","19","36.67","7","18","28.00","4","10","28.57","2","0","100.00","0.77","0.64","54.63","5","7","41.67","3","3","50.00","1","0","100.00","2","4","33.33","1","0","100.00","5","11","31.25","0","0","-","50.00","100.00","1.500","0","1","1","14","0.00","1","7","1","50.00"
"813","Ruslan Iskhakov","NYI","C","1","12.7","11","25","30.56","9","18","33.33","8","13","38.10","0","0","-","0.77","1.28","37.61","6","15","28.57","3","6","33.33","0","0","-","3","9","25.00","0","0","-","4","9","30.77","0","0","-","0.00","100.00","1.000","1","4","2","11","33.33","4","4","4","50.00"
"863","Daniil Misyul","N.J","D","1","12.383333333333","10","8","55.56","7","6","53.85","6","3","66.67","0","1","0.00","0.2","0.26","43.34","5","4","55.56","0","1","0.00","0","1","0.00","5","3","62.50","0","0","-","6","2","75.00","0","0","-","0.00","66.67","0.667","4","4","0","10","100.00","7","5","1","87.50"
"540","Kyle Criscuolo","S.J","C","1","12.383333333333","4","16","20.00","4","9","30.77","4","9","30.77","1","1","50.00","0.46","0.8","36.59","4","7","36.36","3","2","60.00","0","1","0.00","1","5","16.67","1","0","100.00","2","10","16.67","0","0","-","25.00","88.89","1.139","2","7","2","8","50.00","4","7","4","50.00"
"1184","Ondrej Pavel","COL","C","2","12.2","15","5","75.00","9","3","75.00","6","3","66.67","0","1","0.00","0.68","0.11","86.01","8","1","88.89","3","0","100.00","0","0","-","5","1","83.33","0","0","-","7","3","70.00","0","1","0.00","0.00","66.67","0.667","1","4","0","15","100.00","3","6","1","75.00"
"1109","Devin Kaplan","PHI","R","1","12.2","10","20","33.33","7","13","35.00","4","8","33.33","0","1","0.00","0.38","0.89","29.92","3","8","27.27","2","3","40.00","0","1","0.00","1","5","16.67","0","0","-","7","10","41.18","0","0","-","0.00","87.50","0.875","0","4","2","10","0.00","1","4","3","25.00"
"565","Tyler Benson","EDM","L","2","12.066666666667","7","8","46.67","4","5","44.44","1","4","20.00","0","0","-","0.22","0.53","29.64","3","3","50.00","1","1","50.00","0","0","-","2","2","50.00","0","0","-","3","4","42.86","0","0","-","0.00","100.00","1.000","2","1","1","14","66.67","2","1","4","33.33"
"990","Yan Kuznetsov","CGY","D","1","11.966666666667","10","12","45.45","7","10","41.18","5","7","41.67","0","1","0.00","0.35","0.55","38.59","5","6","45.45","1","1","50.00","0","0","-","4","5","44.44","0","0","-","5","7","41.67","0","1","0.00","0.00","85.71","0.857","1","3","0","12","100.00","2","4","4","33.33"
"916","Aku Raty","ARI","R","1","11.75","6","17","26.09","5","13","27.78","3","6","33.33","1","1","50.00","0.29","0.57","33.61","4","5","44.44","2","2","50.00","1","1","50.00","2","3","40.00","0","0","-","3","9","25.00","0","0","-","33.33","83.33","1.167","1","3","0","13","100.00","2","4","2","50.00"
"1138","Owen Sillinger","CBJ","C","1","11.65","5","19","20.83","3","12","20.00","3","8","27.27","0","0","-","0.09","0.45","16.28","1","6","14.29","0","1","0.00","0","0","-","1","5","16.67","0","0","-","5","12","29.41","0","0","-","0.00","100.00","1.000","1","0","1","12","50.00","3","0","2","60.00"
"1197","Sam Morton","CGY","C","1","11.233333333333","7","9","43.75","7","6","53.85","5","2","71.43","1","0","100.00","0.26","0.28","48.08","2","5","28.57","1","1","50.00","1","0","100.00","1","4","20.00","0","0","-","6","3","66.67","0","0","-","20.00","100.00","1.200","1","2","1","11","50.00","1","4","2","33.33"
"1207","Jack Williams","CBJ","R","1","11.15","12","13","48.00","9","9","50.00","4","6","40.00","1","0","100.00","0.37","0.57","39.01","4","7","36.36","1","5","16.67","0","0","-","3","2","60.00","1","0","100.00","7","7","50.00","0","0","-","25.00","100.00","1.250","1","3","3","7","25.00","2","3","6","25.00"
"1023","Chase Bradley","COL","L","2","11.15","8","9","47.06","4","3","57.14","2","3","40.00","0","0","-","0.17","0.15","51.93","3","1","75.00","1","0","100.00","0","0","-","2","1","66.67","0","0","-","3","4","42.86","0","0","-","0.00","100.00","1.000","0","3","2","11","0.00","0","5","2","0.00"
"628","Nathan Clurman","PIT","D","1","11.083333333333","21","6","77.78","16","4","80.00","12","3","80.00","0","0","-","1.25","0.1","92.65","11","2","84.62","5","2","71.43","0","0","-","6","0","100.00","0","0","-","8","4","66.67","0","0","-","0.00","100.00","1.000","0","2","0","15","-","1","2","1","50.00"
"53","Riley Nash","NYR","C","1","11.083333333333","6","9","40.00","6","6","50.00","5","2","71.43","0","0","-","0.33","0.31","51.60","4","4","50.00","1","0","100.00","0","0","-","3","4","42.86","0","0","-","3","6","33.33","0","0","-","0.00","100.00","1.000","1","0","3","11","25.00","2","1","3","40.00"
"1165","Gavin Brindley","CBJ","C","1","10.85","5","6","45.45","3","5","37.50","3","3","50.00","0","0","-","0.13","0.08","62.16","1","1","50.00","1","1","50.00","0","0","-","0","0","-","0","0","-","3","8","27.27","0","0","-","0.00","100.00","1.000","1","3","3","5","25.00","3","3","4","42.86"
"537","Dan Renouf","BOS","D","1","10.816666666667","15","19","44.12","11","15","42.31","8","14","36.36","0","3","0.00","0.98","1","49.62","5","11","31.25","1","5","16.67","0","2","0.00","4","6","40.00","0","0","-","8","7","53.33","0","1","0.00","0.00","78.57","0.786","3","4","1","8","75.00","5","4","3","62.50"
"1097","Brandon Scanlin","NYR","D","1","10.766666666667","6","17","26.09","2","12","14.29","1","10","9.09","0","0","-","0.03","0.74","3.91","1","8","11.11","0","3","0.00","0","0","-","1","5","16.67","0","0","-","5","9","35.71","0","0","-","0.00","100.00","1.000","1","5","2","6","33.33","1","5","5","16.67"
"69","Jason Demers","EDM","D","1","10.733333333333","7","14","33.33","6","10","37.50","4","5","44.44","0","1","0.00","0.25","0.8","23.72","2","9","18.18","1","5","16.67","0","1","0.00","1","4","20.00","0","0","-","6","6","50.00","0","0","-","0.00","80.00","0.800","0","2","3","9","0.00","2","2","5","28.57"
"875","John Farinacci","BOS","C","1","10.05","10","11","47.62","9","6","60.00","6","6","50.00","1","0","100.00","0.59","0.67","46.77","4","5","44.44","2","2","50.00","0","0","-","2","3","40.00","1","0","100.00","5","7","41.67","0","0","-","16.67","100.00","1.167","0","1","5","8","0.00","0","1","9","0.00"
"1085","Jacob Melanson","SEA","R","1","9.8833333333333","9","11","45.00","7","8","46.67","4","4","50.00","1","1","50.00","0.5","0.54","48.09","5","8","38.46","3","2","60.00","1","1","50.00","2","6","25.00","0","0","-","4","5","44.44","0","0","-","25.00","75.00","1.000","0","2","1","10","0.00","0","3","4","0.00"
"1190","Patrik Koch","ARI","D","1","9.3333333333333","11","11","50.00","6","6","50.00","6","5","54.55","1","1","50.00","0.17","0.59","21.89","2","4","33.33","0","2","0.00","0","1","0.00","2","2","50.00","1","0","100.00","8","6","57.14","0","0","-","16.67","80.00","0.967","1","3","0","8","100.00","2","4","0","100.00"
"726","Nick Swaney","MIN","R","1","9.2166666666667","1","17","5.56","1","12","7.69","1","10","9.09","0","0","-","0.1","0.9","9.62","1","10","9.09","0","6","0.00","0","0","-","1","4","20.00","0","0","-","0","7","0.00","0","0","-","0.00","100.00","1.000","1","1","0","9","100.00","1","1","0","100.00"
"434","Ondrej Kase","CAR","R","1","9.1333333333333","20","9","68.97","17","8","68.00","6","6","50.00","0","0","-","0.92","0.35","72.26","7","4","63.64","4","1","80.00","0","0","-","3","3","50.00","0","0","-","12","2","85.71","0","0","-","0.00","100.00","1.000","8","2","3","3","72.73","9","3","4","69.23"
"696","Lias Andersson","L.A","C","1","8.6166666666667","8","16","33.33","5","12","29.41","3","7","30.00","0","1","0.00","0.26","1.01","20.29","3","7","30.00","1","4","20.00","0","1","0.00","2","3","40.00","0","0","-","5","12","29.41","0","0","-","0.00","85.71","0.857","1","2","1","8","50.00","1","3","5","16.67"
"629","Jeremy Davies","BUF","D","1","8.55","8","13","38.10","5","10","33.33","5","9","35.71","0","0","-","0.21","0.81","20.13","4","7","36.36","1","4","20.00","0","0","-","3","3","50.00","0","0","-","2","5","28.57","0","0","-","0.00","100.00","1.000","1","2","0","10","100.00","3","2","0","100.00"
"953","Jack Finley","T.B","C","1","8.4166666666667","7","4","63.64","6","3","66.67","5","2","71.43","1","0","100.00","0.22","0.25","46.85","3","2","60.00","2","2","50.00","1","0","100.00","1","0","100.00","0","0","-","6","2","75.00","0","0","-","20.00","100.00","1.200","4","1","0","10","100.00","7","2","0","100.00"
"785","Gabriel Fortier","T.B","L","1","8.4166666666667","6","11","35.29","5","7","41.67","4","5","44.44","0","0","-","0.21","1.36","13.33","2","10","16.67","0","6","0.00","0","0","-","2","4","33.33","0","0","-","4","1","80.00","0","0","-","0.00","100.00","1.000","0","3","1","8","0.00","2","4","1","66.67"
"594","Henrik Borgstrom","WSH","C","1","8.1666666666667","4","10","28.57","3","7","30.00","2","6","25.00","0","0","-","0.04","0.32","11.94","2","5","28.57","0","2","0.00","0","0","-","2","3","40.00","0","0","-","2","5","28.57","0","0","-","0.00","100.00","1.000","1","3","0","8","100.00","2","3","2","50.00"
"626","Rhett Gardner","PHI","C","1","7.4666666666667","3","5","37.50","3","2","60.00","3","2","60.00","0","0","-","0.14","0.1","58.92","2","1","66.67","1","1","50.00","0","0","-","1","0","100.00","0","0","-","1","1","50.00","0","0","-","0.00","100.00","1.000","0","1","0","9","-","0","2","0","-"
"1004","William Dufour","NYI","R","1","6.8","6","7","46.15","4","7","36.36","3","4","42.86","0","2","0.00","0.19","0.4","31.73","2","3","40.00","0","2","0.00","0","1","0.00","2","1","66.67","0","0","-","3","4","42.86","0","1","0.00","0.00","50.00","0.500","3","0","0","5","100.00","4","0","0","100.00"
"445","Cole Bardreau","NYI","C","1","6.6166666666667","8","1","88.89","5","0","100.00","4","0","100.00","0","0","-","0.16","0","100.00","4","0","100.00","1","0","100.00","0","0","-","3","0","100.00","0","0","-","4","1","80.00","0","0","-","0.00","-","0.00","0","1","1","8","0.00","0","2","1","0.00"
"1079","Michael Milne","MIN","L","1","6.5666666666667","2","6","25.00","2","3","40.00","1","2","33.33","0","0","-","0.03","0.11","24.49","0","2","0.00","0","0","-","0","0","-","0","2","0.00","0","0","-","2","4","33.33","0","0","-","0.00","100.00","1.000","0","3","0","5","-","0","3","1","0.00"
"804","Semyon Der-Arguchintsev","TOR","C","1","6.3666666666667","4","13","23.53","4","7","36.36","3","5","37.50","1","0","100.00","0.33","0.4","45.28","3","4","42.86","1","1","50.00","0","0","-","2","3","40.00","1","0","100.00","1","7","12.50","0","0","-","33.33","100.00","1.333","0","1","0","8","-","1","1","1","50.00"
"1095","Marc Johnstone","PIT","R","1","6.15","2","6","25.00","0","5","0.00","0","4","0.00","0","1","0.00","0","1.3","0.00","1","5","16.67","0","4","0.00","0","1","0.00","1","1","50.00","0","0","-","1","1","50.00","0","0","-","-","75.00","0.75","0","1","1","6","0.00","0","2","1","0.00"
"529","Samuel Laberge","N.J","L","2","6.0666666666667","5","6","45.45","5","3","62.50","2","3","40.00","0","0","-","0.34","0.22","59.97","1","1","50.00","1","1","50.00","0","0","-","0","0","-","0","0","-","4","5","44.44","0","0","-","0.00","100.00","1.000","0","5","2","4","0.00","0","5","2","0.00"
"655","Kole Lind","SEA","R","1","5.9833333333333","7","10","41.18","4","7","36.36","4","6","40.00","0","0","-","0.27","0.21","56.54","3","3","50.00","1","1","50.00","0","0","-","2","2","50.00","0","0","-","3","5","37.50","0","0","-","0.00","100.00","1.000","1","2","0","5","100.00","3","3","0","100.00"
"425","CJ Suess","S.J","L","1","5.8333333333333","3","4","42.86","3","2","60.00","2","2","50.00","0","1","0.00","0.23","0.21","52.03","2","1","66.67","1","1","50.00","0","1","0.00","1","0","100.00","0","0","-","2","3","40.00","0","0","-","0.00","50.00","0.500","1","0","0","9","100.00","2","0","0","100.00"
"188","Max McCormick","SEA","L","1","5.6333333333333","2","9","18.18","2","6","25.00","2","4","33.33","0","0","-","0.21","0.45","31.83","1","3","25.00","1","1","50.00","0","0","-","0","2","0.00","0","0","-","1","5","16.67","0","0","-","0.00","100.00","1.000","0","2","0","7","-","1","3","1","50.00"
"1199","Jacob Quillan","TOR","C","1","5.35","2","7","22.22","0","7","0.00","0","6","0.00","0","0","-","0","0.61","0.00","0","5","0.00","0","4","0.00","0","0","-","0","1","0.00","0","0","-","1","2","33.33","0","0","-","-","100.00","1.00","0","1","0","6","-","0","2","0","-"
"725","Philip Kemp","EDM","D","1","2.05","1","1","50.00","1","0","100.00","1","0","100.00","0","0","-","0.02","0","100.00","0","0","-","0","0","-","0","0","-","0","0","-","0","0","-","1","1","50.00","0","0","-","0.00","-","0.00","0","1","0","2","-","0","2","1","0.00"
"1074","Carter Mazur","DET","L","1","1.1666666666667","1","0","100.00","1","0","100.00","0","0","-","0","0","-","0.04","0","100.00","0","0","-","0","0","-","0","0","-","0","0","-","0","0","-","2","0","100.00","0","0","-","-","-","-","0","1","0","1","-","1","1","0","100.00"
"1091","Cameron Butler","CBJ","R","1","0.9","2","0","100.00","2","0","100.00","2","0","100.00","0","0","-","0.03","0","100.00","0","0","-","0","0","-","0","0","-","0","0","-","0","0","-","5","0","100.00","0","0","-","0.00","-","0.00","1","0","0","0","100.00","3","0","0","100.00"