"","Player","Player 2","Team","GP","TOI","CF","CA","CF%","FF","FA","FF%","SF","SA","SF%","GF","GA","GF%","xGF","xGA","xGF%","SCF","SCA","SCF%","HDCF","HDCA","HDCF%","HDGF","HDGA","HDGF%","MDCF","MDCA","MDCF%","MDGF","MDGA","MDGF%","LDCF","LDCA","LDCF%","LDGF","LDGA","LDGF%","On-Ice SH%","On-Ice SV%","PDO","Off. Zone Starts","Neu. Zone Starts","Def. Zone Starts","On The Fly Starts","Off. Zone Start %","Off. Zone Faceoffs","Neu. Zone Faceoffs","Def. Zone Faceoffs","Off. Zone Faceoff %"
"1","Adam Larsson","Jamie Oleksiak","SEA","238","557.28333333333","108","1166","8.48","101","860","10.51","83","559","12.93","7","86","7.53","8.1","86.9","8.53","44","585","7.00","22","262","7.75","2","41","4.65","22","323","6.38","4","23","14.81","21","832","2.46","0","22","0.00","8.43","84.62","0.930","1","46","345","48","0.29","16","82","659","2.37"
"2","Brent Burns","Jaccob Slavin","CAR","237","500.38333333333","132","669","16.48","115","513","18.31","92","351","20.77","9","47","16.07","7.11","61.64","10.34","58","391","12.92","31","184","14.42","6","22","21.43","27","207","11.54","2","15","11.76","41","460","8.18","0","10","0.00","9.78","86.61","0.964","8","49","326","165","2.40","27","72","491","5.21"
"3","Jani Hakanpaa","Esa Lindell","DAL","146","448.48333333333","107","765","12.27","99","588","14.41","85","421","16.80","12","51","19.05","8.24","59.62","12.14","40","435","8.42","25","170","12.82","9","23","28.13","15","265","5.36","1","16","5.88","22","457","4.59","0","12","0.00","14.12","87.89","1.020","1","30","272","53","0.37","9","57","458","1.93"
"4","Devon Toews","Cale Makar","COL","211","441.98333333333","101","806","11.14","92","640","12.57","73","465","13.57","8","55","12.70","5.56","71.35","7.23","47","457","9.33","16","240","6.25","3","31","8.82","31","217","12.50","3","14","17.65","17","542","3.04","1","10","9.09","10.96","88.17","0.991","1","46","330","62","0.30","11","70","520","2.07"
"5","David Savard","Mike Matheson","MTL","171","412.48333333333","83","852","8.88","71","640","9.99","61","450","11.94","8","57","12.31","4.3","73.3","5.55","33","506","6.12","12","225","5.06","5","25","16.67","21","281","6.95","3","18","14.29","27","561","4.59","0","14","0.00","13.11","87.33","1.004","4","35","300","53","1.32","13","59","495","2.56"
"6","Aaron Ekblad","Gustav Forsling","FLA","177","411.55","101","684","12.87","86","512","14.38","71","373","15.99","7","49","12.50","5.07","57.14","8.14","36","376","8.74","12","183","6.15","2","21","8.70","24","193","11.06","4","14","22.22","30","449","6.26","0","14","0.00","9.86","86.86","0.967","4","44","317","117","1.25","20","72","462","4.15"
"7","Cody Ceci","Darnell Nurse","EDM","159","341.4","85","630","11.89","78","480","13.98","63","348","15.33","6","47","11.32","6.07","49.67","10.89","39","367","9.61","20","138","12.66","5","21","19.23","19","229","7.66","0","18","0.00","22","355","5.84","0","8","0.00","9.52","86.49","0.960","4","40","262","67","1.50","16","63","416","3.70"
"8","Alex Pietrangelo","Brayden McNabb","VGK","208","332.11666666667","86","672","11.35","72","474","13.19","58","319","15.38","9","41","18.00","5.68","45.86","11.01","35","359","8.88","21","128","14.09","6","14","30.00","14","231","5.71","3","18","14.29","23","458","4.78","0","9","0.00","15.52","87.15","1.027","1","28","202","56","0.49","11","43","366","2.92"
"9","Drew Doughty","Mikey Anderson","L.A","176","319.15","65","594","9.86","56","437","11.36","49","317","13.39","5","35","12.50","3.88","43.46","8.19","29","309","8.58","12","132","8.33","2","17","10.53","17","177","8.76","1","10","9.09","18","437","3.96","1","7","12.50","10.20","88.96","0.992","5","33","207","89","2.36","15","53","320","4.48"
"10","Jake Sanderson","Artem Zub","OTT","170","311.08333333333","70","561","11.09","65","410","13.68","60","295","16.90","6","47","11.32","4.14","43.22","8.73","26","319","7.54","13","135","8.78","2","17","10.53","13","184","6.60","3","13","18.75","14","375","3.60","0","17","0.00","10.00","84.07","0.941","2","41","213","67","0.93","8","60","364","2.15"
"11","Travis Hamonic","Jake Sanderson","OTT","173","296.43333333333","74","538","12.09","69","408","14.47","54","278","16.27","5","34","12.82","4.21","41.21","9.27","26","311","7.72","17","118","12.59","3","20","13.04","9","193","4.46","0","9","0.00","17","284","5.65","0","5","0.00","9.26","87.77","0.970","1","26","239","78","0.42","9","42","358","2.45"
"12","Brady Skjei","Brett Pesce","CAR","150","291.33333333333","88","411","17.64","77","316","19.59","60","233","20.48","8","27","22.86","6.82","36.94","15.59","42","250","14.38","22","136","13.92","7","19","26.92","20","114","14.93","1","5","16.67","30","211","12.45","0","3","0.00","13.33","88.41","1.017","2","35","183","101","1.08","15","63","281","5.07"
"13","Nick Leddy","Colton Parayko","STL","172","285.16666666667","69","521","11.69","66","430","13.31","54","297","15.38","11","42","20.75","4.8","46.93","9.27","39","309","11.21","24","152","13.64","6","25","19.35","15","157","8.72","3","11","21.43","13","321","3.89","2","6","25.00","20.37","85.86","1.062","2","26","191","95","1.04","8","45","304","2.56"
"14","Kris Letang","Marcus Pettersson","PIT","175","270.03333333333","63","441","12.50","58","317","15.47","49","212","18.77","4","29","12.12","3.44","28.74","10.68","22","234","8.59","12","87","12.12","1","15","6.25","10","147","6.37","0","10","0.00","23","343","6.28","0","4","0.00","8.16","86.32","0.945","3","35","192","74","1.54","13","50","316","3.95"
"15","John Carlson","Martin Fehervary","WSH","175","269.83333333333","49","511","8.75","46","380","10.80","38","254","13.01","4","39","9.30","3.11","39.45","7.30","19","246","7.17","13","99","11.61","2","14","12.50","6","147","3.92","2","8","20.00","12","420","2.78","0","17","0.00","10.53","84.65","0.952","1","32","170","61","0.58","4","51","303","1.30"
"16","Travis Sanheim","Cam York","PHI","200","266.95","76","497","13.26","69","340","16.87","52","223","18.91","6","31","16.22","5.96","37.89","13.59","43","271","13.69","20","105","16.00","2","18","10.00","23","166","12.17","3","10","23.08","24","387","5.84","1","3","25.00","11.54","86.10","0.976","0","37","206","84","0.00","8","55","295","2.64"
"17","Brenden Dillon","Dylan DeMelo","WPG","152","257.58333333333","49","493","9.04","44","369","10.65","32","251","11.31","3","33","8.33","3.68","38.18","8.80","20","263","7.07","11","126","8.03","2","14","12.50","9","137","6.16","1","12","7.69","15","313","4.57","0","7","0.00","9.38","86.85","0.962","3","20","184","36","1.60","8","30","302","2.58"
"18","Jake Walman","Moritz Seider","DET","126","239.7","48","481","9.07","45","363","11.03","38","258","12.84","5","34","12.82","3.76","41.22","8.37","20","293","6.39","14","134","9.46","3","11","21.43","6","159","3.64","2","17","10.53","12","288","4.00","0","6","0.00","13.16","86.82","1.000","3","32","222","52","1.33","9","40","295","2.96"
"19","Radko Gudas","Jackson LaCombe","ANA","130","230.01666666667","56","418","11.81","49","297","14.16","39","205","15.98","2","39","4.88","4.24","30.41","12.24","18","225","7.41","9","98","8.41","0","16","0.00","9","127","6.62","1","10","9.09","26","311","7.72","0","13","0.00","5.13","80.98","0.861","5","34","153","71","3.16","12","43","222","5.13"
"20","Jacob Trouba","Ryan Lindgren","NYR","150","219.05","38","424","8.23","33","311","9.59","22","218","9.17","4","24","14.29","2.37","33.43","6.61","16","224","6.67","8","91","8.08","2","14","12.50","8","133","5.67","1","4","20.00","18","339","5.04","0","6","0.00","18.18","88.99","1.072","4","20","152","51","2.56","11","36","275","3.85"
"21","Erik Gudbranson","Ivan Provorov","CBJ","94","218.4","40","497","7.45","38","369","9.34","27","256","9.54","1","33","2.94","2.21","35.59","5.86","14","253","5.24","8","102","7.27","0","10","0.00","6","151","3.82","1","11","8.33","11","378","2.83","0","12","0.00","3.70","87.11","0.908","1","13","135","31","0.74","3","22","251","1.18"
"22","Ben Chiarot","Moritz Seider","DET","234","216.8","36","486","6.90","34","356","8.72","31","251","10.99","3","46","6.12","2.76","36.61","7.00","14","264","5.04","8","107","6.96","2","18","10.00","6","157","3.68","0","15","0.00","2","308","0.65","0","13","0.00","9.68","81.67","0.914","2","19","165","74","1.20","4","26","256","1.54"
"23","Hampus Lindholm","Brandon Carlo","BOS","157","210.98333333333","57","344","14.21","49","268","15.46","45","188","19.31","5","35","12.50","3.02","28.76","9.50","21","200","9.50","12","90","11.76","4","20","16.67","9","110","7.56","0","8","0.00","18","243","6.90","0","7","0.00","11.11","81.38","0.925","1","24","160","113","0.62","9","38","248","3.50"
"24","Dylan DeMelo","Dylan Samberg","WPG","194","202.38333333333","32","367","8.02","28","256","9.86","22","155","12.43","5","17","22.73","2.19","26.4","7.67","9","193","4.46","4","85","4.49","3","9","25.00","5","108","4.42","1","4","20.00","10","268","3.60","0","4","0.00","22.73","89.03","1.118","3","25","155","62","1.90","5","36","227","2.16"
"25","Dmitry Kulikov","Niko Mikkola","FLA","140","201.86666666667","55","298","15.58","45","225","16.67","33","159","17.19","4","26","13.33","3.27","23.9","12.05","18","142","11.25","9","71","11.25","4","15","21.05","9","71","11.25","0","3","0.00","27","207","11.54","0","8","0.00","12.12","83.65","0.958","3","14","91","146","3.19","13","25","117","10.00"
"26","Mario Ferraro","Jan Rutta","S.J","116","197.8","30","419","6.68","26","327","7.37","21","209","9.13","2","26","7.14","1.45","32.8","4.24","12","231","4.94","6","96","5.88","0","9","0.00","6","135","4.26","1","8","11.11","10","292","3.31","1","9","10.00","9.52","87.56","0.971","1","12","120","30","0.83","6","25","197","2.96"
"27","Vladislav Gavrikov","Matt Roy","L.A","96","195.88333333333","43","382","10.12","40","273","12.78","32","182","14.95","4","21","16.00","3.54","27.19","11.53","24","206","10.43","10","73","12.05","2","8","20.00","14","133","9.52","2","10","16.67","5","278","1.77","0","3","0.00","12.50","88.46","1.010","1","16","121","32","0.82","5","26","203","2.40"
"28","Scott Mayfield","Adam Pelech","NYI","131","191.65","26","371","6.55","23","259","8.16","19","184","9.36","3","25","10.71","2.33","32.03","6.78","14","218","6.03","8","111","6.72","1","13","7.14","6","107","5.31","1","6","14.29","5","196","2.49","0","6","0.00","15.79","86.41","1.022","2","20","131","39","1.50","7","31","225","3.02"
"29","Jonas Brodin","Brock Faber","MIN","112","191.53333333333","43","371","10.39","38","292","11.52","31","216","12.55","1","35","2.78","2","30.48","6.16","17","207","7.59","5","93","5.10","1","18","5.26","12","114","9.52","0","12","0.00","13","297","4.19","0","5","0.00","3.23","83.80","0.870","2","13","126","56","1.56","7","23","229","2.97"
"30","Derek Forbort","Brandon Carlo","BOS","83","191.2","50","292","14.62","43","221","16.29","31","159","16.32","4","20","16.67","2.82","22.13","11.32","22","162","11.96","9","64","12.33","1","12","7.69","13","98","11.71","3","2","60.00","19","178","9.64","0","6","0.00","12.90","87.42","1.003","2","22","150","33","1.32","6","31","230","2.54"
"31","Ryan McDonagh","Jeremy Lauzon","NSH","130","184.65","48","347","12.15","40","266","13.07","35","203","14.71","3","24","11.11","3.64","30.35","10.71","29","215","11.89","12","103","10.43","2","10","16.67","17","112","13.18","1","8","11.11","8","189","4.06","0","6","0.00","8.57","88.18","0.967","0","20","121","56","0.00","7","33","202","3.35"
"32","Adam Pelech","Ryan Pulock","NYI","163","183.26666666667","46","385","10.67","42","287","12.77","36","198","15.38","3","33","8.33","3.28","31.01","9.56","22","210","9.48","12","94","11.32","1","14","6.67","10","116","7.94","1","10","9.09","10","273","3.53","1","9","10.00","8.33","83.33","0.917","2","22","146","42","1.35","8","39","231","3.35"
"33","Vladislav Gavrikov","Mikey Anderson","L.A","161","181","32","270","10.60","26","216","10.74","22","146","13.10","3","26","10.34","2.75","24.74","10.00","14","167","7.73","7","90","7.22","1","16","5.88","7","77","8.33","1","7","12.50","6","203","2.87","1","3","25.00","13.64","82.19","0.958","0","16","103","71","0.00","6","35","202","2.88"
"34","Adam Fox","Ryan Lindgren","NYR","182","179.98333333333","60","292","17.05","57","221","20.50","47","157","23.04","4","21","16.00","3.67","24.8","12.89","34","175","16.27","14","89","13.59","1","10","9.09","20","86","18.87","2","10","16.67","13","164","7.34","1","1","50.00","8.51","86.62","0.951","3","22","156","85","1.89","6","31","208","2.80"
"35","Jared Spurgeon","Jonas Brodin","MIN","111","176.48333333333","26","352","6.88","23","253","8.33","19","171","10.00","3","18","14.29","1.49","23.8","5.90","13","181","6.70","5","63","7.35","1","6","14.29","8","118","6.35","2","9","18.18","5","201","2.43","0","3","0.00","15.79","89.47","1.053","0","16","139","30","0.00","2","28","212","0.93"
"36","Scott Mayfield","Alexander Romanov","NYI","164","170.03333333333","42","353","10.63","37","258","12.54","32","186","14.68","3","27","10.00","3.57","27.53","11.49","26","199","11.56","11","91","10.78","1","14","6.67","15","108","12.20","1","6","14.29","9","203","4.25","0","7","0.00","9.38","85.48","0.949","0","21","88","68","0.00","7","33","146","4.58"
"37","Seth Jones","Alex Vlasic","CHI","113","168.73333333333","34","295","10.33","29","226","11.37","26","162","13.83","1","25","3.85","1.14","24.28","4.50","7","179","3.76","2","78","2.50","0","17","0.00","5","101","4.72","0","7","0.00","12","231","4.94","0","1","0.00","3.85","84.57","0.884","1","20","134","28","0.74","4","30","206","1.90"
"38","MacKenzie Weegar","Rasmus Andersson","CGY","236","168.7","68","291","18.94","55","199","21.65","45","131","25.57","2","24","7.69","3.33","19.33","14.69","33","148","18.23","15","61","19.74","1","9","10.00","18","87","17.14","1","8","11.11","23","214","9.70","0","7","0.00","4.44","81.68","0.861","0","11","73","153","0.00","9","18","133","6.34"
"39","Esa Lindell","Ilya Lyubushkin","DAL","78","167.71666666667","35","298","10.51","34","224","13.18","28","154","15.38","3","22","12.00","2.08","24.95","7.71","14","185","7.04","6","70","7.89","1","6","14.29","8","115","6.50","1","10","9.09","8","221","3.49","0","6","0.00","10.71","85.71","0.964","0","12","107","1","0.00","8","23","211","3.65"
"40","Connor Murphy","Alex Vlasic","CHI","114","167.4","31","252","10.95","28","197","12.44","25","139","15.24","3","21","12.50","1.94","21.11","8.42","16","150","9.64","12","67","15.19","3","8","27.27","4","83","4.60","0","8","0.00","9","205","4.21","0","5","0.00","12.00","84.89","0.969","4","24","116","45","3.33","10","40","187","5.08"
"41","Jacob Trouba","K'Andre Miller","NYR","170","166.98333333333","42","255","14.14","36","195","15.58","26","134","16.25","3","13","18.75","3.14","19.95","13.58","25","139","15.24","13","48","21.31","2","6","25.00","12","91","11.65","0","3","0.00","9","145","5.84","0","4","0.00","11.54","90.30","1.018","0","11","79","101","0.00","5","16","135","3.57"
"42","Christopher Tanev","Noah Hanifin","CGY","120","162.93333333333","61","289","17.43","57","208","21.51","34","137","19.88","3","18","14.29","3.56","22.39","13.72","31","168","15.58","15","66","18.52","3","6","33.33","16","102","13.56","0","8","0.00","21","180","10.45","0","4","0.00","8.82","86.86","0.957","4","13","128","79","3.03","16","24","205","7.24"
"43","Ian Cole","Mikhail Sergachev","UTA","77","158.91666666667","22","310","6.63","19","215","8.12","13","149","8.02","2","19","9.52","1.84","25.81","6.64","5","188","2.59","1","85","1.16","0","10","0.00","4","103","3.74","0","6","0.00","3","210","1.41","0","3","0.00","15.38","87.25","1.026","1","11","114","29","0.87","3","25","215","1.38"
"44","Nick Jensen","Trevor van Riemsdyk","WSH","136","158.88333333333","31","308","9.14","24","215","10.04","20","155","11.43","0","25","0.00","1.81","21.93","7.63","16","145","9.94","6","73","7.59","0","14","0.00","10","72","12.20","0","6","0.00","7","165","4.07","0","5","0.00","0.00","83.87","0.839","0","17","105","33","0.00","7","24","179","3.76"
"45","Ryan McDonagh","Erik Cernak","T.B","76","158.55","45","263","14.61","39","198","16.46","32","130","19.75","4","20","16.67","2.92","21.54","11.95","16","146","9.88","7","70","9.09","3","11","21.43","9","76","10.59","0","4","0.00","17","203","7.73","0","5","0.00","12.50","84.62","0.971","1","21","116","26","0.85","6","35","183","3.17"
"46","Rasmus Andersson","Kevin Bahl","CGY","72","158.28333333333","28","330","7.82","23","257","8.21","19","173","9.90","2","25","7.41","1.97","26.28","6.98","13","198","6.16","4","80","4.76","2","10","16.67","9","118","7.09","0","10","0.00","7","268","2.55","0","5","0.00","10.53","85.55","0.961","2","17","131","32","1.50","3","31","224","1.32"
"47","John Carlson","Nick Jensen","WSH","118","156.33333333333","18","350","4.89","18","260","6.47","13","188","6.47","2","20","9.09","0.99","28.28","3.37","4","187","2.09","2","85","2.30","1","9","10.00","2","102","1.92","0","6","0.00","5","283","1.74","1","5","16.67","15.38","89.36","1.047","2","10","97","22","2.02","6","19","198","2.94"
"48","Brenden Dillon","Johnathan Kovacevic","N.J","81","156.03333333333","36","293","10.94","31","219","12.40","22","141","13.50","2","24","7.69","3.3","26.06","11.22","23","165","12.23","12","80","13.04","1","14","6.67","11","85","11.46","1","3","25.00","8","219","3.52","0","7","0.00","9.09","82.98","0.921","1","23","111","48","0.89","4","32","175","2.23"
"49","Jacob Middleton","Brock Faber","MIN","145","153.05","22","336","6.15","18","249","6.74","17","175","8.85","2","21","8.70","1.1","25.25","4.17","7","191","3.54","3","67","4.29","0","8","0.00","4","124","3.13","1","9","10.00","5","220","2.22","0","4","0.00","11.76","88.00","0.998","0","23","102","58","0.00","3","28","158","1.86"
"50","Victor Hedman","Erik Cernak","T.B","204","148.38333333333","38","267","12.46","35","202","14.77","26","149","14.86","2","15","11.76","2.71","20.99","11.45","21","147","12.50","9","66","12.00","1","8","11.11","12","81","12.90","1","5","16.67","6","201","2.90","0","2","0.00","7.69","89.93","0.976","1","16","98","103","1.01","4","26","157","2.48"
"51","Cam Fowler","Ilya Lyubushkin","ANA","55","148.13333333333","21","371","5.36","19","267","6.64","18","191","8.61","2","29","6.45","1.33","27.99","4.52","4","203","1.93","3","83","3.49","1","9","10.00","1","120","0.83","0","11","0.00","9","258","3.37","1","9","10.00","11.11","84.82","0.959","1","17","98","26","1.01","4","26","173","2.26"
"52","Dylan Samberg","Neal Pionk","WPG","188","147.11666666667","27","273","9.00","26","197","11.66","24","135","15.09","4","24","14.29","2.9","18.96","13.25","14","139","9.15","6","62","8.82","2","10","16.67","8","77","9.41","1","9","10.00","6","185","3.14","0","5","0.00","16.67","82.22","0.989","2","13","78","61","2.50","7","22","102","6.42"
"53","Dmitry Kulikov","Simon Benoit","ANA","57","139.61666666667","35","283","11.01","30","225","11.76","24","161","12.97","0","21","0.00","1.29","24.43","5.02","10","184","5.15","7","76","8.43","0","8","0.00","3","108","2.70","0","7","0.00","7","115","5.74","0","6","0.00","0.00","86.96","0.870","0","14","105","20","0.00","2","23","180","1.10"
"54","Dmitry Orlov","Jalen Chatfield","CAR","145","138.71666666667","39","172","18.48","35","145","19.44","25","101","19.84","2","9","18.18","2.76","18.05","13.27","20","109","15.50","8","63","11.27","1","6","14.29","12","46","20.69","1","2","33.33","17","95","15.18","0","1","0.00","8.00","91.09","0.991","3","14","58","80","4.92","14","27","79","15.05"
"55","Ryan Pulock","Alexander Romanov","NYI","190","137.7","33","217","13.20","30","167","15.23","23","122","15.86","7","19","26.92","2.92","14.93","16.37","22","114","16.18","8","43","15.69","4","6","40.00","14","71","16.47","1","8","11.11","7","130","5.11","1","5","16.67","30.43","84.43","1.149","2","14","53","111","3.64","4","19","83","4.60"
"56","Matthew Benning","Mario Ferraro","S.J","88","137.36666666667","23","298","7.17","22","218","9.17","21","160","11.60","2","23","8.00","1","23.15","4.13","8","170","4.49","4","73","5.19","0","12","0.00","4","97","3.96","2","9","18.18","2","209","0.95","0","2","0.00","9.52","85.63","0.951","2","11","100","34","1.96","4","19","175","2.23"
"57","Adam Fox","K'Andre Miller","NYR","215","137.03333333333","70","190","26.92","62","144","30.10","46","96","32.39","7","20","25.93","5.35","14.52","26.92","35","112","23.81","12","46","20.69","3","7","30.00","23","66","25.84","1","11","8.33","22","104","17.46","2","2","50.00","15.22","79.17","0.944","1","10","51","122","1.92","6","18","82","6.82"
"58","Joshua Brown","Janis Moser","ARI","119","136.96666666667","25","300","7.69","22","232","8.66","19","166","10.27","0","23","0.00","1.18","24.29","4.62","10","192","4.95","5","74","6.33","0","14","0.00","5","118","4.07","0","6","0.00","8","125","6.02","0","3","0.00","0.00","86.14","0.861","3","11","109","39","2.68","7","18","150","4.46"
"59","Noah Hanifin","Rasmus Andersson","CGY","135","134.33333333333","48","200","19.35","42","169","19.91","36","124","22.50","1","11","8.33","3.55","17.04","17.23","25","116","17.73","10","49","16.95","0","3","0.00","15","67","18.29","1","4","20.00","12","109","9.92","0","4","0.00","2.78","91.13","0.939","2","10","65","90","2.99","8","18","104","7.14"
"60","Hampus Lindholm","Charlie McAvoy","BOS","147","134.13333333333","45","193","18.91","35","138","20.23","29","102","22.14","0","12","0.00","2.72","15.25","15.16","21","123","14.58","8","51","13.56","0","9","0.00","13","72","15.29","0","2","0.00","13","92","12.38","0","1","0.00","0.00","88.24","0.882","2","8","41","93","4.65","6","15","77","7.23"
"61","Connor Clifton","Mattias Samuelsson","BUF","91","131.78333333333","30","235","11.32","29","165","14.95","27","114","19.15","2","20","9.09","1.63","16.51","9.00","11","122","8.27","5","45","10.00","1","9","10.00","6","77","7.23","0","8","0.00","10","200","4.76","0","3","0.00","7.41","82.46","0.899","1","14","100","33","0.99","2","22","164","1.20"
"62","Rasmus Ristolainen","Ivan Provorov","PHI","74","131.36666666667","26","281","8.47","22","202","9.82","17","140","10.83","4","22","15.38","1.24","20.81","5.63","13","149","8.02","4","70","5.41","2","11","15.38","9","79","10.23","1","4","20.00","4","142","2.74","1","7","12.50","23.53","84.29","1.078","0","19","97","42","0.00","1","27","157","0.63"
"63","Vladislav Gavrikov","Andrew Peeke","CBJ","50","130.36666666667","33","260","11.26","30","206","12.71","27","146","15.61","1","21","4.55","1.72","19.18","8.21","14","140","9.09","8","52","13.33","1","6","14.29","6","88","6.38","0","9","0.00","9","119","7.03","0","6","0.00","3.70","85.62","0.893","1","8","87","18","1.14","9","18","149","5.70"
"64","Mattias Ekholm","Vincent Desharnais","EDM","95","129.11666666667","33","179","15.57","25","122","17.01","21","84","20.00","4","12","25.00","2.47","12.9","16.08","15","108","12.20","8","42","16.00","3","7","30.00","7","66","9.59","1","2","33.33","10","106","8.62","0","3","0.00","19.05","85.71","1.048","1","6","64","84","1.54","6","15","93","6.06"
"65","Ian Cole","Erik Cernak","T.B","66","127.1","32","222","12.60","29","168","14.72","22","117","15.83","3","12","20.00","2.53","17","12.95","15","139","9.74","6","55","9.84","2","7","22.22","9","84","9.68","0","4","0.00","6","143","4.03","0","1","0.00","13.64","89.74","1.034","1","16","90","26","1.10","5","29","139","3.47"
"66","Patrik Nemeth","Troy Stecher","ARI","56","126.25","18","263","6.41","15","210","6.67","13","142","8.39","2","18","10.00","1.35","21.41","5.93","9","176","4.86","7","68","9.33","0","7","0.00","2","108","1.82","2","4","33.33","3","92","3.16","0","7","0.00","15.38","87.32","1.027","1","8","93","45","1.06","3","14","120","2.44"
"67","TJ Brodie","Justin Holl","TOR","56","126.03333333333","32","205","13.50","29","162","15.18","21","120","14.89","1","15","6.25","3.09","15.93","16.24","16","109","12.80","11","53","17.19","1","9","10.00","5","56","8.20","0","3","0.00","9","108","7.69","0","3","0.00","4.76","87.50","0.923","0","9","92","24","0.00","2","20","151","1.31"
"68","Brady Skjei","Nick Blankenburg","NSH","60","121.51666666667","25","180","12.20","22","141","13.50","18","99","15.38","0","19","0.00","1.49","14.53","9.30","11","105","9.48","5","50","9.09","0","12","0.00","6","55","9.84","0","6","0.00","10","138","6.76","0","1","0.00","0.00","80.81","0.808","0","15","83","17","0.00","7","29","137","4.86"
"69","Christopher Tanev","Jake McCabe","TOR","59","120","23","224","9.31","21","155","11.93","18","114","13.64","1","15","6.25","1.23","16.51","6.94","11","129","7.86","4","44","8.33","0","4","0.00","7","85","7.61","0","5","0.00","8","162","4.71","1","6","14.29","5.56","86.84","0.924","5","9","117","28","4.10","9","18","153","5.56"
"70","Brendan Smith","John Marino","N.J","98","119.96666666667","36","187","16.14","29","140","17.16","25","90","21.74","2","10","16.67","1.69","14.52","10.45","16","105","13.22","7","46","13.21","1","6","14.29","9","59","13.24","0","3","0.00","12","143","7.74","1","1","50.00","8.00","88.89","0.969","0","10","90","43","0.00","4","14","126","3.08"
"71","Josh Manson","Samuel Girard","COL","120","115.43333333333","20","210","8.70","18","148","10.84","14","108","11.48","1","15","6.25","1.06","17.12","5.82","9","112","7.44","2","59","3.28","1","8","11.11","7","53","11.67","0","4","0.00","9","135","6.25","0","3","0.00","7.14","86.11","0.933","4","15","62","48","6.06","7","22","77","8.33"
"72","Nick Jensen","Thomas Chabot","OTT","69","112.41666666667","27","183","12.86","22","145","13.17","15","107","12.30","2","10","16.67","1.42","16.48","7.92","14","117","10.69","7","58","10.77","1","7","12.50","7","59","10.61","1","2","33.33","5","99","4.81","0","1","0.00","13.33","90.65","1.040","0","13","63","46","0.00","1","21","86","1.15"
"73","Ryan Graves","John Marino","N.J","64","112.28333333333","21","176","10.66","17","135","11.18","14","97","12.61","2","9","18.18","1.25","14.33","8.03","6","102","5.56","2","52","3.70","0","7","0.00","4","50","7.41","2","2","50.00","9","110","7.56","0","0","-","14.29","90.72","1.050","3","13","75","24","3.85","4","26","116","3.33"
"74","K'Andre Miller","Braden Schneider","NYR","230","110.58333333333","49","126","28.00","43","98","30.50","26","69","27.37","5","7","41.67","4.32","9.22","31.89","31","62","33.33","18","29","38.30","5","2","71.43","13","33","28.26","0","4","0.00","12","85","12.37","0","1","0.00","19.23","89.86","1.091","1","10","44","64","2.22","3","17","67","4.29"
"75","Ryan Suter","Miro Heiskanen","DAL","150","110.5","20","143","12.27","17","117","12.69","12","81","12.90","3","10","23.08","1.67","11.58","12.60","12","79","13.19","8","37","17.78","2","3","40.00","4","42","8.70","1","5","16.67","5","73","6.41","0","2","0.00","25.00","87.65","1.127","3","6","42","91","6.67","6","14","54","10.00"
"76","Erik Cernak","Mikhail Sergachev","T.B","100","109.41666666667","11","237","4.44","10","168","5.62","6","116","4.92","0","19","0.00","0.67","17.74","3.62","6","142","4.05","4","62","6.06","0","7","0.00","2","80","2.44","0","6","0.00","3","161","1.83","0","6","0.00","0.00","83.62","0.836","4","10","68","27","5.56","6","19","138","4.17"
"77","Brayden McNabb","Zach Whitecloud","VGK","194","109.03333333333","17","200","7.83","14","146","8.75","13","94","12.15","0","18","0.00","0.92","14.79","5.88","7","112","5.88","4","47","7.84","0","9","0.00","3","65","4.41","0","4","0.00","8","110","6.78","0","5","0.00","0.00","80.85","0.809","0","7","59","42","0.00","4","14","92","4.17"
"78","Brian Dumoulin","Jan Rutta","PIT","56","107.7","21","202","9.42","20","155","11.43","15","113","11.72","2","17","10.53","1.1","15","6.83","9","114","7.32","5","42","10.64","1","5","16.67","4","72","5.26","1","6","14.29","3","93","3.13","0","6","0.00","13.33","84.96","0.983","1","12","100","21","0.99","5","16","143","3.38"
"79","Jeff Petry","Ben Chiarot","DET","111","107.51666666667","19","194","8.92","18","150","10.71","17","102","14.29","2","19","9.52","1.35","17.17","7.31","7","118","5.60","5","51","8.93","1","12","7.69","2","67","2.90","1","3","25.00","7","119","5.56","0","4","0.00","11.76","81.37","0.931","3","9","64","68","4.48","7","16","83","7.78"
"80","Marc Staal","Radko Gudas","FLA","72","107.5","26","179","12.68","23","133","14.74","20","102","16.39","0","15","0.00","1.01","15.11","6.27","11","104","9.57","3","43","6.52","0","8","0.00","8","61","11.59","0","4","0.00","1","72","1.37","0","3","0.00","0.00","85.29","0.853","1","5","55","63","1.79","3","12","77","3.75"
"81","Connor Clifton","Owen Power","BUF","143","106.81666666667","34","171","16.59","27","129","17.31","25","87","22.32","3","14","17.65","2.31","13.44","14.64","21","92","18.58","10","37","21.28","1","8","11.11","11","55","16.67","2","5","28.57","10","140","6.67","0","1","0.00","12.00","83.91","0.959","1","11","68","52","1.45","2","14","106","1.85"
"82","Mark Giordano","TJ Brodie","TOR","100","106.15","28","195","12.56","25","146","14.62","20","104","16.13","1","15","6.25","1.88","13.08","12.57","13","98","11.71","7","36","16.28","1","7","12.50","6","62","8.82","0","5","0.00","4","150","2.60","0","3","0.00","5.00","85.58","0.906","0","10","85","58","0.00","1","18","127","0.78"
"83","Marc-Edouard Vlasic","Mario Ferraro","S.J","144","106.05","16","212","7.02","14","165","7.82","11","107","9.32","0","7","0.00","0.7","14.91","4.47","4","111","3.48","1","41","2.38","0","2","0.00","3","70","4.11","0","5","0.00","7","142","4.70","0","0","-","0.00","93.46","0.935","1","7","75","49","1.32","5","12","120","4.00"
"84","Jeremy Lauzon","Alexandre Carrier","NSH","131","105.46666666667","15","185","7.50","14","139","9.15","11","102","9.73","3","13","18.75","2.01","14.84","11.93","8","106","7.02","4","47","7.84","0","6","0.00","4","59","6.35","2","3","40.00","6","150","3.85","0","4","0.00","27.27","87.25","1.145","0","5","84","50","0.00","6","12","124","4.62"
"85","Nick Seeler","Sean Walker","PHI","63","103.71666666667","28","171","14.07","26","112","18.84","23","75","23.47","1","6","14.29","1.94","11.86","14.07","15","103","12.71","7","44","13.73","0","5","0.00","8","59","11.94","0","0","-","9","104","7.96","1","1","50.00","4.35","92.00","0.963","1","9","45","67","2.17","5","11","61","7.58"
"86","Christopher Tanev","Nikita Zadorov","CGY","86","103.41666666667","36","175","17.06","33","132","20.00","27","91","22.88","2","15","11.76","2.1","15.13","12.18","15","118","11.28","6","42","12.50","2","8","20.00","9","76","10.59","0","5","0.00","13","82","13.68","0","2","0.00","7.41","83.52","0.909","2","11","92","51","2.13","8","20","138","5.48"
"87","Alec Martinez","Alex Pietrangelo","VGK","113","103.03333333333","26","204","11.30","24","140","14.63","21","103","16.94","5","16","23.81","1.08","13.68","7.35","10","109","8.40","6","41","12.77","4","6","40.00","4","68","5.56","1","5","16.67","4","114","3.39","0","5","0.00","23.81","84.47","1.083","0","12","84","40","0.00","0","18","121","0.00"
"88","Ryan Suter","Colton Parayko","STL","64","102.88333333333","27","182","12.92","26","136","16.05","22","92","19.30","1","18","5.26","0.82","14.71","5.29","8","101","7.34","1","44","2.22","0","7","0.00","7","57","10.94","0","4","0.00","9","138","6.12","0","7","0.00","4.55","80.43","0.850","1","10","79","26","1.25","2","15","119","1.65"
"89","Jared Spurgeon","Jacob Middleton","MIN","146","102.66666666667","30","202","12.93","28","150","15.73","25","114","17.99","3","14","17.65","1.56","15.8","8.97","11","112","8.94","4","45","8.16","3","7","30.00","7","67","9.46","0","3","0.00","5","126","3.82","0","4","0.00","12.00","87.72","0.997","1","10","76","42","1.30","5","18","120","4.00"
"90","Jonas Siegenthaler","John Marino","N.J","116","102.13333333333","18","191","8.61","16","148","9.76","15","110","12.00","2","21","8.70","1.1","15.64","6.56","8","106","7.02","5","46","9.80","2","8","20.00","3","60","4.76","0","8","0.00","6","129","4.44","0","5","0.00","13.33","80.91","0.942","0","13","66","58","0.00","2","20","109","1.80"
"91","David Savard","Joel Edmundson","MTL","41","100.98333333333","26","234","10.00","23","171","11.86","19","119","13.77","1","16","5.88","1.22","18.84","6.07","10","123","7.52","5","60","7.69","1","7","12.50","5","63","7.35","0","6","0.00","4","112","3.45","0","3","0.00","5.26","86.55","0.918","1","14","59","8","1.67","4","17","116","3.33"
"92","Nikita Zadorov","Brandon Carlo","BOS","63","98.833333333333","30","170","15.00","26","134","16.25","19","92","17.12","2","18","10.00","1.74","15.69","10.01","13","101","11.40","3","46","6.12","0","14","0.00","10","55","15.38","1","4","20.00","8","135","5.59","0","0","-","10.53","80.43","0.910","0","13","74","22","0.00","3","19","117","2.50"
"93","Esa Lindell","Thomas Harley","DAL","163","95.266666666667","23","123","15.75","20","90","18.18","17","57","22.97","1","8","11.11","1.98","9.05","17.97","10","63","13.70","1","26","3.70","0","4","0.00","9","37","19.57","0","1","0.00","4","91","4.21","1","3","25.00","5.88","85.96","0.918","0","5","31","17","0.00","2","12","74","2.63"
"94","TJ Brodie","Jake McCabe","TOR","88","93.766666666667","16","171","8.56","16","130","10.96","12","88","12.00","2","13","13.33","1.45","12.71","10.23","10","92","9.80","8","35","18.60","0","4","0.00","2","57","3.39","2","7","22.22","2","142","1.39","0","2","0.00","16.67","85.23","1.019","0","10","73","17","0.00","2","18","120","1.64"
"95","Zach Bogosian","Jacob Middleton","MIN","125","92.866666666667","10","167","5.65","8","123","6.11","6","89","6.32","0","11","0.00","0.15","10.77","1.37","2","83","2.35","0","33","0.00","0","5","0.00","2","50","3.85","0","1","0.00","4","122","3.17","0","5","0.00","0.00","87.64","0.876","1","7","47","58","2.08","2","13","83","2.35"
"96","Nicolas Hague","Zach Whitecloud","VGK","175","91.066666666667","23","154","12.99","22","110","16.67","18","76","19.15","0","12","0.00","1.96","11.16","14.92","16","83","16.16","10","33","23.26","0","5","0.00","6","50","10.71","0","2","0.00","5","79","5.95","0","5","0.00","0.00","84.21","0.842","3","6","21","80","12.50","5","12","32","13.51"
"97","Damon Severson","Ivan Provorov","CBJ","137","90.216666666667","32","155","17.11","26","112","18.84","23","78","22.77","2","12","14.29","1.11","13.35","7.70","13","92","12.38","2","40","4.76","2","7","22.22","11","52","17.46","0","3","0.00","9","112","7.44","0","2","0.00","8.70","84.62","0.933","1","8","59","38","1.67","6","17","105","5.41"
"98","Johnathan Kovacevic","Jordan Harris","MTL","97","88.666666666667","20","139","12.58","16","92","14.81","15","65","18.75","1","9","10.00","1.24","10.42","10.65","13","82","13.68","6","44","12.00","1","7","12.50","7","38","15.56","0","1","0.00","3","65","4.41","0","1","0.00","6.67","86.15","0.928","2","6","26","52","7.14","7","11","43","14.00"
"99","Nick Seeler","Travis Sanheim","PHI","223","86.166666666667","33","124","21.02","29","96","23.20","24","66","26.67","4","11","26.67","2.77","9.25","23.02","27","70","27.84","15","28","34.88","4","2","66.67","12","42","22.22","0","6","0.00","3","73","3.95","0","3","0.00","16.67","83.33","1.000","2","9","37","148","5.13","6","11","53","10.17"
"100","Matt Roy","Sean Durzi","L.A","72","85.9","13","153","7.83","12","98","10.91","11","71","13.41","1","18","5.26","0.66","9.32","6.57","5","77","6.10","3","26","10.34","0","6","0.00","2","51","3.77","1","5","16.67","3","97","3.00","0","7","0.00","9.09","74.65","0.837","1","7","40","50","2.44","1","12","53","1.85"
"101","Mattias Ekholm","Ty Emberson","EDM","59","85.633333333333","15","164","8.38","13","117","10.00","10","78","11.36","1","10","9.09","0.98","11.84","7.64","6","98","5.77","3","34","8.11","0","4","0.00","3","64","4.48","1","3","25.00","4","117","3.31","0","3","0.00","10.00","87.18","0.972","0","10","72","31","0.00","2","10","110","1.79"
"102","Cody Ceci","Jake Walman","S.J","41","83.866666666667","18","157","10.29","16","123","11.51","13","85","13.27","1","17","5.56","0.46","14.19","3.11","5","96","4.95","1","44","2.22","1","10","9.09","4","52","7.14","0","5","0.00","2","114","1.72","0","2","0.00","7.69","80.00","0.877","1","11","68","11","1.45","2","13","93","2.11"
"103","Jarred Tinordi","Connor Murphy","CHI","67","83.616666666667","14","160","8.05","13","107","10.83","12","87","12.12","3","16","15.79","0.72","11.13","6.09","4","90","4.26","3","39","7.14","1","8","11.11","1","51","1.92","0","4","0.00","4","79","4.82","2","4","33.33","25.00","81.61","1.066","1","4","60","38","1.64","3","10","82","3.53"
"104","Erik Johnson","Mattias Samuelsson","BUF","35","83.333333333333","13","163","7.39","11","124","8.15","11","89","11.00","1","11","8.33","0.75","10.78","6.50","2","80","2.44","0","32","0.00","0","3","0.00","2","48","4.00","0","4","0.00","5","140","3.45","0","4","0.00","9.09","87.64","0.967","3","10","68","9","4.23","6","17","103","5.50"
"105","Mark Giordano","Justin Holl","TOR","76","83.1","23","137","14.38","20","99","16.81","20","74","21.28","4","6","40.00","1.87","9.07","17.07","14","73","16.09","10","22","31.25","4","0","100.00","4","51","7.27","0","1","0.00","4","69","5.48","0","5","0.00","20.00","91.89","1.119","1","3","51","42","1.92","4","10","94","4.08"
"106","Jeff Petry","Brian Dumoulin","PIT","61","82.916666666667","17","159","9.66","13","115","10.16","12","89","11.88","2","10","16.67","0.93","10.94","7.81","9","86","9.47","6","40","13.04","1","5","16.67","3","46","6.12","1","3","25.00","2","85","2.30","0","2","0.00","16.67","88.76","1.054","2","7","71","36","2.74","5","10","120","4.00"
"107","Ryan McDonagh","Alexandre Carrier","NSH","105","81","10","159","5.92","10","102","8.93","8","67","10.67","1","11","8.33","1.04","11.59","8.23","7","98","6.67","4","32","11.11","1","3","25.00","3","66","4.35","0","5","0.00","0","110","0.00","0","3","0.00","12.50","83.58","0.961","0","9","57","22","0.00","2","13","89","2.20"
"108","Rasmus Ristolainen","Travis Sanheim","PHI","166","80.45","17","141","10.76","15","105","12.50","12","67","15.19","0","12","0.00","0.77","10.56","6.79","9","80","10.11","3","30","9.09","0","5","0.00","6","50","10.71","0","4","0.00","5","95","5.00","0","3","0.00","0.00","82.09","0.821","2","4","58","62","3.33","3","7","82","3.53"
"109","Tyler Myers","Carson Soucy","VAN","92","78.7","16","129","11.03","15","98","13.27","11","69","13.75","1","11","8.33","1.28","10.89","10.56","7","71","8.97","4","34","10.53","0","3","0.00","3","37","7.50","1","4","20.00","5","105","4.55","0","4","0.00","9.09","84.06","0.931","0","11","54","42","0.00","3","12","79","3.66"
"110","Oliver Ekman-Larsson","Gustav Forsling","FLA","77","77.966666666667","24","117","17.02","20","86","18.87","14","65","17.72","0","10","0.00","1.31","10.15","11.39","9","66","12.00","4","34","10.53","0","7","0.00","5","32","13.51","0","3","0.00","9","97","8.49","0","0","-","0.00","84.62","0.846","1","12","61","41","1.61","3","15","82","3.53"
"111","Brian Dumoulin","Jacob Trouba","ANA","36","77.566666666667","15","136","9.93","15","106","12.40","12","75","13.79","0","12","0.00","1.12","11.14","9.13","10","69","12.66","3","31","8.82","0","10","0.00","7","38","15.56","0","1","0.00","0","114","0.00","0","1","0.00","0.00","84.00","0.840","1","3","60","33","1.64","1","7","82","1.20"
"112","Zach Werenski","Dante Fabbro","CBJ","62","74.933333333333","14","128","9.86","12","102","10.53","7","78","8.24","3","12","20.00","0.6","11.21","5.08","5","82","5.75","2","40","4.76","1","7","12.50","3","42","6.67","1","5","16.67","6","83","6.74","1","0","100.00","42.86","84.62","1.275","0","10","42","36","0.00","0","14","64","0.00"
"113","Trevor van Riemsdyk","Martin Fehervary","WSH","197","74.166666666667","21","127","14.19","19","91","17.27","14","54","20.59","1","4","20.00","1.21","9.66","11.12","7","67","9.46","3","29","9.38","0","2","0.00","4","38","9.52","0","1","0.00","7","65","9.72","1","1","50.00","7.14","92.59","0.997","0","4","17","117","0.00","1","10","28","3.45"
"114","Marc-Edouard Vlasic","Matthew Benning","S.J","79","73.8","10","142","6.58","7","90","7.22","7","56","11.11","0","6","0.00","0.32","10.05","3.09","1","94","1.05","1","38","2.56","0","2","0.00","0","56","0.00","0","3","0.00","3","86","3.37","0","1","0.00","0.00","89.29","0.893","1","10","50","39","1.96","2","13","81","2.41"
"115","Trevor van Riemsdyk","Matt Roy","WSH","69","73.383333333333","19","97","16.38","16","67","19.28","10","41","19.61","2","4","33.33","0.69","6.41","9.70","7","50","12.28","2","15","11.76","1","1","50.00","5","35","12.50","1","2","33.33","8","62","11.43","0","1","0.00","20.00","90.24","1.102","0","2","19","54","0.00","5","8","38","11.63"
"116","Ryan McDonagh","Dante Fabbro","NSH","116","73.2","18","126","12.50","13","82","13.68","10","56","15.15","1","8","11.11","0.96","8.33","10.31","10","81","10.99","5","28","15.15","0","7","0.00","5","53","8.62","1","1","50.00","4","46","8.00","0","0","-","10.00","85.71","0.957","0","5","50","26","0.00","1","12","75","1.32"
"117","Brenden Dillon","Neal Pionk","WPG","159","72.233333333333","11","136","7.48","11","104","9.57","6","77","7.23","0","3","0.00","0.85","11.44","6.91","4","80","4.76","1","37","2.63","0","1","0.00","3","43","6.52","0","1","0.00","2","74","2.63","0","1","0.00","0.00","96.10","0.961","0","5","51","35","0.00","1","8","69","1.43"
"118","MacKenzie Weegar","Brayden Pachal","CGY","108","71.866666666667","19","109","14.84","17","78","17.89","14","55","20.29","2","9","18.18","0.77","7.97","8.83","8","60","11.76","2","25","7.41","1","7","12.50","6","35","14.63","1","1","50.00","7","62","10.14","0","1","0.00","14.29","83.64","0.979","3","4","18","53","14.29","5","14","23","17.86"
"119","Noah Dobson","Alexander Romanov","NYI","203","71.866666666667","22","115","16.06","18","85","17.48","15","63","19.23","2","10","16.67","1.37","8.28","14.17","16","63","20.25","5","24","17.24","0","6","0.00","11","39","22.00","2","3","40.00","5","57","8.06","0","1","0.00","13.33","84.13","0.975","2","6","17","90","10.53","5","9","24","17.24"
"120","Troy Stecher","Janis Moser","ARI","106","71.083333333333","13","135","8.78","11","111","9.02","10","88","10.20","1","9","10.00","0.74","11.06","6.27","6","73","7.59","4","31","11.43","1","3","25.00","2","42","4.55","0","2","0.00","2","86","2.27","0","4","0.00","10.00","89.77","0.998","0","6","52","48","0.00","0","9","71","0.00"
"121","David Savard","Kaiden Guhle","MTL","130","70.983333333333","12","161","6.94","11","117","8.59","9","80","10.11","0","10","0.00","0.82","14.16","5.49","7","97","6.73","0","43","0.00","0","4","0.00","7","54","11.48","0","3","0.00","2","84","2.33","0","3","0.00","0.00","87.50","0.875","0","3","38","28","0.00","4","7","71","5.33"
"122","Brett Kulak","Darnell Nurse","EDM","239","70.883333333333","21","138","13.21","19","102","15.70","16","68","19.05","2","13","13.33","1.54","10.46","12.79","13","78","14.29","6","19","24.00","1","4","20.00","7","59","10.61","1","4","20.00","9","85","9.57","0","5","0.00","12.50","80.88","0.934","1","3","21","73","4.55","3","9","38","7.32"
"123","Erik Gudbranson","Andrew Peeke","CBJ","87","70.316666666667","10","150","6.25","9","108","7.69","9","64","12.33","1","13","7.14","0.4","11.07","3.50","4","90","4.26","0","32","0.00","0","5","0.00","4","58","6.45","1","4","20.00","2","66","2.94","0","4","0.00","11.11","79.69","0.908","0","3","38","25","0.00","1","11","80","1.23"
"124","Mike Matheson","Johnathan Kovacevic","MTL","107","69.733333333333","23","121","15.97","19","87","17.92","16","65","19.75","3","13","18.75","0.89","10.71","7.67","11","76","12.64","4","44","8.33","1","9","10.00","7","32","17.95","2","3","40.00","2","58","3.33","0","1","0.00","18.75","80.00","0.988","0","3","37","36","0.00","1","8","63","1.56"
"125","Carson Soucy","William Borgen","SEA","78","69.516666666667","16","102","13.56","15","78","16.13","13","55","19.12","3","7","30.00","1.57","7.1","18.07","11","56","16.42","5","23","17.86","0","3","0.00","6","33","15.38","3","4","42.86","4","46","8.00","0","0","-","23.08","87.27","1.103","0","5","24","64","0.00","0","10","35","0.00"
"126","Matt Dumba","Travis Dermott","ARI","35","69.266666666667","19","146","11.52","16","107","13.01","11","78","12.36","0","13","0.00","0.83","10.56","7.29","9","80","10.11","2","33","5.71","0","7","0.00","7","47","12.96","0","3","0.00","7","116","5.69","0","3","0.00","0.00","83.33","0.833","1","6","57","16","1.72","4","8","91","4.21"
"127","Johnathan Kovacevic","Kaiden Guhle","MTL","92","68.633333333333","15","122","10.95","13","84","13.40","9","61","12.86","2","7","22.22","0.94","9.28","9.16","8","70","10.26","5","24","17.24","2","4","33.33","3","46","6.12","0","2","0.00","4","80","4.76","0","1","0.00","22.22","88.52","1.107","1","9","39","43","2.50","5","11","55","8.33"
"128","Mattias Ekholm","Alexandre Carrier","NSH","41","67.383333333333","15","101","12.93","13","84","13.40","8","56","12.50","0","9","0.00","0.92","8.45","9.83","10","65","13.33","3","23","11.54","0","4","0.00","7","42","14.29","0","5","0.00","3","40","6.98","0","0","-","0.00","83.93","0.839","0","5","42","31","0.00","2","10","55","3.51"
"129","Brett Pesce","Jonas Siegenthaler","N.J","46","67.083333333333","16","90","15.09","13","63","17.11","10","31","24.39","1","5","16.67","1.21","7.45","13.99","10","55","15.38","2","21","8.70","0","2","0.00","8","34","19.05","1","1","50.00","6","47","11.32","0","2","0.00","10.00","83.87","0.939","0","6","18","38","0.00","4","10","29","12.12"
"130","Joel Edmundson","Vladislav Gavrikov","L.A","73","66.483333333333","24","105","18.60","23","78","22.77","19","47","28.79","0","8","0.00","1.93","7.16","21.20","12","54","18.18","9","18","33.33","0","2","0.00","3","36","7.69","0","2","0.00","3","83","3.49","0","4","0.00","0.00","82.98","0.830","1","7","34","63","2.86","2","11","62","3.13"
"131","Erik Brannstrom","Jacob Bernard-Docker","OTT","82","66.316666666667","22","131","14.38","21","98","17.65","16","71","18.39","2","10","16.67","2.34","11.76","16.59","17","83","17.00","10","32","23.81","2","4","33.33","7","51","12.07","0","4","0.00","6","67","8.22","0","2","0.00","12.50","85.92","0.984","0","5","27","40","0.00","5","12","38","11.63"
"132","John Marino","Kevin Bahl","N.J","106","66.05","13","112","10.40","11","84","11.58","6","61","8.96","0","11","0.00","0.4","8.2","4.66","2","56","3.45","0","22","0.00","0","5","0.00","2","34","5.56","0","2","0.00","3","87","3.33","0","4","0.00","0.00","81.97","0.820","0","5","45","24","0.00","1","11","76","1.30"
"133","Brian Dumoulin","William Borgen","SEA","80","65.75","13","88","12.87","12","73","14.12","10","54","15.63","1","8","11.11","0.6","7.36","7.52","4","40","9.09","0","21","0.00","0","6","0.00","4","19","17.39","0","2","0.00","5","56","8.20","1","0","100.00","10.00","85.19","0.952","1","5","15","63","6.25","2","10","26","7.14"
"134","Jamie Oleksiak","William Borgen","SEA","190","65.25","14","119","10.53","13","84","13.40","11","54","16.92","0","7","0.00","0.68","7.79","7.98","5","56","8.20","3","21","12.50","0","4","0.00","2","35","5.41","0","2","0.00","3","89","3.26","0","1","0.00","0.00","87.04","0.870","0","4","48","19","0.00","2","10","67","2.90"
"135","Matt Dumba","Jacob Middleton","MIN","76","64.716666666667","19","113","14.39","18","89","16.82","13","68","16.05","3","6","33.33","1.23","8.67","12.45","11","63","14.86","6","31","16.22","3","4","42.86","5","32","13.51","0","1","0.00","4","54","6.90","0","1","0.00","23.08","91.18","1.143","1","2","19","43","5.00","2","6","28","6.67"
"136","Chad Ruhwedel","Ryan Graves","PIT","47","64.483333333333","6","109","5.22","6","76","7.32","5","47","9.62","1","4","20.00","0.55","7.5","6.80","4","53","7.02","2","23","8.00","0","2","0.00","2","30","6.25","1","0","100.00","3","64","4.48","0","2","0.00","20.00","91.49","1.115","3","3","17","27","15.00","5","7","27","15.63"
"137","Radko Gudas","Urho Vaakanainen","ANA","58","64.083333333333","16","142","10.13","14","109","11.38","10","77","11.49","2","8","20.00","0.91","9.83","8.46","9","70","11.39","3","29","9.38","1","2","33.33","6","41","12.77","1","4","20.00","2","112","1.75","0","2","0.00","20.00","89.61","1.096","0","4","42","14","0.00","1","6","71","1.39"
"138","Cody Ceci","Mario Ferraro","S.J","54","63.833333333333","9","129","6.52","6","98","5.77","6","60","9.09","0","6","0.00","0.35","10.93","3.07","4","79","4.82","2","31","6.06","0","0","-","2","48","4.00","0","4","0.00","3","81","3.57","0","2","0.00","0.00","90.00","0.900","2","8","28","17","6.67","6","12","60","9.09"
"139","Tyler Myers","Filip Hronek","VAN","130","63.733333333333","22","119","15.60","18","95","15.93","16","73","17.98","1","8","11.11","1.1","9.63","10.24","7","61","10.29","2","33","5.71","1","7","12.50","5","28","15.15","0","1","0.00","5","90","5.26","0","0","-","6.25","89.04","0.953","0","6","37","58","0.00","0","11","62","0.00"
"140","Ian Cole","Tyler Myers","VAN","73","62.783333333333","10","122","7.58","10","83","10.75","8","63","11.27","1","10","9.09","0.35","9.48","3.58","2","73","2.67","1","32","3.03","1","6","14.29","1","41","2.38","0","2","0.00","1","81","1.22","0","2","0.00","12.50","84.13","0.966","0","9","40","16","0.00","1","12","63","1.56"
"141","Matt Dumba","Janis Moser","ARI","56","62.133333333333","8","150","5.06","8","120","6.25","6","76","7.32","1","7","12.50","0.3","11.28","2.59","2","80","2.44","2","39","4.88","1","3","25.00","0","41","0.00","0","1","0.00","1","116","0.85","0","3","0.00","16.67","90.79","1.075","1","8","45","18","2.17","1","13","73","1.35"
"142","Ian Cole","Mikhail Sergachev","T.B","75","59.883333333333","15","103","12.71","15","77","16.30","10","55","15.38","0","8","0.00","1.7","8.2","17.19","8","60","11.76","4","24","14.29","0","3","0.00","4","36","10.00","0","4","0.00","7","68","9.33","0","1","0.00","0.00","85.45","0.855","0","3","30","26","0.00","2","6","65","2.99"
"143","Josh Manson","Devon Toews","COL","145","59.133333333333","10","77","11.49","10","56","15.15","9","44","16.98","1","12","7.69","0.43","6.08","6.63","1","38","2.56","1","15","6.25","0","4","0.00","0","23","0.00","0","5","0.00","2","55","3.51","0","3","0.00","11.11","72.73","0.838","1","2","42","45","2.33","3","8","56","5.08"
"144","Mattias Samuelsson","Ilya Lyubushkin","BUF","45","58.816666666667","13","116","10.08","10","99","9.17","10","69","12.66","0","14","0.00","0.41","10.41","3.77","4","78","4.88","3","35","7.89","0","8","0.00","1","43","2.27","0","5","0.00","3","41","6.82","0","1","0.00","0.00","79.71","0.797","0","8","41","21","0.00","2","12","62","3.13"
"145","Mike Matheson","Kaiden Guhle","MTL","141","58.116666666667","20","111","15.27","16","78","17.02","10","58","14.71","2","7","22.22","1","7.88","11.23","7","61","10.29","4","15","21.05","2","4","33.33","3","46","6.12","0","0","-","9","70","11.39","0","3","0.00","20.00","87.93","1.079","0","5","32","32","0.00","0","10","49","0.00"
"146","Justin Faulk","Philip Broberg","STL","64","57.95","12","94","11.32","10","74","11.90","9","51","15.00","0","8","0.00","0.63","7.1","8.16","5","51","8.93","1","20","4.76","0","1","0.00","4","31","11.43","0","6","0.00","4","62","6.06","0","1","0.00","0.00","84.31","0.843","1","5","34","22","2.86","2","6","52","3.70"
"147","Ian Cole","Filip Hronek","VAN","78","57.416666666667","5","109","4.39","5","88","5.38","5","66","7.04","0","13","0.00","0.01","8.85","0.07","0","69","0.00","0","23","0.00","0","5","0.00","0","46","0.00","0","3","0.00","0","76","0.00","0","5","0.00","0.00","80.30","0.803","0","6","43","19","0.00","1","7","71","1.39"
"148","Ben Chiarot","Olli Maatta","DET","146","57.25","14","94","12.96","12","62","16.22","11","41","21.15","1","3","25.00","0.71","4.62","13.30","5","46","9.80","1","12","7.69","0","1","0.00","4","34","10.53","1","1","50.00","3","49","5.77","0","1","0.00","9.09","92.68","1.018","0","8","24","29","0.00","2","11","34","5.56"
"149","Nick Seeler","Rasmus Ristolainen","PHI","158","57.25","15","88","14.56","12","65","15.58","11","33","25.00","2","10","16.67","1.16","7.51","13.41","9","46","16.36","4","22","15.38","0","8","0.00","5","24","17.24","0","0","-","6","60","9.09","2","2","50.00","18.18","69.70","0.879","1","3","34","69","2.86","3","5","38","7.32"
"150","Moritz Seider","Simon Edvinsson","DET","103","56.933333333333","14","91","13.33","13","65","16.67","9","44","16.98","0","13","0.00","0.75","6.96","9.72","6","55","9.84","3","22","12.00","0","6","0.00","3","33","8.33","0","3","0.00","6","63","8.70","0","4","0.00","0.00","70.45","0.705","2","8","38","30","5.00","2","13","56","3.45"
"151","Damon Severson","Zach Werenski","CBJ","124","56.566666666667","18","91","16.51","14","73","16.09","13","53","19.70","1","6","14.29","1.44","8.08","15.17","5","45","10.00","2","24","7.69","1","5","16.67","3","21","12.50","0","1","0.00","10","63","13.70","0","0","-","7.69","88.68","0.964","1","2","22","25","4.35","4","7","31","11.43"
"152","Jonas Siegenthaler","Kevin Bahl","N.J","97","56.45","13","81","13.83","10","62","13.89","7","40","14.89","0","6","0.00","0.77","5.07","13.23","8","36","18.18","5","14","26.32","0","1","0.00","3","22","12.00","0","1","0.00","5","51","8.93","0","4","0.00","0.00","85.00","0.850","0","5","10","52","0.00","2","8","15","11.76"
"153","Patrik Nemeth","Janis Moser","ARI","75","56.416666666667","12","129","8.51","11","96","10.28","9","67","11.84","0","8","0.00","0.49","10.82","4.32","3","74","3.90","1","32","3.03","0","4","0.00","2","42","4.55","0","3","0.00","3","56","5.08","0","1","0.00","0.00","88.06","0.881","0","3","45","44","0.00","0","7","71","0.00"
"154","Adam Fox","Braden Schneider","NYR","225","56.183333333333","16","84","16.00","14","60","18.92","9","39","18.75","0","6","0.00","0.84","6.79","11.04","8","53","13.11","1","22","4.35","0","5","0.00","7","31","18.42","0","1","0.00","6","40","13.04","0","0","-","0.00","84.62","0.846","2","2","16","38","11.11","2","3","23","8.00"
"155","MacKenzie Weegar","Nikita Zadorov","CGY","102","56.15","19","87","17.92","16","61","20.78","14","43","24.56","0","7","0.00","0.82","5.12","13.77","7","43","14.00","4","16","20.00","0","0","-","3","27","10.00","0","5","0.00","6","48","11.11","0","2","0.00","0.00","83.72","0.837","1","2","29","63","3.33","5","9","41","10.87"
"156","Victor Hedman","Janis Moser","T.B","52","56.066666666667","20","79","20.20","15","58","20.55","11","43","20.37","0","4","0.00","1.03","7.5","12.09","15","50","23.08","5","25","16.67","0","3","0.00","10","25","28.57","0","1","0.00","4","40","9.09","0","0","-","0.00","90.70","0.907","0","3","16","48","0.00","1","9","21","4.55"
"157","Christopher Tanev","MacKenzie Weegar","CGY","120","56.066666666667","19","80","19.19","18","56","24.32","14","35","28.57","3","6","33.33","1.32","6.12","17.73","10","48","17.24","3","16","15.79","1","0","100.00","7","32","17.95","2","4","33.33","4","44","8.33","0","2","0.00","21.43","82.86","1.043","0","1","46","43","0.00","1","8","75","1.32"
"158","Carson Soucy","Noah Juulsen","VAN","46","56.066666666667","7","116","5.69","7","89","7.29","6","59","9.23","0","7","0.00","0.17","9.65","1.73","1","68","1.45","0","29","0.00","0","5","0.00","1","39","2.50","0","1","0.00","2","77","2.53","0","1","0.00","0.00","88.14","0.881","0","7","41","21","0.00","1","9","59","1.67"
"159","Noah Hanifin","Nicolas Hague","VGK","84","55.4","11","105","9.48","10","84","10.64","9","63","12.50","2","7","22.22","0.68","9.09","6.96","6","63","8.70","3","32","8.57","1","3","25.00","3","31","8.82","1","3","25.00","2","62","3.13","0","1","0.00","22.22","88.89","1.111","0","8","28","18","0.00","3","11","41","6.82"
"160","Radko Gudas","Gustav Forsling","FLA","72","55.233333333333","27","107","20.15","21","83","20.19","15","68","18.07","1","10","9.09","2.92","8.53","25.51","9","61","12.86","8","26","23.53","0","5","0.00","1","35","2.78","0","3","0.00","11","48","18.64","1","2","33.33","6.67","85.29","0.920","0","7","34","55","0.00","4","8","57","6.56"
"161","Nathan Beaulieu","Simon Benoit","ANA","49","54.933333333333","11","102","9.73","10","84","10.64","9","55","14.06","0","12","0.00","0.03","8.08","0.36","0","58","0.00","0","23","0.00","0","5","0.00","0","35","0.00","0","3","0.00","0","44","0.00","0","4","0.00","0.00","78.18","0.782","0","4","42","13","0.00","1","8","64","1.54"
"162","Tony DeAngelo","Ivan Provorov","PHI","70","54.8","17","125","11.97","17","96","15.04","14","68","17.07","1","7","12.50","1.08","10.04","9.69","8","73","9.88","5","33","13.16","1","4","20.00","3","40","6.98","0","2","0.00","3","58","4.92","0","1","0.00","7.14","89.71","0.968","0","13","36","35","0.00","2","15","56","3.45"
"163","Justin Faulk","Torey Krug","STL","121","54.733333333333","20","92","17.86","20","66","23.26","15","42","26.32","2","4","33.33","1.77","7.12","19.89","13","52","20.00","6","18","25.00","1","2","33.33","7","34","17.07","1","2","33.33","3","52","5.45","0","0","-","13.33","90.48","1.038","4","5","23","26","14.81","7","11","32","17.95"
"164","Henri Jokiharju","Mattias Samuelsson","BUF","104","54.166666666667","11","97","10.19","10","79","11.24","9","55","14.06","0","6","0.00","0.23","7.39","3.03","2","54","3.57","1","16","5.88","0","4","0.00","1","38","2.56","0","1","0.00","3","44","6.38","0","1","0.00","0.00","89.09","0.891","1","10","38","26","2.56","2","13","59","3.28"
"165","Victor Hedman","Mikhail Sergachev","T.B","105","54.083333333333","14","78","15.22","14","59","19.18","9","42","17.65","3","5","37.50","1.52","5.39","22.03","5","46","9.80","3","21","12.50","1","4","20.00","2","25","7.41","0","1","0.00","5","37","11.90","2","0","100.00","33.33","88.10","1.214","1","2","7","77","12.50","2","5","11","15.38"
"166","Cam Fowler","Urho Vaakanainen","ANA","92","53.633333333333","13","105","11.02","11","86","11.34","9","58","13.43","1","12","7.69","0.86","10.04","7.86","6","55","9.84","1","32","3.03","0","8","0.00","5","23","17.86","1","2","33.33","4","78","4.88","0","2","0.00","11.11","79.31","0.904","1","5","34","20","2.86","1","10","50","1.96"
"167","Jaccob Slavin","Jalen Chatfield","CAR","222","53.45","14","63","18.18","14","47","22.95","13","28","31.71","4","5","44.44","1.25","5.27","19.22","8","32","20.00","5","15","25.00","3","3","50.00","3","17","15.00","1","2","33.33","7","36","16.28","0","0","-","30.77","82.14","1.129","0","3","17","46","0.00","5","8","34","12.82"
"168","Justin Braun","Travis Sanheim","PHI","50","53.416666666667","11","94","10.48","8","72","10.00","5","38","11.63","1","6","14.29","0.75","7.79","8.76","5","55","8.33","2","31","6.06","1","1","50.00","3","24","11.11","0","3","0.00","2","40","4.76","0","2","0.00","20.00","84.21","1.042","2","5","35","31","5.41","3","9","43","6.52"
"169","Christopher Tanev","Simon Benoit","TOR","71","53.083333333333","10","95","9.52","10","71","12.35","9","44","16.98","1","7","12.50","0.55","8.26","6.19","4","58","6.45","1","26","3.70","1","6","14.29","3","32","8.57","0","1","0.00","4","71","5.33","0","0","-","11.11","84.09","0.952","0","4","43","19","0.00","2","6","74","2.63"
"170","Jake McCabe","Simon Benoit","TOR","121","52.75","15","111","11.90","15","82","15.46","8","57","12.31","0","3","0.00","1.08","8.27","11.50","7","55","11.29","3","23","11.54","0","1","0.00","4","32","11.11","0","0","-","7","88","7.37","0","2","0.00","0.00","94.74","0.947","2","4","26","31","7.14","2","6","48","4.00"
"171","Jack Johnson","Connor Murphy","CHI","58","52.45","11","99","10.00","10","76","11.63","9","54","14.29","2","11","15.38","0.59","8.1","6.80","4","56","6.67","1","33","2.94","1","8","11.11","3","23","11.54","1","2","33.33","4","45","8.16","0","1","0.00","22.22","79.63","1.019","1","2","38","31","2.56","1","6","60","1.64"
"172","Esa Lindell","Miro Heiskanen","DAL","200","52.016666666667","24","80","23.08","21","62","25.30","15","46","24.59","2","5","28.57","2.3","5.54","29.39","13","44","22.81","8","18","30.77","2","2","50.00","5","26","16.13","0","1","0.00","9","40","18.37","0","2","0.00","13.33","89.13","1.025","0","3","24","20","0.00","5","7","45","10.00"
"173","Nick Holden","Nikita Zaitsev","OTT","20","51.383333333333","10","89","10.10","8","69","10.39","7","55","11.29","0","5","0.00","0.62","6.45","8.72","3","50","5.66","3","18","14.29","0","2","0.00","0","32","0.00","0","2","0.00","3","43","6.52","0","1","0.00","0.00","90.91","0.909","1","5","32","24","3.03","3","7","45","6.25"
"174","Dylan DeMelo","Logan Stanley","WPG","105","51.366666666667","10","102","8.93","10","78","11.36","7","52","11.86","1","9","10.00","1.41","8.21","14.64","4","50","7.41","3","17","15.00","0","2","0.00","1","33","2.94","0","3","0.00","3","73","3.95","1","4","20.00","14.29","82.69","0.970","0","1","39","26","0.00","1","1","57","1.72"
"175","Devon Toews","Samuel Girard","COL","200","50.566666666667","13","78","14.29","12","56","17.65","7","40","14.89","1","4","20.00","0.78","6.05","11.38","6","39","13.33","4","23","14.81","1","2","33.33","2","16","11.11","0","0","-","1","47","2.08","0","2","0.00","14.29","90.00","1.043","0","4","24","34","0.00","3","6","37","7.50"
"176","Patrik Nemeth","Joshua Brown","ARI","61","50.533333333333","4","107","3.60","3","84","3.45","3","59","4.84","0","7","0.00","0.07","8.79","0.75","0","59","0.00","0","26","0.00","0","3","0.00","0","33","0.00","0","4","0.00","3","52","5.45","0","0","-","0.00","88.14","0.881","0","7","44","33","0.00","1","8","75","1.32"
"177","Nick Holden","Erik Brannstrom","OTT","57","49.583333333333","15","67","18.29","13","49","20.97","11","33","25.00","2","6","25.00","1.7","6.01","22.04","6","42","12.50","2","20","9.09","1","3","25.00","4","22","15.38","0","3","0.00","4","25","13.79","0","0","-","18.18","81.82","1.000","0","1","21","33","0.00","3","3","26","10.34"
"178","Brett Kulak","Vincent Desharnais","EDM","114","49.283333333333","14","71","16.47","13","48","21.31","9","37","19.57","2","7","22.22","1.15","4.51","20.31","9","43","17.31","3","12","20.00","0","2","0.00","6","31","16.22","1","2","33.33","3","38","7.32","0","3","0.00","22.22","81.08","1.033","0","5","19","48","0.00","1","8","25","3.85"
"179","Justin Holl","Simon Edvinsson","DET","71","49.2","8","106","7.02","7","73","8.75","6","57","9.52","0","8","0.00","0.51","8.64","5.53","4","49","7.55","0","24","0.00","0","4","0.00","4","25","13.79","0","2","0.00","2","72","2.70","0","2","0.00","0.00","85.96","0.860","0","1","34","22","0.00","2","2","41","4.65"
"180","Erik Johnson","Devon Toews","COL","73","49.183333333333","6","70","7.89","5","58","7.94","4","42","8.70","1","7","12.50","0.44","7.23","5.71","5","48","9.43","1","28","3.45","1","4","20.00","4","20","16.67","0","0","-","1","27","3.57","0","3","0.00","25.00","83.33","1.083","0","4","36","44","0.00","0","9","61","0.00"
"181","Jake McCabe","Seth Jones","CHI","45","49.016666666667","15","53","22.06","14","40","25.93","13","30","30.23","0","4","0.00","0.77","4.04","15.94","7","30","18.92","2","15","11.76","0","1","0.00","5","15","25.00","0","2","0.00","3","22","12.00","0","1","0.00","0.00","86.67","0.867","0","6","34","19","0.00","2","11","41","4.65"
"182","Marco Scandella","Justin Faulk","STL","65","48.933333333333","14","69","16.87","14","52","21.21","10","38","20.83","1","9","10.00","1.85","5.8","24.16","11","36","23.40","7","17","29.17","1","4","20.00","4","19","17.39","0","1","0.00","2","44","4.35","0","4","0.00","10.00","76.32","0.863","0","2","30","32","0.00","0","4","44","0.00"
"183","Dmitry Kulikov","Gustav Forsling","FLA","143","48.833333333333","14","76","15.56","11","58","15.94","11","39","22.00","3","5","37.50","1.26","6.01","17.37","4","37","9.76","3","18","14.29","2","2","50.00","1","19","5.00","0","0","-","5","55","8.33","0","3","0.00","27.27","87.18","1.145","0","4","24","106","0.00","2","10","33","5.71"
"184","Brendan Smith","Jonas Siegenthaler","N.J","106","48.416666666667","12","77","13.48","10","54","15.63","6","35","14.63","1","3","25.00","0.82","6.57","11.13","7","46","13.21","3","18","14.29","1","2","33.33","4","28","12.50","0","0","-","3","49","5.77","0","1","0.00","16.67","91.43","1.081","0","1","20","36","0.00","2","9","34","5.56"
"185","Henri Jokiharju","Rasmus Dahlin","BUF","165","47.95","19","84","18.45","16","76","17.39","13","59","18.06","1","10","9.09","2.11","7.7","21.54","12","48","20.00","6","23","20.69","1","4","20.00","6","25","19.35","0","4","0.00","8","46","14.81","0","2","0.00","7.69","83.05","0.907","2","6","24","34","7.69","5","10","28","15.15"
"186","Jan Rutta","Henry Thrun","S.J","88","47.883333333333","10","95","9.52","9","71","11.25","6","55","9.84","1","7","12.50","0.48","7.17","6.33","4","56","6.67","2","20","9.09","0","2","0.00","2","36","5.26","1","2","33.33","3","62","4.62","0","3","0.00","16.67","87.27","1.039","0","4","31","17","0.00","0","8","45","0.00"
"187","Ryan Lindgren","Braden Schneider","NYR","193","47.8","17","67","20.24","15","47","24.19","6","28","17.65","2","5","28.57","1.27","5.46","18.88","12","40","23.08","5","13","27.78","1","2","33.33","7","27","20.59","0","1","0.00","5","40","11.11","1","2","33.33","33.33","82.14","1.155","0","6","30","22","0.00","1","9","48","2.04"
"188","Brenden Dillon","Brett Pesce","N.J","72","47.65","12","85","12.37","10","58","14.71","8","35","18.60","3","4","42.86","0.67","6.93","8.79","6","41","12.77","2","18","10.00","2","3","40.00","4","23","14.81","0","1","0.00","3","61","4.69","1","0","100.00","37.50","88.57","1.261","0","2","25","31","0.00","1","8","39","2.50"
"189","Cody Ceci","Brett Kulak","EDM","159","47.65","12","76","13.64","10","61","14.08","8","36","18.18","1","5","16.67","0.72","5.13","12.34","8","44","15.38","3","17","15.00","0","3","0.00","5","27","15.63","1","1","50.00","4","45","8.16","0","1","0.00","12.50","86.11","0.986","2","3","16","24","11.11","5","7","36","12.20"
"190","Brett Kulak","Ty Emberson","EDM","76","47.166666666667","9","63","12.50","9","46","16.36","5","33","13.16","0","5","0.00","0.78","4.98","13.54","5","32","13.51","4","11","26.67","0","3","0.00","1","21","4.55","0","1","0.00","3","44","6.38","0","1","0.00","0.00","84.85","0.848","0","1","14","56","0.00","2","6","23","8.00"
"191","Marc Staal","Aaron Ekblad","FLA","71","47","13","75","14.77","11","59","15.71","9","46","16.36","1","6","14.29","0.85","5.1","14.32","6","40","13.04","3","19","13.64","1","4","20.00","3","21","12.50","0","1","0.00","3","35","7.89","0","1","0.00","11.11","86.96","0.981","3","7","38","32","7.32","4","10","61","6.15"
"192","Derek Forbort","Filip Hronek","VAN","42","46.833333333333","4","68","5.56","3","53","5.36","2","35","5.41","0","1","0.00","0.15","5.64","2.60","2","37","5.13","0","17","0.00","0","0","-","2","20","9.09","0","0","-","0","55","0.00","0","1","0.00","0.00","97.14","0.971","0","0","28","20","0.00","3","5","42","6.67"
"193","Connor Murphy","Wyatt Kaiser","CHI","82","46.533333333333","13","87","13.00","11","67","14.10","6","48","11.11","0","6","0.00","0.77","7.97","8.85","8","53","13.11","5","25","16.67","0","6","0.00","3","28","9.68","0","0","-","3","45","6.25","0","0","-","0.00","87.50","0.875","0","2","13","31","0.00","3","5","23","11.54"
"194","Charlie McAvoy","Andrew Peeke","BOS","59","46.483333333333","10","81","10.99","8","57","12.31","7","41","14.58","1","6","14.29","0.56","6.21","8.31","5","51","8.93","2","21","8.70","0","4","0.00","3","30","9.09","0","2","0.00","3","34","8.11","1","0","100.00","14.29","85.37","0.997","2","4","14","38","12.50","5","5","18","21.74"
"195","Logan Stanley","Neal Pionk","WPG","98","46.35","17","71","19.32","15","48","23.81","12","33","26.67","0","7","0.00","1.24","4.65","21.00","11","39","22.00","4","14","22.22","0","3","0.00","7","25","21.88","0","2","0.00","4","43","8.51","0","2","0.00","0.00","78.79","0.788","0","2","19","44","0.00","1","6","27","3.57"
"196","Radko Gudas","Cam Fowler","ANA","82","46","8","117","6.40","7","90","7.22","7","62","10.14","3","9","25.00","0.56","9.86","5.37","4","75","5.06","2","35","5.41","2","4","33.33","2","40","4.76","1","3","25.00","1","69","1.43","0","2","0.00","42.86","85.48","1.283","0","4","24","31","0.00","1","6","45","2.17"
"197","Darnell Nurse","Vincent Desharnais","EDM","113","45.1","13","77","14.44","13","48","21.31","8","39","17.02","0","11","0.00","0.96","4.88","16.37","7","44","13.73","3","11","21.43","0","4","0.00","4","33","10.81","0","4","0.00","2","54","3.57","0","3","0.00","0.00","71.79","0.718","2","8","35","26","5.41","3","10","53","5.36"
"198","Henri Jokiharju","Owen Power","BUF","170","44.583333333333","15","78","16.13","11","61","15.28","10","45","18.18","2","1","66.67","1.48","6.9","17.67","9","47","16.07","6","23","20.69","2","0","100.00","3","24","11.11","0","0","-","5","43","10.42","0","1","0.00","20.00","97.78","1.178","1","3","27","43","3.57","2","6","34","5.56"
"199","Jeff Petry","Marcus Pettersson","PIT","53","44.566666666667","10","66","13.16","10","51","16.39","10","43","18.87","0","2","0.00","0.4","4.96","7.55","3","34","8.11","2","14","12.50","0","0","-","1","20","4.76","0","1","0.00","1","32","3.03","0","1","0.00","0.00","95.35","0.953","0","2","9","44","0.00","1","3","15","6.25"
"200","Gustav Forsling","Niko Mikkola","FLA","153","44.4","14","70","16.67","12","46","20.69","10","25","28.57","1","8","11.11","0.72","4.59","13.54","7","36","16.28","4","17","19.05","1","1","50.00","3","19","13.64","0","3","0.00","2","60","3.23","0","4","0.00","10.00","68.00","0.780","1","4","8","60","11.11","1","6","37","2.63"
"201","Jacob Bryson","Rasmus Dahlin","BUF","133","43.966666666667","10","79","11.24","10","61","14.08","8","38","17.39","1","3","25.00","0.72","6.62","9.84","7","43","14.00","4","22","15.38","1","1","50.00","3","21","12.50","0","1","0.00","2","37","5.13","0","1","0.00","12.50","92.11","1.046","1","5","11","39","8.33","3","7","13","18.75"
"202","Kevin Shattenkirk","Cam Fowler","ANA","75","43.3","9","78","10.34","8","63","11.27","6","49","10.91","0","7","0.00","0.36","7.62","4.54","2","53","3.64","2","21","8.70","0","3","0.00","0","32","0.00","0","3","0.00","1","25","3.85","0","1","0.00","0.00","85.71","0.857","0","1","18","25","0.00","3","2","27","10.00"
"203","Ian Cole","Noah Juulsen","VAN","50","43.016666666667","8","68","10.53","8","46","14.81","6","35","14.63","0","6","0.00","0.73","4.36","14.26","4","33","10.81","2","9","18.18","0","3","0.00","2","24","7.69","0","2","0.00","1","54","1.82","0","1","0.00","0.00","82.86","0.829","0","9","25","16","0.00","1","11","40","2.44"
"204","Jeremy Lauzon","Dante Fabbro","NSH","126","42.716666666667","13","71","15.48","12","47","20.34","9","39","18.75","1","4","20.00","0.94","5.57","14.43","9","44","16.98","2","16","11.11","0","3","0.00","7","28","20.00","1","0","100.00","4","35","10.26","0","1","0.00","11.11","89.74","1.009","0","4","17","41","0.00","2","8","31","6.06"
"205","Parker Wotherspoon","Charlie McAvoy","BOS","59","42.316666666667","6","50","10.71","6","38","13.64","4","23","14.81","1","2","33.33","1.58","3.35","31.99","5","30","14.29","3","9","25.00","0","1","0.00","2","21","8.70","1","1","50.00","0","33","0.00","0","0","-","25.00","91.30","1.163","1","1","15","34","6.25","2","4","20","9.09"
"206","Derek Forbort","Charlie McAvoy","BOS","78","42.216666666667","13","72","15.29","12","47","20.34","12","26","31.58","1","3","25.00","1.15","4.82","19.26","6","44","12.00","4","15","21.05","1","2","33.33","2","29","6.45","0","0","-","3","37","7.50","0","1","0.00","8.33","88.46","0.968","0","5","27","39","0.00","2","7","37","5.13"
"207","Erik Gudbranson","Vladislav Gavrikov","CBJ","51","41.75","13","79","14.13","9","64","12.33","6","44","12.00","2","6","25.00","0.46","5.69","7.44","4","40","9.09","0","17","0.00","0","4","0.00","4","23","14.81","1","1","50.00","4","39","9.30","0","1","0.00","33.33","86.36","1.197","2","2","22","34","8.33","3","5","44","6.38"
"208","Nikita Zadorov","Andrew Peeke","BOS","75","41.033333333333","15","58","20.55","10","47","17.54","7","33","17.50","2","4","33.33","0.85","4.29","16.53","6","28","17.65","3","15","16.67","0","3","0.00","3","13","18.75","0","0","-","4","47","7.84","0","1","0.00","28.57","87.88","1.165","0","5","20","9","0.00","1","9","43","2.27"
"209","Joel Edmundson","Johnathan Kovacevic","MTL","56","40.8","7","84","7.69","5","58","7.94","4","42","8.70","0","7","0.00","0.24","5.75","4.04","3","37","7.50","1","16","5.88","0","5","0.00","2","21","8.70","0","0","-","2","49","3.92","0","2","0.00","0.00","83.33","0.833","0","0","20","19","0.00","0","2","33","0.00"
"210","Robert Bortuzzo","Justin Faulk","STL","47","40.4","9","72","11.11","8","58","12.12","7","39","15.22","0","3","0.00","0.32","5.68","5.29","3","45","6.25","0","21","0.00","0","1","0.00","3","24","11.11","0","2","0.00","3","28","9.68","0","0","-","0.00","92.31","0.923","0","5","36","23","0.00","0","5","47","0.00"
"211","Alexander Edler","Sean Walker","L.A","52","40.366666666667","6","82","6.82","6","56","9.68","6","38","13.64","0","3","0.00","0.33","5.16","5.97","3","45","6.25","1","11","8.33","0","2","0.00","2","34","5.56","0","1","0.00","1","58","1.69","0","0","-","0.00","92.11","0.921","0","4","28","11","0.00","2","6","41","4.65"
"212","Brandon Montour","Gustav Forsling","FLA","143","40.283333333333","15","60","20.00","10","52","16.13","9","41","18.00","1","4","20.00","0.88","5.16","14.63","7","34","17.07","3","15","16.67","0","2","0.00","4","19","17.39","1","1","50.00","3","34","8.11","0","1","0.00","11.11","90.24","1.014","1","6","16","59","5.88","1","10","20","4.76"
"213","Victor Hedman","Nick Perbix","T.B","207","40.233333333333","13","80","13.98","13","62","17.33","11","46","19.30","2","5","28.57","1.16","6.91","14.35","9","49","15.52","4","26","13.33","1","3","25.00","5","23","17.86","1","1","50.00","3","47","6.00","0","1","0.00","18.18","89.13","1.073","0","4","19","22","0.00","1","6","36","2.70"
"214","Brandon Carlo","Charlie McAvoy","BOS","182","39.933333333333","18","68","20.93","16","56","22.22","11","39","22.00","1","7","12.50","1.02","4.59","18.17","7","36","16.28","3","9","25.00","1","5","16.67","4","27","12.90","0","2","0.00","2","49","3.92","0","0","-","9.09","82.05","0.911","0","3","20","49","0.00","2","4","44","4.35"
"215","Travis Hamonic","Erik Brannstrom","OTT","109","39.566666666667","16","74","17.78","15","56","21.13","12","41","22.64","0","8","0.00","1.09","4.79","18.49","7","38","15.56","5","17","22.73","0","3","0.00","2","21","8.70","0","3","0.00","4","37","9.76","0","2","0.00","0.00","80.49","0.805","0","2","22","31","0.00","5","4","33","13.16"
"216","Mike Matheson","Alexandre Carrier","MTL","51","39.55","9","81","10.00","9","51","15.00","8","36","18.18","2","8","20.00","0.4","5.8","6.49","4","46","8.00","1","21","4.55","0","4","0.00","3","25","10.71","2","3","40.00","2","52","3.70","0","1","0.00","25.00","77.78","1.028","0","5","13","3","0.00","1","9","36","2.70"
"217","Tyler Myers","Quinn Hughes","VAN","208","39.333333333333","10","76","11.63","10","59","14.49","9","40","18.37","2","4","33.33","0.7","5.44","11.46","5","42","10.64","2","12","14.29","2","1","66.67","3","30","9.09","0","3","0.00","3","37","7.50","0","0","-","22.22","90.00","1.122","0","3","23","32","0.00","0","6","42","0.00"
"218","Olli Maatta","Filip Hronek","DET","56","38.8","11","54","16.92","10","40","20.00","8","29","21.62","0","5","0.00","0.51","4.12","10.96","5","34","12.82","1","12","7.69","0","3","0.00","4","22","15.38","0","2","0.00","3","21","12.50","0","0","-","0.00","82.76","0.828","0","2","22","20","0.00","1","2","32","3.03"
"219","Mattias Ekholm","Darnell Nurse","EDM","159","38.75","21","68","23.60","18","51","26.09","16","42","27.59","2","13","13.33","1.7","4.88","25.89","13","42","23.64","7","15","31.82","2","7","22.22","6","27","18.18","0","4","0.00","3","38","7.32","0","2","0.00","12.50","69.05","0.815","0","6","19","51","0.00","2","9","31","6.06"
"220","Connor Clifton","Bowen Byram","BUF","91","38.716666666667","14","62","18.42","11","50","18.03","9","39","18.75","1","6","14.29","0.71","5.55","11.29","8","28","22.22","4","15","21.05","0","3","0.00","4","13","23.53","1","2","33.33","6","51","10.53","0","1","0.00","11.11","84.62","0.957","0","2","25","29","0.00","4","6","35","10.26"
"221","Ryan Suter","Thomas Harley","DAL","85","38.7","13","46","22.03","8","29","21.62","7","19","26.92","2","1","66.67","0.75","2.89","20.50","8","24","25.00","2","9","18.18","1","1","50.00","6","15","28.57","1","0","100.00","4","28","12.50","0","0","-","28.57","94.74","1.233","0","3","14","25","0.00","2","6","19","9.52"
"222","MacKenzie Weegar","Joel Hanley","CGY","62","38.35","9","52","14.75","4","32","11.11","4","23","14.81","1","3","25.00","0.29","3.37","7.99","4","28","12.50","1","11","8.33","1","2","33.33","3","17","15.00","0","1","0.00","4","29","12.12","0","0","-","25.00","86.96","1.120","2","6","19","34","9.52","4","8","24","14.29"
"223","Justin Faulk","Niko Mikkola","STL","50","38.083333333333","9","87","9.38","9","70","11.39","7","47","12.96","1","7","12.50","1.36","7.57","15.18","8","51","13.56","6","23","20.69","1","3","25.00","2","28","6.67","0","3","0.00","0","35","0.00","0","1","0.00","14.29","85.11","0.994","0","3","34","16","0.00","0","4","49","0.00"
"224","Nikita Zadorov","Rasmus Andersson","CGY","96","38","13","65","16.67","12","53","18.46","8","34","19.05","1","3","25.00","1.05","5.55","15.89","9","47","16.07","3","23","11.54","0","0","-","6","24","20.00","1","3","25.00","2","19","9.52","0","0","-","12.50","91.18","1.037","0","2","9","47","0.00","0","3","14","0.00"
"225","Joel Edmundson","Mikey Anderson","L.A","69","37.933333333333","3","49","5.77","3","36","7.69","0","25","0.00","0","1","0.00","0.21","4.18","4.88","1","32","3.03","1","15","6.25","0","1","0.00","0","17","0.00","0","0","-","3","26","10.34","0","0","-","-","96.00","0.96","1","1","15","36","6.25","3","5","21","12.50"
"226","Kris Letang","Ryan Graves","PIT","125","37.533333333333","9","63","12.50","9","52","14.75","9","38","19.15","0","6","0.00","0.38","4.67","7.58","3","40","6.98","2","14","12.50","0","3","0.00","1","26","3.70","0","3","0.00","2","35","5.41","0","0","-","0.00","84.21","0.842","0","6","18","24","0.00","0","8","31","0.00"
"227","Joel Edmundson","Kaiden Guhle","MTL","33","37.483333333333","8","92","8.00","5","66","7.04","5","52","8.77","0","10","0.00","0.1","7.34","1.29","1","60","1.64","1","23","4.17","0","8","0.00","0","37","0.00","0","2","0.00","2","38","5.00","0","0","-","0.00","80.77","0.808","0","3","26","6","0.00","1","3","50","1.96"
"228","Mattias Ekholm","Dante Fabbro","NSH","54","37.416666666667","7","77","8.33","7","64","9.86","5","40","11.11","2","2","50.00","0.68","6.94","8.88","5","50","9.09","3","18","14.29","2","1","66.67","2","32","5.88","0","1","0.00","1","28","3.45","0","0","-","40.00","95.00","1.350","0","0","22","7","0.00","1","2","39","2.50"
"229","Trevor van Riemsdyk","Rasmus Sandin","WSH","152","37.366666666667","21","48","30.43","20","37","35.09","17","26","39.53","0","5","0.00","1.23","4.09","23.14","9","25","26.47","5","11","31.25","0","3","0.00","4","14","22.22","0","2","0.00","11","31","26.19","0","0","-","0.00","80.77","0.808","1","0","10","25","9.09","6","2","15","28.57"
"230","Zach Bogosian","Jonas Brodin","MIN","90","37.3","9","66","12.00","9","54","14.29","7","34","17.07","1","8","11.11","0.28","4.82","5.55","1","28","3.45","0","11","0.00","0","3","0.00","1","17","5.56","1","3","25.00","7","60","10.45","0","2","0.00","14.29","76.47","0.908","1","4","26","31","3.70","4","7","35","10.26"
"231","Damon Severson","Jonas Siegenthaler","N.J","79","37.3","16","53","23.19","14","45","23.73","10","31","24.39","1","6","14.29","0.73","4.86","13.10","9","29","23.68","5","16","23.81","1","3","25.00","4","13","23.53","0","1","0.00","2","33","5.71","0","2","0.00","10.00","80.65","0.906","0","1","14","20","0.00","1","2","29","3.33"
"232","Mattias Samuelsson","Owen Power","BUF","152","36.966666666667","11","76","12.64","10","64","13.51","9","44","16.98","1","9","10.00","0.58","5.58","9.41","6","44","12.00","3","12","20.00","1","2","33.33","3","32","8.57","0","5","0.00","4","46","8.00","0","2","0.00","11.11","79.55","0.907","1","2","29","32","3.33","3","3","35","7.89"
"233","Dmitry Orlov","Brandon Carlo","BOS","20","36.633333333333","11","62","15.07","8","49","14.04","8","38","17.39","1","0","100.00","0.31","4.74","6.15","4","41","8.89","3","19","13.64","0","0","-","1","22","4.35","0","0","-","3","21","12.50","0","0","-","12.50","100.00","1.125","0","9","19","9","0.00","3","10","41","6.82"
"234","Adam Larsson","Carson Soucy","SEA","78","36.433333333333","6","55","9.84","5","40","11.11","3","27","10.00","0","2","0.00","0.64","3.8","14.33","3","27","10.00","1","13","7.14","0","1","0.00","2","14","12.50","0","1","0.00","1","30","3.23","0","0","-","0.00","92.59","0.926","0","1","25","23","0.00","0","4","41","0.00"
"235","Jack Johnson","Ivan Provorov","CBJ","41","36.283333333333","10","79","11.24","10","60","14.29","10","44","18.52","2","9","18.18","0.7","7.62","8.39","4","45","8.16","3","23","11.54","2","3","40.00","1","22","4.35","0","2","0.00","5","52","8.77","0","4","0.00","20.00","79.55","0.995","0","3","24","19","0.00","1","6","39","2.50"
"236","Andreas Englund","Matt Roy","L.A","81","36.233333333333","10","61","14.08","10","42","19.23","8","33","19.51","2","3","40.00","1.1","3.54","23.69","7","31","18.42","5","8","38.46","2","0","100.00","2","23","8.00","0","3","0.00","0","51","0.00","0","0","-","25.00","90.91","1.159","0","3","21","28","0.00","2","5","32","5.88"
"237","Bowen Byram","Owen Power","BUF","97","35.733333333333","5","54","8.47","4","40","9.09","4","28","12.50","0","3","0.00","0.07","3.37","2.01","1","25","3.85","0","12","0.00","0","1","0.00","1","13","7.14","0","2","0.00","1","40","2.44","0","0","-","0.00","89.29","0.893","0","0","17","39","0.00","2","2","22","8.33"
"238","Josh Morrissey","Neal Pionk","WPG","227","35.633333333333","13","50","20.63","12","35","25.53","8","24","25.00","0","3","0.00","0.88","3.49","20.16","8","29","21.62","2","11","15.38","0","2","0.00","6","18","25.00","0","1","0.00","5","25","16.67","0","0","-","0.00","87.50","0.875","1","7","14","46","6.67","2","8","19","9.52"
"239","Jon Merrill","Jacob Middleton","MIN","189","35.566666666667","14","54","20.59","12","39","23.53","9","32","21.95","2","7","22.22","2.1","3.33","38.66","10","30","25.00","6","5","54.55","2","1","66.67","4","25","13.79","0","3","0.00","3","26","10.34","0","3","0.00","22.22","78.13","1.003","0","1","6","54","0.00","1","8","11","8.33"
"240","Chad Ruhwedel","Marcus Pettersson","PIT","83","35.533333333333","5","51","8.93","5","35","12.50","4","27","12.90","0","3","0.00","0.25","2.87","8.05","3","27","10.00","1","6","14.29","0","0","-","2","21","8.70","0","2","0.00","1","34","2.86","0","1","0.00","0.00","88.89","0.889","1","1","23","53","4.17","2","1","30","6.25"
"241","Ryan Suter","Esa Lindell","DAL","164","35.45","16","76","17.39","14","54","20.59","11","38","22.45","0","11","0.00","1.39","6.39","17.91","12","46","20.69","8","27","22.86","0","5","0.00","4","19","17.39","0","3","0.00","3","38","7.32","0","3","0.00","0.00","71.05","0.711","0","0","13","131","0.00","1","3","22","4.35"
"242","Victor Hedman","Calvin de Haan","T.B","55","35.433333333333","15","58","20.55","15","41","26.79","11","24","31.43","0","2","0.00","2.29","5.11","30.92","11","32","25.58","6","19","24.00","0","1","0.00","5","13","27.78","0","0","-","5","32","13.51","0","1","0.00","0.00","91.67","0.917","0","1","9","29","0.00","3","5","17","15.00"
"243","Brian Dumoulin","Chad Ruhwedel","PIT","47","35.383333333333","7","68","9.33","6","51","10.53","4","38","9.52","0","8","0.00","0.29","5.29","5.17","2","39","4.88","1","15","6.25","0","4","0.00","1","24","4.00","0","3","0.00","1","29","3.33","0","1","0.00","0.00","78.95","0.789","0","6","24","22","0.00","0","10","41","0.00"
"244","Sean Durzi","Janis Moser","ARI","74","35.3","16","59","21.33","13","42","23.64","9","29","23.68","1","3","25.00","1.04","4.77","17.94","8","36","18.18","4","17","19.05","0","1","0.00","4","19","17.39","0","0","-","5","43","10.42","1","2","33.33","11.11","89.66","1.008","0","7","25","30","0.00","2","9","33","5.71"
"245","Ben Chiarot","Filip Hronek","DET","60","35.283333333333","6","63","8.70","6","41","12.77","5","26","16.13","0","1","0.00","0.55","3.48","13.63","2","27","6.90","2","11","15.38","0","0","-","0","16","0.00","0","0","-","3","35","7.89","0","1","0.00","0.00","96.15","0.962","0","4","19","21","0.00","1","4","29","3.33"
"246","Jack Johnson","Seth Jones","CHI","48","35.183333333333","4","73","5.19","4","56","6.67","4","38","9.52","0","5","0.00","0.19","4.71","3.88","2","37","5.13","2","11","15.38","0","1","0.00","0","26","0.00","0","3","0.00","0","34","0.00","0","1","0.00","0.00","86.84","0.868","1","4","32","17","3.03","3","6","48","5.88"
"247","Nick Jensen","Martin Fehervary","WSH","129","35.016666666667","5","63","7.35","4","49","7.55","3","34","8.11","0","5","0.00","0.05","4.74","0.99","0","33","0.00","0","14","0.00","0","3","0.00","0","19","0.00","0","1","0.00","2","33","5.71","0","1","0.00","0.00","85.29","0.853","0","4","21","32","0.00","2","5","32","5.88"
"248","Mario Ferraro","Henry Thrun","S.J","114","34.933333333333","6","77","7.23","5","55","8.33","5","41","10.87","0","5","0.00","0.28","5.7","4.73","2","43","4.44","1","18","5.26","0","2","0.00","1","25","3.85","0","2","0.00","1","58","1.69","0","1","0.00","0.00","87.80","0.878","0","1","20","16","0.00","0","2","33","0.00"
"249","Erik Johnson","Owen Power","BUF","45","34.9","8","84","8.70","8","57","12.31","6","43","12.24","1","6","14.29","0.55","6.04","8.29","4","51","7.27","2","20","9.09","1","1","50.00","2","31","6.06","0","3","0.00","4","61","6.15","0","2","0.00","16.67","86.05","1.027","0","5","31","7","0.00","2","9","46","4.17"
"250","Erik Brannstrom","Artem Zub","OTT","115","34.566666666667","7","59","10.61","7","46","13.21","6","37","13.95","0","4","0.00","0.38","5.79","6.17","3","36","7.69","1","14","6.67","0","1","0.00","2","22","8.33","0","3","0.00","3","28","9.68","0","0","-","0.00","89.19","0.892","1","1","14","54","6.67","3","3","16","15.79"
"251","Alex Pietrangelo","Noah Hanifin","VGK","77","34.383333333333","6","67","8.22","5","49","9.26","4","31","11.43","0","5","0.00","0.35","5","6.55","3","34","8.11","1","12","7.69","0","2","0.00","2","22","8.33","0","3","0.00","5","57","8.06","0","0","-","0.00","83.87","0.839","0","1","24","16","0.00","3","5","41","6.82"
"252","Nate Schmidt","Neal Pionk","WPG","134","34.25","9","58","13.43","9","48","15.79","7","31","18.42","0","6","0.00","0.8","6.34","11.25","4","36","10.00","2","23","8.00","0","4","0.00","2","13","13.33","0","2","0.00","2","24","7.69","0","0","-","0.00","80.65","0.806","0","3","8","41","0.00","1","4","8","11.11"
"253","Colton Parayko","Niko Mikkola","STL","47","34.216666666667","7","55","11.29","6","48","11.11","4","31","11.43","1","3","25.00","0.47","5.11","8.36","3","33","8.33","2","13","13.33","1","3","25.00","1","20","4.76","0","0","-","3","22","12.00","0","0","-","25.00","90.32","1.153","1","2","16","20","5.88","2","2","24","7.69"
"254","Tyler Myers","Derek Forbort","VAN","45","34.166666666667","11","58","15.94","9","41","18.00","6","26","18.75","2","1","66.67","0.53","4.77","9.98","4","34","10.53","1","15","6.25","1","1","50.00","3","19","13.64","1","0","100.00","5","41","10.87","0","0","-","33.33","96.15","1.295","0","2","23","15","0.00","1","5","34","2.86"
"255","Matthew Benning","Jaycob Megna","S.J","46","34.133333333333","3","45","6.25","3","30","9.09","2","18","10.00","0","3","0.00","0.08","3.12","2.45","1","24","4.00","0","11","0.00","0","1","0.00","1","13","7.14","0","0","-","0","26","0.00","0","2","0.00","0.00","83.33","0.833","0","5","7","22","0.00","0","5","14","0.00"
"256","Seth Jones","Wyatt Kaiser","CHI","62","34.116666666667","16","37","30.19","15","26","36.59","10","19","34.48","0","1","0.00","0.86","2.59","24.93","8","16","33.33","3","6","33.33","0","1","0.00","5","10","33.33","0","0","-","4","29","12.12","0","0","-","0.00","94.74","0.947","0","2","17","21","0.00","1","4","25","3.85"
"257","Haydn Fleury","Neal Pionk","WPG","32","34.1","6","62","8.82","5","40","11.11","4","23","14.81","0","3","0.00","0.48","5.21","8.35","4","35","10.26","1","18","5.26","0","2","0.00","3","17","15.00","0","0","-","3","35","7.89","0","1","0.00","0.00","86.96","0.870","0","4","13","20","0.00","1","5","19","5.00"
"258","Brian Dumoulin","Pavel Mintyukov","ANA","49","34.083333333333","9","74","10.84","5","58","7.94","3","44","6.38","0","4","0.00","0.33","6.74","4.62","4","50","7.41","1","22","4.35","0","3","0.00","3","28","9.68","0","1","0.00","5","42","10.64","0","0","-","0.00","90.91","0.909","2","1","23","5","8.00","2","4","31","6.06"
"259","Cam Fowler","Jackson LaCombe","ANA","82","34","12","66","15.38","10","46","17.86","10","26","27.78","0","6","0.00","1.29","4.55","22.04","6","33","15.38","6","11","35.29","0","1","0.00","0","22","0.00","0","2","0.00","4","45","8.16","0","2","0.00","0.00","76.92","0.769","0","4","14","28","0.00","0","5","26","0.00"
"260","Conor Timmins","Simon Benoit","TOR","70","34","6","71","7.79","6","57","9.52","5","38","11.63","0","4","0.00","0.29","5.52","5.06","3","38","7.32","2","16","11.11","0","1","0.00","1","22","4.35","0","2","0.00","2","41","4.65","0","1","0.00","0.00","89.47","0.895","0","2","18","35","0.00","1","2","21","4.55"
"261","Mark Giordano","Timothy Liljegren","TOR","90","33.816666666667","7","49","12.50","6","39","13.33","6","28","17.65","0","6","0.00","0.29","3.49","7.74","3","31","8.82","2","9","18.18","0","2","0.00","1","22","4.35","0","2","0.00","1","19","5.00","0","2","0.00","0.00","78.57","0.786","0","4","7","15","0.00","1","5","14","6.67"
"262","Scott Mayfield","Ryan Pulock","NYI","169","32.966666666667","11","54","16.92","7","44","13.73","5","33","13.16","0","5","0.00","0.37","5.17","6.73","2","29","6.45","0","14","0.00","0","3","0.00","2","15","11.76","0","0","-","9","36","20.00","0","2","0.00","0.00","84.85","0.848","1","1","20","47","4.76","4","6","36","10.00"
"263","Noah Juulsen","Filip Hronek","VAN","67","32.966666666667","5","69","6.76","5","48","9.43","4","33","10.81","0","4","0.00","0.09","5.09","1.74","0","42","0.00","0","16","0.00","0","2","0.00","0","26","0.00","0","1","0.00","1","39","2.50","0","1","0.00","0.00","87.88","0.879","0","1","15","34","0.00","0","2","20","0.00"
"264","Dmitry Kulikov","Cam Fowler","ANA","61","32.783333333333","4","74","5.13","4","64","5.88","4","49","7.55","0","8","0.00","0.13","6.92","1.79","1","53","1.85","0","27","0.00","0","5","0.00","1","26","3.70","0","2","0.00","2","20","9.09","0","1","0.00","0.00","83.67","0.837","0","8","24","8","0.00","1","11","41","2.38"
"265","Connor Clifton","Rasmus Dahlin","BUF","143","32.733333333333","18","45","28.57","16","39","29.09","14","29","32.56","1","4","20.00","1.26","3.54","26.20","10","26","27.78","6","12","33.33","0","3","0.00","4","14","22.22","1","1","50.00","7","33","17.50","0","0","-","7.14","86.21","0.933","0","3","26","22","0.00","1","3","29","3.33"
"266","Brendan Smith","Ryan Graves","N.J","56","32.716666666667","6","43","12.24","6","34","15.00","6","22","21.43","1","2","33.33","0.51","3.23","13.57","3","19","13.64","1","8","11.11","1","1","50.00","2","11","15.38","0","0","-","2","31","6.06","0","1","0.00","16.67","90.91","1.076","0","3","19","23","0.00","0","4","25","0.00"
"267","Zach Bogosian","Jared Spurgeon","MIN","77","32.683333333333","5","43","10.42","5","31","13.89","4","19","17.39","0","1","0.00","0.43","2.83","13.28","2","22","8.33","1","6","14.29","0","0","-","1","16","5.88","0","0","-","0","30","0.00","0","1","0.00","0.00","94.74","0.947","0","3","14","14","0.00","0","5","17","0.00"
"268","Ben Chiarot","Justin Holl","DET","105","32.583333333333","7","79","8.14","6","56","9.68","5","42","10.64","1","6","14.29","0.19","5.8","3.24","2","47","4.08","0","20","0.00","0","3","0.00","2","27","6.90","1","1","50.00","0","44","0.00","0","2","0.00","20.00","85.71","1.057","0","4","14","15","0.00","2","5","21","8.70"
"269","Parker Wotherspoon","Andrew Peeke","BOS","58","32.533333333333","9","58","13.43","8","45","15.09","8","28","22.22","0","3","0.00","0.87","5.86","12.90","6","33","15.38","3","20","13.04","0","0","-","3","13","18.75","0","3","0.00","4","32","11.11","0","0","-","0.00","89.29","0.893","0","3","11","30","0.00","1","4","16","5.88"
"270","Jaccob Slavin","Brett Pesce","CAR","146","32.433333333333","5","46","9.80","4","38","9.52","2","28","6.67","0","4","0.00","0.33","4.27","7.13","1","29","3.33","0","13","0.00","0","2","0.00","1","16","5.88","0","1","0.00","1","22","4.35","0","1","0.00","0.00","85.71","0.857","0","3","17","45","0.00","0","3","32","0.00"
"271","Nate Schmidt","Dylan Samberg","WPG","112","32.416666666667","10","50","16.67","8","30","21.05","5","22","18.52","0","1","0.00","0.46","2.83","13.92","6","31","16.22","4","5","44.44","0","1","0.00","2","26","7.14","0","0","-","2","19","9.52","0","0","-","0.00","95.45","0.955","0","4","12","35","0.00","0","4","16","0.00"
"272","Rasmus Dahlin","Owen Power","BUF","220","32.4","11","47","18.97","9","35","20.45","7","29","19.44","1","3","25.00","0.87","2.99","22.62","8","19","29.63","3","7","30.00","1","2","33.33","5","12","29.41","0","1","0.00","3","33","8.33","0","0","-","14.29","89.66","1.039","1","3","17","60","5.56","4","7","21","16.00"
"273","Alexander Edler","Matt Roy","L.A","64","32.35","9","49","15.52","8","34","19.05","7","22","24.14","1","7","12.50","0.44","3.05","12.53","4","28","12.50","2","8","20.00","1","2","33.33","2","20","9.09","0","4","0.00","0","35","0.00","0","1","0.00","14.29","68.18","0.825","0","1","24","20","0.00","0","3","29","0.00"
"274","Roman Josi","Brady Skjei","NSH","53","32.283333333333","7","48","12.73","7","36","16.28","6","25","19.35","0","2","0.00","0.21","3.55","5.56","2","27","6.90","0","10","0.00","0","1","0.00","2","17","10.53","0","1","0.00","5","31","13.89","0","0","-","0.00","92.00","0.920","0","3","14","30","0.00","2","3","23","8.00"
"275","Marc Staal","Brandon Montour","FLA","80","32.183333333333","13","45","22.41","10","32","23.81","4","24","14.29","1","5","16.67","1.59","2.74","36.64","9","21","30.00","3","7","30.00","1","2","33.33","6","14","30.00","0","1","0.00","3","26","10.34","0","2","0.00","25.00","79.17","1.042","0","1","12","32","0.00","1","2","19","5.00"
"276","Ryan Pulock","Noah Dobson","NYI","203","31.966666666667","8","53","13.11","8","37","17.78","7","29","19.44","1","3","25.00","0.42","3.52","10.66","3","25","10.71","2","11","15.38","1","1","50.00","1","14","6.67","0","1","0.00","3","35","7.89","0","1","0.00","14.29","89.66","1.039","0","2","16","15","0.00","1","5","21","4.55"
"277","Jarred Tinordi","Jaycob Megna","CHI","33","31.65","12","40","23.08","11","31","26.19","6","27","18.18","0","6","0.00","0.83","3.34","19.94","6","27","18.18","1","9","10.00","0","4","0.00","5","18","21.74","0","2","0.00","5","19","20.83","0","0","-","0.00","77.78","0.778","0","4","6","21","0.00","2","6","9","18.18"
"278","Jon Merrill","Matt Dumba","MIN","70","31.383333333333","10","51","16.39","9","35","20.45","7","26","21.21","1","4","20.00","0.53","4.1","11.43","3","28","9.68","3","17","15.00","1","3","25.00","0","11","0.00","0","0","-","5","23","17.86","0","1","0.00","14.29","84.62","0.989","1","4","4","36","20.00","1","9","11","8.33"
"279","Cam Fowler","Nathan Beaulieu","ANA","52","31.366666666667","9","53","14.52","8","45","15.09","7","28","20.00","0","2","0.00","0.62","4.58","11.93","7","31","18.42","3","14","17.65","0","1","0.00","4","17","19.05","0","1","0.00","1","21","4.55","0","0","-","0.00","92.86","0.929","1","0","14","29","6.67","2","3","16","11.11"
"280","Niko Mikkola","Adam Fox","NYR","31","31.316666666667","5","52","8.77","4","40","9.09","3","29","9.38","1","2","33.33","0.23","4.58","4.84","3","29","9.38","1","15","6.25","1","1","50.00","2","14","12.50","0","1","0.00","1","22","4.35","0","0","-","33.33","93.10","1.264","1","4","19","10","5.00","2","8","32","5.88"
"281","Tyler Myers","Ethan Bear","VAN","60","31.233333333333","8","62","11.43","8","54","12.90","6","41","12.77","1","8","11.11","0.59","7.24","7.51","5","38","11.63","4","28","12.50","1","6","14.29","1","10","9.09","0","0","-","0","25","0.00","0","2","0.00","16.67","80.49","0.972","0","3","19","23","0.00","1","6","28","3.45"
"282","Tyler Myers","Kyle Burroughs","VAN","44","31.166666666667","9","54","14.29","6","38","13.64","6","30","16.67","0","6","0.00","0.33","4.79","6.52","4","29","12.12","2","18","10.00","0","5","0.00","2","11","15.38","0","1","0.00","1","21","4.55","0","0","-","0.00","80.00","0.800","0","0","13","19","0.00","0","1","20","0.00"
"283","Ryan Lindgren","K'Andre Miller","NYR","185","31","16","43","27.12","15","33","31.25","11","21","34.38","0","1","0.00","1.07","3.32","24.44","9","19","32.14","4","9","30.77","0","0","-","5","10","33.33","0","1","0.00","3","33","8.33","0","0","-","0.00","95.24","0.952","0","0","13","77","0.00","0","1","19","0.00"
"284","Ilya Lyubushkin","Owen Power","BUF","67","30.916666666667","9","56","13.85","7","46","13.21","6","32","15.79","0","6","0.00","0.59","4.51","11.60","4","35","10.26","1","13","7.14","0","2","0.00","3","22","12.00","0","2","0.00","4","24","14.29","0","2","0.00","0.00","81.25","0.813","0","2","24","16","0.00","1","2","30","3.23"
"285","Adam Larsson","William Borgen","SEA","196","30.866666666667","12","55","17.91","12","49","19.67","10","32","23.81","0","2","0.00","0.37","4.37","7.82","4","24","14.29","0","8","0.00","0","0","-","4","16","20.00","0","2","0.00","2","37","5.13","0","0","-","0.00","93.75","0.938","0","0","4","50","0.00","0","0","10","0.00"
"286","Erik Johnson","Samuel Girard","COL","65","30.85","5","40","11.11","5","32","13.51","5","22","18.52","0","4","0.00","0.33","3.39","9.00","4","21","16.00","2","13","13.33","0","4","0.00","2","8","20.00","0","0","-","1","23","4.17","0","0","-","0.00","81.82","0.818","0","3","14","11","0.00","2","7","17","10.53"
"287","Brandon Carlo","Parker Wotherspoon","BOS","71","30.85","6","55","9.84","4","39","9.30","3","30","9.09","0","2","0.00","0.09","4.63","1.93","1","31","3.13","0","17","0.00","0","2","0.00","1","14","6.67","0","0","-","4","36","10.00","0","0","-","0.00","93.33","0.933","1","1","16","18","5.88","1","5","29","3.33"
"288","Morgan Rielly","Timothy Liljegren","TOR","99","30.783333333333","7","44","13.73","6","32","15.79","3","23","11.54","0","3","0.00","0.63","2.78","18.48","4","26","13.33","4","9","30.77","0","2","0.00","0","17","0.00","0","0","-","1","22","4.35","0","1","0.00","0.00","86.96","0.870","1","2","14","36","6.67","2","3","17","10.53"
"289","Tyler Myers","Marcus Pettersson","VAN","23","30.566666666667","2","44","4.35","2","27","6.90","2","21","8.70","0","3","0.00","0.01","3.01","0.41","0","27","0.00","0","8","0.00","0","2","0.00","0","19","0.00","0","1","0.00","0","37","0.00","0","0","-","0.00","85.71","0.857","0","4","22","16","0.00","0","5","32","0.00"
"290","Joshua Brown","Travis Dermott","ARI","25","30.533333333333","5","45","10.00","5","32","13.51","3","18","14.29","1","2","33.33","0.44","2.87","13.25","3","25","10.71","2","7","22.22","0","1","0.00","1","18","5.26","1","1","50.00","2","37","5.13","0","0","-","33.33","88.89","1.222","2","4","23","6","8.00","3","7","31","8.82"
"291","Seth Jones","Gustav Forsling","FLA","19","30.45","2","43","4.44","2","33","5.71","1","19","5.00","0","3","0.00","0.05","3.11","1.71","0","22","0.00","0","8","0.00","0","0","-","0","14","0.00","0","0","-","1","45","2.17","0","3","0.00","0.00","84.21","0.842","0","1","22","13","0.00","1","4","37","2.63"
"292","Samuel Girard","Cale Makar","COL","184","30.316666666667","14","46","23.33","12","35","25.53","8","24","25.00","0","5","0.00","0.96","2.72","26.13","10","19","34.48","3","5","37.50","0","1","0.00","7","14","33.33","0","2","0.00","4","32","11.11","0","2","0.00","0.00","79.17","0.792","2","2","11","60","15.38","4","4","14","22.22"
"293","Mattias Ekholm","Cody Ceci","EDM","95","30.3","9","49","15.52","8","37","17.78","7","25","21.88","2","3","40.00","0.51","3.84","11.82","3","26","10.34","2","11","15.38","2","2","50.00","1","15","6.25","0","0","-","4","30","11.76","0","1","0.00","28.57","88.00","1.166","0","2","15","53","0.00","1","6","19","5.00"
"294","Brenden Dillon","Nate Schmidt","WPG","129","29.966666666667","4","58","6.45","4","44","8.33","4","28","12.50","0","5","0.00","0.19","4.82","3.86","1","34","2.86","0","14","0.00","0","2","0.00","1","20","4.76","0","1","0.00","2","25","7.41","0","2","0.00","0.00","82.14","0.821","0","3","14","28","0.00","1","3","22","4.35"
"295","Erik Gudbranson","Jake Bean","CBJ","81","29.583333333333","10","62","13.89","8","44","15.38","4","27","12.90","0","4","0.00","0.69","4.36","13.64","3","36","7.69","2","9","18.18","0","1","0.00","1","27","3.57","0","3","0.00","5","43","10.42","0","0","-","0.00","85.19","0.852","0","2","18","15","0.00","1","2","28","3.45"
"296","Nikita Zadorov","Charlie McAvoy","BOS","50","29.566666666667","7","42","14.29","6","25","19.35","4","15","21.05","0","3","0.00","0.31","2.43","11.32","3","23","11.54","2","8","20.00","0","0","-","1","15","6.25","0","3","0.00","1","30","3.23","0","0","-","0.00","80.00","0.800","0","2","15","19","0.00","0","4","27","0.00"
"297","Mattias Samuelsson","Bowen Byram","BUF","62","29.45","4","50","7.41","3","35","7.89","2","24","7.69","1","7","12.50","0.12","3.59","3.26","1","29","3.33","1","10","9.09","1","2","33.33","0","19","0.00","0","3","0.00","2","42","4.55","0","2","0.00","50.00","70.83","1.208","0","2","19","10","0.00","0","5","33","0.00"
"298","Ryan McDonagh","Mattias Ekholm","NSH","50","29.333333333333","8","59","11.94","7","43","14.00","5","34","12.82","0","2","0.00","0.45","5.43","7.71","5","36","12.20","2","13","13.33","0","1","0.00","3","23","11.54","0","0","-","1","30","3.23","0","1","0.00","0.00","94.12","0.941","0","3","22","32","0.00","2","4","32","5.88"
"299","Matt Roy","Martin Fehervary","WSH","69","29.216666666667","6","64","8.57","6","47","11.32","4","31","11.43","1","5","16.67","0.44","5.3","7.62","4","24","14.29","3","13","18.75","1","4","20.00","1","11","8.33","0","0","-","2","55","3.51","0","1","0.00","25.00","83.87","1.089","0","2","17","39","0.00","0","6","28","0.00"
"300","Oliver Ekman-Larsson","Conor Timmins","TOR","50","29.2","13","34","27.66","11","28","28.21","9","20","31.03","2","5","28.57","1.68","2.75","37.93","6","18","25.00","1","9","10.00","0","2","0.00","5","9","35.71","1","1","50.00","3","21","12.50","0","2","0.00","22.22","75.00","0.972","0","2","7","31","0.00","4","8","8","33.33"
"301","Jake Walman","Mario Ferraro","S.J","50","29.2","6","60","9.09","6","44","12.00","4","31","11.43","0","7","0.00","0.3","4.12","6.78","2","30","6.25","1","7","12.50","0","1","0.00","1","23","4.17","0","3","0.00","1","54","1.82","0","3","0.00","0.00","77.42","0.774","0","3","14","14","0.00","0","3","35","0.00"
"302","Carson Soucy","Filip Hronek","VAN","77","29.016666666667","6","52","10.34","5","44","10.20","3","35","7.89","0","5","0.00","0.36","6.48","5.30","2","31","6.06","1","18","5.26","0","0","-","1","13","7.14","0","2","0.00","5","32","13.51","0","3","0.00","0.00","85.71","0.857","1","1","17","27","5.56","2","3","24","7.69"
"303","Ivan Provorov","Denton Mateychuk","CBJ","45","29.016666666667","7","45","13.46","5","34","12.82","4","22","15.38","0","2","0.00","0.28","3.16","8.26","2","25","7.41","1","9","10.00","0","1","0.00","1","16","5.88","0","1","0.00","2","28","6.67","0","0","-","0.00","90.91","0.909","0","1","11","3","0.00","0","3","16","0.00"
"304","Cody Ceci","Esa Lindell","DAL","29","28.816666666667","5","53","8.62","5","46","9.80","4","30","11.76","0","1","0.00","0.08","4.89","1.59","1","25","3.85","0","16","0.00","0","0","-","1","9","10.00","0","1","0.00","2","39","4.88","0","0","-","0.00","96.67","0.967","0","0","10","32","0.00","1","2","15","6.25"
"305","Brett Kulak","Evan Bouchard","EDM","245","28.8","11","42","20.75","10","34","22.73","8","27","22.86","1","4","20.00","1.32","3.09","30.00","10","26","27.78","6","8","42.86","1","1","50.00","4","18","18.18","0","2","0.00","1","18","5.26","0","1","0.00","12.50","85.19","0.977","0","3","13","37","0.00","2","5","19","9.52"
"306","Cam Fowler","Colton White","ANA","46","28.716666666667","5","49","9.26","5","38","11.63","3","30","9.09","0","5","0.00","0.32","3.48","8.41","4","22","15.38","1","8","11.11","0","1","0.00","3","14","17.65","0","2","0.00","1","26","3.70","0","2","0.00","0.00","83.33","0.833","1","1","6","17","14.29","3","1","10","23.08"
"307","Brayden McNabb","Nicolas Hague","VGK","222","28.683333333333","7","53","11.67","5","41","10.87","4","27","12.90","0","1","0.00","0.36","4.76","7.09","2","28","6.67","2","16","11.11","0","0","-","0","12","0.00","0","0","-","2","28","6.67","0","1","0.00","0.00","96.30","0.963","0","2","14","30","0.00","0","2","15","0.00"
"308","Zach Werenski","Ivan Provorov","CBJ","151","28.633333333333","15","39","27.78","12","31","27.91","8","20","28.57","1","3","25.00","0.9","2.65","25.37","8","22","26.67","2","7","22.22","0","3","0.00","6","15","28.57","0","0","-","4","27","12.90","1","0","100.00","12.50","85.00","0.975","0","3","9","58","0.00","1","4","20","4.76"
"309","Brendan Smith","Kevin Bahl","N.J","83","28.583333333333","3","49","5.77","2","30","6.25","2","22","8.33","0","3","0.00","0.13","4.2","3.10","1","30","3.23","1","14","6.67","0","1","0.00","0","16","0.00","0","2","0.00","2","28","6.67","0","0","-","0.00","86.36","0.864","0","2","14","29","0.00","1","5","21","4.55"
"310","Alec Martinez","Nicolas Hague","VGK","123","28.516666666667","6","56","9.68","5","38","11.63","5","28","15.15","0","3","0.00","0.24","4.15","5.46","3","36","7.69","2","12","14.29","0","2","0.00","1","24","4.00","0","1","0.00","2","22","8.33","0","0","-","0.00","89.29","0.893","1","4","7","23","12.50","1","4","8","11.11"
"311","Kaiden Guhle","Arber Xhekaj","MTL","118","28.516666666667","5","54","8.47","3","38","7.32","2","22","8.33","0","3","0.00","0.23","4.56","4.83","2","30","6.25","0","16","0.00","0","2","0.00","2","14","12.50","0","0","-","4","30","11.76","0","1","0.00","0.00","86.36","0.864","1","3","5","18","16.67","1","5","11","8.33"
"312","Christopher Tanev","Esa Lindell","DAL","19","28.416666666667","5","35","12.50","5","27","15.63","5","16","23.81","0","1","0.00","0.44","2.88","13.39","3","17","15.00","3","6","33.33","0","0","-","0","11","0.00","0","1","0.00","1","36","2.70","0","0","-","0.00","93.75","0.938","0","3","22","6","0.00","1","5","34","2.86"
"313","Hampus Lindholm","Connor Clifton","BOS","76","28.4","9","33","21.43","6","25","19.35","5","13","27.78","1","1","50.00","0.56","1.68","25.03","7","13","35.00","2","4","33.33","0","0","-","5","9","35.71","1","0","100.00","1","18","5.26","0","1","0.00","20.00","92.31","1.123","0","1","9","30","0.00","2","2","12","14.29"
"314","Olli Maatta","Mikhail Sergachev","UTA","65","28.383333333333","6","42","12.50","6","31","16.22","6","21","22.22","2","0","100.00","0.39","2.5","13.36","3","19","13.64","1","4","20.00","0","0","-","2","15","11.76","1","0","100.00","3","39","7.14","1","0","100.00","33.33","100.00","1.333","0","3","15","43","0.00","2","5","26","7.14"
"315","Nick Holden","Jake Sanderson","OTT","64","28.266666666667","4","63","5.97","3","49","5.77","1","36","2.70","0","6","0.00","0.11","5.11","2.05","2","39","4.88","1","13","7.14","0","3","0.00","1","26","3.70","0","1","0.00","0","24","0.00","0","2","0.00","0.00","83.33","0.833","0","1","18","28","0.00","0","4","37","0.00"
"316","Drew Doughty","Vladislav Gavrikov","L.A","127","28.116666666667","8","41","16.33","7","33","17.50","6","23","20.69","1","4","20.00","0.64","3.46","15.53","3","17","15.00","2","8","20.00","0","2","0.00","1","9","10.00","0","0","-","1","34","2.86","0","2","0.00","16.67","82.61","0.993","0","1","12","63","0.00","0","3","23","0.00"
"317","Alexandre Carrier","Kaiden Guhle","MTL","30","28.066666666667","6","42","12.50","5","22","18.52","5","13","27.78","1","3","25.00","0.26","2.03","11.23","3","22","12.00","1","5","16.67","1","1","50.00","2","17","10.53","0","1","0.00","2","28","6.67","0","1","0.00","20.00","76.92","0.969","0","2","10","20","0.00","2","4","15","11.76"
"318","Jack Johnson","Jake McCabe","CHI","55","27.95","3","42","6.67","3","33","8.33","3","26","10.34","0","7","0.00","0.05","4.21","1.13","1","30","3.23","0","14","0.00","0","5","0.00","1","16","5.88","0","2","0.00","0","13","0.00","0","0","-","0.00","73.08","0.731","0","3","16","11","0.00","5","3","26","16.13"
"319","Zach Bogosian","Jon Merrill","MIN","115","27.933333333333","9","48","15.79","7","40","14.89","5","31","13.89","0","8","0.00","0.22","4.7","4.55","3","31","8.82","0","15","0.00","0","2","0.00","3","16","15.79","0","3","0.00","0","29","0.00","0","3","0.00","0.00","74.19","0.742","0","2","7","27","0.00","1","3","13","7.14"
"320","Victor Hedman","Emil Martinsen Lilleberg","T.B","108","27.933333333333","5","45","10.00","3","37","7.50","2","26","7.14","0","2","0.00","0.02","4.2","0.41","0","25","0.00","0","12","0.00","0","1","0.00","0","13","0.00","0","1","0.00","0","18","0.00","0","0","-","0.00","92.31","0.923","0","1","9","11","0.00","0","3","11","0.00"
"321","Mattias Ekholm","Brett Kulak","EDM","165","27.866666666667","8","39","17.02","6","30","16.67","4","21","16.00","1","4","20.00","0.32","2.75","10.50","3","18","14.29","0","8","0.00","0","1","0.00","3","10","23.08","1","2","33.33","5","26","16.13","0","1","0.00","25.00","80.95","1.060","0","0","15","38","0.00","2","1","20","9.09"
"322","Luke Schenn","Ethan Bear","VAN","42","27.733333333333","8","53","13.11","8","35","18.60","7","21","25.00","3","8","27.27","1.2","2.94","29.00","2","29","6.45","0","5","0.00","0","3","0.00","2","24","7.69","0","2","0.00","0","27","0.00","0","3","0.00","42.86","61.90","1.048","0","3","23","9","0.00","1","5","42","2.33"
"323","Jonas Siegenthaler","Simon Nemec","N.J","44","27.683333333333","6","42","12.50","4","32","11.11","3","22","12.00","0","4","0.00","0.52","3.39","13.20","3","20","13.04","2","9","18.18","0","2","0.00","1","11","8.33","0","0","-","3","24","11.11","0","2","0.00","0.00","81.82","0.818","0","2","4","14","0.00","3","2","9","25.00"
"324","Dylan DeMelo","Josh Morrissey","WPG","232","27.633333333333","8","37","17.78","8","30","21.05","7","17","29.17","0","2","0.00","0.37","3.6","9.39","1","19","5.00","1","11","8.33","0","0","-","0","8","0.00","0","0","-","4","24","14.29","0","2","0.00","0.00","88.24","0.882","0","3","17","29","0.00","1","7","22","4.35"
"325","Jonas Siegenthaler","Johnathan Kovacevic","N.J","55","27.4","6","23","20.69","5","14","26.32","5","8","38.46","1","0","100.00","0.83","1.21","40.73","2","14","12.50","2","4","33.33","0","0","-","0","10","0.00","0","0","-","1","17","5.56","0","0","-","20.00","100.00","1.200","0","4","15","40","0.00","0","5","20","0.00"
"326","Ryan McDonagh","Luke Schenn","NSH","62","27.383333333333","6","40","13.04","6","29","17.14","3","22","12.00","0","2","0.00","0.4","2.57","13.45","3","28","9.68","2","4","33.33","0","0","-","1","24","4.00","0","1","0.00","2","20","9.09","0","1","0.00","0.00","90.91","0.909","0","2","14","21","0.00","0","4","18","0.00"
"327","John Carlson","Trevor van Riemsdyk","WSH","183","27.383333333333","13","60","17.81","10","45","18.18","5","33","13.16","1","4","20.00","0.56","5.07","9.99","7","33","17.50","2","13","13.33","0","2","0.00","5","20","20.00","1","2","33.33","7","36","16.28","0","0","-","20.00","87.88","1.079","1","3","11","40","8.33","3","5","21","12.50"
"328","Alex Vlasic","Louis Crevier","CHI","52","27","4","54","6.90","4","48","7.69","4","36","10.00","0","5","0.00","0.1","5.24","1.96","1","30","3.23","0","15","0.00","0","1","0.00","1","15","6.25","0","1","0.00","1","43","2.27","0","3","0.00","0.00","86.11","0.861","0","4","22","8","0.00","0","5","34","0.00"
"329","Samuel Girard","Bowen Byram","COL","76","26.883333333333","10","35","22.22","10","29","25.64","7","21","25.00","0","5","0.00","0.76","2.45","23.53","7","17","29.17","5","8","38.46","0","2","0.00","2","9","18.18","0","2","0.00","2","19","9.52","0","1","0.00","0.00","76.19","0.762","1","3","5","21","16.67","3","7","7","30.00"
"330","Erik Johnson","Josh Manson","COL","23","26.633333333333","2","54","3.57","2","40","4.76","2","28","6.67","0","7","0.00","0.19","4.76","3.77","1","29","3.33","1","13","7.14","0","3","0.00","0","16","0.00","0","2","0.00","1","24","4.00","0","2","0.00","0.00","75.00","0.750","0","3","18","9","0.00","0","5","23","0.00"
"331","Marc-Edouard Vlasic","Henry Thrun","S.J","57","26.55","2","60","3.23","2","42","4.55","2","23","8.00","0","3","0.00","0.08","4.03","1.97","1","26","3.70","0","12","0.00","0","2","0.00","1","14","6.67","0","0","-","0","44","0.00","0","1","0.00","0.00","86.96","0.870","0","2","16","21","0.00","1","2","17","5.56"
"332","Tyson Barrie","Brett Kulak","EDM","61","26.533333333333","11","45","19.64","9","38","19.15","6","31","16.22","0","7","0.00","0.92","5.03","15.41","6","32","15.79","4","19","17.39","0","5","0.00","2","13","13.33","0","1","0.00","4","13","23.53","0","1","0.00","0.00","77.42","0.774","0","1","12","22","0.00","0","2","14","0.00"
"333","Jordan Harris","Kaiden Guhle","MTL","80","26.533333333333","3","37","7.50","2","24","7.69","2","18","10.00","0","3","0.00","0.08","2.12","3.47","1","21","4.55","0","12","0.00","0","2","0.00","1","9","10.00","0","0","-","1","24","4.00","0","1","0.00","0.00","83.33","0.833","0","4","9","29","0.00","2","5","14","12.50"
"334","Vince Dunn","William Borgen","SEA","153","26.383333333333","7","32","17.95","5","24","17.24","4","17","19.05","0","1","0.00","0.38","2.26","14.45","4","15","21.05","2","9","18.18","0","0","-","2","6","25.00","0","0","-","2","17","10.53","0","1","0.00","0.00","94.12","0.941","0","1","5","36","0.00","1","1","5","16.67"
"335","Jonas Brodin","Matt Dumba","MIN","58","26.366666666667","6","36","14.29","6","24","20.00","6","18","25.00","1","3","25.00","0.58","2.75","17.42","1","19","5.00","1","7","12.50","0","1","0.00","0","12","0.00","0","1","0.00","1","19","5.00","0","1","0.00","16.67","83.33","1.000","0","0","20","13","0.00","2","4","26","7.14"
"336","Alec Martinez","Zach Whitecloud","VGK","97","26.283333333333","10","40","20.00","9","24","27.27","6","19","24.00","1","2","33.33","0.65","1.87","25.79","5","18","21.74","1","4","20.00","0","0","-","4","14","22.22","1","1","50.00","5","26","16.13","0","1","0.00","16.67","89.47","1.061","0","3","4","17","0.00","4","4","12","25.00"
"337","Robert Bortuzzo","Alexander Romanov","NYI","23","26.2","3","59","4.84","3","38","7.32","2","27","6.90","1","7","12.50","0.44","4","9.99","3","36","7.69","1","12","7.69","0","1","0.00","2","24","7.69","1","2","33.33","1","30","3.23","0","4","0.00","50.00","74.07","1.241","0","3","18","13","0.00","1","6","24","4.00"
"338","Alec Martinez","Brayden McNabb","VGK","132","26.033333333333","7","49","12.50","6","39","13.33","5","28","15.15","3","4","42.86","0.41","3.93","9.54","4","30","11.76","3","11","21.43","2","2","50.00","1","19","5.00","1","1","50.00","2","18","10.00","0","1","0.00","60.00","85.71","1.457","0","1","8","57","0.00","0","2","19","0.00"
"339","Olli Maatta","Moritz Seider","DET","157","25.983333333333","11","61","15.28","11","52","17.46","9","38","19.15","0","3","0.00","1.13","5.98","15.85","6","39","13.33","3","18","14.29","0","2","0.00","3","21","12.50","0","0","-","5","29","14.71","0","1","0.00","0.00","92.11","0.921","0","2","15","36","0.00","2","3","17","10.53"
"340","Ian Cole","Olli Maatta","UTA","70","25.95","1","52","1.89","1","34","2.86","1","22","4.35","0","4","0.00","0.03","4.43","0.72","0","30","0.00","0","9","0.00","0","1","0.00","0","21","0.00","0","2","0.00","1","29","3.33","0","1","0.00","0.00","81.82","0.818","0","2","7","18","0.00","0","3","16","0.00"
"341","Jackson LaCombe","Pavel Mintyukov","ANA","113","25.816666666667","8","51","13.56","6","35","14.63","5","26","16.13","1","5","16.67","0.46","3.83","10.80","3","27","10.00","2","12","14.29","1","1","50.00","1","15","6.25","0","2","0.00","3","33","8.33","0","2","0.00","20.00","80.77","1.008","1","1","10","19","9.09","1","3","15","6.25"
"342","Radko Gudas","Pavel Mintyukov","ANA","117","25.733333333333","7","47","12.96","6","34","15.00","5","23","17.86","1","6","14.29","0.13","4.57","2.68","1","29","3.33","0","14","0.00","0","5","0.00","1","15","6.25","1","0","100.00","2","28","6.67","0","1","0.00","20.00","73.91","0.939","0","2","13","17","0.00","1","4","22","4.35"
"343","Drew Doughty","Joel Edmundson","L.A","29","25.7","6","41","12.77","6","35","14.63","5","25","16.67","0","2","0.00","0.23","3.6","6.06","2","24","7.69","0","12","0.00","0","0","-","2","12","14.29","0","1","0.00","2","20","9.09","0","1","0.00","0.00","92.00","0.920","2","3","11","18","15.38","3","5","14","17.65"
"344","Jacob Bryson","Bowen Byram","BUF","66","25.683333333333","7","34","17.07","6","30","16.67","6","18","25.00","1","4","20.00","0.45","3.54","11.28","5","20","20.00","4","15","21.05","1","4","20.00","1","5","16.67","0","0","-","1","16","5.88","0","0","-","16.67","77.78","0.944","0","2","6","29","0.00","1","3","7","12.50"
"345","Brett Kulak","Philip Broberg","EDM","58","25.666666666667","9","40","18.37","8","28","22.22","8","23","25.81","2","4","33.33","0.6","2.74","17.88","6","19","24.00","3","6","33.33","1","2","33.33","3","13","18.75","1","1","50.00","2","23","8.00","0","1","0.00","25.00","82.61","1.076","0","1","8","24","0.00","1","2","12","7.69"
"346","Nick Leddy","Justin Faulk","STL","169","25.65","6","46","11.54","6","37","13.95","5","25","16.67","0","7","0.00","0.61","3.65","14.25","3","20","13.04","3","8","27.27","0","3","0.00","0","12","0.00","0","1","0.00","0","26","0.00","0","2","0.00","0.00","72.00","0.720","0","2","15","43","0.00","1","4","19","5.00"
"347","Damon Severson","Ryan Graves","N.J","77","25.65","3","38","7.32","3","23","11.54","3","16","15.79","0","1","0.00","0.27","2.38","10.08","2","23","8.00","2","7","22.22","0","1","0.00","0","16","0.00","0","0","-","1","18","5.26","0","0","-","0.00","93.75","0.938","0","2","14","19","0.00","0","3","20","0.00"
"348","Derek Forbort","Connor Clifton","BOS","51","25.5","5","47","9.62","5","39","11.36","4","21","16.00","1","1","50.00","0.51","3.76","12.00","4","30","11.76","1","10","9.09","0","0","-","3","20","13.04","1","1","50.00","1","17","5.56","0","0","-","25.00","95.24","1.202","1","2","20","11","4.76","2","4","25","7.41"
"349","Luke Schenn","Quinn Hughes","VAN","51","25.466666666667","5","48","9.43","5","40","11.11","4","29","12.12","0","4","0.00","0.17","4.78","3.51","1","34","2.86","0","20","0.00","0","1","0.00","1","14","6.67","0","2","0.00","2","15","11.76","0","1","0.00","0.00","86.21","0.862","0","5","23","16","0.00","0","5","30","0.00"
"350","Marcus Pettersson","Filip Hronek","VAN","31","25.466666666667","5","36","12.20","4","33","10.81","1","24","4.00","0","1","0.00","0.68","3.16","17.71","3","22","12.00","1","9","10.00","0","0","-","2","13","13.33","0","1","0.00","1","21","4.55","0","0","-","0.00","95.83","0.958","0","2","13","14","0.00","2","2","19","9.52"
"351","Jack Johnson","Josh Manson","COL","76","25.4","5","35","12.50","4","27","12.90","3","19","13.64","0","3","0.00","0.36","2.51","12.61","2","18","10.00","2","9","18.18","0","2","0.00","0","9","0.00","0","1","0.00","2","33","5.71","0","0","-","0.00","84.21","0.842","1","0","15","20","6.25","1","0","26","3.70"
"352","Tyler Myers","Nikita Zadorov","VAN","49","25.4","5","40","11.11","5","32","13.51","5","25","16.67","0","4","0.00","0.73","4.84","13.13","3","25","10.71","3","16","15.79","0","3","0.00","0","9","0.00","0","0","-","0","22","0.00","0","1","0.00","0.00","84.00","0.840","0","6","12","17","0.00","0","7","17","0.00"
"353","Connor Murphy","Jake McCabe","CHI","55","25.4","7","50","12.28","3","31","8.82","3","25","10.71","1","3","25.00","0.19","3.69","4.82","2","29","6.45","1","11","8.33","1","1","50.00","1","18","5.26","0","1","0.00","2","21","8.70","0","1","0.00","33.33","88.00","1.213","0","2","11","24","0.00","0","3","18","0.00"
"354","MacKenzie Weegar","Noah Hanifin","CGY","141","25.4","10","40","20.00","9","32","21.95","7","22","24.14","1","4","20.00","0.68","3.17","17.65","4","28","12.50","2","9","18.18","0","3","0.00","2","19","9.52","1","1","50.00","2","21","8.70","0","0","-","14.29","81.82","0.961","0","0","12","61","0.00","0","3","23","0.00"
"355","David Savard","Jordan Harris","MTL","95","25.25","4","54","6.90","3","37","7.50","2","24","7.69","0","2","0.00","0.2","3.34","5.63","2","29","6.45","2","8","20.00","0","1","0.00","0","21","0.00","0","1","0.00","1","29","3.33","0","0","-","0.00","91.67","0.917","0","3","11","18","0.00","0","4","17","0.00"
"356","Jon Merrill","Brock Faber","MIN","133","25.183333333333","2","34","5.56","2","25","7.41","2","18","10.00","0","3","0.00","0.19","1.94","8.89","1","16","5.88","1","7","12.50","0","0","-","0","9","0.00","0","3","0.00","1","25","3.85","0","0","-","0.00","83.33","0.833","0","2","5","24","0.00","0","5","9","0.00"
"357","Mattias Ekholm","Evan Bouchard","EDM","165","25.166666666667","8","22","26.67","6","20","23.08","4","15","21.05","0","0","-","0.51","1.59","24.29","6","13","31.58","4","8","33.33","0","0","-","2","5","28.57","0","0","-","4","15","21.05","0","0","-","0.00","100.00","1.000","3","4","12","24","20.00","3","6","15","16.67"
"358","Mark Giordano","Jake McCabe","TOR","56","25.066666666667","7","31","18.42","6","22","21.43","5","14","26.32","1","1","50.00","0.64","1.99","24.22","4","16","20.00","3","4","42.86","1","0","100.00","1","12","7.69","0","1","0.00","2","17","10.53","0","0","-","20.00","92.86","1.129","0","2","9","21","0.00","1","6","13","7.14"
"359","Ryan Graves","Ryan Shea","PIT","48","25.066666666667","7","39","15.22","7","32","17.95","3","24","11.11","0","3","0.00","0.34","2.8","10.88","5","24","17.24","1","4","20.00","0","1","0.00","4","20","16.67","0","2","0.00","0","18","0.00","0","0","-","0.00","87.50","0.875","0","0","7","10","0.00","1","1","10","9.09"
"360","Calvin de Haan","Darren Raddysh","T.B","59","24.766666666667","7","41","14.58","6","29","17.14","5","21","19.23","0","5","0.00","0.26","3.05","7.73","3","18","14.29","1","8","11.11","0","1","0.00","2","10","16.67","0","3","0.00","1","28","3.45","0","1","0.00","0.00","76.19","0.762","0","0","9","26","0.00","1","3","11","8.33"
"361","Ryan Suter","Tyler Tucker","STL","38","24.7","3","50","5.66","3","41","6.82","2","26","7.14","2","3","40.00","0.21","3.38","5.97","2","22","8.33","1","7","12.50","1","1","50.00","1","15","6.25","1","1","50.00","1","46","2.13","0","1","0.00","100.00","88.46","1.885","0","5","24","0","0.00","1","5","29","3.33"
"362","Dylan DeMelo","Neal Pionk","WPG","226","24.683333333333","5","42","10.64","5","36","12.20","4","26","13.33","0","4","0.00","0.25","3.85","6.13","1","24","4.00","0","12","0.00","0","2","0.00","1","12","7.69","0","1","0.00","3","24","11.11","0","1","0.00","0.00","84.62","0.846","1","1","5","64","16.67","1","1","11","8.33"
"363","William Borgen","Ryker Evans","SEA","67","24.633333333333","7","59","10.61","5","42","10.64","4","28","12.50","0","4","0.00","0.64","5.92","9.73","3","31","8.82","3","15","16.67","0","2","0.00","0","16","0.00","0","1","0.00","4","32","11.11","0","1","0.00","0.00","85.71","0.857","1","2","7","11","12.50","1","3","11","8.33"
"364","Kevin Shattenkirk","Simon Benoit","ANA","71","24.583333333333","7","49","12.50","5","38","11.63","4","25","13.79","0","5","0.00","0.17","3.36","4.70","2","24","7.69","1","5","16.67","0","1","0.00","1","19","5.00","0","1","0.00","1","32","3.03","0","3","0.00","0.00","80.00","0.800","0","4","16","21","0.00","1","4","24","4.00"
"365","Kaiden Guhle","Justin Barron","MTL","57","24.516666666667","5","40","11.11","4","24","14.29","3","19","13.64","0","3","0.00","0.21","2.2","8.60","2","19","9.52","1","6","14.29","0","1","0.00","1","13","7.14","0","0","-","1","27","3.57","0","2","0.00","0.00","84.21","0.842","0","0","10","8","0.00","0","2","15","0.00"
"366","Ryan McDonagh","Roman Josi","NSH","131","24.5","5","36","12.20","5","25","16.67","5","18","21.74","1","3","25.00","0.27","2.98","8.33","2","28","6.67","0","8","0.00","0","2","0.00","2","20","9.09","1","1","50.00","1","12","7.69","0","0","-","20.00","83.33","1.033","0","4","18","18","0.00","1","8","24","4.00"
"367","Ryan Graves","Marcus Pettersson","PIT","101","24.5","2","46","4.17","2","35","5.41","2","19","9.52","0","5","0.00","0.2","3.31","5.59","1","28","3.45","1","9","10.00","0","2","0.00","0","19","0.00","0","2","0.00","1","24","4.00","0","1","0.00","0.00","73.68","0.737","0","3","12","68","0.00","0","3","18","0.00"
"368","Travis Hamonic","Thomas Chabot","OTT","152","24.3","6","30","16.67","6","21","22.22","4","16","20.00","0","3","0.00","0.45","2.97","13.10","4","19","17.39","2","9","18.18","0","2","0.00","2","10","16.67","0","0","-","1","18","5.26","0","1","0.00","0.00","81.25","0.813","0","1","7","26","0.00","0","3","12","0.00"
"369","Tyler Myers","Oliver Ekman-Larsson","VAN","51","24.15","1","35","2.78","1","30","3.23","1","21","4.55","0","6","0.00","0.05","2.33","2.26","1","20","4.76","0","8","0.00","0","3","0.00","1","12","7.69","0","1","0.00","0","16","0.00","0","2","0.00","0.00","71.43","0.714","0","1","17","15","0.00","0","1","27","0.00"
"370","Jack Johnson","Bowen Byram","COL","76","24.116666666667","4","28","12.50","3","20","13.04","3","13","18.75","0","1","0.00","0.15","1.99","7.15","0","14","0.00","0","5","0.00","0","1","0.00","0","9","0.00","0","0","-","3","15","16.67","0","0","-","0.00","92.31","0.923","0","2","4","20","0.00","2","3","6","25.00"
"371","Ian Cole","John Marino","UTA","35","24.116666666667","5","49","9.26","4","35","10.26","2","20","9.09","0","3","0.00","0.09","5.56","1.65","2","29","6.45","0","17","0.00","0","1","0.00","2","12","14.29","0","1","0.00","3","24","11.11","0","1","0.00","0.00","85.00","0.850","0","3","13","13","0.00","3","5","22","12.00"
"372","Filip Hronek","Quinn Hughes","VAN","136","24.066666666667","11","34","24.44","11","27","28.95","11","16","40.74","2","2","50.00","1.04","2.54","29.10","6","22","21.43","3","5","37.50","1","0","100.00","3","17","15.00","1","1","50.00","1","19","5.00","0","1","0.00","18.18","87.50","1.057","0","4","17","22","0.00","0","6","24","0.00"
"373","Jake McCabe","Timothy Liljegren","TOR","68","24.033333333333","8","45","15.09","8","32","20.00","6","25","19.35","0","2","0.00","0.41","3.13","11.64","3","25","10.71","1","11","8.33","0","1","0.00","2","14","12.50","0","1","0.00","3","26","10.34","0","0","-","0.00","92.00","0.920","2","0","8","15","20.00","4","0","14","22.22"
"374","Roman Josi","Jeremy Lauzon","NSH","166","23.983333333333","7","25","21.88","5","17","22.73","3","10","23.08","0","2","0.00","0.22","1.44","13.46","3","12","20.00","1","4","20.00","0","1","0.00","2","8","20.00","0","0","-","3","16","15.79","0","1","0.00","0.00","80.00","0.800","0","2","5","62","0.00","1","3","6","14.29"
"375","Ian Cole","Victor Hedman","T.B","72","23.883333333333","8","33","19.51","8","22","26.67","7","17","29.17","1","3","25.00","0.64","2.05","23.71","5","19","20.83","3","6","33.33","1","2","33.33","2","13","13.33","0","1","0.00","2","15","11.76","0","0","-","14.29","82.35","0.966","1","1","6","24","14.29","1","2","11","8.33"
"376","Jeff Petry","Simon Edvinsson","DET","55","23.85","6","54","10.00","4","43","8.51","1","29","3.33","0","3","0.00","0.16","3.83","3.99","2","25","7.41","0","8","0.00","0","0","-","2","17","10.53","0","3","0.00","3","36","7.69","0","0","-","0.00","89.66","0.897","0","3","13","19","0.00","1","3","18","5.26"
"377","Jaccob Slavin","Sean Walker","CAR","80","23.75","7","23","23.33","7","15","31.82","6","10","37.50","0","1","0.00","0.31","1.57","16.27","3","11","21.43","1","4","20.00","0","1","0.00","2","7","22.22","0","0","-","2","18","10.00","0","0","-","0.00","90.00","0.900","1","3","7","11","12.50","1","7","12","7.69"
"378","Luke Schenn","Jeremy Lauzon","NSH","88","23.666666666667","7","39","15.22","7","35","16.67","6","27","18.18","1","6","14.29","0.31","4.3","6.76","3","23","11.54","1","17","5.56","0","3","0.00","2","6","25.00","1","0","100.00","2","26","7.14","0","3","0.00","16.67","77.78","0.944","0","2","8","51","0.00","1","4","16","5.88"
"379","Tyler Myers","Riley Stillman","VAN","29","23.6","3","41","6.82","2","31","6.06","1","25","3.85","0","2","0.00","0.33","3.6","8.34","2","27","6.90","2","12","14.29","0","1","0.00","0","15","0.00","0","1","0.00","1","16","5.88","0","0","-","0.00","92.00","0.920","1","5","11","9","8.33","2","5","17","10.53"
"380","Ryan Pulock","Sebastian Aho","NYI","108","23.5","1","39","2.50","1","25","3.85","1","15","6.25","0","1","0.00","0","3.46","0.00","0","26","0.00","0","10","0.00","0","1","0.00","0","16","0.00","0","0","-","0","12","0.00","0","0","-","0.00","93.33","0.933","0","4","6","14","0.00","0","5","6","0.00"
"381","Mattias Samuelsson","Rasmus Dahlin","BUF","148","23.316666666667","9","48","15.79","8","39","17.02","5","27","15.63","0","4","0.00","0.3","4.2","6.74","3","32","8.57","1","15","6.25","0","3","0.00","2","17","10.53","0","1","0.00","3","29","9.38","0","0","-","0.00","85.19","0.852","0","3","16","24","0.00","1","5","29","3.33"
"382","Nick Jensen","Joel Edmundson","WSH","42","23.283333333333","10","45","18.18","9","32","21.95","8","18","30.77","0","0","-","0.52","3.45","13.05","5","21","19.23","0","12","0.00","0","0","-","5","9","35.71","0","0","-","2","33","5.71","0","0","-","0.00","100.00","1.000","0","0","9","14","0.00","1","1","15","6.25"
"383","Darnell Nurse","Jake Walman","EDM","15","23.233333333333","4","29","12.12","4","21","16.00","4","13","23.53","1","2","33.33","0.5","2.44","16.92","3","17","15.00","1","7","12.50","0","2","0.00","2","10","16.67","0","0","-","1","28","3.45","0","0","-","25.00","84.62","1.096","0","6","16","13","0.00","1","10","26","3.70"
"384","Jacob Trouba","Drew Helleson","ANA","42","23.083333333333","7","37","15.91","6","31","16.22","6","18","25.00","2","4","33.33","0.52","3.47","13.03","5","20","20.00","4","9","30.77","2","2","50.00","1","11","8.33","0","1","0.00","2","28","6.67","0","1","0.00","33.33","77.78","1.111","1","2","10","7","9.09","1","4","19","5.00"
"385","Jaycob Megna","Radim Simek","S.J","28","23.066666666667","7","35","16.67","7","24","22.58","7","16","30.43","1","2","33.33","0.85","2.84","22.99","5","21","19.23","3","9","25.00","1","2","33.33","2","12","14.29","0","0","-","1","16","5.88","0","0","-","14.29","87.50","1.018","0","1","3","15","0.00","3","3","4","42.86"
"386","Luke Schenn","Alexandre Carrier","NSH","82","23.05","4","23","14.81","4","19","17.39","3","13","18.75","1","0","100.00","0.26","2.07","11.34","3","12","20.00","1","7","12.50","0","0","-","2","5","28.57","1","0","100.00","1","14","6.67","0","0","-","33.33","100.00","1.333","0","2","4","37","0.00","0","3","8","0.00"
"387","Roman Josi","Alexandre Carrier","NSH","144","23.016666666667","7","45","13.46","7","31","18.42","5","22","18.52","0","5","0.00","0.53","3.34","13.74","3","27","10.00","2","11","15.38","0","1","0.00","1","16","5.88","0","3","0.00","1","27","3.57","0","1","0.00","0.00","77.27","0.773","1","2","13","33","7.14","1","2","17","5.56"
"388","Jacob Trouba","Adam Fox","NYR","165","23","9","37","19.57","7","26","21.21","5","20","20.00","0","5","0.00","0.69","3.15","17.96","3","21","12.50","2","9","18.18","0","3","0.00","1","12","7.69","0","2","0.00","5","19","20.83","0","0","-","0.00","75.00","0.750","0","3","9","65","0.00","1","3","13","7.14"
"389","Nick Holden","Artem Zub","OTT","37","22.883333333333","2","34","5.56","2","25","7.41","2","15","11.76","0","2","0.00","0","3.2","0.02","0","19","0.00","0","8","0.00","0","0","-","0","11","0.00","0","0","-","0","15","0.00","0","2","0.00","0.00","86.67","0.867","1","3","4","14","20.00","2","5","8","20.00"
"390","Zach Werenski","Jake Bean","CBJ","72","22.816666666667","6","45","11.76","6","30","16.67","5","23","17.86","1","3","25.00","0.4","3.55","10.11","3","28","9.68","2","15","11.76","1","0","100.00","1","13","7.14","0","2","0.00","0","20","0.00","0","1","0.00","20.00","86.96","1.070","0","1","7","18","0.00","0","3","8","0.00"
"391","Dmitry Orlov","Sean Walker","CAR","76","22.8","8","40","16.67","7","30","18.92","5","21","19.23","1","2","33.33","0.47","3.82","10.94","4","27","12.90","3","14","17.65","1","1","50.00","1","13","7.14","0","0","-","4","21","16.00","0","1","0.00","20.00","90.48","1.105","0","2","8","12","0.00","1","2","14","6.67"
"392","Olli Maatta","John Marino","UTA","33","22.683333333333","4","30","11.76","3","23","11.54","2","16","11.11","0","0","-","0.24","2.52","8.81","3","18","14.29","0","6","0.00","0","0","-","3","12","20.00","0","0","-","2","16","11.11","0","0","-","0.00","100.00","1.000","0","1","4","20","0.00","1","2","7","12.50"
"393","Dmitry Orlov","Nick Jensen","WSH","43","22.216666666667","4","40","9.09","4","32","11.11","4","18","18.18","0","1","0.00","0.09","3.37","2.72","1","18","5.26","0","12","0.00","0","1","0.00","1","6","14.29","0","0","-","0","22","0.00","0","0","-","0.00","94.44","0.944","0","1","19","8","0.00","1","2","26","3.70"
"394","Brady Skjei","Jaccob Slavin","CAR","155","22.133333333333","11","21","34.38","9","18","33.33","6","8","42.86","1","1","50.00","0.73","1.8","29.00","7","12","36.84","4","8","33.33","0","0","-","3","4","42.86","1","0","100.00","3","11","21.43","0","1","0.00","16.67","87.50","1.042","0","1","3","96","0.00","0","2","8","0.00"
"395","Brian Dumoulin","Adam Larsson","SEA","79","22.1","4","54","6.90","4","38","9.52","4","26","13.33","0","5","0.00","0.08","4.55","1.66","0","25","0.00","0","13","0.00","0","3","0.00","0","12","0.00","0","0","-","2","44","4.35","0","2","0.00","0.00","80.77","0.808","0","3","16","30","0.00","0","5","24","0.00"
"396","Scott Mayfield","Noah Dobson","NYI","179","22.066666666667","4","45","8.16","4","32","11.11","2","24","7.69","1","5","16.67","0.41","4.15","9.07","3","29","9.38","2","14","12.50","1","3","25.00","1","15","6.25","0","2","0.00","0","18","0.00","0","0","-","50.00","79.17","1.292","0","0","10","12","0.00","2","0","13","13.33"
"397","Joshua Brown","Juuso Valimaki","ARI","106","22","1","37","2.63","1","27","3.57","1","18","5.26","0","4","0.00","0.19","2.16","8.21","1","20","4.76","1","5","16.67","0","1","0.00","0","15","0.00","0","1","0.00","0","25","0.00","0","2","0.00","0.00","77.78","0.778","1","2","15","14","6.25","1","4","19","5.00"
"398","Nikita Zadorov","Noah Juulsen","VAN","37","21.933333333333","6","32","15.79","5","22","18.52","5","15","25.00","0","3","0.00","0.22","2.27","8.67","4","14","22.22","1","8","11.11","0","1","0.00","3","6","33.33","0","2","0.00","0","26","0.00","0","0","-","0.00","80.00","0.800","0","5","14","10","0.00","0","5","18","0.00"
"399","Roman Josi","Dante Fabbro","NSH","126","21.883333333333","4","33","10.81","2","15","11.76","2","10","16.67","0","3","0.00","0.43","1.6","21.22","2","17","10.53","2","4","33.33","0","2","0.00","0","13","0.00","0","1","0.00","0","21","0.00","0","0","-","0.00","70.00","0.700","0","1","11","32","0.00","0","2","12","0.00"
"400","Joel Hanley","Rasmus Andersson","CGY","63","21.883333333333","7","44","13.73","5","31","13.89","3","21","12.50","0","2","0.00","0.49","3.31","12.95","3","18","14.29","1","12","7.69","0","2","0.00","2","6","25.00","0","0","-","4","46","8.00","0","0","-","0.00","90.48","0.905","1","3","19","21","5.00","2","6","33","5.71"
"401","Luke Schenn","Dylan Samberg","WPG","15","21.766666666667","7","24","22.58","5","19","20.83","3","12","20.00","0","2","0.00","0.2","1.74","10.38","2","13","13.33","2","5","28.57","0","1","0.00","0","8","0.00","0","1","0.00","4","22","15.38","0","0","-","0.00","83.33","0.833","1","3","15","4","6.25","1","4","21","4.55"
"402","Jack Johnson","Devon Toews","COL","105","21.716666666667","5","25","16.67","4","21","16.00","4","16","20.00","0","2","0.00","0.25","2.99","7.81","2","17","10.53","2","8","20.00","0","1","0.00","0","9","0.00","0","1","0.00","1","14","6.67","0","0","-","0.00","87.50","0.875","1","2","12","28","7.69","2","3","14","12.50"
"403","Joel Edmundson","Jordan Spence","L.A","71","21.533333333333","5","28","15.15","3","26","10.34","3","18","14.29","0","1","0.00","0.1","2.52","3.91","1","17","5.56","0","10","0.00","0","0","-","1","7","12.50","0","1","0.00","1","11","8.33","0","0","-","0.00","94.44","0.944","0","2","5","6","0.00","1","3","5","16.67"
"404","Ryan McDonagh","Emil Martinsen Lilleberg","T.B","76","21.45","7","34","17.07","7","22","24.14","7","16","30.43","1","3","25.00","0.54","2.31","18.85","5","18","21.74","3","5","37.50","0","1","0.00","2","13","13.33","1","1","50.00","2","26","7.14","0","1","0.00","14.29","81.25","0.955","0","1","11","13","0.00","1","3","20","4.76"
"405","Marco Scandella","Torey Krug","STL","79","21.283333333333","5","33","13.16","4","24","14.29","3","19","13.64","0","2","0.00","0.21","2.29","8.23","1","17","5.56","0","8","0.00","0","0","-","1","9","10.00","0","1","0.00","4","24","14.29","0","1","0.00","0.00","89.47","0.895","0","0","13","11","0.00","0","0","14","0.00"
"406","Kevin Shattenkirk","Nathan Beaulieu","ANA","51","21.216666666667","3","40","6.98","3","30","9.09","3","21","12.50","0","6","0.00","0.04","3.2","1.21","1","29","3.33","0","13","0.00","0","4","0.00","1","16","5.88","0","2","0.00","0","12","0.00","0","0","-","0.00","71.43","0.714","0","1","8","19","0.00","1","2","14","6.67"
"407","Ethan Bear","Quinn Hughes","VAN","61","21.066666666667","4","42","8.70","2","35","5.41","1","23","4.17","0","4","0.00","0.06","3.48","1.64","1","20","4.76","0","9","0.00","0","2","0.00","1","11","8.33","0","1","0.00","0","25","0.00","0","1","0.00","0.00","82.61","0.826","1","4","17","15","5.56","2","5","26","7.14"
"408","Travis Sanheim","Sean Walker","PHI","62","21.016666666667","13","23","36.11","13","15","46.43","12","8","60.00","1","0","100.00","0.52","1.63","24.23","4","11","26.67","1","6","14.29","0","0","-","3","5","37.50","1","0","100.00","6","20","23.08","0","0","-","8.33","100.00","1.083","0","2","8","20","0.00","0","2","20","0.00"
"409","Timothy Liljegren","Simon Benoit","TOR","41","20.983333333333","6","27","18.18","6","21","22.22","6","17","26.09","0","5","0.00","0.12","2.2","5.32","0","17","0.00","0","8","0.00","0","3","0.00","0","9","0.00","0","2","0.00","4","12","25.00","0","0","-","0.00","70.59","0.706","1","1","4","20","20.00","1","3","6","14.29"
"410","Rasmus Dahlin","Bowen Byram","BUF","91","20.883333333333","3","34","8.11","3","28","9.68","2","17","10.53","0","3","0.00","0.26","2.82","8.33","1","23","4.17","1","9","10.00","0","1","0.00","0","14","0.00","0","2","0.00","3","20","13.04","0","0","-","0.00","82.35","0.824","1","1","10","19","9.09","2","2","14","12.50"
"411","Kris Letang","Ryan Shea","PIT","64","20.816666666667","6","39","13.33","5","23","17.86","5","19","20.83","1","3","25.00","0.57","1.96","22.57","4","20","16.67","4","6","40.00","1","1","50.00","0","14","0.00","0","1","0.00","1","27","3.57","0","1","0.00","20.00","84.21","1.042","1","1","13","16","7.14","1","1","19","5.00"
"412","Joshua Brown","Troy Stecher","ARI","76","20.8","3","41","6.82","3","31","8.82","2","22","8.33","0","0","-","0.58","2.64","17.88","3","27","10.00","2","5","28.57","0","0","-","1","22","4.35","0","0","-","1","19","5.00","0","0","-","0.00","100.00","1.000","0","1","9","42","0.00","1","2","12","7.69"
"413","Zach Bogosian","Dakota Mermis","MIN","33","20.65","4","39","9.30","3","28","9.68","2","23","8.00","0","7","0.00","0.12","3.86","2.98","2","29","6.45","0","19","0.00","0","5","0.00","2","10","16.67","0","0","-","3","15","16.67","0","2","0.00","0.00","69.57","0.696","0","2","7","12","0.00","2","2","11","15.38"
"414","Calvin de Haan","Erik Cernak","T.B","47","20.35","0","29","0.00","0","22","0.00","0","18","0.00","0","1","0.00","0","1.7","0.00","0","11","0.00","0","3","0.00","0","0","-","0","8","0.00","0","1","0.00","1","26","3.70","0","0","-","-","94.44","0.94","0","0","14","28","0.00","1","0","21","4.55"
"415","Brady Skjei","Jalen Chatfield","CAR","147","20.116666666667","9","28","24.32","8","24","25.00","6","20","23.08","1","2","33.33","0.76","2.65","22.25","5","19","20.83","4","11","26.67","1","1","50.00","1","8","11.11","0","0","-","2","10","16.67","0","1","0.00","16.67","90.00","1.067","2","1","8","18","20.00","5","3","11","31.25"
"416","Erik Gudbranson","Nick Blankenburg","CBJ","44","20.066666666667","6","34","15.00","5","23","17.86","5","17","22.73","0","2","0.00","0.16","2.62","5.80","3","23","11.54","1","12","7.69","0","2","0.00","2","11","15.38","0","0","-","0","11","0.00","0","0","-","0.00","88.24","0.882","1","1","16","5","5.88","2","3","21","8.70"
"417","Marcus Pettersson","Jack St. Ivany","PIT","33","19.983333333333","0","40","0.00","0","29","0.00","0","22","0.00","0","2","0.00","0","2.69","0.00","0","21","0.00","0","12","0.00","0","1","0.00","0","9","0.00","0","0","-","1","30","3.23","0","1","0.00","-","90.91","0.91","1","1","15","9","6.25","1","1","23","4.17"
"418","Jacob Bernard-Docker","Jake Sanderson","OTT","113","19.933333333333","6","40","13.04","5","20","20.00","5","14","26.32","1","5","16.67","0.31","1.86","14.32","4","21","16.00","0","5","0.00","0","0","-","4","16","20.00","1","3","25.00","2","28","6.67","0","2","0.00","20.00","64.29","0.843","0","2","20","11","0.00","2","3","24","7.69"
"419","Erik Johnson","Nick Seeler","PHI","24","19.816666666667","7","24","22.58","7","17","29.17","6","14","30.00","1","3","25.00","0.46","1.73","21.05","3","14","17.65","1","4","20.00","0","2","0.00","2","10","16.67","1","0","100.00","3","13","18.75","0","1","0.00","16.67","78.57","0.952","1","0","7","23","12.50","2","0","10","16.67"
"420","Robert Bortuzzo","Marco Scandella","STL","14","19.8","3","41","6.82","3","29","9.38","3","21","12.50","0","4","0.00","0.32","2.78","10.35","3","18","14.29","1","10","9.09","0","0","-","2","8","20.00","0","2","0.00","0","25","0.00","0","2","0.00","0.00","80.95","0.810","0","0","19","5","0.00","0","1","23","0.00"
"421","Olli Maatta","Juuso Valimaki","UTA","35","19.783333333333","5","37","11.90","1","25","3.85","1","14","6.67","0","1","0.00","0","2.68","0.01","1","23","4.17","1","8","11.11","0","0","-","0","15","0.00","0","1","0.00","0","18","0.00","0","0","-","0.00","92.86","0.929","0","0","4","5","0.00","0","0","6","0.00"
"422","Ian Cole","Nikita Zadorov","VAN","50","19.733333333333","4","23","14.81","4","16","20.00","2","12","14.29","1","3","25.00","0.47","1.8","20.57","2","12","14.29","2","6","25.00","1","2","33.33","0","6","0.00","0","0","-","1","17","5.56","0","1","0.00","50.00","75.00","1.250","1","1","14","15","6.67","1","4","15","6.25"
"423","Matt Grzelcyk","Charlie McAvoy","BOS","123","19.683333333333","8","31","20.51","7","24","22.58","4","19","17.39","0","2","0.00","0.79","2.48","24.17","5","17","22.73","3","6","33.33","0","1","0.00","2","11","15.38","0","1","0.00","3","19","13.64","0","0","-","0.00","89.47","0.895","1","2","8","28","11.11","2","3","14","12.50"
"424","Noah Hanifin","Zach Whitecloud","VGK","87","19.683333333333","7","33","17.50","4","22","15.38","3","14","17.65","1","3","25.00","0.18","1.88","8.71","3","21","12.50","0","7","0.00","0","2","0.00","3","14","17.65","1","1","50.00","4","15","21.05","0","0","-","33.33","78.57","1.119","2","1","4","24","33.33","4","2","7","36.36"
"425","Justin Faulk","Calle Rosen","STL","49","19.666666666667","8","29","21.62","8","22","26.67","5","17","22.73","0","2","0.00","0.42","2.05","17.01","3","14","17.65","1","7","12.50","0","1","0.00","2","7","22.22","0","1","0.00","0","15","0.00","0","0","-","0.00","88.24","0.882","0","0","10","6","0.00","1","1","13","7.14"
"426","Miro Heiskanen","Thomas Harley","DAL","122","19.65","5","17","22.73","5","10","33.33","5","7","41.67","0","0","-","0.47","0.79","37.70","3","8","27.27","1","3","25.00","0","0","-","2","5","28.57","0","0","-","1","8","11.11","0","0","-","0.00","100.00","1.000","1","1","3","42","25.00","1","2","3","25.00"
"427","Juuso Valimaki","Sean Durzi","ARI","62","19.6","4","25","13.79","2","18","10.00","2","12","14.29","1","1","50.00","0.15","1.32","10.33","2","12","14.29","2","3","40.00","1","0","100.00","0","9","0.00","0","1","0.00","3","17","15.00","0","0","-","50.00","91.67","1.417","0","3","7","27","0.00","2","4","7","22.22"
"428","Alec Martinez","Seth Jones","CHI","21","19.5","6","35","14.63","3","24","11.11","3","17","15.00","0","3","0.00","0.23","2.44","8.76","3","24","11.11","1","9","10.00","0","1","0.00","2","15","11.76","0","2","0.00","2","17","10.53","0","0","-","0.00","82.35","0.824","1","0","10","11","9.09","2","0","17","10.53"
"429","Andrew Peeke","Billy Sweezey","CBJ","9","19.433333333333","7","48","12.73","5","41","10.87","3","30","9.09","0","3","0.00","0.17","4.49","3.72","4","31","11.43","0","16","0.00","0","1","0.00","4","15","21.05","0","1","0.00","1","17","5.56","0","1","0.00","0.00","90.00","0.900","0","0","8","1","0.00","0","0","19","0.00"
"430","Dmitry Orlov","Jaccob Slavin","CAR","155","19.383333333333","5","27","15.63","4","23","14.81","1","15","6.25","0","7","0.00","0.67","2.76","19.60","4","13","23.53","3","7","30.00","0","0","-","1","6","14.29","0","3","0.00","1","21","4.55","0","4","0.00","0.00","53.33","0.533","1","1","7","76","12.50","1","1","9","10.00"
"431","Brent Burns","Jalen Chatfield","CAR","229","19.35","8","16","33.33","7","14","33.33","4","10","28.57","0","1","0.00","0.39","1.36","22.49","4","9","30.77","0","5","0.00","0","1","0.00","4","4","50.00","0","0","-","4","8","33.33","0","0","-","0.00","90.00","0.900","0","0","7","46","0.00","0","1","8","0.00"
"432","Ryan McDonagh","Janis Moser","T.B","54","19.35","7","29","19.44","6","13","31.58","4","13","23.53","0","1","0.00","0.49","1.18","29.34","5","10","33.33","1","3","25.00","0","0","-","4","7","36.36","0","1","0.00","1","21","4.55","0","0","-","0.00","92.31","0.923","0","2","5","16","0.00","0","3","13","0.00"
"433","Adam Pelech","Noah Dobson","NYI","161","19.316666666667","7","35","16.67","6","30","16.67","4","21","16.00","1","2","33.33","0.62","2.7","18.77","2","14","12.50","1","7","12.50","0","1","0.00","1","7","12.50","0","1","0.00","5","30","14.29","1","0","100.00","25.00","90.48","1.155","0","1","13","12","0.00","0","3","18","0.00"
"434","Matt Roy","Mikey Anderson","L.A","150","19.316666666667","10","39","20.41","10","29","25.64","7","19","26.92","1","1","50.00","0.64","2.58","20.00","5","21","19.23","1","10","9.09","1","0","100.00","4","11","26.67","0","0","-","6","27","18.18","0","1","0.00","14.29","94.74","1.090","0","2","11","30","0.00","1","2","13","7.14"
"435","Nate Schmidt","Niko Mikkola","FLA","74","19.15","4","16","20.00","4","10","28.57","2","8","20.00","0","2","0.00","0.8","0.88","47.78","2","7","22.22","0","3","0.00","0","2","0.00","2","4","33.33","0","0","-","2","12","14.29","0","0","-","0.00","75.00","0.750","0","0","2","26","0.00","1","2","5","16.67"
"436","Brandon Carlo","Simon Benoit","TOR","20","18.883333333333","4","38","9.52","3","29","9.38","2","19","9.52","0","4","0.00","0.12","3.25","3.48","1","20","4.76","1","8","11.11","0","1","0.00","0","12","0.00","0","2","0.00","1","22","4.35","0","1","0.00","0.00","78.95","0.789","0","1","8","16","0.00","0","2","8","0.00"
"437","Josh Mahura","Ryker Evans","SEA","55","18.783333333333","5","31","13.89","4","23","14.81","3","16","15.79","0","2","0.00","0.17","1.87","8.27","2","16","11.11","0","5","0.00","0","0","-","2","11","15.38","0","1","0.00","2","21","8.70","0","1","0.00","0.00","87.50","0.875","0","1","7","26","0.00","0","3","12","0.00"
"438","Kyle Burroughs","Mario Ferraro","S.J","70","18.716666666667","3","38","7.32","2","26","7.14","0","14","0.00","0","4","0.00","0.18","2.43","6.80","2","23","8.00","1","8","11.11","0","3","0.00","1","15","6.25","0","1","0.00","0","20","0.00","0","0","-","-","71.43","0.71","0","1","9","18","0.00","0","2","12","0.00"
"439","Mark Giordano","Morgan Rielly","TOR","101","18.683333333333","4","24","14.29","4","17","19.05","3","12","20.00","0","2","0.00","0.37","1.74","17.33","2","17","10.53","2","8","20.00","0","2","0.00","0","9","0.00","0","0","-","0","8","0.00","0","0","-","0.00","83.33","0.833","0","0","5","26","0.00","1","1","7","12.50"
"440","John Carlson","Dmitry Orlov","WSH","16","18.633333333333","8","34","19.05","8","25","24.24","7","19","26.92","1","3","25.00","0.37","2.69","12.08","3","17","15.00","0","9","0.00","0","3","0.00","3","8","27.27","1","0","100.00","1","17","5.56","0","0","-","14.29","84.21","0.985","0","2","11","10","0.00","0","2","16","0.00"
"441","Jeff Petry","Olli Maatta","DET","68","18.583333333333","1","35","2.78","1","25","3.85","1","16","5.88","0","2","0.00","0","2.76","0.05","0","16","0.00","0","6","0.00","0","0","-","0","10","0.00","0","2","0.00","0","22","0.00","0","0","-","0.00","87.50","0.875","0","2","5","18","0.00","0","2","7","0.00"
"442","Ryan Suter","Jani Hakanpaa","DAL","146","18.55","4","31","11.43","4","21","16.00","3","15","16.67","1","1","50.00","0.34","2.3","12.71","2","14","12.50","2","8","20.00","1","1","50.00","0","6","0.00","0","0","-","2","19","9.52","0","0","-","33.33","93.33","1.267","0","1","16","25","0.00","2","1","21","8.70"
"443","Justin Faulk","Colton Parayko","STL","199","18.483333333333","5","19","20.83","5","15","25.00","4","14","22.22","0","1","0.00","0.16","1.7","8.64","1","11","8.33","0","6","0.00","0","0","-","1","5","16.67","0","1","0.00","2","9","18.18","0","0","-","0.00","92.86","0.929","0","0","4","116","0.00","0","1","8","0.00"
"444","William Borgen","Urho Vaakanainen","NYR","45","18.483333333333","7","29","19.44","6","22","21.43","5","16","23.81","2","3","40.00","0.51","3","14.51","5","20","20.00","2","11","15.38","1","2","33.33","3","9","25.00","1","1","50.00","3","10","23.08","0","0","-","40.00","81.25","1.213","1","1","3","17","25.00","2","2","5","28.57"
"445","Nicolas Hague","Brayden Pachal","VGK","23","18.483333333333","4","26","13.33","4","19","17.39","3","13","18.75","0","0","-","0.23","1.83","11.12","2","15","11.76","1","4","20.00","0","0","-","1","11","8.33","0","0","-","1","11","8.33","0","0","-","0.00","100.00","1.000","1","1","6","8","14.29","1","2","7","12.50"
"446","Marc-Edouard Vlasic","Jan Rutta","S.J","56","18.35","7","30","18.92","7","28","20.00","6","21","22.22","0","2","0.00","0.18","2.73","6.07","2","16","11.11","1","11","8.33","0","1","0.00","1","5","16.67","0","1","0.00","0","20","0.00","0","0","-","0.00","90.48","0.905","0","2","10","13","0.00","1","3","16","5.88"
"447","Adam Pelech","Alexander Romanov","NYI","163","18.35","8","31","20.51","6","20","23.08","5","15","25.00","2","2","50.00","0.38","1.84","17.15","6","15","28.57","0","6","0.00","0","1","0.00","6","9","40.00","2","0","100.00","2","22","8.33","0","1","0.00","40.00","86.67","1.267","0","1","11","26","0.00","0","3","15","0.00"
"448","Adam Larsson","Vince Dunn","SEA","202","18.316666666667","7","34","17.07","5","29","14.71","4","21","16.00","1","2","33.33","0.46","3.4","11.95","5","20","20.00","1","7","12.50","0","2","0.00","4","13","23.53","1","0","100.00","2","15","11.76","0","0","-","25.00","90.48","1.155","2","2","9","14","18.18","3","4","16","15.79"
"449","Ryan Graves","Jack St. Ivany","PIT","17","18.216666666667","2","37","5.13","2","25","7.41","1","20","4.76","0","2","0.00","0.06","2.37","2.58","1","21","4.55","0","3","0.00","0","0","-","1","18","5.26","0","1","0.00","0","21","0.00","0","1","0.00","0.00","90.00","0.900","0","0","8","11","0.00","0","1","13","0.00"
"450","Zach Bogosian","Victor Hedman","T.B","47","18.2","10","26","27.78","9","18","33.33","7","12","36.84","0","1","0.00","0.42","2.08","16.94","4","17","19.05","3","8","27.27","0","0","-","1","9","10.00","0","0","-","3","11","21.43","0","1","0.00","0.00","91.67","0.917","0","1","7","15","0.00","1","1","8","11.11"
"451","Joel Edmundson","Trevor van Riemsdyk","WSH","36","18.116666666667","6","29","17.14","5","20","20.00","4","12","25.00","0","3","0.00","0.38","1.59","19.43","2","9","18.18","1","3","25.00","0","1","0.00","1","6","14.29","0","1","0.00","0","23","0.00","0","1","0.00","0.00","75.00","0.750","0","0","3","12","0.00","0","2","5","0.00"
"452","Luke Schenn","Adam Wilsby","NSH","23","18.1","2","21","8.70","2","14","12.50","1","9","10.00","0","2","0.00","0.18","1.24","12.47","2","12","14.29","1","4","20.00","0","2","0.00","1","8","11.11","0","0","-","0","12","0.00","0","0","-","0.00","77.78","0.778","0","4","5","17","0.00","0","6","7","0.00"
"453","Jack Johnson","Samuel Girard","COL","82","18.066666666667","4","20","16.67","3","19","13.64","3","16","15.79","0","2","0.00","0.13","1.44","8.55","1","13","7.14","1","6","14.29","0","0","-","0","7","0.00","0","2","0.00","0","10","0.00","0","0","-","0.00","87.50","0.875","0","2","7","21","0.00","0","2","8","0.00"
"454","Dmitry Kulikov","Nate Schmidt","FLA","68","18.016666666667","5","17","22.73","5","14","26.32","3","9","25.00","0","0","-","0.3","1.05","22.55","2","9","18.18","1","2","33.33","0","0","-","1","7","12.50","0","0","-","4","11","26.67","0","0","-","0.00","100.00","1.000","0","1","4","18","0.00","1","2","6","14.29"
"455","Nick Jensen","Jake Sanderson","OTT","70","17.816666666667","6","40","13.04","6","33","15.38","2","26","7.14","0","4","0.00","0.82","4.37","15.85","1","28","3.45","1","9","10.00","0","1","0.00","0","19","0.00","0","3","0.00","1","19","5.00","0","0","-","0.00","84.62","0.846","0","5","6","27","0.00","0","6","14","0.00"
"456","Brandon Montour","Niko Mikkola","FLA","66","17.766666666667","9","20","31.03","8","13","38.10","6","9","40.00","0","1","0.00","0.34","1.14","22.99","3","7","30.00","0","3","0.00","0","1","0.00","3","4","42.86","0","0","-","3","19","13.64","0","0","-","0.00","88.89","0.889","1","1","13","21","7.14","2","2","15","11.76"
"457","Luke Schenn","Brady Skjei","NSH","61","17.716666666667","6","24","20.00","6","18","25.00","6","9","40.00","0","1","0.00","0.4","2.01","16.58","1","13","7.14","0","6","0.00","0","0","-","1","7","12.50","0","1","0.00","3","15","16.67","0","0","-","0.00","88.89","0.889","0","0","6","25","0.00","1","0","7","12.50"
"458","Seth Jones","Niko Mikkola","FLA","20","17.683333333333","6","20","23.08","6","15","28.57","6","10","37.50","0","2","0.00","0.4","1.21","24.68","3","13","18.75","1","3","25.00","0","1","0.00","2","10","16.67","0","1","0.00","0","17","0.00","0","0","-","0.00","80.00","0.800","0","0","10","10","0.00","1","0","20","4.76"
"459","Matt Irwin","Martin Fehervary","WSH","46","17.65","3","27","10.00","3","15","16.67","2","12","14.29","0","1","0.00","0.31","1.28","19.52","2","10","16.67","1","3","25.00","0","1","0.00","1","7","12.50","0","0","-","1","13","7.14","0","0","-","0.00","91.67","0.917","1","1","5","24","16.67","2","2","5","28.57"
"460","Marc-Edouard Vlasic","Kyle Burroughs","S.J","50","17.633333333333","1","33","2.94","0","19","0.00","0","14","0.00","0","2","0.00","0","1.97","0.00","1","16","5.88","0","2","0.00","0","0","-","1","14","6.67","0","2","0.00","0","22","0.00","0","0","-","-","85.71","0.86","1","1","6","18","14.29","1","1","7","12.50"
"461","Jared Spurgeon","Jon Merrill","MIN","133","17.583333333333","3","28","9.68","3","22","12.00","2","17","10.53","0","3","0.00","0.2","2.11","8.64","2","17","10.53","1","9","10.00","0","2","0.00","1","8","11.11","0","0","-","0","13","0.00","0","1","0.00","0.00","82.35","0.824","0","0","7","19","0.00","1","0","10","9.09"
"462","Nick Seeler","Egor Zamula","PHI","128","17.566666666667","5","22","18.52","4","15","21.05","2","11","15.38","1","2","33.33","0.2","1.33","12.86","2","13","13.33","1","4","20.00","0","1","0.00","1","9","10.00","1","1","50.00","2","9","18.18","0","0","-","50.00","81.82","1.318","0","3","5","10","0.00","0","3","5","0.00"
"463","TJ Brodie","Timothy Liljegren","TOR","94","17.483333333333","5","41","10.87","5","33","13.16","3","22","12.00","1","4","20.00","0.27","3.15","7.97","2","22","8.33","1","8","11.11","0","1","0.00","1","14","6.67","1","1","50.00","1","22","4.35","0","2","0.00","33.33","81.82","1.152","0","1","2","13","0.00","0","3","7","0.00"
"464","Oliver Ekman-Larsson","Simon Benoit","TOR","73","17.466666666667","4","30","11.76","4","20","16.67","4","13","23.53","0","3","0.00","0.26","1.88","12.06","3","13","18.75","0","4","0.00","0","1","0.00","3","9","25.00","0","0","-","1","21","4.55","0","2","0.00","0.00","76.92","0.769","0","0","5","30","0.00","1","0","7","12.50"
"465","Seth Jones","Caleb Jones","CHI","64","17.383333333333","5","25","16.67","3","20","13.04","2","17","10.53","1","3","25.00","0.26","1.99","11.70","1","13","7.14","0","5","0.00","0","1","0.00","1","8","11.11","1","1","50.00","2","12","14.29","0","1","0.00","50.00","82.35","1.324","1","1","10","13","9.09","1","1","16","5.88"
"466","Cam Fowler","Simon Benoit","ANA","78","17.366666666667","2","36","5.26","2","30","6.25","2","19","9.52","0","3","0.00","0.14","3.2","4.22","1","25","3.85","1","12","7.69","0","0","-","0","13","0.00","0","2","0.00","0","12","0.00","0","1","0.00","0.00","84.21","0.842","0","0","4","26","0.00","0","0","12","0.00"
"467","Alex Pietrangelo","Nicolas Hague","VGK","188","17.35","10","36","21.74","10","25","28.57","7","12","36.84","1","4","20.00","0.61","2.03","23.16","5","16","23.81","3","4","42.86","1","3","25.00","2","12","14.29","0","1","0.00","2","26","7.14","0","0","-","14.29","66.67","0.810","0","0","9","18","0.00","1","1","14","6.67"
"468","Victor Hedman","Darren Raddysh","T.B","164","17.333333333333","7","19","26.92","7","15","31.82","5","12","29.41","0","0","-","0.49","1.51","24.60","5","14","26.32","0","4","0.00","0","0","-","5","10","33.33","0","0","-","2","8","20.00","0","0","-","0.00","100.00","1.000","1","2","7","26","12.50","2","3","8","20.00"
"469","Nick Seeler","Cam York","PHI","181","17.333333333333","8","34","19.05","7","19","26.92","7","9","43.75","1","2","33.33","0.45","1.68","21.25","5","20","20.00","1","6","14.29","0","1","0.00","4","14","22.22","0","0","-","1","14","6.67","1","1","50.00","14.29","77.78","0.921","0","0","2","82","0.00","1","1","3","25.00"
"470","Dmitry Orlov","Brett Pesce","CAR","70","17.316666666667","4","22","15.38","4","12","25.00","3","7","30.00","0","0","-","0.3","1.44","17.45","2","12","14.29","1","5","16.67","0","0","-","1","7","12.50","0","0","-","1","13","7.14","0","0","-","0.00","100.00","1.000","0","1","5","22","0.00","1","4","8","11.11"
"471","Alex Goligoski","Matt Dumba","MIN","43","17.283333333333","9","24","27.27","8","17","32.00","7","13","35.00","1","2","33.33","0.91","1.62","35.86","5","16","23.81","5","4","55.56","1","0","100.00","0","12","0.00","0","1","0.00","2","9","18.18","0","1","0.00","14.29","84.62","0.989","1","2","7","15","12.50","2","4","11","15.38"
"472","Brett Kulak","Troy Stecher","EDM","73","17.266666666667","3","16","15.79","2","13","13.33","2","10","16.67","1","0","100.00","0.38","1.23","23.58","1","7","12.50","1","4","20.00","1","0","100.00","0","3","0.00","0","0","-","1","12","7.69","0","0","-","50.00","100.00","1.500","0","0","2","21","0.00","0","3","4","0.00"
"473","Juuso Valimaki","Janis Moser","ARI","144","17.25","6","32","15.79","6","22","21.43","6","15","28.57","1","3","25.00","0.41","2.78","12.96","4","22","15.38","2","6","25.00","1","1","50.00","2","16","11.11","0","2","0.00","2","12","14.29","0","0","-","16.67","80.00","0.967","0","1","6","31","0.00","0","1","6","0.00"
"474","Jacob Trouba","Braden Schneider","NYR","174","17.233333333333","5","28","15.15","4","23","14.81","4","13","23.53","0","1","0.00","0.16","1.42","10.24","1","14","6.67","0","2","0.00","0","0","-","1","12","7.69","0","1","0.00","1","12","7.69","0","0","-","0.00","92.31","0.923","0","3","4","22","0.00","1","3","4","20.00"
"475","Dmitry Orlov","Brady Skjei","CAR","80","17.216666666667","5","18","21.74","4","9","30.77","2","7","22.22","0","1","0.00","0.25","0.82","23.48","2","11","15.38","1","4","20.00","0","0","-","1","7","12.50","0","1","0.00","1","11","8.33","0","0","-","0.00","85.71","0.857","0","0","7","29","0.00","0","0","10","0.00"
"476","Jamie Oleksiak","Carson Soucy","SEA","71","17.216666666667","5","21","19.23","4","19","17.39","3","13","18.75","0","5","0.00","0.2","1.62","10.79","1","10","9.09","1","4","20.00","0","1","0.00","0","6","0.00","0","3","0.00","2","11","15.38","0","1","0.00","0.00","61.54","0.615","0","1","3","17","0.00","0","1","7","0.00"
"477","Erik Johnson","Connor Clifton","BUF","47","17.183333333333","6","43","12.24","5","36","12.20","4","28","12.50","0","5","0.00","0.51","3.97","11.39","5","29","14.71","2","15","11.76","0","2","0.00","3","14","17.65","0","2","0.00","1","24","4.00","0","1","0.00","0.00","82.14","0.821","0","0","9","15","0.00","0","1","15","0.00"
"478","Connor Murphy","Isaak Phillips","CHI","40","17.083333333333","4","23","14.81","4","17","19.05","4","14","22.22","0","2","0.00","0.32","1.79","15.07","2","13","13.33","2","8","20.00","0","1","0.00","0","5","0.00","0","0","-","0","17","0.00","0","1","0.00","0.00","85.71","0.857","1","0","11","8","8.33","2","0","16","11.11"
"479","Rasmus Ristolainen","Cam York","PHI","132","17.05","5","29","14.71","5","21","19.23","5","16","23.81","1","0","100.00","0.56","2.42","18.70","4","19","17.39","3","6","33.33","1","0","100.00","1","13","7.14","0","0","-","2","17","10.53","0","0","-","20.00","100.00","1.200","1","0","12","27","7.69","3","1","15","16.67"
"480","Connor Clifton","Jacob Bryson","BUF","76","17.033333333333","6","27","18.18","5","20","20.00","3","15","16.67","1","0","100.00","0.44","2.62","14.33","3","18","14.29","2","11","15.38","1","0","100.00","1","7","12.50","0","0","-","3","15","16.67","0","0","-","33.33","100.00","1.333","1","1","11","12","8.33","1","3","12","7.69"
"481","Alec Martinez","Wyatt Kaiser","CHI","28","17.016666666667","5","21","19.23","4","17","19.05","3","8","27.27","0","1","0.00","0.15","1.79","7.98","1","15","6.25","0","4","0.00","0","1","0.00","1","11","8.33","0","0","-","3","10","23.08","0","0","-","0.00","87.50","0.875","0","0","6","17","0.00","1","0","9","10.00"
"482","Dmitry Orlov","Martin Fehervary","WSH","34","17.016666666667","11","25","30.56","9","18","33.33","7","10","41.18","0","1","0.00","0.75","1.68","30.98","7","11","38.89","3","3","50.00","0","0","-","4","8","33.33","0","0","-","3","11","21.43","0","1","0.00","0.00","90.00","0.900","1","0","4","15","20.00","1","1","10","9.09"
"483","Darnell Nurse","Evan Bouchard","EDM","238","17","8","22","26.67","5","16","23.81","3","12","20.00","0","1","0.00","0.32","1.42","18.45","3","14","17.65","1","3","25.00","0","0","-","2","11","15.38","0","1","0.00","4","11","26.67","0","0","-","0.00","91.67","0.917","0","1","7","11","0.00","0","1","13","0.00"
"484","Marco Scandella","Colton Parayko","STL","85","16.866666666667","1","20","4.76","1","14","6.67","0","11","0.00","0","4","0.00","0.08","1.03","6.90","1","9","10.00","0","4","0.00","0","2","0.00","1","5","16.67","0","1","0.00","0","14","0.00","0","1","0.00","-","63.64","0.64","0","0","8","27","0.00","0","2","9","0.00"
"485","Ilya Lyubushkin","Simon Benoit","TOR","15","16.866666666667","2","33","5.71","2","21","8.70","2","13","13.33","0","3","0.00","0.01","1.85","0.44","0","21","0.00","0","6","0.00","0","0","-","0","15","0.00","0","3","0.00","0","15","0.00","0","0","-","0.00","76.92","0.769","0","2","8","12","0.00","0","3","10","0.00"
"486","Zach Bogosian","Brock Faber","MIN","138","16.816666666667","4","28","12.50","4","19","17.39","2","13","13.33","0","2","0.00","0.55","1.51","26.72","2","14","12.50","2","3","40.00","0","0","-","0","11","0.00","0","0","-","1","21","4.55","0","2","0.00","0.00","84.62","0.846","0","1","5","74","0.00","0","2","13","0.00"
"487","Joel Edmundson","Mike Matheson","MTL","37","16.666666666667","2","30","6.25","2","24","7.69","2","16","11.11","0","6","0.00","0.11","2.54","4.32","1","17","5.56","1","12","7.69","0","6","0.00","0","5","0.00","0","0","-","0","11","0.00","0","0","-","0.00","62.50","0.625","0","2","9","7","0.00","0","5","15","0.00"
"488","Drew Doughty","Andreas Englund","L.A","82","16.55","4","27","12.90","4","21","16.00","3","14","17.65","0","2","0.00","0.28","2.44","10.21","3","14","17.65","1","9","10.00","0","2","0.00","2","5","28.57","0","0","-","1","18","5.26","0","0","-","0.00","85.71","0.857","1","6","5","11","16.67","1","6","8","11.11"
"489","TJ Brodie","Morgan Rielly","TOR","117","16.55","7","22","24.14","6","15","28.57","4","8","33.33","1","1","50.00","1.18","1.31","47.33","1","13","7.14","1","4","20.00","0","1","0.00","0","9","0.00","0","0","-","5","17","22.73","1","0","100.00","25.00","87.50","1.125","1","6","14","16","6.67","1","6","17","5.56"
"490","Trevor van Riemsdyk","Alexander Alexeyev","WSH","67","16.55","2","24","7.69","2","15","11.76","2","10","16.67","0","0","-","0.09","1.54","5.39","1","12","7.69","0","2","0.00","0","0","-","1","10","9.09","0","0","-","2","14","12.50","0","0","-","0.00","100.00","1.000","0","2","6","10","0.00","1","2","11","8.33"
"491","Luke Schenn","Spencer Stastney","NSH","25","16.416666666667","3","17","15.00","3","15","16.67","1","10","9.09","0","0","-","0.25","1.47","14.46","2","13","13.33","2","4","33.33","0","0","-","0","9","0.00","0","0","-","1","6","14.29","0","0","-","0.00","100.00","1.000","0","1","2","17","0.00","1","3","3","25.00"
"492","Olli Maatta","Robert Hagg","DET","37","16.383333333333","5","26","16.13","3","21","12.50","3","15","16.67","0","2","0.00","0.16","2.04","7.46","1","14","6.67","0","7","0.00","0","1","0.00","1","7","12.50","0","0","-","2","11","15.38","0","1","0.00","0.00","86.67","0.867","0","0","6","11","0.00","0","3","8","0.00"
"493","Sebastian Aho","Noah Dobson","NYI","122","16.266666666667","4","32","11.11","3","20","13.04","1","15","6.25","0","2","0.00","0.25","1.78","12.23","3","20","13.04","2","4","33.33","0","0","-","1","16","5.88","0","2","0.00","1","17","5.56","0","0","-","0.00","86.67","0.867","0","1","10","31","0.00","0","2","10","0.00"
"494","Henri Jokiharju","Bowen Byram","BUF","60","16.183333333333","3","21","12.50","2","17","10.53","2","12","14.29","1","0","100.00","0.14","1.52","8.19","1","11","8.33","0","7","0.00","0","0","-","1","4","20.00","1","0","100.00","1","12","7.69","0","0","-","50.00","100.00","1.500","0","5","4","12","0.00","0","5","6","0.00"
"495","Travis Dermott","Janis Moser","ARI","48","16.15","2","39","4.88","2","26","7.14","1","20","4.76","0","3","0.00","0.04","2.79","1.30","0","28","0.00","0","10","0.00","0","1","0.00","0","18","0.00","0","1","0.00","1","17","5.56","0","1","0.00","0.00","85.00","0.850","0","2","4","16","0.00","0","2","14","0.00"
"496","Luke Schenn","Roman Josi","NSH","116","16.116666666667","5","27","15.63","5","22","18.52","4","17","19.05","0","5","0.00","0.11","2.51","4.28","1","18","5.26","0","9","0.00","0","3","0.00","1","9","10.00","0","1","0.00","2","11","15.38","0","1","0.00","0.00","70.59","0.706","0","0","3","27","0.00","0","1","4","0.00"
"497","Ryan Suter","Colin Miller","DAL","79","16.083333333333","4","23","14.81","3","14","17.65","3","11","21.43","1","1","50.00","0.35","1.39","20.27","3","11","21.43","0","4","0.00","0","0","-","3","7","30.00","1","1","50.00","1","11","8.33","0","0","-","33.33","90.91","1.242","0","0","4","8","0.00","0","2","6","0.00"
"498","Jeremy Lauzon","Callan Foote","NSH","16","16.083333333333","3","21","12.50","2","19","9.52","1","14","6.67","0","3","0.00","0.16","2.22","6.87","2","16","11.11","1","4","20.00","0","1","0.00","1","12","7.69","0","1","0.00","1","6","14.29","0","1","0.00","0.00","78.57","0.786","0","1","6","11","0.00","0","1","11","0.00"
"499","Brenden Dillon","Dylan Samberg","WPG","136","16","4","27","12.90","4","20","16.67","4","16","20.00","0","1","0.00","0.14","2.09","6.47","0","19","0.00","0","6","0.00","0","1","0.00","0","13","0.00","0","0","-","3","9","25.00","0","0","-","0.00","93.75","0.938","0","0","4","52","0.00","0","0","7","0.00"
"500","Darnell Nurse","Troy Stecher","EDM","67","15.85","8","26","23.53","7","21","25.00","6","14","30.00","0","2","0.00","0.51","1.88","21.37","3","17","15.00","2","3","40.00","0","1","0.00","1","14","6.67","0","1","0.00","2","16","11.11","0","0","-","0.00","85.71","0.857","0","1","10","15","0.00","0","2","14","0.00"
"501","Connor Mackey","Janis Moser","ARI","20","15.816666666667","0","27","0.00","0","22","0.00","0","17","0.00","0","2","0.00","0","2.16","0.00","0","12","0.00","0","4","0.00","0","0","-","0","8","0.00","0","2","0.00","0","16","0.00","0","0","-","-","88.24","0.88","0","0","11","10","0.00","0","1","12","0.00"
"502","Josh Manson","Bowen Byram","COL","67","15.8","3","16","15.79","2","13","13.33","0","8","0.00","0","1","0.00","0.16","1.65","8.99","3","13","18.75","0","8","0.00","0","1","0.00","3","5","37.50","0","0","-","0","6","0.00","0","0","-","-","87.50","0.88","0","1","4","18","0.00","0","1","5","0.00"
"503","Mikhail Sergachev","Sean Durzi","UTA","30","15.733333333333","2","29","6.45","2","17","10.53","0","12","0.00","0","2","0.00","0.13","2.06","5.83","1","18","5.26","1","8","11.11","0","1","0.00","0","10","0.00","0","1","0.00","0","19","0.00","0","0","-","-","83.33","0.83","0","3","8","9","0.00","0","3","16","0.00"
"504","Henri Jokiharju","Ilya Lyubushkin","BUF","54","15.733333333333","3","40","6.98","3","32","8.57","2","24","7.69","0","4","0.00","0.62","3.56","14.76","1","31","3.13","1","16","5.88","0","3","0.00","0","15","0.00","0","1","0.00","0","9","0.00","0","0","-","0.00","83.33","0.833","0","1","12","15","0.00","0","1","14","0.00"
"505","Tyler Myers","Guillaume Brisebois","VAN","19","15.7","2","31","6.06","2","22","8.33","2","18","10.00","1","4","20.00","0.44","1.98","18.02","2","15","11.76","2","6","25.00","1","1","50.00","0","9","0.00","0","2","0.00","0","16","0.00","0","1","0.00","50.00","77.78","1.278","0","2","13","4","0.00","0","4","21","0.00"
"506","Josh Manson","Cale Makar","COL","140","15.7","8","13","38.10","6","10","37.50","4","6","40.00","0","1","0.00","0.48","0.94","33.98","3","6","33.33","2","2","50.00","0","1","0.00","1","4","20.00","0","0","-","4","8","33.33","0","0","-","0.00","83.33","0.833","0","2","2","47","0.00","0","2","4","0.00"
"507","Marc Staal","Gustav Forsling","FLA","82","15.65","2","24","7.69","2","17","10.53","2","12","14.29","0","2","0.00","0.1","1.78","5.34","1","11","8.33","0","5","0.00","0","1","0.00","1","6","14.29","0","1","0.00","1","11","8.33","0","0","-","0.00","83.33","0.833","1","1","10","56","9.09","2","2","15","11.76"
"508","Rasmus Dahlin","Ilya Lyubushkin","BUF","64","15.6","8","26","23.53","8","23","25.81","7","18","28.00","3","3","50.00","1.39","2.37","37.05","4","13","23.53","3","7","30.00","2","3","40.00","1","6","14.29","0","0","-","2","11","15.38","0","0","-","42.86","83.33","1.262","0","2","8","17","0.00","1","4","8","11.11"
"509","Brendan Smith","Damon Severson","N.J","59","15.533333333333","8","25","24.24","8","15","34.78","5","10","33.33","2","1","66.67","0.92","1.68","35.43","7","14","33.33","5","6","45.45","2","0","100.00","2","8","20.00","0","1","0.00","1","12","7.69","0","0","-","40.00","90.00","1.300","1","1","3","21","25.00","1","4","8","11.11"
"510","Kyle Burroughs","Quinn Hughes","VAN","44","15.516666666667","4","17","19.05","4","14","22.22","4","13","23.53","2","1","66.67","0.33","0.95","25.54","2","6","25.00","2","1","66.67","2","0","100.00","0","5","0.00","0","0","-","1","11","8.33","0","1","0.00","50.00","92.31","1.423","0","1","12","21","0.00","0","2","16","0.00"
"511","Jake Walman","Filip Hronek","DET","41","15.466666666667","6","14","30.00","6","11","35.29","5","8","38.46","0","2","0.00","0.38","0.95","28.75","3","9","25.00","2","5","28.57","0","2","0.00","1","4","20.00","0","0","-","2","6","25.00","0","0","-","0.00","75.00","0.750","0","1","7","11","0.00","1","3","11","8.33"
"512","Brian Dumoulin","Brett Pesce","N.J","18","15.433333333333","2","18","10.00","2","13","13.33","2","8","20.00","0","0","-","0.08","1.43","5.22","1","10","9.09","0","5","0.00","0","0","-","1","5","16.67","0","0","-","0","9","0.00","0","0","-","0.00","100.00","1.000","0","1","2","15","0.00","0","2","3","0.00"
"513","Matt Dumba","Troy Stecher","ARI","46","15.433333333333","3","24","11.11","1","20","4.76","0","12","0.00","0","2","0.00","0.16","1.44","9.90","1","14","6.67","1","2","33.33","0","0","-","0","12","0.00","0","1","0.00","0","18","0.00","0","1","0.00","-","83.33","0.83","0","2","6","28","0.00","1","2","15","6.25"
"514","William Lagesson","Simon Benoit","TOR","23","15.433333333333","1","22","4.35","1","15","6.25","1","9","10.00","1","0","100.00","0.09","1.18","6.74","1","7","12.50","0","4","0.00","0","0","-","1","3","25.00","1","0","100.00","0","18","0.00","0","0","-","100.00","100.00","2.000","0","1","4","11","0.00","0","3","5","0.00"
"515","Jack Johnson","Zach Werenski","CBJ","40","15.366666666667","4","19","17.39","4","16","20.00","4","9","30.77","0","0","-","0.18","1.35","11.50","2","10","16.67","0","4","0.00","0","0","-","2","6","25.00","0","0","-","2","10","16.67","0","0","-","0.00","100.00","1.000","2","0","3","9","40.00","3","1","5","37.50"
"516","Erik Karlsson","Marcus Pettersson","PIT","129","15.266666666667","4","22","15.38","4","17","19.05","3","13","18.75","0","1","0.00","0.18","1.57","10.52","2","13","13.33","0","4","0.00","0","0","-","2","9","18.18","0","1","0.00","1","15","6.25","0","0","-","0.00","92.31","0.923","1","1","11","16","8.33","2","3","17","10.53"
"517","Ian Cole","Carson Soucy","VAN","36","15.216666666667","1","24","4.00","1","18","5.26","1","15","6.25","1","0","100.00","0.28","1.7","14.05","1","11","8.33","1","6","14.29","1","0","100.00","0","5","0.00","0","0","-","0","21","0.00","0","0","-","100.00","100.00","2.000","0","1","6","6","0.00","0","6","11","0.00"
"518","Nikita Zadorov","Filip Hronek","VAN","53","15.183333333333","4","14","22.22","4","10","28.57","3","7","30.00","0","0","-","0.34","1.05","24.37","3","8","27.27","2","3","40.00","0","0","-","1","5","16.67","0","0","-","1","9","10.00","0","0","-","0.00","100.00","1.000","1","1","9","19","10.00","3","1","10","23.08"
"519","Derek Forbort","Marcus Pettersson","VAN","29","15.133333333333","4","19","17.39","2","12","14.29","2","6","25.00","0","0","-","0.05","1.17","3.96","0","11","0.00","0","3","0.00","0","0","-","0","8","0.00","0","0","-","4","12","25.00","0","0","-","0.00","100.00","1.000","0","0","11","18","0.00","3","2","14","17.65"
"520","Shayne Gostisbehere","Jakob Chychrun","ARI","32","15.133333333333","4","22","15.38","4","16","20.00","4","10","28.57","0","2","0.00","0.62","1.33","31.81","4","10","28.57","2","6","25.00","0","1","0.00","2","4","33.33","0","0","-","0","13","0.00","0","1","0.00","0.00","80.00","0.800","1","3","10","9","9.09","3","3","13","18.75"
"521","Ivan Provorov","Dante Fabbro","CBJ","62","15.083333333333","4","31","11.43","4","23","14.81","4","19","17.39","0","5","0.00","0.25","3.11","7.51","3","17","15.00","0","12","0.00","0","3","0.00","3","5","37.50","0","2","0.00","1","21","4.55","0","0","-","0.00","73.68","0.737","0","0","4","27","0.00","0","1","10","0.00"
"522","MacKenzie Weegar","Kevin Bahl","CGY","72","15.066666666667","4","28","12.50","4","20","16.67","4","11","26.67","2","1","66.67","0.42","2.24","15.87","2","15","11.76","2","8","20.00","2","0","100.00","0","7","0.00","0","0","-","1","23","4.17","0","1","0.00","50.00","90.91","1.409","0","0","13","43","0.00","0","1","15","0.00"
"523","Brian Dumoulin","Radko Gudas","ANA","60","14.983333333333","3","26","10.34","2","21","8.70","2","16","11.11","0","4","0.00","0.05","2.9","1.53","0","17","0.00","0","9","0.00","0","3","0.00","0","8","0.00","0","0","-","2","17","10.53","0","1","0.00","0.00","75.00","0.750","0","1","11","38","0.00","0","2","19","0.00"
"524","Dmitry Orlov","Charlie McAvoy","BOS","22","14.95","1","22","4.35","1","19","5.00","1","15","6.25","0","1","0.00","0.05","1.81","2.70","1","13","7.14","0","7","0.00","0","0","-","1","6","14.29","0","1","0.00","0","10","0.00","0","0","-","0.00","93.33","0.933","0","2","13","6","0.00","0","2","15","0.00"
"525","Jarred Tinordi","Seth Jones","CHI","75","14.933333333333","4","19","17.39","3","12","20.00","3","7","30.00","0","2","0.00","0.15","1.66","8.47","1","10","9.09","0","8","0.00","0","2","0.00","1","2","33.33","0","0","-","2","11","15.38","0","0","-","0.00","71.43","0.714","0","1","5","24","0.00","2","4","9","18.18"
"526","Nick Holden","Travis Hamonic","OTT","58","14.916666666667","6","33","15.38","2","28","6.67","2","24","7.69","0","4","0.00","0.05","2.92","1.79","2","23","8.00","0","7","0.00","0","2","0.00","2","16","11.11","0","2","0.00","3","10","23.08","0","0","-","0.00","83.33","0.833","0","0","7","53","0.00","0","0","15","0.00"
"527","Ryan Graves","Pierre-Olivier Joseph","PIT","53","14.9","6","26","18.75","6","17","26.09","4","11","26.67","1","3","25.00","0.81","1.97","29.13","5","15","25.00","3","10","23.08","1","3","25.00","2","5","28.57","0","0","-","2","14","12.50","0","0","-","25.00","72.73","0.977","0","0","4","14","0.00","1","1","6","14.29"
"528","Andrew Peeke","Gavin Bayreuther","CBJ","49","14.833333333333","3","28","9.68","3","25","10.71","2","15","11.76","0","5","0.00","0.18","2.32","7.02","0","17","0.00","0","6","0.00","0","1","0.00","0","11","0.00","0","2","0.00","3","11","21.43","0","2","0.00","0.00","66.67","0.667","0","2","7","7","0.00","0","3","12","0.00"
"529","Vincent Desharnais","Mario Ferraro","S.J","7","14.833333333333","5","20","20.00","5","15","25.00","5","9","35.71","0","2","0.00","0.56","1.76","24.25","3","12","20.00","1","4","20.00","0","0","-","2","8","20.00","0","1","0.00","2","16","11.11","0","1","0.00","0.00","77.78","0.778","0","3","10","1","0.00","1","4","16","5.88"
"530","Connor Clifton","Henri Jokiharju","BUF","104","14.8","1","24","4.00","1","19","5.00","0","10","0.00","0","0","-","0.16","1.94","7.49","1","15","6.25","1","7","12.50","0","0","-","0","8","0.00","0","0","-","0","8","0.00","0","0","-","-","100.00","1.00","0","1","2","10","0.00","1","1","2","33.33"
"531","Joel Hanley","Brayden Pachal","CGY","57","14.766666666667","5","22","18.52","4","15","21.05","3","14","17.65","0","0","-","0.37","1.8","17.06","3","12","20.00","1","3","25.00","0","0","-","2","9","18.18","0","0","-","2","13","13.33","0","0","-","0.00","100.00","1.000","0","0","3","14","0.00","1","0","3","25.00"
"532","Kyle Burroughs","Nikita Okhotiuk","S.J","36","14.683333333333","1","25","3.85","1","18","5.26","1","13","7.14","0","2","0.00","0.13","2.31","5.34","1","16","5.88","1","6","14.29","0","2","0.00","0","10","0.00","0","0","-","0","12","0.00","0","0","-","0.00","84.62","0.846","0","0","8","10","0.00","1","1","11","8.33"
"533","Philippe Myers","Simon Benoit","TOR","34","14.683333333333","2","29","6.45","2","22","8.33","0","13","0.00","0","2","0.00","0.15","2.74","5.09","2","19","9.52","1","9","10.00","0","0","-","1","10","9.09","0","2","0.00","0","14","0.00","0","0","-","-","84.62","0.85","0","0","7","18","0.00","0","0","8","0.00"
"534","Scott Mayfield","Sebastian Aho","NYI","97","14.616666666667","3","27","10.00","3","20","13.04","2","11","15.38","0","1","0.00","0.02","2.1","1.08","0","14","0.00","0","9","0.00","0","1","0.00","0","5","0.00","0","0","-","2","13","13.33","0","0","-","0.00","90.91","0.909","0","0","9","7","0.00","1","1","15","6.25"
"535","Oliver Ekman-Larsson","Dmitry Kulikov","FLA","74","14.6","1","14","6.67","1","14","6.67","1","9","10.00","0","1","0.00","0.08","1.09","7.18","1","6","14.29","0","3","0.00","0","1","0.00","1","3","25.00","0","0","-","0","10","0.00","0","0","-","0.00","88.89","0.889","0","0","1","25","0.00","0","0","3","0.00"
"536","Mario Ferraro","Shakir Mukhamadullin","S.J","30","14.6","1","25","3.85","1","19","5.00","1","15","6.25","1","4","20.00","0.07","1.89","3.64","1","13","7.14","0","7","0.00","0","2","0.00","1","6","14.29","1","0","100.00","0","24","0.00","0","2","0.00","100.00","73.33","1.733","0","2","11","1","0.00","0","3","17","0.00"
"537","Brian Dumoulin","Jamie Oleksiak","SEA","80","14.533333333333","7","19","26.92","7","14","33.33","6","10","37.50","0","1","0.00","0.72","1.21","37.48","3","13","18.75","1","3","25.00","0","0","-","2","10","16.67","0","1","0.00","4","8","33.33","0","0","-","0.00","90.00","0.900","0","2","1","40","0.00","1","3","2","33.33"
"538","Erik Karlsson","Ryan Graves","PIT","131","14.5","4","24","14.29","1","20","4.76","1","10","9.09","0","1","0.00","0.04","1.77","2.40","1","15","6.25","0","4","0.00","0","1","0.00","1","11","8.33","0","0","-","3","13","18.75","0","0","-","0.00","90.00","0.900","0","1","7","16","0.00","0","1","8","0.00"
"539","Marcus Pettersson","Jan Rutta","PIT","51","14.483333333333","6","22","21.43","6","19","24.00","5","18","21.74","0","1","0.00","0.44","1.8","19.61","4","11","26.67","3","3","50.00","0","1","0.00","1","8","11.11","0","0","-","0","12","0.00","0","0","-","0.00","94.44","0.944","0","0","7","24","0.00","1","0","9","10.00"
"540","Drew Helleson","Jackson LaCombe","ANA","58","14.466666666667","3","25","10.71","2","20","9.09","1","12","7.69","0","1","0.00","0.08","2.26","3.34","0","13","0.00","0","6","0.00","0","0","-","0","7","0.00","0","0","-","4","18","18.18","0","1","0.00","0.00","91.67","0.917","1","1","6","15","14.29","2","1","9","18.18"
"541","Troy Stecher","Sean Durzi","ARI","41","14.433333333333","3","20","13.04","3","16","15.79","2","10","16.67","1","3","25.00","0.28","2.48","10.20","2","11","15.38","1","7","12.50","1","2","33.33","1","4","20.00","0","0","-","0","14","0.00","0","1","0.00","50.00","70.00","1.200","0","2","7","6","0.00","1","3","8","11.11"
"542","Jacob Bryson","Ilya Lyubushkin","BUF","49","14.316666666667","1","20","4.76","1","18","5.26","1","15","6.25","0","4","0.00","0.08","1.5","5.04","1","13","7.14","1","5","16.67","0","1","0.00","0","8","0.00","0","2","0.00","0","6","0.00","0","1","0.00","0.00","73.33","0.733","1","2","8","13","11.11","1","4","14","6.67"
"543","Parker Wotherspoon","Henri Jokiharju","BOS","18","14.266666666667","3","31","8.82","3","24","11.11","1","18","5.26","0","2","0.00","0.2","2.66","7.11","1","19","5.00","1","8","11.11","0","1","0.00","0","11","0.00","0","1","0.00","1","15","6.25","0","0","-","0.00","88.89","0.889","0","0","5","6","0.00","0","0","6","0.00"
"544","Kris Letang","Chad Ruhwedel","PIT","77","14.233333333333","6","16","27.27","5","14","26.32","5","11","31.25","0","1","0.00","0.37","1.05","26.23","2","6","25.00","2","4","33.33","0","1","0.00","0","2","0.00","0","0","-","0","8","0.00","0","0","-","0.00","90.91","0.909","0","1","3","24","0.00","0","1","3","0.00"
"545","Jack Johnson","Erik Johnson","COL","12","14.216666666667","3","21","12.50","3","14","17.65","3","13","18.75","0","2","0.00","0.19","1.28","13.18","2","10","16.67","1","3","25.00","0","2","0.00","1","7","12.50","0","0","-","0","12","0.00","0","0","-","0.00","84.62","0.846","0","0","9","11","0.00","0","0","14","0.00"
"546","Connor Clifton","Charlie McAvoy","BOS","63","14.216666666667","6","9","40.00","4","5","44.44","4","0","100.00","0","0","-","0.12","0.46","20.29","1","6","14.29","1","3","25.00","0","0","-","0","3","0.00","0","0","-","1","4","20.00","0","0","-","0.00","-","0.00","0","5","5","21","0.00","1","5","7","12.50"
"547","Justin Faulk","Pierre-Olivier Joseph","STL","21","14.183333333333","1","22","4.35","0","15","0.00","0","5","0.00","0","0","-","0","1.55","0.00","0","13","0.00","0","3","0.00","0","0","-","0","10","0.00","0","0","-","1","11","8.33","0","0","-","-","100.00","1.00","0","0","3","6","0.00","1","1","5","16.67"
"548","Matt Irwin","Trevor van Riemsdyk","WSH","54","14.083333333333","4","18","18.18","3","13","18.75","3","13","18.75","0","1","0.00","0.33","1.1","23.28","3","9","25.00","2","2","50.00","0","0","-","1","7","12.50","0","1","0.00","2","12","14.29","0","0","-","0.00","92.31","0.923","0","1","6","22","0.00","1","1","12","7.69"
"549","Luke Schenn","Oliver Ekman-Larsson","VAN","53","14.016666666667","2","31","6.06","2","25","7.41","2","19","9.52","2","6","25.00","0.21","3.08","6.35","1","26","3.70","1","10","9.09","1","2","33.33","0","16","0.00","0","3","0.00","0","6","0.00","0","1","0.00","100.00","68.42","1.684","0","1","13","6","0.00","0","2","18","0.00"
"550","Vladislav Gavrikov","Jordan Spence","L.A","148","14","3","12","20.00","3","11","21.43","2","9","18.18","0","3","0.00","0.39","0.84","31.63","2","7","22.22","1","3","25.00","0","1","0.00","1","4","20.00","0","1","0.00","1","12","7.69","0","1","0.00","0.00","66.67","0.667","0","1","4","8","0.00","0","1","9","0.00"
"551","Kris Letang","Pierre-Olivier Joseph","PIT","129","13.833333333333","4","25","13.79","2","20","9.09","2","14","12.50","0","1","0.00","0.02","1.39","1.22","1","10","9.09","0","2","0.00","0","0","-","1","8","11.11","0","1","0.00","0","21","0.00","0","0","-","0.00","92.86","0.929","0","1","9","12","0.00","0","1","14","0.00"
"552","Erik Gudbranson","Zach Werenski","CBJ","95","13.783333333333","3","20","13.04","3","19","13.64","3","8","27.27","0","1","0.00","0.29","2.05","12.27","3","10","23.08","1","6","14.29","0","0","-","2","4","33.33","0","1","0.00","1","12","7.69","0","0","-","0.00","87.50","0.875","1","3","5","19","16.67","1","5","6","14.29"
"553","Matt Dumba","Emil Martinsen Lilleberg","T.B","14","13.75","5","32","13.51","3","29","9.38","2","23","8.00","0","0","-","0.16","3.26","4.65","1","15","6.25","0","7","0.00","0","0","-","1","8","11.11","0","0","-","3","22","12.00","0","0","-","0.00","100.00","1.000","0","1","3","6","0.00","0","4","7","0.00"
"554","Brent Burns","Brady Skjei","CAR","161","13.616666666667","4","17","19.05","3","16","15.79","3","8","27.27","1","1","50.00","0.38","2.33","13.87","4","15","21.05","1","8","11.11","0","0","-","3","7","30.00","1","1","50.00","0","2","0.00","0","0","-","33.33","87.50","1.208","0","0","3","55","0.00","0","0","4","0.00"
"555","Darren Raddysh","Emil Martinsen Lilleberg","T.B","104","13.616666666667","5","11","31.25","4","6","40.00","3","2","60.00","0","0","-","0.18","0.74","19.37","1","6","14.29","1","3","25.00","0","0","-","0","3","0.00","0","0","-","2","7","22.22","0","0","-","0.00","100.00","1.000","0","2","3","7","0.00","0","3","4","0.00"
"556","Jaycob Megna","Alex Vlasic","CHI","44","13.566666666667","3","18","14.29","3","12","20.00","2","10","16.67","0","1","0.00","0.5","1.08","31.56","3","10","23.08","2","5","28.57","0","0","-","1","5","16.67","0","0","-","0","13","0.00","0","1","0.00","0.00","90.00","0.900","0","0","9","22","0.00","0","2","9","0.00"
"557","Travis Sanheim","Ivan Provorov","PHI","81","13.566666666667","4","19","17.39","4","14","22.22","3","10","23.08","0","3","0.00","0.77","2.07","27.20","2","15","11.76","0","10","0.00","0","2","0.00","2","5","28.57","0","1","0.00","0","4","0.00","0","0","-","0.00","70.00","0.700","0","0","3","66","0.00","0","0","4","0.00"
"558","Calvin de Haan","Mikhail Sergachev","T.B","28","13.55","2","21","8.70","2","16","11.11","1","15","6.25","0","2","0.00","0.34","2.31","12.83","2","17","10.53","1","7","12.50","0","0","-","1","10","9.09","0","2","0.00","0","8","0.00","0","0","-","0.00","86.67","0.867","0","2","6","19","0.00","0","3","8","0.00"
"559","Calvin de Haan","Josh Manson","COL","26","13.516666666667","5","29","14.71","4","18","18.18","3","8","27.27","0","1","0.00","0.17","2.18","7.20","2","16","11.11","1","8","11.11","0","1","0.00","1","8","11.11","0","0","-","1","21","4.55","0","0","-","0.00","87.50","0.875","0","2","7","5","0.00","0","2","15","0.00"
"560","Ryan Suter","Justin Faulk","STL","78","13.483333333333","3","25","10.71","3","14","17.65","3","7","30.00","0","1","0.00","0.15","1.64","8.54","2","14","12.50","0","4","0.00","0","1","0.00","2","10","16.67","0","0","-","0","13","0.00","0","0","-","0.00","85.71","0.857","1","2","3","11","25.00","1","2","5","16.67"
"561","Adam Larsson","Ryker Evans","SEA","108","13.466666666667","2","21","8.70","2","18","10.00","2","13","13.33","1","2","33.33","0.15","1.67","8.40","1","9","10.00","1","6","14.29","0","1","0.00","0","3","0.00","0","1","0.00","1","14","6.67","1","0","100.00","50.00","84.62","1.346","0","1","2","17","0.00","1","1","7","12.50"
"562","Brett Pesce","Luke Hughes","N.J","71","13.433333333333","7","15","31.82","7","12","36.84","6","9","40.00","0","0","-","0.44","1.47","22.90","3","8","27.27","1","4","20.00","0","0","-","2","4","33.33","0","0","-","3","11","21.43","0","0","-","0.00","100.00","1.000","0","2","5","8","0.00","1","3","8","11.11"
"563","Ryan Graves","Jonas Siegenthaler","N.J","76","13.366666666667","4","20","16.67","4","16","20.00","3","10","23.08","0","2","0.00","0.03","2.01","1.69","0","15","0.00","0","5","0.00","0","1","0.00","0","10","0.00","0","0","-","1","7","12.50","0","1","0.00","0.00","80.00","0.800","0","0","2","22","0.00","0","0","3","0.00"
"564","Ivan Provorov","Andrew Peeke","CBJ","23","13.366666666667","4","28","12.50","3","20","13.04","3","10","23.08","0","2","0.00","0.09","1.66","5.37","0","13","0.00","0","5","0.00","0","1","0.00","0","8","0.00","0","0","-","4","25","13.79","0","1","0.00","0.00","80.00","0.800","0","3","11","5","0.00","1","3","16","5.88"
"565","Ryan Shea","Jack St. Ivany","PIT","14","13.35","4","23","14.81","4","18","18.18","3","13","18.75","1","1","50.00","0.31","2.02","13.35","2","17","10.53","2","8","20.00","1","0","100.00","0","9","0.00","0","0","-","2","8","20.00","0","1","0.00","33.33","92.31","1.256","0","1","1","10","0.00","0","1","2","0.00"
"566","Louis Crevier","Wyatt Kaiser","CHI","20","13.35","1","22","4.35","0","17","0.00","0","11","0.00","0","3","0.00","0","2.78","0.00","1","16","5.88","0","9","0.00","0","3","0.00","1","7","12.50","0","0","-","0","9","0.00","0","0","-","-","72.73","0.73","0","0","4","11","0.00","0","3","6","0.00"
"567","Calvin de Haan","Jalen Chatfield","CAR","50","13.2","6","10","37.50","6","8","42.86","6","8","42.86","1","2","33.33","0.4","0.54","42.64","4","5","44.44","2","2","50.00","1","0","100.00","2","3","40.00","0","1","0.00","2","4","33.33","0","1","0.00","16.67","75.00","0.917","1","0","2","18","33.33","1","2","3","25.00"
"568","Mikhail Sergachev","Michael Kesselring","UTA","77","13.183333333333","4","22","15.38","3","19","13.64","2","14","12.50","0","1","0.00","0.18","2.16","7.57","1","16","5.88","1","6","14.29","0","0","-","0","10","0.00","0","1","0.00","3","14","17.65","0","0","-","0.00","92.86","0.929","0","0","12","4","0.00","1","0","16","5.88"
"569","Timothy Liljegren","Henry Thrun","S.J","46","13.116666666667","3","32","8.57","3","24","11.11","3","13","18.75","0","2","0.00","0.05","3.83","1.20","0","19","0.00","0","12","0.00","0","1","0.00","0","7","0.00","0","0","-","1","22","4.35","0","1","0.00","0.00","84.62","0.846","0","1","11","6","0.00","0","1","13","0.00"
"570","Erik Gudbranson","Gavin Bayreuther","CBJ","39","13.083333333333","6","14","30.00","5","13","27.78","4","8","33.33","2","1","66.67","0.84","1.18","41.46","3","11","21.43","2","3","40.00","2","1","66.67","1","8","11.11","0","0","-","1","3","25.00","0","0","-","50.00","87.50","1.375","1","1","4","3","20.00","1","4","7","12.50"
"571","Luke Schenn","Marc Del Gaizo","NSH","29","13.033333333333","2","13","13.33","2","10","16.67","2","4","33.33","0","0","-","0.04","0.71","4.83","0","9","0.00","0","2","0.00","0","0","-","0","7","0.00","0","0","-","1","6","14.29","0","0","-","0.00","100.00","1.000","0","0","4","5","0.00","0","2","5","0.00"
"572","Aaron Ekblad","Niko Mikkola","FLA","103","13.033333333333","8","10","44.44","5","6","45.45","4","6","40.00","1","0","100.00","0.4","0.66","37.67","5","7","41.67","2","4","33.33","1","0","100.00","3","3","50.00","0","0","-","2","6","25.00","0","0","-","25.00","100.00","1.250","1","0","2","47","33.33","1","3","9","10.00"
"573","Dmitry Orlov","Trevor van Riemsdyk","WSH","43","13.016666666667","11","27","28.95","9","24","27.27","7","14","33.33","1","1","50.00","0.57","2.54","18.44","5","16","23.81","3","6","33.33","0","0","-","2","10","16.67","0","1","0.00","2","10","16.67","0","0","-","14.29","92.86","1.071","0","2","9","18","0.00","0","2","11","0.00"
"574","William Borgen","Braden Schneider","NYR","49","13.016666666667","6","20","23.08","6","17","26.09","5","14","26.32","2","0","100.00","0.37","1.93","16.09","3","10","23.08","1","4","20.00","0","0","-","2","6","25.00","2","0","100.00","3","12","20.00","0","0","-","40.00","100.00","1.400","1","1","3","18","25.00","1","1","4","20.00"
"575","Erik Johnson","Rasmus Dahlin","BUF","49","12.95","7","21","25.00","4","18","18.18","4","14","22.22","0","3","0.00","0.15","1.56","8.69","2","14","12.50","1","5","16.67","0","1","0.00","1","9","10.00","0","0","-","2","19","9.52","0","2","0.00","0.00","78.57","0.786","0","3","12","8","0.00","0","3","21","0.00"
"576","Roman Josi","Mattias Ekholm","NSH","57","12.933333333333","5","27","15.63","3","17","15.00","2","15","11.76","0","2","0.00","0.46","2.41","15.90","4","15","21.05","1","9","10.00","0","2","0.00","3","6","33.33","0","0","-","0","12","0.00","0","0","-","0.00","86.67","0.867","1","1","4","29","20.00","2","1","6","25.00"
"577","Andreas Englund","Mikey Anderson","L.A","85","12.9","3","27","10.00","3","24","11.11","3","16","15.79","0","3","0.00","0.24","2.17","10.07","3","11","21.43","2","4","33.33","0","0","-","1","7","12.50","0","1","0.00","0","19","0.00","0","2","0.00","0.00","81.25","0.813","0","3","4","21","0.00","1","6","4","20.00"
"578","Casey Fitzgerald","Mattias Samuelsson","BUF","13","12.85","1","32","3.03","0","24","0.00","0","18","0.00","0","2","0.00","0","3.05","0.00","0","18","0.00","0","11","0.00","0","1","0.00","0","7","0.00","0","0","-","0","17","0.00","0","1","0.00","-","88.89","0.89","0","2","10","7","0.00","1","2","12","7.69"
"579","Erik Johnson","Ryan Lindgren","COL","11","12.833333333333","1","20","4.76","1","12","7.69","1","8","11.11","0","1","0.00","0","1.18","0.10","0","11","0.00","0","2","0.00","0","0","-","0","9","0.00","0","1","0.00","1","13","7.14","0","0","-","0.00","87.50","0.875","0","0","12","6","0.00","1","0","13","7.14"
"580","Thomas Chabot","Artem Zub","OTT","138","12.833333333333","3","15","16.67","2","12","14.29","1","10","9.09","0","0","-","0.45","1.28","26.16","3","9","25.00","2","2","50.00","0","0","-","1","7","12.50","0","0","-","0","6","0.00","0","0","-","0.00","100.00","1.000","0","1","4","37","0.00","0","1","5","0.00"
"581","Urho Vaakanainen","Jackson LaCombe","ANA","60","12.8","2","20","9.09","2","15","11.76","2","11","15.38","0","2","0.00","0.06","2.16","2.61","0","12","0.00","0","8","0.00","0","2","0.00","0","4","0.00","0","0","-","1","8","11.11","0","0","-","0.00","81.82","0.818","0","1","2","21","0.00","0","1","2","0.00"
"582","Calvin de Haan","Samuel Girard","COL","41","12.716666666667","3","16","15.79","3","11","21.43","3","7","30.00","0","1","0.00","0.13","1.07","11.04","1","6","14.29","1","3","25.00","0","0","-","0","3","0.00","0","1","0.00","1","12","7.69","0","0","-","0.00","85.71","0.857","0","1","4","16","0.00","1","1","4","20.00"
"583","Alex Goligoski","Jared Spurgeon","MIN","53","12.633333333333","5","21","19.23","4","16","20.00","2","13","13.33","0","3","0.00","0.1","1.63","5.93","0","11","0.00","0","4","0.00","0","1","0.00","0","7","0.00","0","2","0.00","3","10","23.08","0","0","-","0.00","76.92","0.769","0","1","6","5","0.00","0","3","9","0.00"
"584","Matt Dumba","Joshua Brown","ARI","28","12.6","4","36","10.00","3","26","10.34","2","18","10.00","0","4","0.00","0.4","3.03","11.65","1","20","4.76","1","8","11.11","0","1","0.00","0","12","0.00","0","2","0.00","2","17","10.53","0","1","0.00","0.00","77.78","0.778","1","0","4","9","20.00","1","0","6","14.29"
"585","Noah Juulsen","Quinn Hughes","VAN","95","12.583333333333","5","17","22.73","4","15","21.05","4","9","30.77","0","1","0.00","0.22","1.43","13.11","3","8","27.27","1","4","20.00","0","1","0.00","2","4","33.33","0","0","-","2","10","16.67","0","0","-","0.00","88.89","0.889","0","3","6","18","0.00","0","3","6","0.00"
"586","Jacob Bryson","Owen Power","BUF","134","12.566666666667","5","24","17.24","5","20","20.00","3","12","20.00","0","0","-","0.34","1.72","16.60","2","16","11.11","1","3","25.00","0","0","-","1","13","7.14","0","0","-","1","14","6.67","0","0","-","0.00","100.00","1.000","0","2","3","22","0.00","0","2","8","0.00"
"587","Brandon Carlo","Andrew Peeke","BOS","71","12.533333333333","0","15","0.00","0","13","0.00","0","10","0.00","0","0","-","0","1.23","0.00","0","12","0.00","0","3","0.00","0","0","-","0","9","0.00","0","0","-","0","5","0.00","0","0","-","-","100.00","1.00","0","2","5","15","0.00","0","3","6","0.00"
"588","Kris Letang","Conor Timmins","PIT","16","12.45","0","17","0.00","0","11","0.00","0","8","0.00","0","0","-","0","1.01","0.00","0","9","0.00","0","3","0.00","0","0","-","0","6","0.00","0","0","-","0","13","0.00","0","0","-","-","100.00","1.00","0","4","7","7","0.00","0","4","12","0.00"
"589","Thomas Chabot","Erik Brannstrom","OTT","110","12.45","4","22","15.38","4","14","22.22","4","10","28.57","0","2","0.00","0.28","1.12","19.98","3","11","21.43","1","6","14.29","0","2","0.00","2","5","28.57","0","0","-","0","13","0.00","0","0","-","0.00","80.00","0.800","0","0","3","21","0.00","1","0","6","14.29"
"590","John Carlson","Joel Edmundson","WSH","44","12.4","2","28","6.67","2","19","9.52","2","10","16.67","0","3","0.00","0","1.81","0.10","0","19","0.00","0","4","0.00","0","1","0.00","0","15","0.00","0","1","0.00","0","15","0.00","0","1","0.00","0.00","70.00","0.700","0","1","9","10","0.00","0","1","12","0.00"
"591","Damon Severson","Jake Bean","CBJ","58","12.383333333333","2","24","7.69","2","19","9.52","2","9","18.18","0","2","0.00","0.07","1.69","4.08","0","15","0.00","0","4","0.00","0","2","0.00","0","11","0.00","0","0","-","1","13","7.14","0","0","-","0.00","77.78","0.778","0","0","5","10","0.00","0","1","6","0.00"
"592","Tyler Myers","Noah Juulsen","VAN","94","12.333333333333","5","14","26.32","3","11","21.43","2","7","22.22","1","0","100.00","0.2","0.84","19.39","1","6","14.29","1","1","50.00","1","0","100.00","0","5","0.00","0","0","-","2","8","20.00","0","0","-","50.00","100.00","1.500","0","0","2","27","0.00","1","1","4","20.00"
"593","Marc Del Gaizo","Justin Barron","NSH","24","12.25","3","6","33.33","3","5","37.50","3","3","50.00","0","0","-","0.09","0.46","17.06","1","4","20.00","0","1","0.00","0","0","-","1","3","25.00","0","0","-","1","3","25.00","0","0","-","0.00","100.00","1.000","0","1","4","11","0.00","0","1","5","0.00"
"594","Brian Dumoulin","Jackson LaCombe","ANA","54","12.216666666667","4","22","15.38","2","16","11.11","1","10","9.09","0","1","0.00","0.13","2.37","5.38","1","13","7.14","0","7","0.00","0","0","-","1","6","14.29","0","1","0.00","2","15","11.76","0","0","-","0.00","90.00","0.900","0","2","6","12","0.00","1","3","11","8.33"
"595","Matt Grzelcyk","Parker Wotherspoon","BOS","30","12.216666666667","2","17","10.53","2","13","13.33","1","7","12.50","0","1","0.00","0.2","1.14","14.99","2","11","15.38","0","3","0.00","0","0","-","2","8","20.00","0","1","0.00","0","7","0.00","0","0","-","0.00","85.71","0.857","0","0","3","22","0.00","0","0","3","0.00"
"596","Brendan Smith","Thomas Harley","DAL","28","12.2","1","11","8.33","1","10","9.09","1","8","11.11","0","0","-","0.04","1.44","2.82","0","7","0.00","0","4","0.00","0","0","-","0","3","0.00","0","0","-","1","7","12.50","0","0","-","0.00","100.00","1.000","0","1","6","5","0.00","0","4","7","0.00"
"597","Tyler Myers","Vincent Desharnais","VAN","31","12.166666666667","3","18","14.29","3","12","20.00","1","9","10.00","0","1","0.00","0.34","1.65","16.91","3","15","16.67","1","6","14.29","0","1","0.00","2","9","18.18","0","0","-","0","6","0.00","0","0","-","0.00","88.89","0.889","0","1","5","8","0.00","1","2","6","14.29"
"598","Zach Werenski","Jake Christiansen","CBJ","76","12.133333333333","0","22","0.00","0","20","0.00","0","14","0.00","0","1","0.00","0","1.63","0.00","0","14","0.00","0","8","0.00","0","0","-","0","6","0.00","0","0","-","0","9","0.00","0","1","0.00","-","92.86","0.93","0","1","2","9","0.00","0","3","3","0.00"
"599","Ryan Graves","John Ludvig","PIT","30","12.083333333333","6","24","20.00","4","15","21.05","4","12","25.00","0","5","0.00","1.06","1.6","39.88","4","17","19.05","3","7","30.00","0","3","0.00","1","10","9.09","0","2","0.00","3","10","23.08","0","0","-","0.00","58.33","0.583","0","1","2","7","0.00","3","1","5","37.50"
"600","Oliver Ekman-Larsson","Philippe Myers","TOR","31","11.85","0","23","0.00","0","14","0.00","0","10","0.00","0","1","0.00","0","1.09","0.00","0","14","0.00","0","3","0.00","0","1","0.00","0","11","0.00","0","0","-","0","10","0.00","0","0","-","-","90.00","0.90","0","0","1","7","0.00","0","0","2","0.00"
"601","Connor Clifton","Brandon Carlo","BOS","71","11.816666666667","4","20","16.67","3","15","16.67","3","9","25.00","0","1","0.00","0.19","1.74","9.74","2","13","13.33","1","7","12.50","0","1","0.00","1","6","14.29","0","0","-","0","7","0.00","0","0","-","0.00","88.89","0.889","0","0","8","29","0.00","0","1","8","0.00"
"602","Marc Staal","Travis Sanheim","PHI","34","11.766666666667","3","14","17.65","2","12","14.29","1","7","12.50","0","2","0.00","0.21","0.64","24.54","2","3","40.00","1","0","100.00","0","0","-","1","3","25.00","0","0","-","0","20","0.00","0","2","0.00","0.00","71.43","0.714","0","1","11","7","0.00","0","2","14","0.00"
"603","Kris Letang","Matt Grzelcyk","PIT","74","11.766666666667","2","15","11.76","1","12","7.69","1","10","9.09","0","2","0.00","0.06","1.08","5.32","0","7","0.00","0","2","0.00","0","0","-","0","5","0.00","0","1","0.00","2","14","12.50","0","1","0.00","0.00","80.00","0.800","0","0","6","9","0.00","0","1","10","0.00"
"604","Colin Miller","Kevin Bahl","N.J","41","11.75","3","20","13.04","2","11","15.38","2","9","18.18","0","2","0.00","0.13","1.53","7.82","0","10","0.00","0","5","0.00","0","2","0.00","0","5","0.00","0","0","-","3","13","18.75","0","0","-","0.00","77.78","0.778","0","3","3","11","0.00","0","4","4","0.00"
"605","Dakota Mermis","Jacob Middleton","MIN","47","11.733333333333","3","24","11.11","3","17","15.00","3","12","20.00","0","3","0.00","0.36","1.65","18.12","2","13","13.33","2","5","28.57","0","2","0.00","0","8","0.00","0","1","0.00","1","15","6.25","0","0","-","0.00","75.00","0.750","0","0","4","20","0.00","0","1","6","0.00"
"606","Ivan Provorov","Cam York","PHI","54","11.65","2","27","6.90","2","19","9.52","2","16","11.11","2","3","40.00","0.23","1.84","11.00","2","16","11.11","2","5","28.57","2","2","50.00","0","11","0.00","0","0","-","0","12","0.00","0","1","0.00","100.00","81.25","1.813","0","1","11","3","0.00","0","3","13","0.00"
"607","Ryan McDonagh","Victor Hedman","T.B","79","11.616666666667","3","20","13.04","3","15","16.67","2","9","18.18","2","2","50.00","1.17","1.53","43.39","2","10","16.67","1","4","20.00","1","0","100.00","1","6","14.29","1","1","50.00","0","17","0.00","0","1","0.00","100.00","77.78","1.778","0","0","1","15","0.00","0","1","10","0.00"
"608","William Borgen","K'Andre Miller","NYR","46","11.616666666667","7","14","33.33","6","8","42.86","6","6","50.00","1","2","33.33","0.27","0.74","26.88","2","6","25.00","0","5","0.00","0","2","0.00","2","1","66.67","0","0","-","4","11","26.67","1","0","100.00","16.67","66.67","0.833","0","1","6","25","0.00","2","2","10","16.67"
"609","John Marino","Mikhail Sergachev","UTA","30","11.6","2","20","9.09","2","17","10.53","1","13","7.14","0","4","0.00","0.05","1.9","2.42","0","11","0.00","0","9","0.00","0","2","0.00","0","2","0.00","0","0","-","1","14","6.67","0","2","0.00","0.00","69.23","0.692","0","3","15","4","0.00","0","4","17","0.00"
"610","Erik Johnson","Rasmus Ristolainen","PHI","19","11.583333333333","5","13","27.78","5","9","35.71","2","6","25.00","0","2","0.00","0.47","0.64","42.25","3","6","33.33","2","1","66.67","0","0","-","1","5","16.67","0","1","0.00","2","10","16.67","0","1","0.00","0.00","66.67","0.667","0","0","5","14","0.00","0","0","5","0.00"
"611","John Carlson","Matt Roy","WSH","67","11.583333333333","4","23","14.81","4","17","19.05","3","9","25.00","0","1","0.00","0.37","1.79","17.19","2","8","20.00","1","3","25.00","0","1","0.00","1","5","16.67","0","0","-","1","24","4.00","0","0","-","0.00","88.89","0.889","0","1","6","14","0.00","0","1","11","0.00"
"612","Nikita Zaitsev","Erik Brannstrom","OTT","26","11.583333333333","2","22","8.33","2","13","13.33","2","8","20.00","1","0","100.00","0.23","1.23","15.51","2","12","14.29","1","3","25.00","0","0","-","1","9","10.00","1","0","100.00","0","9","0.00","0","0","-","50.00","100.00","1.500","0","0","5","9","0.00","0","0","9","0.00"
"613","Justin Holl","Moritz Seider","DET","111","11.533333333333","1","15","6.25","0","8","0.00","0","4","0.00","0","0","-","0","0.62","0.00","0","8","0.00","0","1","0.00","0","0","-","0","7","0.00","0","0","-","0","12","0.00","0","0","-","-","100.00","1.00","0","0","4","39","0.00","0","0","6","0.00"
"614","Marc-Edouard Vlasic","Nikolai Knyzhov","S.J","15","11.483333333333","3","14","17.65","2","8","20.00","2","8","20.00","0","2","0.00","0","0.47","0.33","1","6","14.29","0","0","-","0","0","-","1","6","14.29","0","1","0.00","0","11","0.00","0","1","0.00","0.00","75.00","0.750","0","0","4","4","0.00","0","0","8","0.00"
"615","Ian Cole","Robert Bortuzzo","UTA","17","11.483333333333","1","21","4.55","1","13","7.14","1","7","12.50","0","0","-","0","1.35","0.04","0","11","0.00","0","4","0.00","0","0","-","0","7","0.00","0","0","-","0","10","0.00","0","0","-","0.00","100.00","1.000","0","0","4","5","0.00","0","0","5","0.00"
"616","Dougie Hamilton","Jonas Siegenthaler","N.J","155","11.483333333333","3","13","18.75","3","9","25.00","2","6","25.00","0","1","0.00","0.46","0.66","40.82","3","5","37.50","2","1","66.67","0","1","0.00","1","4","20.00","0","0","-","0","10","0.00","0","0","-","0.00","83.33","0.833","1","1","3","24","25.00","1","1","4","20.00"
"617","Joel Edmundson","Jake McCabe","TOR","8","11.466666666667","1","26","3.70","1","18","5.26","1","13","7.14","0","1","0.00","0","0.93","0.00","0","13","0.00","0","6","0.00","0","0","-","0","7","0.00","0","0","-","1","21","4.55","0","1","0.00","0.00","92.31","0.923","0","0","9","6","0.00","1","1","14","6.67"
"618","Joel Edmundson","Martin Fehervary","WSH","33","11.45","1","15","6.25","1","9","10.00","1","7","12.50","0","1","0.00","0.09","0.77","10.85","0","5","0.00","0","2","0.00","0","0","-","0","3","0.00","0","0","-","1","11","8.33","0","1","0.00","0.00","85.71","0.857","0","0","2","13","0.00","0","0","3","0.00"
"619","Olli Maatta","Jake Walman","DET","113","11.45","8","12","40.00","7","8","46.67","5","7","41.67","0","0","-","0.83","0.73","53.25","4","8","33.33","3","2","60.00","0","0","-","1","6","14.29","0","0","-","1","4","20.00","0","0","-","0.00","100.00","1.000","0","0","2","47","0.00","0","0","2","0.00"
"620","Jack Johnson","Sean Walker","COL","18","11.4","3","13","18.75","2","11","15.38","1","8","11.11","0","2","0.00","0.43","1.18","26.68","2","10","16.67","2","5","28.57","0","1","0.00","0","5","0.00","0","1","0.00","1","10","9.09","0","0","-","0.00","75.00","0.750","0","0","8","9","0.00","0","2","14","0.00"
"621","Hampus Lindholm","Andrew Peeke","BOS","28","11.366666666667","3","21","12.50","2","14","12.50","2","7","22.22","0","0","-","0.17","1.54","10.01","1","13","7.14","1","4","20.00","0","0","-","0","9","0.00","0","0","-","1","8","11.11","0","0","-","0.00","100.00","1.000","0","0","3","10","0.00","0","0","6","0.00"
"622","Dmitry Kulikov","Uvis Balinskis","FLA","85","11.3","5","15","25.00","4","8","33.33","2","4","33.33","0","0","-","0.42","1.09","27.59","1","7","12.50","0","3","0.00","0","0","-","1","4","20.00","0","0","-","6","9","40.00","0","0","-","0.00","100.00","1.000","0","1","4","11","0.00","3","1","5","37.50"
"623","Cam Fowler","William Lagesson","ANA","10","11.266666666667","1","18","5.26","0","13","0.00","0","7","0.00","0","2","0.00","0","1.35","0.00","0","10","0.00","0","3","0.00","0","1","0.00","0","7","0.00","0","0","-","1","16","5.88","0","1","0.00","-","71.43","0.71","0","1","11","2","0.00","0","1","12","0.00"
"624","Erik Gustafsson","Braden Schneider","NYR","76","11.233333333333","4","14","22.22","3","12","20.00","3","9","25.00","0","2","0.00","0.19","1.27","13.24","2","7","22.22","1","5","16.67","0","2","0.00","1","2","33.33","0","0","-","2","8","20.00","0","0","-","0.00","77.78","0.778","0","1","0","16","-","3","2","0","100.00"
"625","Cam Fowler","Colton Parayko","STL","34","11.216666666667","2","22","8.33","2","16","11.11","0","13","0.00","0","2","0.00","0.17","2.29","7.02","1","12","7.69","1","7","12.50","0","1","0.00","0","5","0.00","0","1","0.00","0","23","0.00","0","0","-","-","84.62","0.85","0","0","17","4","0.00","0","0","21","0.00"
"626","Erik Cernak","Emil Martinsen Lilleberg","T.B","97","11.183333333333","5","20","20.00","5","12","29.41","4","9","30.77","1","0","100.00","0.49","1.26","28.10","3","10","23.08","2","4","33.33","0","0","-","1","6","14.29","0","0","-","1","12","7.69","1","0","100.00","25.00","100.00","1.250","1","2","6","8","14.29","1","5","13","7.14"
"627","Ian Cole","Quinn Hughes","VAN","78","11.116666666667","2","19","9.52","1","13","7.14","0","10","0.00","0","2","0.00","0.09","1.3","6.39","0","14","0.00","0","8","0.00","0","1","0.00","0","6","0.00","0","1","0.00","2","10","16.67","0","0","-","-","80.00","0.80","0","0","10","8","0.00","0","1","15","0.00"
"628","Erik Karlsson","Pierre-Olivier Joseph","PIT","76","11.116666666667","2","27","6.90","2","20","9.09","2","13","13.33","0","2","0.00","0","1.37","0.10","0","14","0.00","0","3","0.00","0","0","-","0","11","0.00","0","1","0.00","1","18","5.26","0","1","0.00","0.00","84.62","0.846","1","1","6","11","14.29","2","1","8","20.00"
"629","Luke Schenn","Dante Fabbro","NSH","45","11.083333333333","1","17","5.56","1","12","7.69","0","7","0.00","0","1","0.00","0.07","0.9","7.14","1","10","9.09","0","4","0.00","0","0","-","1","6","14.29","0","0","-","1","9","10.00","0","1","0.00","-","85.71","0.86","1","1","6","4","14.29","3","2","6","33.33"
"630","Kris Letang","Owen Pickering","PIT","21","11.05","1","27","3.57","0","22","0.00","0","15","0.00","0","1","0.00","0","2.64","0.00","0","14","0.00","0","7","0.00","0","1","0.00","0","7","0.00","0","0","-","2","24","7.69","0","0","-","-","93.33","0.93","0","3","10","2","0.00","1","3","16","5.88"
"631","Robert Bortuzzo","Niko Mikkola","STL","30","11","4","20","16.67","4","14","22.22","4","12","25.00","0","4","0.00","0.17","1.7","9.07","2","17","10.53","2","7","22.22","0","2","0.00","0","10","0.00","0","1","0.00","1","3","25.00","0","1","0.00","0.00","66.67","0.667","0","0","9","4","0.00","0","0","12","0.00"
"632","Sebastian Aho","Alexander Romanov","NYI","122","10.966666666667","3","27","10.00","3","21","12.50","3","18","14.29","0","4","0.00","0.25","2.05","10.68","3","13","18.75","0","4","0.00","0","2","0.00","3","9","25.00","0","1","0.00","0","15","0.00","0","1","0.00","0.00","77.78","0.778","0","0","3","15","0.00","0","1","6","0.00"
"633","Erik Johnson","Cale Makar","COL","62","10.95","4","21","16.00","4","15","21.05","3","11","21.43","0","0","-","0.1","1.82","5.45","0","12","0.00","0","7","0.00","0","0","-","0","5","0.00","0","0","-","2","11","15.38","0","0","-","0.00","100.00","1.000","0","0","4","31","0.00","0","0","9","0.00"
"634","Casey Fitzgerald","Rasmus Dahlin","BUF","22","10.883333333333","6","20","23.08","4","17","19.05","4","12","25.00","1","0","100.00","0.32","1.27","20.35","3","13","18.75","1","2","33.33","1","0","100.00","2","11","15.38","0","0","-","2","7","22.22","0","0","-","25.00","100.00","1.250","0","0","3","9","0.00","1","0","5","16.67"
"635","Brady Skjei","Alexandre Carrier","NSH","28","10.866666666667","1","16","5.88","1","14","6.67","1","11","8.33","0","2","0.00","0.11","1.24","8.10","1","10","9.09","0","4","0.00","0","1","0.00","1","6","14.29","0","1","0.00","1","8","11.11","0","0","-","0.00","81.82","0.818","1","1","8","11","11.11","1","2","10","9.09"
"636","Michael Kesselring","Connor Mackey","ARI","8","10.833333333333","0","20","0.00","0","18","0.00","0","13","0.00","0","3","0.00","0","2.01","0.00","0","16","0.00","0","7","0.00","0","1","0.00","0","9","0.00","0","2","0.00","0","4","0.00","0","0","-","-","76.92","0.77","0","1","2","8","0.00","0","1","3","0.00"
"637","Joshua Brown","Sean Durzi","ARI","49","10.8","2","17","10.53","2","11","15.38","2","8","20.00","0","0","-","0.01","0.76","1.00","0","7","0.00","0","1","0.00","0","0","-","0","6","0.00","0","0","-","0","12","0.00","0","0","-","0.00","100.00","1.000","0","0","2","23","0.00","0","0","3","0.00"
"638","Jakob Chychrun","Artem Zub","OTT","81","10.783333333333","6","12","33.33","6","10","37.50","6","7","46.15","1","2","33.33","0.49","1.56","23.75","4","7","36.36","2","4","33.33","1","1","50.00","2","3","40.00","0","1","0.00","1","6","14.29","0","0","-","16.67","71.43","0.881","1","2","4","22","20.00","1","2","4","20.00"
"639","Robert Bortuzzo","Colton Parayko","STL","47","10.733333333333","2","32","5.88","2","27","6.90","2","17","10.53","0","3","0.00","0.22","3.7","5.56","2","23","8.00","2","12","14.29","0","3","0.00","0","11","0.00","0","0","-","0","10","0.00","0","0","-","0.00","82.35","0.824","0","1","5","19","0.00","0","1","8","0.00"
"640","Mike Matheson","Justin Barron","MTL","95","10.6","6","22","21.43","6","17","26.09","6","10","37.50","1","3","25.00","0.51","1.39","26.85","4","13","23.53","2","6","25.00","1","1","50.00","2","7","22.22","0","1","0.00","0","13","0.00","0","1","0.00","16.67","70.00","0.867","0","3","4","7","0.00","0","4","8","0.00"
"641","Juuso Valimaki","Michael Kesselring","UTA","43","10.583333333333","1","22","4.35","1","20","4.76","1","17","5.56","0","4","0.00","0.09","2.25","3.75","1","14","6.67","0","9","0.00","0","3","0.00","1","5","16.67","0","1","0.00","0","9","0.00","0","0","-","0.00","76.47","0.765","0","1","3","9","0.00","0","1","5","0.00"
"642","Mike Matheson","Arber Xhekaj","MTL","129","10.55","1","24","4.00","1","21","4.55","1","16","5.88","0","1","0.00","0","2.86","0.00","0","15","0.00","0","7","0.00","0","0","-","0","8","0.00","0","1","0.00","1","11","8.33","0","0","-","0.00","93.75","0.938","0","0","1","12","0.00","1","1","4","20.00"
"643","Kevin Bahl","Simon Nemec","N.J","60","10.533333333333","4","24","14.29","3","16","15.79","2","8","20.00","0","0","-","0.19","1.52","11.02","1","10","9.09","0","6","0.00","0","0","-","1","4","20.00","0","0","-","3","16","15.79","0","0","-","0.00","100.00","1.000","0","0","2","8","0.00","1","0","3","25.00"
"644","Seth Jones","Andreas Englund","CHI","11","10.516666666667","1","19","5.00","1","13","7.14","1","7","12.50","0","2","0.00","0.24","1.11","17.66","1","8","11.11","1","2","33.33","0","0","-","0","6","0.00","0","1","0.00","0","11","0.00","0","1","0.00","0.00","71.43","0.714","0","1","8","4","0.00","0","1","11","0.00"
"645","Jalen Chatfield","Sean Walker","CAR","79","10.483333333333","5","13","27.78","4","11","26.67","4","8","33.33","1","1","50.00","0.25","1.11","18.71","2","9","18.18","0","2","0.00","0","1","0.00","2","7","22.22","0","0","-","3","5","37.50","1","0","100.00","25.00","87.50","1.125","0","0","3","10","0.00","2","0","3","40.00"
"646","Jake Walman","Jan Rutta","S.J","38","10.466666666667","8","16","33.33","7","13","35.00","5","8","38.46","1","1","50.00","0.35","1.66","17.53","4","10","28.57","1","7","12.50","1","1","50.00","3","3","50.00","0","0","-","1","6","14.29","0","0","-","20.00","87.50","1.075","0","0","1","13","0.00","0","1","1","0.00"
"647","Parker Wotherspoon","Mason Lohrei","BOS","74","10.466666666667","3","9","25.00","2","7","22.22","1","4","20.00","0","1","0.00","0.09","0.76","10.41","2","6","25.00","1","2","33.33","0","1","0.00","1","4","20.00","0","0","-","2","4","33.33","0","0","-","0.00","75.00","0.750","0","1","0","8","-","1","2","2","33.33"
"648","Dylan DeMelo","Nate Schmidt","WPG","127","10.45","5","18","21.74","4","14","22.22","4","12","25.00","0","5","0.00","0.26","1.73","13.26","2","12","14.29","1","5","16.67","0","4","0.00","1","7","12.50","0","0","-","1","7","12.50","0","1","0.00","0.00","58.33","0.583","0","1","2","17","0.00","0","3","2","0.00"
"649","Jacob Trouba","Niko Mikkola","NYR","31","10.45","1","16","5.88","1","13","7.14","1","9","10.00","0","4","0.00","0.08","1.46","5.20","1","10","9.09","0","6","0.00","0","1","0.00","1","4","20.00","0","2","0.00","0","6","0.00","0","1","0.00","0.00","55.56","0.556","0","0","9","9","0.00","1","0","13","7.14"
"650","Oliver Ekman-Larsson","Niko Mikkola","FLA","80","10.383333333333","1","16","5.88","1","11","8.33","1","6","14.29","0","0","-","0","0.79","0.08","0","8","0.00","0","4","0.00","0","0","-","0","4","0.00","0","0","-","0","8","0.00","0","0","-","0.00","100.00","1.000","0","0","0","24","-","0","0","0","-"
"651","Seth Jones","Isaak Phillips","CHI","42","10.35","4","9","30.77","3","8","27.27","3","7","30.00","0","0","-","0.19","0.67","21.83","3","5","37.50","1","2","33.33","0","0","-","2","3","40.00","0","0","-","0","4","0.00","0","0","-","0.00","100.00","1.000","0","2","4","7","0.00","0","3","5","0.00"
"652","Devon Toews","Bowen Byram","COL","95","10.316666666667","4","19","17.39","3","14","17.65","2","9","18.18","0","1","0.00","0.2","1.78","10.08","3","13","18.75","0","5","0.00","0","1","0.00","3","8","27.27","0","0","-","1","10","9.09","0","0","-","0.00","88.89","0.889","0","2","3","19","0.00","0","3","6","0.00"
"653","Juuso Valimaki","Michael Kesselring","ARI","60","10.283333333333","2","18","10.00","2","15","11.76","2","9","18.18","0","1","0.00","0.08","1.41","5.24","1","14","6.67","0","6","0.00","0","0","-","1","8","11.11","0","1","0.00","1","6","14.29","0","0","-","0.00","88.89","0.889","0","1","5","19","0.00","1","1","6","14.29"
"654","Travis Sanheim","Egor Zamula","PHI","142","10.266666666667","8","9","47.06","7","6","53.85","7","3","70.00","3","2","60.00","0.39","1.34","22.76","3","3","50.00","1","3","25.00","0","0","-","2","0","100.00","2","0","100.00","3","7","30.00","1","2","33.33","42.86","33.33","0.762","0","1","2","13","0.00","1","3","2","33.33"
"655","Ilya Lyubushkin","Thomas Harley","DAL","76","10.25","4","30","11.76","4","26","13.33","3","15","16.67","0","1","0.00","0.4","3.31","10.82","4","14","22.22","2","11","15.38","0","1","0.00","2","3","40.00","0","0","-","1","19","5.00","0","0","-","0.00","93.33","0.933","0","2","5","3","0.00","1","2","8","11.11"
"656","Kyle Burroughs","Guillaume Brisebois","VAN","17","10.233333333333","1","15","6.25","1","11","8.33","1","6","14.29","0","0","-","0.1","0.9","9.87","1","9","10.00","1","3","25.00","0","0","-","0","6","0.00","0","0","-","0","5","0.00","0","0","-","0.00","100.00","1.000","0","0","4","5","0.00","1","1","4","20.00"
"657","MacKenzie Weegar","Dennis Gilbert","CGY","57","10.233333333333","9","20","31.03","6","12","33.33","5","7","41.67","1","1","50.00","0.54","1.11","32.80","3","13","18.75","3","3","50.00","1","1","50.00","0","10","0.00","0","0","-","4","9","30.77","0","0","-","20.00","85.71","1.057","0","0","1","9","0.00","0","0","2","0.00"
"658","Egor Zamula","Cam York","PHI","120","10.233333333333","3","14","17.65","1","6","14.29","1","4","20.00","0","0","-","0.03","1.27","2.23","0","10","0.00","0","3","0.00","0","0","-","0","7","0.00","0","0","-","2","5","28.57","0","0","-","0.00","100.00","1.000","0","3","1","15","0.00","1","6","1","50.00"
"659","Jordan Harris","Justin Barron","MTL","59","10.216666666667","2","14","12.50","2","11","15.38","2","8","20.00","0","2","0.00","0.17","0.98","14.65","2","6","25.00","0","3","0.00","0","1","0.00","2","3","40.00","0","1","0.00","1","8","11.11","0","0","-","0.00","75.00","0.750","0","1","1","5","0.00","3","2","2","60.00"
"660","Brayden McNabb","Shea Theodore","VGK","169","10.166666666667","4","9","30.77","3","4","42.86","2","3","40.00","1","2","33.33","0.23","0.31","42.54","2","3","40.00","1","1","50.00","0","0","-","1","2","33.33","1","1","50.00","2","11","15.38","0","1","0.00","50.00","33.33","0.833","0","1","16","8","0.00","1","3","17","5.56"
"661","Justin Holl","Morgan Rielly","TOR","63","10.133333333333","6","12","33.33","5","7","41.67","4","4","50.00","0","0","-","0.34","0.71","32.15","2","5","28.57","1","3","25.00","0","0","-","1","2","33.33","0","0","-","3","7","30.00","0","0","-","0.00","100.00","1.000","0","2","3","13","0.00","0","4","8","0.00"
"662","Kyle Burroughs","Henry Thrun","S.J","45","10.083333333333","0","15","0.00","0","12","0.00","0","9","0.00","0","2","0.00","0","0.94","0.00","0","13","0.00","0","3","0.00","0","0","-","0","10","0.00","0","2","0.00","0","6","0.00","0","0","-","-","77.78","0.78","0","1","6","10","0.00","0","1","7","0.00"
"663","Calvin de Haan","Matt Dumba","T.B","6","10.016666666667","0","23","0.00","0","18","0.00","0","13","0.00","0","1","0.00","0","1.75","0.00","0","15","0.00","0","6","0.00","0","1","0.00","0","9","0.00","0","0","-","0","11","0.00","0","0","-","-","92.31","0.92","0","2","2","7","0.00","1","2","4","20.00"
"664","Erik Gudbranson","Damon Severson","CBJ","74","10","4","20","16.67","4","17","19.05","3","12","20.00","1","0","100.00","0.5","2.02","19.87","2","10","16.67","2","6","25.00","1","0","100.00","0","4","0.00","0","0","-","2","16","11.11","0","0","-","33.33","100.00","1.333","0","0","5","20","0.00","1","0","10","9.09"
"665","Keaton Middleton","Samuel Girard","COL","32","10","1","11","8.33","1","11","8.33","1","6","14.29","0","1","0.00","0.05","0.84","5.43","1","6","14.29","0","1","0.00","0","0","-","1","5","16.67","0","1","0.00","1","5","16.67","0","0","-","0.00","83.33","0.833","1","0","1","13","50.00","1","0","1","50.00"
"666","MacKenzie Weegar","Jake Bean","CGY","63","9.9833333333333","1","15","6.25","1","13","7.14","1","10","9.09","0","1","0.00","0","1.56","0.06","0","9","0.00","0","4","0.00","0","0","-","0","5","0.00","0","0","-","0","10","0.00","0","1","0.00","0.00","90.00","0.900","1","0","5","9","16.67","1","0","7","12.50"
"667","Brent Burns","Dmitry Orlov","CAR","158","9.9333333333333","5","8","38.46","5","6","45.45","4","4","50.00","1","1","50.00","0.27","0.57","32.68","2","4","33.33","2","2","50.00","0","1","0.00","0","2","0.00","0","0","-","0","3","0.00","0","0","-","25.00","75.00","1.000","0","0","2","22","0.00","0","0","3","0.00"
"668","Victor Hedman","Haydn Fleury","T.B","45","9.9333333333333","4","17","19.05","3","13","18.75","3","11","21.43","0","2","0.00","0.17","1.19","12.77","3","7","30.00","1","3","25.00","0","1","0.00","2","4","33.33","0","1","0.00","0","12","0.00","0","0","-","0.00","81.82","0.818","0","0","3","6","0.00","1","0","4","20.00"
"669","Callan Foote","Spencer Stastney","NSH","8","9.9166666666667","3","13","18.75","3","9","25.00","2","5","28.57","1","0","100.00","0.1","0.67","12.77","2","8","20.00","0","1","0.00","0","0","-","2","7","22.22","1","0","100.00","0","5","0.00","0","0","-","50.00","100.00","1.500","0","0","3","3","0.00","1","2","5","16.67"
"670","Ben Chiarot","Jake Walman","DET","115","9.9","6","14","30.00","6","9","40.00","5","7","41.67","1","1","50.00","0.28","0.85","24.56","2","6","25.00","2","2","50.00","1","0","100.00","0","4","0.00","0","1","0.00","1","8","11.11","0","0","-","20.00","85.71","1.057","0","0","1","65","0.00","0","0","2","0.00"
"671","Jeff Petry","Justin Holl","DET","64","9.8833333333333","1","20","4.76","1","12","7.69","1","5","16.67","0","1","0.00","0.01","0.81","0.94","0","8","0.00","0","1","0.00","0","1","0.00","0","7","0.00","0","0","-","1","11","8.33","0","0","-","0.00","80.00","0.800","0","0","2","11","0.00","2","0","2","50.00"
"672","Cody Ceci","Vincent Desharnais","EDM","109","9.8666666666667","3","15","16.67","3","12","20.00","2","10","16.67","1","1","50.00","0.35","1.5","18.88","3","10","23.08","1","5","16.67","0","1","0.00","2","5","28.57","1","0","100.00","0","4","0.00","0","0","-","50.00","90.00","1.400","0","0","0","57","-","0","0","0","-"
"673","Mario Ferraro","Ty Emberson","S.J","28","9.8666666666667","3","22","12.00","3","19","13.64","2","12","14.29","0","3","0.00","0.07","1.92","3.72","0","16","0.00","0","5","0.00","0","1","0.00","0","11","0.00","0","0","-","2","13","13.33","0","2","0.00","0.00","75.00","0.750","0","1","5","2","0.00","0","2","10","0.00"
"674","Jake Muzzin","Justin Holl","TOR","4","9.8333333333333","5","20","20.00","5","13","27.78","5","8","38.46","0","2","0.00","0.54","0.9","37.21","3","8","27.27","2","2","50.00","0","0","-","1","6","14.29","0","2","0.00","1","12","7.69","0","0","-","0.00","75.00","0.750","0","0","9","3","0.00","2","0","11","15.38"
"675","Connor Murphy","Nolan Allan","CHI","33","9.8333333333333","1","18","5.26","1","14","6.67","1","12","7.69","0","1","0.00","0.01","1.5","0.37","0","10","0.00","0","4","0.00","0","0","-","0","6","0.00","0","0","-","0","10","0.00","0","1","0.00","0.00","91.67","0.917","0","1","3","4","0.00","0","1","5","0.00"
"676","Colin Miller","Miro Heiskanen","DAL","76","9.8333333333333","4","13","23.53","4","8","33.33","4","6","40.00","0","0","-","0.13","0.56","19.40","1","5","16.67","0","1","0.00","0","0","-","1","4","20.00","0","0","-","2","9","18.18","0","0","-","0.00","100.00","1.000","2","1","5","12","28.57","3","2","6","33.33"
"677","Cody Ceci","Lian Bichsel","DAL","26","9.8333333333333","2","18","10.00","2","15","11.76","2","13","13.33","0","2","0.00","0.24","2.14","9.95","2","13","13.33","1","9","10.00","0","1","0.00","1","4","20.00","0","0","-","0","11","0.00","0","1","0.00","0.00","84.62","0.846","0","0","5","4","0.00","0","0","9","0.00"
"678","Radko Gudas","Josh Mahura","FLA","72","9.8166666666667","2","15","11.76","2","9","18.18","2","6","25.00","0","0","-","0","0.92","0.29","0","8","0.00","0","1","0.00","0","0","-","0","7","0.00","0","0","-","0","5","0.00","0","0","-","0.00","100.00","1.000","0","1","3","6","0.00","1","2","5","16.67"
"679","Colton Parayko","Philip Broberg","STL","50","9.8166666666667","5","16","23.81","5","14","26.32","4","9","30.77","1","2","33.33","0.24","1.58","13.23","2","12","14.29","1","2","33.33","1","0","100.00","1","10","9.09","0","2","0.00","2","8","20.00","0","0","-","25.00","77.78","1.028","1","1","10","4","9.09","1","1","12","7.69"
"680","Andrew Peeke","Nick Blankenburg","CBJ","41","9.8166666666667","5","12","29.41","3","12","20.00","3","10","23.08","0","1","0.00","0.11","1.21","8.12","3","6","33.33","1","3","25.00","0","0","-","2","3","40.00","0","0","-","0","6","0.00","0","1","0.00","0.00","90.00","0.900","0","0","1","12","0.00","0","2","6","0.00"
"681","Rasmus Andersson","Ilya Solovyov","CGY","13","9.8","1","17","5.56","1","13","7.14","1","9","10.00","0","0","-","0","0.95","0.16","0","8","0.00","0","3","0.00","0","0","-","0","5","0.00","0","0","-","0","13","0.00","0","0","-","0.00","100.00","1.000","0","0","7","7","0.00","0","1","12","0.00"
"682","Connor Clifton","Jakub Zboril","BOS","21","9.7833333333333","5","13","27.78","5","11","31.25","4","10","28.57","0","0","-","0.31","1.24","20.12","4","9","30.77","2","5","28.57","0","0","-","2","4","33.33","0","0","-","1","4","20.00","0","0","-","0.00","100.00","1.000","0","0","2","2","0.00","0","1","3","0.00"
"683","Jonas Brodin","Jacob Middleton","MIN","154","9.7666666666667","2","16","11.11","2","9","18.18","2","6","25.00","0","0","-","0.24","1.01","19.39","2","12","14.29","2","3","40.00","0","0","-","0","9","0.00","0","0","-","0","7","0.00","0","0","-","0.00","100.00","1.000","0","1","2","28","0.00","0","1","5","0.00"
"684","Cale Makar","Bowen Byram","COL","76","9.75","6","12","33.33","6","7","46.15","5","6","45.45","1","0","100.00","0.61","0.66","47.94","3","7","30.00","1","2","33.33","0","0","-","2","5","28.57","1","0","100.00","1","7","12.50","0","0","-","20.00","100.00","1.200","0","3","4","0","0.00","0","4","5","0.00"
"685","Alec Martinez","Connor Murphy","CHI","35","9.7333333333333","1","22","4.35","1","18","5.26","1","12","7.69","0","2","0.00","0.09","2.22","3.92","1","12","7.69","1","9","10.00","0","2","0.00","0","3","0.00","0","0","-","0","13","0.00","0","0","-","0.00","83.33","0.833","0","0","4","11","0.00","0","2","7","0.00"
"686","TJ Brodie","Simon Benoit","TOR","60","9.7","1","23","4.17","1","20","4.76","0","14","0.00","0","1","0.00","0","2.16","0.05","0","14","0.00","0","5","0.00","0","1","0.00","0","9","0.00","0","0","-","0","10","0.00","0","0","-","-","92.86","0.93","0","1","4","10","0.00","0","1","6","0.00"
"687","Niko Mikkola","Uvis Balinskis","FLA","96","9.6833333333333","1","15","6.25","1","11","8.33","1","9","10.00","0","0","-","0","0.6","0.18","0","3","0.00","0","1","0.00","0","0","-","0","2","0.00","0","0","-","0","12","0.00","0","0","-","0.00","100.00","1.000","0","1","3","9","0.00","0","3","7","0.00"
"688","Spencer Stastney","Marc Del Gaizo","NSH","16","9.6833333333333","1","11","8.33","1","7","12.50","1","5","16.67","0","1","0.00","0.12","0.66","14.86","1","3","25.00","1","1","50.00","0","0","-","0","2","0.00","0","0","-","0","8","0.00","0","1","0.00","0.00","80.00","0.800","0","0","2","5","0.00","0","1","2","0.00"
"689","Hampus Lindholm","Jakub Zboril","BOS","21","9.6333333333333","3","15","16.67","2","11","15.38","1","9","10.00","0","2","0.00","0.07","1.18","5.61","1","7","12.50","1","3","25.00","0","0","-","0","4","0.00","0","2","0.00","2","7","22.22","0","0","-","0.00","77.78","0.778","0","2","3","1","0.00","0","3","4","0.00"
"690","Jaycob Megna","Mario Ferraro","S.J","38","9.6","4","11","26.67","2","6","25.00","2","5","28.57","0","1","0.00","0.07","0.57","10.95","2","5","28.57","0","2","0.00","0","0","-","2","3","40.00","0","0","-","0","10","0.00","0","1","0.00","0.00","80.00","0.800","0","0","4","26","0.00","0","1","6","0.00"
"691","Mikey Anderson","Jordan Spence","L.A","142","9.4666666666667","2","13","13.33","2","9","18.18","1","6","14.29","0","1","0.00","0.17","0.94","15.54","1","8","11.11","1","1","50.00","0","1","0.00","0","7","0.00","0","0","-","1","6","14.29","0","0","-","0.00","83.33","0.833","0","0","2","9","0.00","0","0","4","0.00"
"692","David Savard","Arber Xhekaj","MTL","133","9.4166666666667","0","19","0.00","0","11","0.00","0","7","0.00","0","1","0.00","0","1.37","0.00","0","7","0.00","0","5","0.00","0","0","-","0","2","0.00","0","1","0.00","1","15","6.25","0","0","-","-","85.71","0.86","0","3","5","12","0.00","1","2","6","14.29"
"693","Chad Ruhwedel","Urho Vaakanainen","NYR","3","9.4166666666667","2","18","10.00","2","17","10.53","2","8","20.00","0","0","-","0.2","1.44","12.46","2","11","15.38","1","5","16.67","0","0","-","1","6","14.29","0","0","-","0","8","0.00","0","0","-","0.00","100.00","1.000","0","1","2","4","0.00","0","1","2","0.00"
"694","Dmitry Kulikov","Aaron Ekblad","FLA","103","9.4","9","9","50.00","7","8","46.67","5","4","55.56","2","0","100.00","0.45","0.84","34.87","5","5","50.00","1","3","25.00","0","0","-","4","2","66.67","2","0","100.00","3","4","42.86","0","0","-","40.00","100.00","1.400","0","0","1","61","0.00","0","2","2","0.00"
"695","Marc-Edouard Vlasic","Erik Karlsson","S.J","78","9.3833333333333","4","13","23.53","3","9","25.00","3","6","33.33","1","0","100.00","0.33","1.11","22.86","4","8","33.33","1","5","16.67","0","0","-","3","3","50.00","1","0","100.00","0","6","0.00","0","0","-","33.33","100.00","1.333","0","1","2","10","0.00","1","2","2","33.33"
"696","Shayne Gostisbehere","Janis Moser","ARI","52","9.3","1","24","4.00","1","21","4.55","1","12","7.69","0","3","0.00","0","2.47","0.04","0","18","0.00","0","9","0.00","0","1","0.00","0","9","0.00","0","1","0.00","0","6","0.00","0","1","0.00","0.00","75.00","0.750","0","1","7","8","0.00","0","1","7","0.00"
"697","Marc-Edouard Vlasic","Scott Harrington","S.J","27","9.25","4","11","26.67","3","5","37.50","3","3","50.00","0","0","-","0.24","0.36","40.49","2","5","28.57","1","1","50.00","0","0","-","1","4","20.00","0","0","-","1","7","12.50","0","0","-","0.00","100.00","1.000","0","1","2","2","0.00","0","1","3","0.00"
"698","Nate Schmidt","Logan Stanley","WPG","29","9.2333333333333","2","11","15.38","2","5","28.57","1","4","20.00","0","0","-","0.07","0.43","14.14","1","5","16.67","0","2","0.00","0","0","-","1","3","25.00","0","0","-","1","5","16.67","0","0","-","0.00","100.00","1.000","0","1","2","7","0.00","1","1","2","33.33"
"699","Nikita Zaitsev","Artem Zub","OTT","8","9.2333333333333","3","14","17.65","2","13","13.33","2","8","20.00","0","0","-","0.16","1.09","12.91","1","11","8.33","1","3","25.00","0","0","-","0","8","0.00","0","0","-","1","3","25.00","0","0","-","0.00","100.00","1.000","1","0","5","4","16.67","1","1","5","16.67"
"700","Jani Hakanpaa","Miro Heiskanen","DAL","133","9.2166666666667","2","13","13.33","2","12","14.29","2","9","18.18","0","1","0.00","0","1.26","0.23","0","7","0.00","0","3","0.00","0","0","-","0","4","0.00","0","1","0.00","0","6","0.00","0","0","-","0.00","88.89","0.889","0","0","1","12","0.00","0","0","2","0.00"
"701","Mario Ferraro","Timothy Liljegren","S.J","63","9.2","2","24","7.69","2","21","8.70","2","16","11.11","0","4","0.00","0.03","2.95","0.91","0","18","0.00","0","7","0.00","0","2","0.00","0","11","0.00","0","1","0.00","1","13","7.14","0","1","0.00","0.00","75.00","0.750","0","0","4","2","0.00","0","0","11","0.00"
"702","Darnell Nurse","Ty Emberson","EDM","70","9.1833333333333","4","27","12.90","3","19","13.64","2","12","14.29","1","2","33.33","0.1","2.97","3.32","1","17","5.56","0","8","0.00","0","2","0.00","1","9","10.00","1","0","100.00","1","18","5.26","0","0","-","50.00","83.33","1.333","0","1","8","10","0.00","0","2","12","0.00"
"703","Jamie Oleksiak","Ryker Evans","SEA","109","9.1333333333333","1","17","5.56","1","14","6.67","1","10","9.09","0","1","0.00","0.04","1.39","2.72","0","12","0.00","0","4","0.00","0","0","-","0","8","0.00","0","1","0.00","1","7","12.50","0","0","-","0.00","90.00","0.900","0","0","4","5","0.00","0","0","4","0.00"
"704","Luke Schenn","Tyler Myers","VAN","52","9.1166666666667","1","22","4.35","1","18","5.26","1","12","7.69","0","5","0.00","0.11","1.74","6.15","1","12","7.69","1","5","16.67","0","2","0.00","0","7","0.00","0","1","0.00","0","10","0.00","0","2","0.00","0.00","58.33","0.583","0","1","6","14","0.00","0","1","10","0.00"
"705","Matt Roy","Jacob Moverare","L.A","26","9.0666666666667","1","21","4.55","1","16","5.88","1","10","9.09","1","2","33.33","0.49","2.26","17.86","0","11","0.00","0","8","0.00","0","1","0.00","0","3","0.00","0","1","0.00","0","14","0.00","0","0","-","100.00","80.00","1.800","0","1","7","3","0.00","0","1","10","0.00"
"706","Nate Schmidt","Josh Morrissey","WPG","130","9.05","8","9","47.06","7","7","50.00","7","5","58.33","1","0","100.00","0.39","0.44","47.25","4","4","50.00","1","1","50.00","1","0","100.00","3","3","50.00","0","0","-","4","3","57.14","0","0","-","14.29","100.00","1.143","1","4","2","18","33.33","2","5","2","50.00"
"707","Dante Fabbro","Spencer Stastney","NSH","17","9.0333333333333","0","14","0.00","0","12","0.00","0","9","0.00","0","0","-","0","1.15","0.00","0","4","0.00","0","3","0.00","0","0","-","0","1","0.00","0","0","-","0","11","0.00","0","0","-","-","100.00","1.00","0","0","2","5","0.00","0","1","4","0.00"
"708","Darren Raddysh","Mikhail Sergachev","T.B","50","9","3","11","21.43","3","8","27.27","2","5","28.57","0","0","-","0.17","0.69","19.60","2","6","25.00","1","3","25.00","0","0","-","1","3","25.00","0","0","-","1","6","14.29","0","0","-","0.00","100.00","1.000","2","0","2","13","50.00","2","0","2","50.00"
"709","Jake McCabe","Conor Timmins","TOR","68","8.9666666666667","2","14","12.50","2","11","15.38","1","9","10.00","0","2","0.00","0.12","1.26","8.96","1","8","11.11","1","4","20.00","0","0","-","0","4","0.00","0","1","0.00","1","8","11.11","0","1","0.00","0.00","77.78","0.778","0","0","5","9","0.00","0","1","9","0.00"
"710","Matt Roy","Sean Walker","L.A","70","8.95","3","8","27.27","3","7","30.00","2","5","28.57","0","1","0.00","0.22","0.71","23.50","1","5","16.67","0","3","0.00","0","1","0.00","1","2","33.33","0","0","-","2","6","25.00","0","0","-","0.00","80.00","0.800","0","0","3","9","0.00","0","1","3","0.00"
"711","Jordie Benn","Timothy Liljegren","TOR","12","8.9333333333333","5","12","29.41","5","11","31.25","5","10","33.33","1","2","33.33","0.54","0.78","40.96","2","8","20.00","2","0","100.00","1","0","100.00","0","8","0.00","0","1","0.00","2","5","28.57","0","1","0.00","20.00","80.00","1.000","1","1","3","5","25.00","1","1","3","25.00"
"712","Marc-Edouard Vlasic","Jaycob Megna","S.J","47","8.9","0","12","0.00","0","9","0.00","0","6","0.00","0","0","-","0","0.64","0.00","0","9","0.00","0","2","0.00","0","0","-","0","7","0.00","0","0","-","0","5","0.00","0","0","-","-","100.00","1.00","0","0","1","13","0.00","0","0","3","0.00"
"713","Brett Pesce","Johnathan Kovacevic","N.J","72","8.9","0","15","0.00","0","10","0.00","0","5","0.00","0","1","0.00","0","0.84","0.00","0","9","0.00","0","3","0.00","0","0","-","0","6","0.00","0","1","0.00","0","11","0.00","0","0","-","-","80.00","0.80","0","0","3","48","0.00","0","1","6","0.00"
"714","Rasmus Andersson","Oliver Kylington","CGY","33","8.8833333333333","2","23","8.00","2","19","9.52","2","14","12.50","0","1","0.00","0","2.13","0.21","0","17","0.00","0","9","0.00","0","1","0.00","0","8","0.00","0","0","-","1","7","12.50","0","0","-","0.00","92.86","0.929","1","1","3","4","25.00","3","1","3","50.00"
"715","Alexandre Carrier","Arber Xhekaj","MTL","42","8.8666666666667","2","7","22.22","2","4","33.33","2","2","50.00","0","1","0.00","0.01","0.35","2.64","0","4","0.00","0","0","-","0","0","-","0","4","0.00","0","1","0.00","0","4","0.00","0","0","-","0.00","50.00","0.500","0","2","1","9","0.00","0","3","2","0.00"
"716","Niko Mikkola","Braden Schneider","NYR","30","8.8666666666667","0","16","0.00","0","12","0.00","0","6","0.00","0","0","-","0","1.87","0.00","0","14","0.00","0","7","0.00","0","0","-","0","7","0.00","0","0","-","0","3","0.00","0","0","-","-","100.00","1.00","0","2","6","2","0.00","0","2","7","0.00"
"717","Tony DeAngelo","Alexander Romanov","NYI","31","8.85","3","20","13.04","3","15","16.67","3","10","23.08","0","1","0.00","0.21","2.3","8.29","3","11","21.43","0","8","0.00","0","0","-","3","3","50.00","0","0","-","1","11","8.33","0","1","0.00","0.00","90.00","0.900","0","0","4","11","0.00","1","2","4","20.00"
"718","Ryan Suter","Philip Broberg","STL","68","8.8333333333333","1","14","6.67","1","10","9.09","1","7","12.50","0","3","0.00","0.09","0.98","8.52","0","12","0.00","0","1","0.00","0","1","0.00","0","11","0.00","0","2","0.00","1","5","16.67","0","0","-","0.00","57.14","0.571","0","0","2","19","0.00","0","0","4","0.00"
"719","Erik Karlsson","Matt Grzelcyk","PIT","82","8.8333333333333","2","12","14.29","2","10","16.67","2","8","20.00","0","1","0.00","0.13","0.6","17.76","1","2","33.33","1","0","100.00","0","0","-","0","2","0.00","0","0","-","1","13","7.14","0","1","0.00","0.00","87.50","0.875","0","1","1","9","0.00","1","1","4","20.00"
"720","Nick Seeler","Tony DeAngelo","PHI","67","8.8333333333333","4","18","18.18","4","17","19.05","3","11","21.43","0","1","0.00","0.22","2.37","8.47","1","11","8.33","1","9","10.00","0","1","0.00","0","2","0.00","0","0","-","2","9","18.18","0","0","-","0.00","90.91","0.909","0","0","3","8","0.00","1","0","5","16.67"
"721","Seth Jones","Nolan Allan","CHI","29","8.8333333333333","3","14","17.65","3","9","25.00","2","6","25.00","0","0","-","0.11","1.04","9.58","2","8","20.00","0","3","0.00","0","0","-","2","5","28.57","0","0","-","0","8","0.00","0","0","-","0.00","100.00","1.000","0","0","6","4","0.00","0","1","7","0.00"
"722","Ryan Suter","Christopher Tanev","DAL","19","8.8166666666667","2","20","9.09","2","16","11.11","2","9","18.18","1","1","50.00","0.14","1.46","8.88","2","9","18.18","1","4","20.00","1","0","100.00","1","5","16.67","0","1","0.00","0","15","0.00","0","0","-","50.00","88.89","1.389","0","0","4","6","0.00","0","1","8","0.00"
"723","John Marino","Sean Durzi","UTA","21","8.8166666666667","1","9","10.00","1","7","12.50","0","5","0.00","0","1","0.00","0.02","0.86","1.80","0","6","0.00","0","4","0.00","0","1","0.00","0","2","0.00","0","0","-","0","4","0.00","0","0","-","-","80.00","0.80","0","0","3","7","0.00","0","0","4","0.00"
"724","Nick Leddy","Calle Rosen","STL","51","8.7666666666667","0","18","0.00","0","15","0.00","0","13","0.00","0","1","0.00","0","1.24","0.00","0","11","0.00","0","4","0.00","0","0","-","0","7","0.00","0","1","0.00","0","8","0.00","0","0","-","-","92.31","0.92","0","1","2","4","0.00","0","1","2","0.00"
"725","Nick Leddy","Niko Mikkola","STL","46","8.75","1","10","9.09","1","9","10.00","1","6","14.29","0","2","0.00","0.05","0.66","7.62","0","4","0.00","0","2","0.00","0","1","0.00","0","2","0.00","0","0","-","1","6","14.29","0","1","0.00","0.00","66.67","0.667","0","1","4","16","0.00","1","3","4","20.00"
"726","Thomas Chabot","Jacob Bernard-Docker","OTT","76","8.75","1","10","9.09","1","5","16.67","1","5","16.67","0","0","-","0","0.93","0.29","0","8","0.00","0","4","0.00","0","0","-","0","4","0.00","0","0","-","1","2","33.33","0","0","-","0.00","100.00","1.000","1","0","0","7","100.00","2","1","1","66.67"
"727","Brendan Smith","Dougie Hamilton","N.J","80","8.7333333333333","2","17","10.53","1","14","6.67","1","12","7.69","0","3","0.00","0.03","1.43","2.34","1","10","9.09","0","2","0.00","0","0","-","1","8","11.11","0","2","0.00","1","9","10.00","0","1","0.00","0.00","75.00","0.750","0","1","3","4","0.00","2","1","4","33.33"
"728","Erik Karlsson","Conor Timmins","PIT","17","8.7333333333333","5","11","31.25","5","9","35.71","4","5","44.44","0","0","-","0.23","0.47","32.69","1","4","20.00","0","1","0.00","0","0","-","1","3","25.00","0","0","-","2","9","18.18","0","0","-","0.00","100.00","1.000","1","1","4","9","20.00","1","1","6","14.29"
"729","Gustav Forsling","Uvis Balinskis","FLA","98","8.7166666666667","1","13","7.14","1","11","8.33","1","7","12.50","1","1","50.00","0.05","1.39","3.29","0","7","0.00","0","4","0.00","0","1","0.00","0","3","0.00","0","0","-","0","10","0.00","0","0","-","100.00","85.71","1.857","0","0","2","10","0.00","0","2","5","0.00"
"730","Jayden Struble","Kaiden Guhle","MTL","80","8.7","3","15","16.67","2","9","18.18","1","6","14.29","0","0","-","0.16","0.83","16.31","1","6","14.29","1","1","50.00","0","0","-","0","5","0.00","0","0","-","1","10","9.09","0","0","-","0.00","100.00","1.000","0","0","2","14","0.00","1","1","3","25.00"
"731","Louis Crevier","Nolan Allan","CHI","16","8.7","2","11","15.38","2","7","22.22","2","6","25.00","1","0","100.00","0.26","0.67","27.64","2","7","22.22","2","3","40.00","1","0","100.00","0","4","0.00","0","0","-","0","5","0.00","0","0","-","50.00","100.00","1.500","0","1","1","6","0.00","0","1","2","0.00"
"732","Justin Braun","Nick Seeler","PHI","46","8.6666666666667","4","6","40.00","4","4","50.00","3","4","42.86","0","1","0.00","0.53","0.37","58.93","4","3","57.14","3","1","75.00","0","0","-","1","2","33.33","0","1","0.00","0","4","0.00","0","0","-","0.00","75.00","0.750","0","2","2","9","0.00","0","2","2","0.00"
"733","Oliver Ekman-Larsson","Ethan Bear","VAN","41","8.6666666666667","2","7","22.22","2","3","40.00","2","1","66.67","0","0","-","0.11","0.31","26.66","0","5","0.00","0","3","0.00","0","0","-","0","2","0.00","0","0","-","1","2","33.33","0","0","-","0.00","100.00","1.000","0","0","3","9","0.00","0","0","7","0.00"
"734","Devon Toews","Sean Walker","COL","18","8.6666666666667","3","12","20.00","3","11","21.43","3","8","27.27","0","1","0.00","0.35","1.26","21.72","2","6","25.00","1","4","20.00","0","1","0.00","1","2","33.33","0","0","-","1","12","7.69","0","0","-","0.00","87.50","0.875","0","0","6","4","0.00","0","0","10","0.00"
"735","Filip Hronek","Vincent Desharnais","VAN","16","8.65","2","9","18.18","1","7","12.50","0","4","0.00","0","0","-","0.04","0.43","7.84","0","4","0.00","0","1","0.00","0","0","-","0","3","0.00","0","0","-","1","7","12.50","0","0","-","-","100.00","1.00","0","0","3","8","0.00","0","0","4","0.00"
"736","Carson Soucy","Vince Dunn","SEA","77","8.6333333333333","0","8","0.00","0","5","0.00","0","4","0.00","0","2","0.00","0","0.37","0.00","0","6","0.00","0","3","0.00","0","0","-","0","3","0.00","0","1","0.00","0","1","0.00","0","1","0.00","-","50.00","0.50","0","0","2","8","0.00","0","0","4","0.00"
"737","Brayden McNabb","Brayden Pachal","VGK","27","8.6166666666667","1","16","5.88","1","12","7.69","1","9","10.00","0","4","0.00","0","1.21","0.01","0","10","0.00","0","6","0.00","0","3","0.00","0","4","0.00","0","1","0.00","0","14","0.00","0","0","-","0.00","55.56","0.556","0","1","6","9","0.00","0","1","10","0.00"
"738","Kyle Burroughs","Ethan Bear","VAN","29","8.6166666666667","5","16","23.81","5","12","29.41","5","6","45.45","1","1","50.00","0.34","1.06","24.05","3","6","33.33","2","2","50.00","1","0","100.00","1","4","20.00","0","1","0.00","1","9","10.00","0","0","-","20.00","83.33","1.033","0","0","3","13","0.00","0","1","5","0.00"
"739","Derek Forbort","Carson Soucy","VAN","33","8.5666666666667","7","9","43.75","7","6","53.85","6","4","60.00","1","2","33.33","0.54","0.92","36.96","4","4","50.00","2","3","40.00","1","2","33.33","2","1","66.67","0","0","-","3","4","42.86","0","0","-","16.67","50.00","0.667","0","0","2","15","0.00","1","2","3","25.00"
"740","Josh Morrissey","Logan Stanley","WPG","101","8.5666666666667","0","10","0.00","0","10","0.00","0","6","0.00","0","1","0.00","0","0.89","0.00","0","5","0.00","0","3","0.00","0","1","0.00","0","2","0.00","0","0","-","0","6","0.00","0","0","-","-","83.33","0.83","0","0","3","18","0.00","0","0","4","0.00"
"741","Shayne Gostisbehere","Troy Stecher","ARI","52","8.55","1","7","12.50","1","6","14.29","1","5","16.67","0","3","0.00","0.01","0.44","1.17","0","4","0.00","0","1","0.00","0","1","0.00","0","3","0.00","0","1","0.00","0","3","0.00","0","1","0.00","0.00","40.00","0.400","0","0","4","16","0.00","0","0","4","0.00"
"742","Alex Goligoski","Jon Merrill","MIN","64","8.5166666666667","5","13","27.78","5","9","35.71","4","6","40.00","0","0","-","0.57","0.99","36.45","4","7","36.36","3","2","60.00","0","0","-","1","5","16.67","0","0","-","1","6","14.29","0","0","-","0.00","100.00","1.000","0","1","3","8","0.00","2","2","3","40.00"
"743","Zach Bogosian","Declan Chisholm","MIN","89","8.4833333333333","1","14","6.67","1","12","7.69","1","8","11.11","0","1","0.00","0.03","1.25","2.63","0","6","0.00","0","2","0.00","0","0","-","0","4","0.00","0","0","-","2","8","20.00","0","1","0.00","0.00","87.50","0.875","0","0","3","8","0.00","2","1","4","33.33"
"744","Brent Burns","Brett Pesce","CAR","152","8.4666666666667","4","9","30.77","4","8","33.33","2","7","22.22","0","0","-","0.2","0.92","17.99","2","5","28.57","1","3","25.00","0","0","-","1","2","33.33","0","0","-","0","4","0.00","0","0","-","0.00","100.00","1.000","0","0","2","76","0.00","1","0","1","50.00"
"745","John Marino","Santeri Hatakka","N.J","8","8.45","2","12","14.29","2","9","18.18","1","5","16.67","1","0","100.00","0.22","0.77","22.42","1","7","12.50","1","3","25.00","1","0","100.00","0","4","0.00","0","0","-","2","9","18.18","0","0","-","100.00","100.00","2.000","0","2","7","4","0.00","1","2","11","8.33"
"746","Travis Sanheim","Tony DeAngelo","PHI","69","8.4333333333333","5","10","33.33","3","8","27.27","3","3","50.00","0","0","-","0.18","0.76","19.30","0","6","0.00","0","4","0.00","0","0","-","0","2","0.00","0","0","-","4","3","57.14","0","0","-","0.00","100.00","1.000","0","2","6","16","0.00","2","2","7","22.22"
"747","Ben Chiarot","Simon Edvinsson","DET","100","8.4166666666667","7","12","36.84","6","11","35.29","6","5","54.55","0","0","-","0.34","0.93","26.51","3","9","25.00","1","4","20.00","0","0","-","2","5","28.57","0","0","-","3","3","50.00","0","0","-","0.00","100.00","1.000","0","0","1","35","0.00","0","0","1","0.00"
"748","Morgan Rielly","William Lagesson","TOR","27","8.3666666666667","4","17","19.05","3","9","25.00","3","7","30.00","0","0","-","0.07","0.85","7.91","2","10","16.67","0","4","0.00","0","0","-","2","6","25.00","0","0","-","1","8","11.11","0","0","-","0.00","100.00","1.000","0","1","3","9","0.00","0","1","3","0.00"
"749","John Carlson","Matt Irwin","WSH","26","8.3166666666667","1","17","5.56","0","12","0.00","0","7","0.00","0","0","-","0","1.1","0.00","0","8","0.00","0","3","0.00","0","0","-","0","5","0.00","0","0","-","1","7","12.50","0","0","-","-","100.00","1.00","0","0","4","6","0.00","0","1","7","0.00"
"750","Brendan Smith","Simon Nemec","N.J","41","8.3","3","8","27.27","2","4","33.33","2","4","33.33","0","0","-","0.13","0.31","29.41","3","3","50.00","1","2","33.33","0","0","-","2","1","66.67","0","0","-","0","7","0.00","0","0","-","0.00","100.00","1.000","0","0","3","3","0.00","0","0","5","0.00"
"751","Brendan Smith","Nick DeSimone","N.J","11","8.2833333333333","2","15","11.76","2","11","15.38","1","7","12.50","0","1","0.00","0.07","0.98","7.03","1","10","9.09","0","2","0.00","0","0","-","1","8","11.11","0","0","-","2","8","20.00","0","1","0.00","0.00","85.71","0.857","0","3","3","2","0.00","1","3","5","16.67"
"752","Mike Matheson","Jordan Harris","MTL","87","8.2666666666667","0","15","0.00","0","12","0.00","0","9","0.00","0","1","0.00","0","0.9","0.00","0","6","0.00","0","2","0.00","0","0","-","0","4","0.00","0","1","0.00","0","11","0.00","0","0","-","-","88.89","0.89","0","1","2","16","0.00","1","1","3","25.00"
"753","Shayne Gostisbehere","Moritz Seider","DET","81","8.2666666666667","1","19","5.00","0","14","0.00","0","8","0.00","0","1","0.00","0","1.25","0.00","0","10","0.00","0","4","0.00","0","1","0.00","0","6","0.00","0","0","-","1","13","7.14","0","0","-","-","87.50","0.88","0","0","5","7","0.00","0","1","7","0.00"
"754","Justin Holl","Albert Johansson","DET","54","8.2333333333333","0","15","0.00","0","13","0.00","0","9","0.00","0","1","0.00","0","1.43","0.00","0","5","0.00","0","5","0.00","0","1","0.00","0","0","-","0","0","-","0","13","0.00","0","0","-","-","88.89","0.89","0","1","6","6","0.00","0","1","6","0.00"
"755","Jan Rutta","Nikita Okhotiuk","S.J","38","8.2333333333333","1","17","5.56","1","11","8.33","0","9","0.00","0","0","-","0.12","1.11","9.54","1","11","8.33","1","4","20.00","0","0","-","0","7","0.00","0","0","-","0","8","0.00","0","0","-","-","100.00","1.00","0","3","1","3","0.00","0","3","6","0.00"
"756","Kevin Bahl","Brayden Pachal","CGY","67","8.2333333333333","6","14","30.00","6","11","35.29","5","10","33.33","0","3","0.00","0.6","0.89","40.39","3","4","42.86","2","3","40.00","0","1","0.00","1","1","50.00","0","0","-","3","11","21.43","0","2","0.00","0.00","70.00","0.700","0","1","3","12","0.00","0","1","3","0.00"
"757","David Savard","Johnathan Kovacevic","MTL","97","8.2166666666667","3","11","21.43","3","9","25.00","3","8","27.27","0","1","0.00","0.21","0.86","19.86","2","8","20.00","0","2","0.00","0","0","-","2","6","25.00","0","0","-","1","3","25.00","0","1","0.00","0.00","87.50","0.875","0","0","1","20","0.00","0","0","3","0.00"
"758","Kevin Gravel","Callan Foote","NSH","9","8.2166666666667","3","11","21.43","2","7","22.22","1","4","20.00","0","0","-","0.06","0.64","8.44","2","8","20.00","1","4","20.00","0","0","-","1","4","20.00","0","0","-","1","3","25.00","0","0","-","0.00","100.00","1.000","0","0","1","9","0.00","1","0","2","33.33"
"759","Kris Letang","Jan Rutta","PIT","43","8.1833333333333","5","14","26.32","3","6","33.33","3","3","50.00","0","0","-","0.22","0.4","34.91","4","5","44.44","2","1","66.67","0","0","-","2","4","33.33","0","0","-","1","8","11.11","0","0","-","0.00","100.00","1.000","0","1","2","18","0.00","0","1","2","0.00"
"760","Radko Gudas","Drew Helleson","ANA","55","8.1833333333333","1","11","8.33","1","4","20.00","1","3","25.00","0","0","-","0","0.42","0.52","0","5","0.00","0","3","0.00","0","0","-","0","2","0.00","0","0","-","0","7","0.00","0","0","-","0.00","100.00","1.000","0","0","1","10","0.00","0","2","2","0.00"
"761","Jordan Oesterle","Justin Barron","NSH","15","8.1666666666667","2","10","16.67","2","9","18.18","2","8","20.00","0","2","0.00","0.01","1.11","1.12","0","6","0.00","0","3","0.00","0","1","0.00","0","3","0.00","0","1","0.00","0","7","0.00","0","0","-","0.00","75.00","0.750","0","1","2","8","0.00","0","2","3","0.00"
"762","Calvin de Haan","Brett Pesce","CAR","53","8.1333333333333","1","10","9.09","1","8","11.11","1","7","12.50","0","0","-","0.11","1.01","9.59","1","6","14.29","1","4","20.00","0","0","-","0","2","0.00","0","0","-","0","4","0.00","0","0","-","0.00","100.00","1.000","0","0","2","11","0.00","0","0","3","0.00"
"763","Olli Maatta","Sean Durzi","UTA","24","8.1333333333333","0","18","0.00","0","15","0.00","0","11","0.00","0","2","0.00","0","2.02","0.00","0","13","0.00","0","4","0.00","0","0","-","0","9","0.00","0","2","0.00","0","5","0.00","0","0","-","-","81.82","0.82","0","0","1","13","0.00","0","1","2","0.00"
"764","Marc Staal","Josh Mahura","FLA","82","8.1166666666667","1","12","7.69","1","12","7.69","0","7","0.00","0","1","0.00","0.65","1.22","34.70","0","10","0.00","0","4","0.00","0","0","-","0","6","0.00","0","1","0.00","0","2","0.00","0","0","-","-","85.71","0.86","0","0","4","6","0.00","0","1","4","0.00"
"765","Noah Hanifin","Kaedan Korczak","VGK","38","8.1166666666667","4","13","23.53","3","10","23.08","2","7","22.22","0","1","0.00","0.34","1.24","21.53","2","6","25.00","2","2","50.00","0","0","-","0","4","0.00","0","1","0.00","3","8","27.27","0","0","-","0.00","85.71","0.857","0","0","1","8","0.00","1","0","1","50.00"
"766","Drew Doughty","Matt Roy","L.A","162","8.1","6","8","42.86","5","5","50.00","4","4","50.00","0","0","-","0.36","0.48","43.11","3","8","27.27","2","0","100.00","0","0","-","1","8","11.11","0","0","-","2","2","50.00","0","0","-","0.00","100.00","1.000","0","1","0","36","-","0","2","4","0.00"
"767","Nate Schmidt","Gustav Forsling","FLA","78","8.0833333333333","2","13","13.33","1","11","8.33","1","6","14.29","0","0","-","0","0.95","0.01","1","4","20.00","0","2","0.00","0","0","-","1","2","33.33","0","0","-","0","12","0.00","0","0","-","0.00","100.00","1.000","0","1","2","32","0.00","0","1","4","0.00"
"768","Marcus Pettersson","Mark Friedman","PIT","10","8.0833333333333","0","13","0.00","0","11","0.00","0","8","0.00","0","1","0.00","0","1.56","0.00","0","9","0.00","0","5","0.00","0","1","0.00","0","4","0.00","0","0","-","0","4","0.00","0","0","-","-","87.50","0.88","0","2","1","5","0.00","0","2","2","0.00"
"769","Keaton Middleton","Sam Malinski","COL","37","8.0833333333333","0","11","0.00","0","4","0.00","0","1","0.00","0","1","0.00","0","0.35","0.00","0","6","0.00","0","3","0.00","0","0","-","0","3","0.00","0","1","0.00","0","5","0.00","0","0","-","-","0.00","0.00","0","0","2","4","0.00","0","1","2","0.00"
"770","Matt Grzelcyk","Brandon Carlo","BOS","127","8.0666666666667","5","6","45.45","5","5","50.00","3","4","42.86","0","0","-","0.31","0.39","43.91","3","4","42.86","1","1","50.00","0","0","-","2","3","40.00","0","0","-","1","3","25.00","0","0","-","0.00","100.00","1.000","1","2","1","37","50.00","1","2","3","25.00"
"771","Matt Grzelcyk","Ryan Graves","PIT","61","8.0666666666667","4","18","18.18","2","11","15.38","1","10","9.09","0","0","-","0.42","0.93","31.22","2","7","22.22","1","2","33.33","0","0","-","1","5","16.67","0","0","-","2","13","13.33","0","0","-","0.00","100.00","1.000","0","0","2","12","0.00","0","0","3","0.00"
"772","Andrew Peeke","Mason Lohrei","BOS","74","8.0166666666667","0","13","0.00","0","8","0.00","0","6","0.00","0","2","0.00","0","0.92","0.00","0","4","0.00","0","2","0.00","0","1","0.00","0","2","0.00","0","1","0.00","0","14","0.00","0","0","-","-","66.67","0.67","0","0","8","4","0.00","0","2","9","0.00"
"773","Drew Helleson","Pavel Mintyukov","ANA","44","8","0","9","0.00","0","8","0.00","0","0","-","0","0","-","0","0.88","0.00","0","4","0.00","0","3","0.00","0","0","-","0","1","0.00","0","0","-","0","5","0.00","0","0","-","-","-","-","0","1","0","1","-","0","1","0","-"
"774","Jacob Trouba","Jackson LaCombe","ANA","52","7.9833333333333","2","6","25.00","2","3","40.00","2","2","50.00","0","0","-","0.17","0.36","32.38","1","3","25.00","1","0","100.00","0","0","-","0","3","0.00","0","0","-","1","4","20.00","0","0","-","0.00","100.00","1.000","0","1","2","21","0.00","1","1","4","20.00"
"775","Robert Hagg","Moritz Seider","DET","38","7.9833333333333","4","10","28.57","3","5","37.50","3","5","37.50","0","1","0.00","0.19","0.65","22.60","2","9","18.18","0","3","0.00","0","1","0.00","2","6","25.00","0","0","-","2","1","66.67","0","0","-","0.00","80.00","0.800","1","1","1","12","50.00","1","1","0","100.00"
"776","Ivan Provorov","Jake Bean","CBJ","72","7.9833333333333","1","13","7.14","1","11","8.33","1","7","12.50","0","2","0.00","0.1","1.39","6.73","1","6","14.29","0","3","0.00","0","1","0.00","1","3","25.00","0","0","-","0","8","0.00","0","1","0.00","0.00","71.43","0.714","0","0","2","14","0.00","0","0","3","0.00"
"777","Samuel Girard","Sam Malinski","COL","76","7.9833333333333","0","10","0.00","0","6","0.00","0","5","0.00","0","1","0.00","0","0.79","0.00","0","6","0.00","0","2","0.00","0","1","0.00","0","4","0.00","0","0","-","0","3","0.00","0","0","-","-","80.00","0.80","0","1","1","4","0.00","1","2","2","33.33"
"778","Urho Vaakanainen","Pavel Mintyukov","ANA","57","7.9833333333333","3","12","20.00","3","11","21.43","1","8","11.11","0","0","-","0.26","0.76","25.32","2","3","40.00","1","2","33.33","0","0","-","1","1","50.00","0","0","-","0","12","0.00","0","0","-","0.00","100.00","1.000","0","1","0","7","-","0","1","4","0.00"
"779","Jeff Petry","Chad Ruhwedel","PIT","28","7.9666666666667","2","15","11.76","2","13","13.33","2","11","15.38","0","0","-","0.06","1.02","5.80","1","7","12.50","0","2","0.00","0","0","-","1","5","16.67","0","0","-","0","8","0.00","0","0","-","0.00","100.00","1.000","0","0","3","11","0.00","1","0","4","20.00"
"780","Dylan DeMelo","Haydn Fleury","WPG","39","7.9333333333333","1","14","6.67","0","12","0.00","0","11","0.00","0","1","0.00","0","1.65","0.00","0","8","0.00","0","6","0.00","0","1","0.00","0","2","0.00","0","0","-","1","12","7.69","0","0","-","-","90.91","0.91","0","2","7","14","0.00","0","2","10","0.00"
"781","Radko Gudas","Jacob Trouba","ANA","52","7.9166666666667","3","11","21.43","3","9","25.00","3","7","30.00","0","2","0.00","0.19","1.46","11.75","1","8","11.11","1","4","20.00","0","1","0.00","0","4","0.00","0","1","0.00","1","5","16.67","0","0","-","0.00","71.43","0.714","0","0","2","24","0.00","0","1","2","0.00"
"782","Martin Fehervary","Alexander Alexeyev","WSH","58","7.9","1","15","6.25","1","9","10.00","1","6","14.29","0","0","-","0.04","0.92","4.60","0","9","0.00","0","4","0.00","0","0","-","0","5","0.00","0","0","-","1","5","16.67","0","0","-","0.00","100.00","1.000","0","0","3","5","0.00","0","0","3","0.00"
"783","Shayne Gostisbehere","Sean Walker","CAR","70","7.8666666666667","1","7","12.50","1","5","16.67","1","4","20.00","0","1","0.00","0.1","0.46","17.45","1","4","20.00","0","1","0.00","0","0","-","1","3","25.00","0","0","-","0","4","0.00","0","1","0.00","0.00","75.00","0.750","1","2","1","14","50.00","1","2","2","33.33"
"784","Ryan Shea","Owen Pickering","PIT","9","7.85","1","16","5.88","1","9","10.00","1","5","16.67","0","1","0.00","0.05","0.7","6.30","0","7","0.00","0","3","0.00","0","1","0.00","0","4","0.00","0","0","-","1","10","9.09","0","0","-","0.00","80.00","0.800","0","0","1","5","0.00","0","0","2","0.00"
"785","Justin Braun","Ivan Provorov","PHI","51","7.8333333333333","2","13","13.33","2","11","15.38","1","6","14.29","0","2","0.00","0.09","1.09","7.28","1","10","9.09","0","4","0.00","0","1","0.00","1","6","14.29","0","0","-","1","3","25.00","0","1","0.00","0.00","66.67","0.667","0","2","5","12","0.00","0","2","6","0.00"
"786","Jared Spurgeon","Brock Faber","MIN","82","7.8","0","11","0.00","0","10","0.00","0","6","0.00","0","3","0.00","0","0.81","0.00","0","5","0.00","0","3","0.00","0","1","0.00","0","2","0.00","0","0","-","0","8","0.00","0","2","0.00","-","50.00","0.50","0","0","4","25","0.00","0","0","5","0.00"
"787","Juuso Valimaki","Connor Mackey","ARI","20","7.8","0","16","0.00","0","13","0.00","0","10","0.00","0","2","0.00","0","1.26","0.00","0","9","0.00","0","4","0.00","0","1","0.00","0","5","0.00","0","0","-","0","6","0.00","0","1","0.00","-","80.00","0.80","0","0","2","5","0.00","0","0","2","0.00"
"788","Hampus Lindholm","Matt Grzelcyk","BOS","129","7.75","1","8","11.11","1","8","11.11","1","5","16.67","0","1","0.00","0.21","0.59","26.38","1","4","20.00","1","2","33.33","0","0","-","0","2","0.00","0","1","0.00","0","7","0.00","0","0","-","0.00","80.00","0.800","1","1","4","5","20.00","1","2","4","20.00"
"789","Nick Perbix","Emil Martinsen Lilleberg","T.B","102","7.75","6","4","60.00","5","3","62.50","4","1","80.00","1","0","100.00","0.56","0.25","69.17","5","2","71.43","3","1","75.00","0","0","-","2","1","66.67","1","0","100.00","0","3","0.00","0","0","-","25.00","100.00","1.250","0","1","2","13","0.00","0","2","2","0.00"
"790","Jack Johnson","Cale Makar","COL","89","7.7333333333333","6","22","21.43","5","15","25.00","4","10","28.57","1","0","100.00","0.45","2.28","16.66","2","16","11.11","1","7","12.50","1","0","100.00","1","9","10.00","0","0","-","2","8","20.00","0","0","-","25.00","100.00","1.250","0","0","5","21","0.00","0","1","9","0.00"
"791","Andreas Englund","Vladislav Gavrikov","L.A","88","7.7333333333333","2","13","13.33","1","10","9.09","1","8","11.11","0","0","-","0.05","1.28","3.93","1","8","11.11","0","3","0.00","0","0","-","1","5","16.67","0","0","-","3","7","30.00","0","0","-","0.00","100.00","1.000","0","0","2","9","0.00","2","0","2","50.00"
"792","Johnathan Kovacevic","Arber Xhekaj","MTL","80","7.7333333333333","1","16","5.88","1","10","9.09","1","10","9.09","0","1","0.00","0.07","1.24","5.05","1","11","8.33","1","6","14.29","0","1","0.00","0","5","0.00","0","0","-","0","3","0.00","0","0","-","0.00","90.00","0.900","0","0","0","8","-","0","0","4","0.00"
"793","Kyle Burroughs","Jan Rutta","S.J","60","7.6833333333333","2","9","18.18","2","8","20.00","1","6","14.29","0","2","0.00","0.1","0.9","9.66","1","6","14.29","0","4","0.00","0","2","0.00","1","2","33.33","0","0","-","0","7","0.00","0","0","-","0.00","66.67","0.667","0","0","5","25","0.00","0","0","6","0.00"
"794","Zach Bogosian","Daemon Hunt","MIN","9","7.6666666666667","1","16","5.88","1","11","8.33","0","6","0.00","0","0","-","0.04","1.11","3.69","0","12","0.00","0","4","0.00","0","0","-","0","8","0.00","0","0","-","1","6","14.29","0","0","-","-","100.00","1.00","0","0","2","3","0.00","0","0","2","0.00"
"795","Gabriel Carlsson","Alexander Alexeyev","WSH","6","7.65","0","15","0.00","0","12","0.00","0","8","0.00","0","2","0.00","0","1.21","0.00","0","8","0.00","0","6","0.00","0","0","-","0","2","0.00","0","1","0.00","0","9","0.00","0","1","0.00","-","75.00","0.75","0","1","4","6","0.00","0","1","5","0.00"
"796","Vincent Desharnais","Philip Broberg","EDM","36","7.65","0","8","0.00","0","6","0.00","0","4","0.00","0","0","-","0","0.4","0.00","0","3","0.00","0","1","0.00","0","0","-","0","2","0.00","0","0","-","0","7","0.00","0","0","-","-","100.00","1.00","0","0","6","5","0.00","1","1","8","11.11"
"797","Colton Parayko","Tyler Tucker","STL","69","7.5833333333333","3","7","30.00","3","4","42.86","3","3","50.00","0","1","0.00","0.12","0.31","28.27","1","3","25.00","0","1","0.00","0","1","0.00","1","2","33.33","0","0","-","1","6","14.29","0","0","-","0.00","66.67","0.667","0","2","1","5","0.00","1","2","4","20.00"
"798","Nate Schmidt","Uvis Balinskis","FLA","74","7.5666666666667","0","4","0.00","0","3","0.00","0","1","0.00","0","0","-","0","0.18","0.00","0","3","0.00","0","0","-","0","0","-","0","3","0.00","0","0","-","0","1","0.00","0","0","-","-","100.00","1.00","0","2","1","11","0.00","0","2","1","0.00"
"799","William Borgen","Ryan Lindgren","NYR","28","7.55","0","12","0.00","0","9","0.00","0","7","0.00","0","1","0.00","0","1.3","0.00","0","10","0.00","0","3","0.00","0","0","-","0","7","0.00","0","1","0.00","0","7","0.00","0","0","-","-","85.71","0.86","0","1","4","10","0.00","0","2","7","0.00"
"800","Wyatt Kaiser","Sam Rinzel","CHI","8","7.5333333333333","7","17","29.17","7","15","31.82","5","7","41.67","1","2","33.33","1.04","2.14","32.76","5","13","27.78","4","7","36.36","0","0","-","1","6","14.29","0","0","-","2","6","25.00","1","2","33.33","20.00","71.43","0.914","0","0","2","7","0.00","1","0","4","20.00"
"801","Cam Fowler","Philip Broberg","STL","49","7.4833333333333","1","11","8.33","1","11","8.33","1","9","10.00","0","2","0.00","0.06","1.43","3.81","1","6","14.29","0","3","0.00","0","1","0.00","1","3","25.00","0","1","0.00","0","6","0.00","0","0","-","0.00","77.78","0.778","0","0","4","10","0.00","0","1","4","0.00"
"802","Dmitry Kulikov","Nathan Beaulieu","ANA","32","7.45","2","14","12.50","2","11","15.38","2","8","20.00","0","1","0.00","0","0.88","0.42","0","6","0.00","0","2","0.00","0","0","-","0","4","0.00","0","1","0.00","0","8","0.00","0","0","-","0.00","87.50","0.875","0","0","6","9","0.00","0","0","9","0.00"
"803","Radko Gudas","Brandon Montour","FLA","70","7.45","4","13","23.53","4","11","26.67","3","7","30.00","0","1","0.00","0.26","1.09","18.95","2","8","20.00","2","3","40.00","0","1","0.00","0","5","0.00","0","0","-","1","5","16.67","0","0","-","0.00","85.71","0.857","0","0","1","4","0.00","2","0","1","66.67"
"804","Jayden Struble","Arber Xhekaj","MTL","64","7.4166666666667","2","7","22.22","2","5","28.57","2","3","40.00","0","0","-","0.16","0.83","16.17","2","5","28.57","2","3","40.00","0","0","-","0","2","0.00","0","0","-","1","4","20.00","0","0","-","0.00","100.00","1.000","1","1","2","7","33.33","1","2","2","33.33"
"805","Haydn Fleury","Darren Raddysh","T.B","27","7.4","3","7","30.00","2","1","66.67","2","1","66.67","0","1","0.00","0.27","0.06","82.01","3","3","50.00","1","0","100.00","0","0","-","2","3","40.00","0","1","0.00","0","5","0.00","0","0","-","0.00","0.00","0.000","0","0","4","4","0.00","1","0","4","20.00"
"806","Travis Hamonic","Nikita Zaitsev","OTT","28","7.3833333333333","1","12","7.69","0","8","0.00","0","5","0.00","0","0","-","0","0.76","0.00","1","10","9.09","0","3","0.00","0","0","-","1","7","12.50","0","0","-","0","2","0.00","0","0","-","-","100.00","1.00","0","0","1","21","0.00","0","0","1","0.00"
"807","Dmitry Orlov","Connor Clifton","BOS","19","7.3833333333333","2","16","11.11","2","13","13.33","1","8","11.11","0","0","-","0.26","1.34","16.38","1","12","7.69","1","4","20.00","0","0","-","0","8","0.00","0","0","-","1","4","20.00","0","0","-","0.00","100.00","1.000","0","0","1","6","0.00","0","0","2","0.00"
"808","Matthew Benning","Radim Simek","S.J","40","7.3833333333333","2","8","20.00","2","8","20.00","1","5","16.67","0","1","0.00","0.03","0.66","4.83","0","5","0.00","0","3","0.00","0","0","-","0","2","0.00","0","1","0.00","2","3","40.00","0","0","-","0.00","80.00","0.800","0","0","1","13","0.00","1","1","1","50.00"
"809","Brandon Carlo","Mason Lohrei","BOS","94","7.3833333333333","4","14","22.22","4","11","26.67","3","11","21.43","0","1","0.00","0.32","1.08","22.93","4","8","33.33","1","2","33.33","0","1","0.00","3","6","33.33","0","0","-","0","8","0.00","0","0","-","0.00","90.91","0.909","0","0","3","4","0.00","0","1","4","0.00"
"810","Nick Jensen","Alexander Alexeyev","WSH","62","7.3666666666667","1","12","7.69","1","9","10.00","0","8","0.00","0","0","-","0.05","0.78","5.78","1","5","16.67","0","2","0.00","0","0","-","1","3","25.00","0","0","-","0","8","0.00","0","0","-","-","100.00","1.00","0","0","6","4","0.00","0","0","7","0.00"
"811","Cam Fowler","Pavel Mintyukov","ANA","75","7.3666666666667","3","14","17.65","3","10","23.08","2","7","22.22","0","0","-","0.09","1.27","6.41","1","8","11.11","0","2","0.00","0","0","-","1","6","14.29","0","0","-","1","8","11.11","0","0","-","0.00","100.00","1.000","0","0","2","12","0.00","0","0","4","0.00"
"812","Robert Bortuzzo","Olli Maatta","UTA","12","7.35","1","15","6.25","1","9","10.00","1","8","11.11","0","2","0.00","0.11","0.91","10.57","1","8","11.11","1","2","33.33","0","0","-","0","6","0.00","0","0","-","0","7","0.00","0","2","0.00","0.00","75.00","0.750","0","0","0","8","-","0","0","3","0.00"
"813","Chad Ruhwedel","Mark Friedman","PIT","18","7.35","0","17","0.00","0","13","0.00","0","12","0.00","0","1","0.00","0","1.8","0.00","0","13","0.00","0","8","0.00","0","1","0.00","0","5","0.00","0","0","-","0","4","0.00","0","0","-","-","91.67","0.92","0","0","2","7","0.00","0","1","3","0.00"
"814","Evan Bouchard","Philip Broberg","EDM","57","7.35","5","7","41.67","4","6","40.00","4","6","40.00","0","1","0.00","0.34","0.64","34.71","4","4","50.00","3","3","50.00","0","1","0.00","1","1","50.00","0","0","-","1","3","25.00","0","0","-","0.00","83.33","0.833","2","2","1","9","66.67","3","2","1","75.00"
"815","Travis Hamonic","Jakob Chychrun","OTT","60","7.3333333333333","4","9","30.77","3","6","33.33","1","5","16.67","0","0","-","0.32","0.47","40.49","3","2","60.00","2","1","66.67","0","0","-","1","1","50.00","0","0","-","1","9","10.00","0","0","-","0.00","100.00","1.000","0","0","4","14","0.00","0","0","6","0.00"
"816","Jeff Petry","Moritz Seider","DET","117","7.3","4","10","28.57","3","8","27.27","1","5","16.67","0","1","0.00","0.14","0.66","17.93","2","4","33.33","0","2","0.00","0","0","-","2","2","50.00","0","1","0.00","2","6","25.00","0","0","-","0.00","80.00","0.800","0","1","2","35","0.00","1","1","2","33.33"
"817","Brendan Smith","Cody Ceci","DAL","10","7.3","1","13","7.14","1","12","7.69","1","7","12.50","1","2","33.33","0.03","1.42","2.00","0","10","0.00","0","4","0.00","0","1","0.00","0","6","0.00","0","0","-","1","8","11.11","1","1","50.00","100.00","71.43","1.714","0","1","4","3","0.00","0","2","6","0.00"
"818","MacKenzie Weegar","Daniil Miromanov","CGY","63","7.3","1","20","4.76","1","12","7.69","1","9","10.00","0","2","0.00","0.14","1.43","8.81","1","14","6.67","1","7","12.50","0","1","0.00","0","7","0.00","0","0","-","0","9","0.00","0","1","0.00","0.00","77.78","0.778","0","0","3","3","0.00","0","0","3","0.00"
"819","Erik Brannstrom","Jake Sanderson","OTT","142","7.3","2","11","15.38","2","8","20.00","2","7","22.22","1","2","33.33","0.13","1.05","11.33","2","6","25.00","0","3","0.00","0","0","-","2","3","40.00","1","1","50.00","0","6","0.00","0","1","0.00","50.00","71.43","1.214","0","1","1","62","0.00","0","1","3","0.00"
"820","Marc-Edouard Vlasic","Ty Emberson","S.J","14","7.2666666666667","3","9","25.00","3","6","33.33","2","4","33.33","0","0","-","0.08","0.5","13.32","1","4","20.00","0","2","0.00","0","0","-","1","2","33.33","0","0","-","3","10","23.08","0","0","-","0.00","100.00","1.000","1","0","2","5","33.33","2","2","5","28.57"
"821","Luke Schenn","Jake McCabe","TOR","14","7.2666666666667","3","7","30.00","3","4","42.86","1","4","20.00","0","0","-","0.25","0.32","44.02","2","3","40.00","0","1","0.00","0","0","-","2","2","50.00","0","0","-","1","4","20.00","0","0","-","0.00","100.00","1.000","0","0","1","7","0.00","0","0","2","0.00"
"822","Dysin Mayo","Troy Stecher","ARI","15","7.2666666666667","0","16","0.00","0","10","0.00","0","7","0.00","0","0","-","0","0.93","0.00","0","9","0.00","0","3","0.00","0","0","-","0","6","0.00","0","0","-","0","7","0.00","0","0","-","-","100.00","1.00","0","0","3","14","0.00","0","0","3","0.00"
"823","Janis Moser","Emil Martinsen Lilleberg","T.B","50","7.2666666666667","3","17","15.00","3","15","16.67","3","12","20.00","2","1","66.67","0.1","1.39","6.99","1","11","8.33","0","4","0.00","0","1","0.00","1","7","12.50","1","0","100.00","0","7","0.00","0","0","-","66.67","91.67","1.583","1","0","2","3","33.33","1","3","2","33.33"
"824","Colton Parayko","Calle Rosen","STL","52","7.25","2","10","16.67","2","9","18.18","1","6","14.29","0","2","0.00","0.04","0.93","4.21","0","6","0.00","0","1","0.00","0","0","-","0","5","0.00","0","2","0.00","1","4","20.00","0","0","-","0.00","66.67","0.667","0","0","2","7","0.00","0","0","3","0.00"
"825","Erik Karlsson","Radim Simek","S.J","44","7.2166666666667","0","5","0.00","0","4","0.00","0","3","0.00","0","0","-","0","0.3","0.00","0","4","0.00","0","1","0.00","0","0","-","0","3","0.00","0","0","-","0","1","0.00","0","0","-","-","100.00","1.00","0","0","2","13","0.00","0","1","3","0.00"
"826","Marc-Edouard Vlasic","Nikita Okhotiuk","S.J","24","7.2","1","15","6.25","1","13","7.14","1","10","9.09","0","4","0.00","0.14","1.22","10.29","1","5","16.67","1","3","25.00","0","1","0.00","0","2","0.00","0","0","-","0","11","0.00","0","3","0.00","0.00","60.00","0.600","0","0","1","9","0.00","0","1","2","0.00"
"827","Oliver Ekman-Larsson","Brandon Carlo","TOR","16","7.2","1","14","6.67","1","10","9.09","1","6","14.29","0","1","0.00","0.1","0.74","12.09","1","6","14.29","0","1","0.00","0","1","0.00","1","5","16.67","0","0","-","0","9","0.00","0","0","-","0.00","83.33","0.833","0","0","1","7","0.00","0","0","1","0.00"
"828","Jaycob Megna","Isaak Phillips","CHI","13","7.1666666666667","0","10","0.00","0","8","0.00","0","7","0.00","0","0","-","0","1.04","0.00","0","6","0.00","0","4","0.00","0","0","-","0","2","0.00","0","0","-","0","4","0.00","0","0","-","-","100.00","1.00","0","0","1","4","0.00","0","0","1","0.00"
"829","William Borgen","Adam Fox","NYR","43","7.1666666666667","4","7","36.36","4","3","57.14","3","3","50.00","0","0","-","0.18","0.21","46.58","1","4","20.00","0","1","0.00","0","0","-","1","3","25.00","0","0","-","3","5","37.50","0","0","-","0.00","100.00","1.000","0","0","1","15","0.00","1","0","2","33.33"
"830","Niko Mikkola","Tobias Bjornfot","FLA","14","7.15","4","9","30.77","4","6","40.00","2","6","25.00","1","2","33.33","0.43","1.11","28.06","2","6","25.00","1","4","20.00","0","2","0.00","1","2","33.33","0","0","-","2","3","40.00","1","0","100.00","50.00","66.67","1.167","0","0","1","2","0.00","0","1","1","0.00"
"831","Justin Holl","Olli Maatta","DET","35","7.1166666666667","0","8","0.00","0","4","0.00","0","3","0.00","0","0","-","0","0.2","0.00","0","2","0.00","0","0","-","0","0","-","0","2","0.00","0","0","-","0","7","0.00","0","0","-","-","100.00","1.00","0","0","1","9","0.00","0","0","1","0.00"
"832","Mattias Ekholm","Troy Stecher","EDM","56","7.0833333333333","3","9","25.00","2","6","25.00","1","3","25.00","0","0","-","0.29","0.46","38.63","2","5","28.57","2","1","66.67","0","0","-","0","4","0.00","0","0","-","0","10","0.00","0","0","-","0.00","100.00","1.000","0","0","7","9","0.00","0","0","8","0.00"
"833","Brady Skjei","Justin Barron","NSH","45","7.0666666666667","2","7","22.22","2","4","33.33","0","0","-","0","0","-","0.15","0.45","25.17","1","4","20.00","0","2","0.00","0","0","-","1","2","33.33","0","0","-","1","4","20.00","0","0","-","-","-","-","0","0","1","5","0.00","0","1","4","0.00"
"834","Matt Grzelcyk","Mason Lohrei","BOS","23","7.0333333333333","1","12","7.69","1","10","9.09","1","8","11.11","0","1","0.00","0.08","1.39","5.22","1","8","11.11","0","5","0.00","0","1","0.00","1","3","25.00","0","0","-","0","8","0.00","0","0","-","0.00","87.50","0.875","0","0","4","7","0.00","0","1","6","0.00"
"835","Chad Ruhwedel","Pierre-Olivier Joseph","PIT","70","7","0","8","0.00","0","5","0.00","0","5","0.00","0","0","-","0","0.36","0.00","0","3","0.00","0","1","0.00","0","0","-","0","2","0.00","0","0","-","0","6","0.00","0","0","-","-","100.00","1.00","0","0","2","5","0.00","0","1","3","0.00"
"836","Oliver Kylington","Brayden Pachal","CGY","31","7","4","14","22.22","3","11","21.43","3","10","23.08","1","1","50.00","0.59","0.99","37.29","3","6","33.33","3","2","60.00","1","1","50.00","0","4","0.00","0","0","-","1","8","11.11","0","0","-","33.33","90.00","1.233","0","0","0","10","-","0","0","1","0.00"
"837","Ryan Lindgren","Samuel Girard","COL","12","6.9833333333333","4","11","26.67","3","6","33.33","2","4","33.33","0","1","0.00","0.2","0.75","20.74","1","6","14.29","0","2","0.00","0","1","0.00","1","4","20.00","0","0","-","2","10","16.67","0","0","-","0.00","75.00","0.750","0","1","4","4","0.00","0","1","5","0.00"
"838","Brayden Pachal","Ilya Solovyov","CGY","9","6.9833333333333","2","10","16.67","2","8","20.00","2","7","22.22","0","1","0.00","0","0.7","0.24","0","5","0.00","0","2","0.00","0","0","-","0","3","0.00","0","0","-","0","7","0.00","0","1","0.00","0.00","85.71","0.857","0","0","1","10","0.00","0","0","3","0.00"
"839","Erik Karlsson","Ryan Shea","PIT","70","6.95","0","12","0.00","0","10","0.00","0","4","0.00","0","0","-","0","0.96","0.00","0","6","0.00","0","3","0.00","0","0","-","0","3","0.00","0","0","-","0","10","0.00","0","0","-","-","100.00","1.00","0","0","3","12","0.00","0","0","6","0.00"
"840","David Savard","Alexandre Carrier","MTL","46","6.9333333333333","0","21","0.00","0","10","0.00","0","9","0.00","0","3","0.00","0","1.89","0.00","0","13","0.00","0","7","0.00","0","1","0.00","0","6","0.00","0","1","0.00","0","9","0.00","0","1","0.00","-","66.67","0.67","0","1","2","5","0.00","0","1","5","0.00"
"841","Michael Stone","Nikita Zadorov","CGY","48","6.9166666666667","3","6","33.33","2","3","40.00","2","2","50.00","0","0","-","0.16","0.35","31.97","1","2","33.33","1","2","33.33","0","0","-","0","0","-","0","0","-","2","4","33.33","0","0","-","0.00","100.00","1.000","2","0","6","10","25.00","3","0","7","30.00"
"842","Matt Dumba","Sean Durzi","ARI","52","6.9166666666667","1","19","5.00","1","13","7.14","1","9","10.00","0","2","0.00","0.21","1.64","11.23","1","12","7.69","1","6","14.29","0","1","0.00","0","6","0.00","0","1","0.00","0","9","0.00","0","0","-","0.00","77.78","0.778","0","0","1","8","0.00","1","0","4","20.00"
"843","Brian Dumoulin","Luke Hughes","N.J","17","6.9","0","18","0.00","0","16","0.00","0","13","0.00","0","2","0.00","0","2.32","0.00","0","12","0.00","0","4","0.00","0","1","0.00","0","8","0.00","0","0","-","0","8","0.00","0","1","0.00","-","84.62","0.85","0","0","4","4","0.00","0","0","6","0.00"
"844","Joshua Brown","Dysin Mayo","ARI","14","6.9","0","15","0.00","0","14","0.00","0","8","0.00","0","2","0.00","0","1.57","0.00","0","13","0.00","0","4","0.00","0","2","0.00","0","9","0.00","0","0","-","0","2","0.00","0","0","-","-","75.00","0.75","0","1","5","5","0.00","0","1","5","0.00"
"845","Justin Faulk","Tyler Tucker","STL","82","6.8833333333333","3","8","27.27","3","5","37.50","2","3","40.00","0","0","-","0.16","0.46","26.26","2","3","40.00","0","1","0.00","0","0","-","2","2","50.00","0","0","-","0","4","0.00","0","0","-","0.00","100.00","1.000","0","0","1","12","0.00","0","0","2","0.00"
"846","Connor Murphy","Seth Jones","CHI","131","6.8666666666667","0","9","0.00","0","7","0.00","0","5","0.00","0","2","0.00","0","0.63","0.00","0","6","0.00","0","1","0.00","0","1","0.00","0","5","0.00","0","1","0.00","0","3","0.00","0","0","-","-","60.00","0.60","0","0","2","53","0.00","0","0","6","0.00"
"847","Jacob Bryson","Mattias Samuelsson","BUF","65","6.8666666666667","2","11","15.38","1","8","11.11","1","4","20.00","0","1","0.00","0.11","0.83","11.92","1","9","10.00","1","5","16.67","0","1","0.00","0","4","0.00","0","0","-","2","4","33.33","0","0","-","0.00","75.00","0.750","1","0","6","11","14.29","1","0","8","11.11"
"848","Sean Walker","Cam York","PHI","63","6.8666666666667","2","5","28.57","2","3","40.00","1","1","50.00","1","0","100.00","0.13","0.34","27.59","1","2","33.33","0","1","0.00","0","0","-","1","1","50.00","0","0","-","1","5","16.67","1","0","100.00","100.00","100.00","2.000","0","0","2","30","0.00","0","0","2","0.00"
"849","Kevin Shattenkirk","Dmitry Kulikov","ANA","54","6.8166666666667","2","12","14.29","2","9","18.18","2","8","20.00","0","3","0.00","0.06","1.62","3.43","1","6","14.29","0","4","0.00","0","2","0.00","1","2","33.33","0","0","-","0","8","0.00","0","1","0.00","0.00","62.50","0.625","0","0","9","12","0.00","0","0","12","0.00"
"850","Alexandre Carrier","Dante Fabbro","NSH","95","6.8","3","7","30.00","2","5","28.57","1","3","25.00","0","0","-","0.02","0.88","1.68","1","4","20.00","0","3","0.00","0","0","-","1","1","50.00","0","0","-","1","5","16.67","0","0","-","0.00","100.00","1.000","0","1","2","14","0.00","0","1","3","0.00"
"851","Justin Barron","Arber Xhekaj","MTL","44","6.8","1","16","5.88","1","13","7.14","1","5","16.67","0","3","0.00","0.16","1.4","10.24","1","10","9.09","0","7","0.00","0","2","0.00","1","3","25.00","0","0","-","0","7","0.00","0","1","0.00","0.00","40.00","0.400","0","1","1","6","0.00","0","1","1","0.00"
"852","Jake McCabe","Brandon Carlo","TOR","13","6.7833333333333","1","17","5.56","1","11","8.33","1","8","11.11","1","1","50.00","0.1","1.07","8.43","1","7","12.50","0","1","0.00","0","1","0.00","1","6","14.29","1","0","100.00","0","15","0.00","0","0","-","100.00","87.50","1.875","0","1","5","5","0.00","0","1","8","0.00"
"853","Gustav Forsling","Josh Mahura","FLA","109","6.7666666666667","2","12","14.29","1","8","11.11","1","7","12.50","0","2","0.00","0.08","1.06","6.92","2","9","18.18","0","4","0.00","0","2","0.00","2","5","28.57","0","0","-","0","3","0.00","0","0","-","0.00","71.43","0.714","0","1","0","7","-","0","2","0","-"
"854","Nikita Zaitsev","Wyatt Kaiser","CHI","22","6.7666666666667","1","10","9.09","1","10","9.09","0","5","0.00","0","2","0.00","0.04","0.77","5.42","0","5","0.00","0","1","0.00","0","1","0.00","0","4","0.00","0","0","-","1","5","16.67","0","1","0.00","-","60.00","0.60","0","0","2","6","0.00","2","0","4","33.33"
"855","Cam Fowler","Jamie Drysdale","ANA","18","6.75","0","9","0.00","0","9","0.00","0","6","0.00","0","1","0.00","0","0.69","0.00","0","4","0.00","0","1","0.00","0","1","0.00","0","3","0.00","0","0","-","0","7","0.00","0","0","-","-","83.33","0.83","0","1","5","1","0.00","0","2","7","0.00"
"856","John Carlson","Rasmus Sandin","WSH","157","6.7333333333333","2","6","25.00","2","2","50.00","2","1","66.67","0","0","-","0.12","0.13","48.96","2","2","50.00","0","0","-","0","0","-","2","2","50.00","0","0","-","0","4","0.00","0","0","-","0.00","100.00","1.000","0","0","4","9","0.00","0","1","5","0.00"
"857","Colin Miller","Esa Lindell","DAL","79","6.7","2","11","15.38","2","9","18.18","1","8","11.11","0","1","0.00","0.07","1.03","6.66","0","7","0.00","0","3","0.00","0","1","0.00","0","4","0.00","0","0","-","1","4","20.00","0","0","-","0.00","87.50","0.875","0","0","3","16","0.00","0","0","3","0.00"
"858","Brandon Montour","Ryker Evans","SEA","72","6.7","0","11","0.00","0","7","0.00","0","4","0.00","0","1","0.00","0","0.49","0.00","0","5","0.00","0","2","0.00","0","0","-","0","3","0.00","0","1","0.00","0","6","0.00","0","0","-","-","75.00","0.75","0","0","0","12","-","0","0","0","-"
"859","Henry Thrun","Jack Thompson","S.J","24","6.7","1","6","14.29","1","6","14.29","1","4","20.00","0","1","0.00","0","0.8","0.04","0","4","0.00","0","2","0.00","0","1","0.00","0","2","0.00","0","0","-","0","3","0.00","0","0","-","0.00","75.00","0.750","0","1","1","5","0.00","0","1","1","0.00"
"860","Tyler Myers","Akito Hirose","VAN","10","6.6833333333333","1","14","6.67","1","10","9.09","0","8","0.00","0","0","-","0.03","1.36","2.15","0","10","0.00","0","6","0.00","0","0","-","0","4","0.00","0","0","-","1","4","20.00","0","0","-","-","100.00","1.00","0","0","3","4","0.00","0","0","5","0.00"
"861","Matt Dumba","Thomas Harley","DAL","61","6.6666666666667","0","5","0.00","0","4","0.00","0","2","0.00","0","0","-","0","0.38","0.00","0","1","0.00","0","1","0.00","0","0","-","0","0","-","0","0","-","0","6","0.00","0","0","-","-","100.00","1.00","0","0","2","9","0.00","1","0","3","25.00"
"862","Louis Crevier","Isaak Phillips","CHI","14","6.6666666666667","4","9","30.77","3","8","27.27","3","7","30.00","0","1","0.00","0.16","0.58","21.22","1","5","16.67","1","4","20.00","0","1","0.00","0","1","0.00","0","0","-","2","5","28.57","0","0","-","0.00","85.71","0.857","0","1","2","8","0.00","0","2","2","0.00"
"863","Jarred Tinordi","Isaak Phillips","CHI","17","6.65","0","12","0.00","0","11","0.00","0","5","0.00","0","1","0.00","0","1.19","0.00","0","8","0.00","0","4","0.00","0","0","-","0","4","0.00","0","1","0.00","0","6","0.00","0","0","-","-","80.00","0.80","0","1","3","2","0.00","0","2","4","0.00"
"864","Brett Kulak","Joshua Brown","EDM","10","6.6333333333333","0","15","0.00","0","9","0.00","0","7","0.00","0","1","0.00","0","0.83","0.00","0","12","0.00","0","2","0.00","0","0","-","0","10","0.00","0","1","0.00","0","7","0.00","0","0","-","-","85.71","0.86","0","0","3","6","0.00","0","0","5","0.00"
"865","Thomas Chabot","Tyler Kleven","OTT","77","6.6333333333333","7","8","46.67","7","4","63.64","5","3","62.50","2","0","100.00","0.9","0.24","78.99","6","4","60.00","4","1","80.00","2","0","100.00","2","3","40.00","0","0","-","1","5","16.67","0","0","-","40.00","100.00","1.400","0","0","3","2","0.00","0","0","4","0.00"
"866","Jayden Struble","Justin Barron","MTL","40","6.6333333333333","2","8","20.00","2","5","28.57","1","4","20.00","0","1","0.00","0.13","0.49","20.67","2","5","28.57","0","2","0.00","0","1","0.00","2","3","40.00","0","0","-","0","3","0.00","0","0","-","0.00","75.00","0.750","0","0","0","8","-","0","0","0","-"
"867","Cody Ceci","Philip Broberg","EDM","55","6.6","1","13","7.14","1","9","10.00","1","6","14.29","0","1","0.00","0.05","0.9","5.18","0","6","0.00","0","3","0.00","0","0","-","0","3","0.00","0","1","0.00","1","7","12.50","0","0","-","0.00","83.33","0.833","0","0","5","11","0.00","0","0","5","0.00"
"868","Colton Parayko","Matthew Kessel","STL","67","6.6","0","20","0.00","0","14","0.00","0","9","0.00","0","2","0.00","0","2.54","0.00","0","17","0.00","0","10","0.00","0","2","0.00","0","7","0.00","0","0","-","0","4","0.00","0","0","-","-","77.78","0.78","0","0","0","10","-","0","0","1","0.00"
"869","Gavin Bayreuther","Marcus Bjork","CBJ","23","6.6","2","10","16.67","2","8","20.00","1","5","16.67","0","0","-","0.03","0.73","4.43","0","6","0.00","0","2","0.00","0","0","-","0","4","0.00","0","0","-","1","3","25.00","0","0","-","0.00","100.00","1.000","0","0","4","6","0.00","0","0","5","0.00"
"870","Jeremy Lauzon","Spencer Stastney","NSH","20","6.5833333333333","0","18","0.00","0","13","0.00","0","7","0.00","0","0","-","0","1.42","0.00","0","10","0.00","0","7","0.00","0","0","-","0","3","0.00","0","0","-","0","11","0.00","0","0","-","-","100.00","1.00","0","1","4","5","0.00","0","1","4","0.00"
"871","Marc-Edouard Vlasic","Shakir Mukhamadullin","S.J","15","6.55","2","9","18.18","2","6","25.00","1","5","16.67","0","1","0.00","0.07","0.64","10.18","0","6","0.00","0","1","0.00","0","0","-","0","5","0.00","0","0","-","1","6","14.29","0","1","0.00","0.00","80.00","0.800","0","0","5","6","0.00","0","0","5","0.00"
"872","Matt Irwin","Alexander Alexeyev","WSH","22","6.5333333333333","1","7","12.50","1","5","16.67","1","3","25.00","0","0","-","0.13","0.48","21.21","0","5","0.00","0","2","0.00","0","0","-","0","3","0.00","0","0","-","1","2","33.33","0","0","-","0.00","100.00","1.000","0","0","3","5","0.00","1","0","3","25.00"
"873","Thomas Chabot","Jake Sanderson","OTT","189","6.5166666666667","6","10","37.50","3","6","33.33","2","5","28.57","0","0","-","0.21","0.76","21.81","3","6","33.33","1","3","25.00","0","0","-","2","3","40.00","0","0","-","2","3","40.00","0","0","-","0.00","100.00","1.000","0","0","2","35","0.00","1","0","3","25.00"
"874","Dmitry Kulikov","Jan Rutta","PIT","5","6.5","1","18","5.26","1","15","6.25","1","10","9.09","0","0","-","0.09","1.6","5.40","1","10","9.09","1","5","16.67","0","0","-","0","5","0.00","0","0","-","0","8","0.00","0","0","-","0.00","100.00","1.000","0","0","2","3","0.00","0","0","2","0.00"
"875","Haydn Fleury","Mikhail Sergachev","T.B","34","6.5","1","8","11.11","1","6","14.29","1","4","20.00","0","0","-","0.12","0.47","19.80","1","5","16.67","0","2","0.00","0","0","-","1","3","25.00","0","0","-","0","3","0.00","0","0","-","0.00","100.00","1.000","0","1","0","8","-","0","1","1","0.00"
"876","Jordan Harris","Jayden Struble","MTL","32","6.4833333333333","1","13","7.14","1","11","8.33","0","8","0.00","0","1","0.00","0.05","0.96","4.74","0","6","0.00","0","4","0.00","0","1","0.00","0","2","0.00","0","0","-","1","8","11.11","0","0","-","-","87.50","0.88","0","0","3","8","0.00","0","2","3","0.00"
"877","Brett Kulak","Markus Niemelainen","EDM","23","6.4666666666667","1","10","9.09","1","7","12.50","1","5","16.67","0","0","-","0","0.42","0.35","0","5","0.00","0","1","0.00","0","0","-","0","4","0.00","0","0","-","0","5","0.00","0","0","-","0.00","100.00","1.000","0","1","5","1","0.00","0","1","5","0.00"
"878","Erik Gudbranson","Tim Berni","CBJ","48","6.45","1","10","9.09","1","8","11.11","1","6","14.29","0","0","-","0.01","0.81","0.85","0","6","0.00","0","2","0.00","0","0","-","0","4","0.00","0","0","-","0","4","0.00","0","0","-","0.00","100.00","1.000","0","1","1","5","0.00","1","2","1","50.00"
"879","Ryan McDonagh","Spencer Stastney","NSH","25","6.4333333333333","1","11","8.33","1","9","10.00","1","8","11.11","0","1","0.00","0.03","0.95","3.47","0","10","0.00","0","5","0.00","0","0","-","0","5","0.00","0","1","0.00","1","4","20.00","0","0","-","0.00","87.50","0.875","0","0","5","4","0.00","0","1","6","0.00"
"880","Nicolas Hague","Kaedan Korczak","VGK","64","6.4166666666667","2","5","28.57","2","4","33.33","1","3","25.00","0","0","-","1.18","0.27","81.15","1","1","50.00","1","0","100.00","0","0","-","0","1","0.00","0","0","-","0","3","0.00","0","0","-","0.00","100.00","1.000","0","0","1","2","0.00","0","0","1","0.00"
"881","Christopher Tanev","Rasmus Andersson","CGY","114","6.3666666666667","2","15","11.76","2","13","13.33","2","10","16.67","0","1","0.00","0.01","2.51","0.37","0","12","0.00","0","8","0.00","0","0","-","0","4","0.00","0","1","0.00","0","4","0.00","0","0","-","0.00","90.00","0.900","0","1","1","24","0.00","0","1","5","0.00"
"882","Rasmus Dahlin","Lawrence Pilut","BUF","16","6.35","3","4","42.86","2","3","40.00","2","3","40.00","0","0","-","0.12","0.24","33.91","1","4","20.00","0","1","0.00","0","0","-","1","3","25.00","0","0","-","1","0","100.00","0","0","-","0.00","100.00","1.000","0","0","4","7","0.00","2","0","4","33.33"
"883","Calvin de Haan","Nick Perbix","T.B","55","6.3333333333333","1","10","9.09","0","6","0.00","0","4","0.00","0","1","0.00","0","0.48","0.00","0","5","0.00","0","1","0.00","0","0","-","0","4","0.00","0","0","-","1","7","12.50","0","1","0.00","-","75.00","0.75","1","0","3","7","25.00","2","0","4","33.33"
"884","Zach Werenski","Andrew Peeke","CBJ","31","6.3333333333333","0","14","0.00","0","10","0.00","0","7","0.00","0","3","0.00","0","1.45","0.00","0","7","0.00","0","5","0.00","0","2","0.00","0","2","0.00","0","0","-","0","9","0.00","0","1","0.00","-","57.14","0.57","0","0","4","5","0.00","0","0","6","0.00"
"885","Ryan Shea","Conor Timmins","PIT","10","6.3166666666667","1","11","8.33","1","8","11.11","1","3","25.00","1","0","100.00","0.08","1.27","5.98","1","8","11.11","0","4","0.00","0","0","-","1","4","20.00","1","0","100.00","1","6","14.29","0","0","-","100.00","100.00","2.000","0","0","5","6","0.00","1","0","7","12.50"
"886","Josh Mahura","Cale Fleury","SEA","8","6.3","2","10","16.67","2","5","28.57","2","5","28.57","0","1","0.00","0.13","0.5","20.87","1","7","12.50","0","3","0.00","0","0","-","1","4","20.00","0","1","0.00","1","5","16.67","0","0","-","0.00","80.00","0.800","0","0","2","5","0.00","1","0","3","25.00"
"887","Jordan Harris","Arber Xhekaj","MTL","81","6.2833333333333","1","15","6.25","1","12","7.69","0","10","0.00","0","3","0.00","0.1","2.56","3.83","1","11","8.33","1","8","11.11","0","2","0.00","0","3","0.00","0","0","-","0","4","0.00","0","0","-","-","70.00","0.70","0","1","0","6","-","0","1","2","0.00"
"888","Calvin de Haan","Cale Makar","COL","44","6.2666666666667","1","15","6.25","1","12","7.69","1","7","12.50","1","2","33.33","0.07","1.37","4.74","1","7","12.50","0","3","0.00","0","2","0.00","1","4","20.00","1","0","100.00","0","11","0.00","0","0","-","100.00","71.43","1.714","0","1","6","5","0.00","0","1","8","0.00"
"889","Colin Miller","Simon Nemec","N.J","33","6.2666666666667","2","3","40.00","2","1","66.67","1","1","50.00","0","0","-","0.25","0.13","65.71","1","2","33.33","1","0","100.00","0","0","-","0","2","0.00","0","0","-","0","1","0.00","0","0","-","0.00","100.00","1.000","0","0","0","7","-","0","0","0","-"
"890","Olli Maatta","Nick DeSimone","UTA","18","6.25","1","13","7.14","1","10","9.09","1","9","10.00","0","1","0.00","0","1.15","0.03","0","10","0.00","0","5","0.00","0","1","0.00","0","5","0.00","0","0","-","0","3","0.00","0","0","-","0.00","88.89","0.889","0","0","1","7","0.00","0","0","1","0.00"
"891","Johnathan Kovacevic","Justin Barron","MTL","76","6.2333333333333","2","4","33.33","2","3","40.00","1","2","33.33","0","0","-","0.12","0.23","34.66","1","3","25.00","0","1","0.00","0","0","-","1","2","33.33","0","0","-","1","1","50.00","0","0","-","0.00","100.00","1.000","0","0","0","4","-","0","2","0","-"
"892","Ty Emberson","Nikita Okhotiuk","S.J","17","6.2333333333333","3","8","27.27","3","4","42.86","3","3","50.00","0","0","-","0.13","0.51","20.93","2","7","22.22","0","3","0.00","0","0","-","2","4","33.33","0","0","-","0","1","0.00","0","0","-","0.00","100.00","1.000","0","0","1","3","0.00","0","0","1","0.00"
"893","Jack Johnson","Caleb Jones","CHI","49","6.2","1","5","16.67","1","3","25.00","1","3","25.00","0","1","0.00","0","0.22","0.17","0","3","0.00","0","1","0.00","0","0","-","0","2","0.00","0","0","-","0","1","0.00","0","1","0.00","0.00","66.67","0.667","0","0","0","8","-","0","0","1","0.00"
"894","Haydn Fleury","Erik Cernak","T.B","43","6.1833333333333","3","8","27.27","3","6","33.33","3","4","42.86","0","1","0.00","0.14","0.6","18.85","1","5","16.67","1","1","50.00","0","0","-","0","4","0.00","0","0","-","0","5","0.00","0","1","0.00","0.00","75.00","0.750","0","0","4","9","0.00","0","0","4","0.00"
"895","Luke Schenn","Riley Stillman","VAN","30","6.15","4","7","36.36","3","6","33.33","2","2","50.00","0","0","-","0.24","0.85","22.33","3","5","37.50","1","3","25.00","0","0","-","2","2","50.00","0","0","-","1","1","50.00","0","0","-","0.00","100.00","1.000","0","0","4","4","0.00","0","3","4","0.00"
"896","Luke Schenn","Travis Dermott","VAN","11","6.15","1","11","8.33","1","11","8.33","1","5","16.67","0","0","-","0.13","0.6","17.54","1","5","16.67","1","1","50.00","0","0","-","0","4","0.00","0","0","-","0","6","0.00","0","0","-","0.00","100.00","1.000","0","0","3","4","0.00","0","0","4","0.00"
"897","Sean Durzi","Michael Kesselring","ARI","59","6.15","4","10","28.57","4","8","33.33","3","3","50.00","0","2","0.00","0.24","0.75","24.02","1","9","10.00","0","4","0.00","0","1","0.00","1","5","16.67","0","0","-","2","3","40.00","0","1","0.00","0.00","33.33","0.333","0","0","2","4","0.00","1","2","3","25.00"
"898","Alexander Edler","Drew Doughty","L.A","63","6.1166666666667","1","4","20.00","1","3","25.00","1","0","100.00","1","0","100.00","0.11","0.29","27.57","1","3","25.00","0","1","0.00","0","0","-","1","2","33.33","1","0","100.00","0","2","0.00","0","0","-","100.00","-","1.00","0","2","7","6","0.00","0","3","7","0.00"
"899","Lucas Carlsson","Timothy Liljegren","S.J","13","6.1","0","8","0.00","0","4","0.00","0","2","0.00","0","0","-","0","0.22","0.00","0","3","0.00","0","0","-","0","0","-","0","3","0.00","0","0","-","0","6","0.00","0","0","-","-","100.00","1.00","0","2","3","7","0.00","0","2","3","0.00"
"900","Oliver Ekman-Larsson","Christopher Tanev","TOR","70","6.0833333333333","2","9","18.18","1","8","11.11","1","6","14.29","0","1","0.00","0.06","1.04","5.54","1","6","14.29","1","3","25.00","0","1","0.00","0","3","0.00","0","0","-","1","6","14.29","0","0","-","0.00","83.33","0.833","1","1","5","11","16.67","1","1","6","14.29"
"901","TJ Brodie","Wyatt Kaiser","CHI","32","6.0666666666667","0","11","0.00","0","7","0.00","0","5","0.00","0","2","0.00","0","0.89","0.00","0","8","0.00","0","4","0.00","0","1","0.00","0","4","0.00","0","0","-","0","3","0.00","0","1","0.00","-","60.00","0.60","0","1","2","8","0.00","0","1","2","0.00"
"902","Brian Dumoulin","Vince Dunn","SEA","57","6.0666666666667","5","8","38.46","4","6","40.00","3","4","42.86","2","0","100.00","0.81","0.57","58.34","5","3","62.50","4","1","80.00","2","0","100.00","1","2","33.33","0","0","-","0","4","0.00","0","0","-","66.67","100.00","1.667","1","0","0","5","100.00","1","0","0","100.00"
"903","Andrew Peeke","Tim Berni","CBJ","57","6.0666666666667","2","8","20.00","2","7","22.22","2","6","25.00","0","2","0.00","0.08","0.6","11.88","0","5","0.00","0","3","0.00","0","2","0.00","0","2","0.00","0","0","-","1","4","20.00","0","0","-","0.00","66.67","0.667","0","1","0","2","-","0","1","2","0.00"
"904","Moritz Seider","Albert Johansson","DET","61","6.05","1","12","7.69","0","9","0.00","0","7","0.00","0","0","-","0","0.59","0.00","0","5","0.00","0","1","0.00","0","0","-","0","4","0.00","0","0","-","0","8","0.00","0","0","-","-","100.00","1.00","0","0","4","5","0.00","0","1","6","0.00"
"905","Jon Merrill","Jonas Brodin","MIN","138","6.0333333333333","5","8","38.46","5","6","45.45","5","3","62.50","2","0","100.00","0.64","0.45","58.85","4","3","57.14","3","2","60.00","1","0","100.00","1","1","50.00","1","0","100.00","1","5","16.67","0","0","-","40.00","100.00","1.400","0","0","0","28","-","1","2","0","100.00"
"906","Travis Dermott","Troy Stecher","ARI","27","6.0333333333333","0","14","0.00","0","14","0.00","0","9","0.00","0","3","0.00","0","1.58","0.00","0","11","0.00","0","5","0.00","0","0","-","0","6","0.00","0","2","0.00","0","6","0.00","0","1","0.00","-","66.67","0.67","0","0","1","11","0.00","0","0","4","0.00"
"907","Victor Hedman","Callan Foote","T.B","23","6.0166666666667","3","11","21.43","3","10","23.08","2","9","18.18","0","1","0.00","0.13","0.98","11.37","0","3","0.00","0","2","0.00","0","0","-","0","1","0.00","0","0","-","3","8","27.27","0","1","0.00","0.00","88.89","0.889","1","0","3","6","25.00","1","0","4","20.00"
"908","Morgan Rielly","Simon Benoit","TOR","132","6.0166666666667","4","6","40.00","3","5","37.50","3","4","42.86","0","2","0.00","0.15","0.46","24.29","1","3","25.00","0","2","0.00","0","1","0.00","1","1","50.00","0","1","0.00","1","2","33.33","0","0","-","0.00","50.00","0.500","0","0","1","27","0.00","0","0","1","0.00"
"909","Justin Faulk","Cam Fowler","STL","49","5.9833333333333","1","10","9.09","1","9","10.00","0","7","0.00","0","2","0.00","0.07","1.14","5.57","1","5","16.67","1","4","20.00","0","2","0.00","0","1","0.00","0","0","-","0","5","0.00","0","0","-","-","71.43","0.71","0","1","4","6","0.00","0","1","4","0.00"
"910","Jarred Tinordi","Louis Crevier","CHI","13","5.9833333333333","1","9","10.00","1","6","14.29","0","5","0.00","0","0","-","0.07","1.07","5.84","0","7","0.00","0","2","0.00","0","0","-","0","5","0.00","0","0","-","1","7","12.50","0","0","-","-","100.00","1.00","1","0","3","4","25.00","1","1","6","14.29"
"911","Cody Ceci","Henry Thrun","S.J","45","5.9833333333333","0","11","0.00","0","8","0.00","0","6","0.00","0","1","0.00","0","0.73","0.00","0","5","0.00","0","1","0.00","0","0","-","0","4","0.00","0","1","0.00","0","8","0.00","0","0","-","-","83.33","0.83","0","1","2","7","0.00","0","1","3","0.00"
"912","Carson Soucy","Vincent Desharnais","VAN","34","5.9833333333333","1","8","11.11","1","6","14.29","1","5","16.67","0","0","-","0.01","0.7","0.88","0","6","0.00","0","1","0.00","0","0","-","0","5","0.00","0","0","-","0","3","0.00","0","0","-","0.00","100.00","1.000","0","0","2","3","0.00","0","0","4","0.00"
"913","Luke Schenn","Kyle Burroughs","VAN","21","5.9666666666667","1","18","5.26","1","12","7.69","1","9","10.00","0","3","0.00","0.07","1.02","6.12","1","9","10.00","1","4","20.00","0","1","0.00","0","5","0.00","0","0","-","0","9","0.00","0","2","0.00","0.00","66.67","0.667","0","0","5","6","0.00","0","0","7","0.00"
"914","Roman Josi","Nick Blankenburg","NSH","31","5.9666666666667","1","13","7.14","1","10","9.09","1","8","11.11","0","0","-","0","1","0.22","0","7","0.00","0","3","0.00","0","0","-","0","4","0.00","0","0","-","0","9","0.00","0","0","-","0.00","100.00","1.000","0","0","4","7","0.00","0","0","8","0.00"
"915","Jaycob Megna","Seth Jones","CHI","39","5.9666666666667","2","11","15.38","2","8","20.00","1","6","14.29","0","2","0.00","0.21","1.31","13.70","2","7","22.22","1","4","20.00","0","1","0.00","1","3","25.00","0","1","0.00","0","7","0.00","0","0","-","0.00","66.67","0.667","0","0","3","21","0.00","0","0","4","0.00"
"916","Marcus Pettersson","Pierre-Olivier Joseph","PIT","125","5.95","1","13","7.14","1","10","9.09","1","8","11.11","0","3","0.00","0","1.4","0.10","0","9","0.00","0","4","0.00","0","1","0.00","0","5","0.00","0","2","0.00","0","6","0.00","0","0","-","0.00","62.50","0.625","0","0","4","5","0.00","0","1","4","0.00"
"917","Radko Gudas","Ilya Lyubushkin","ANA","49","5.9166666666667","1","11","8.33","1","11","8.33","0","9","0.00","0","0","-","0.02","0.98","2.26","0","6","0.00","0","1","0.00","0","0","-","0","5","0.00","0","0","-","1","5","16.67","0","0","-","-","100.00","1.00","0","0","2","26","0.00","0","0","3","0.00"
"918","Jarred Tinordi","Nikita Zaitsev","CHI","32","5.9166666666667","1","14","6.67","1","10","9.09","1","8","11.11","0","1","0.00","0","0.86","0.07","0","9","0.00","0","3","0.00","0","0","-","0","6","0.00","0","1","0.00","0","7","0.00","0","0","-","0.00","87.50","0.875","0","0","4","5","0.00","0","0","6","0.00"
"919","Matt Grzelcyk","Connor Clifton","BOS","71","5.9166666666667","4","1","80.00","4","1","80.00","4","1","80.00","1","1","50.00","0.32","0.13","71.21","3","0","100.00","1","0","100.00","1","0","100.00","2","0","100.00","0","0","-","1","1","50.00","0","1","0.00","25.00","0.00","0.250","0","1","1","20","0.00","0","2","1","0.00"
"920","Matt Roy","Rasmus Sandin","WSH","69","5.9166666666667","1","12","7.69","1","8","11.11","0","4","0.00","0","1","0.00","0.03","1.05","2.87","0","8","0.00","0","3","0.00","0","1","0.00","0","5","0.00","0","0","-","1","5","16.67","0","0","-","-","75.00","0.75","0","1","1","2","0.00","0","1","4","0.00"
"921","Ben Chiarot","Albert Johansson","DET","60","5.9","3","9","25.00","3","6","33.33","3","2","60.00","0","0","-","0.4","0.46","46.82","1","6","14.29","1","1","50.00","0","0","-","0","5","0.00","0","0","-","2","6","25.00","0","0","-","0.00","100.00","1.000","0","0","3","3","0.00","0","1","4","0.00"
"922","Olli Maatta","Shayne Gostisbehere","DET","71","5.9","1","1","50.00","1","1","50.00","1","1","50.00","0","0","-","0.08","0.04","68.39","1","0","100.00","0","0","-","0","0","-","1","0","100.00","0","0","-","1","4","20.00","0","0","-","0.00","100.00","1.000","1","0","4","7","20.00","2","0","4","33.33"
"923","MacKenzie Weegar","Ilya Solovyov","CGY","15","5.8833333333333","3","14","17.65","3","6","33.33","3","5","37.50","2","2","50.00","0.31","0.7","30.50","2","9","18.18","1","3","25.00","1","1","50.00","1","6","14.29","1","0","100.00","0","4","0.00","0","1","0.00","66.67","60.00","1.267","0","0","1","9","0.00","1","1","1","50.00"
"924","Alex Vlasic","Sam Rinzel","CHI","9","5.8833333333333","1","12","7.69","1","8","11.11","1","7","12.50","1","1","50.00","0.75","0.69","52.14","0","5","0.00","0","2","0.00","0","1","0.00","0","3","0.00","0","0","-","0","12","0.00","0","0","-","100.00","85.71","1.857","0","1","4","4","0.00","0","4","7","0.00"
"925","Urho Vaakanainen","Braden Schneider","NYR","45","5.8666666666667","0","14","0.00","0","11","0.00","0","8","0.00","0","1","0.00","0","1.25","0.00","0","9","0.00","0","3","0.00","0","1","0.00","0","6","0.00","0","0","-","0","6","0.00","0","0","-","-","87.50","0.88","0","1","3","10","0.00","0","1","3","0.00"
"926","Alex Goligoski","Jacob Middleton","MIN","79","5.85","0","13","0.00","0","9","0.00","0","8","0.00","0","1","0.00","0","0.61","0.00","0","7","0.00","0","0","-","0","0","-","0","7","0.00","0","1","0.00","0","5","0.00","0","0","-","-","87.50","0.88","0","0","6","7","0.00","0","0","6","0.00"
"927","Alec Martinez","TJ Brodie","CHI","30","5.8333333333333","1","8","11.11","1","8","11.11","1","6","14.29","0","0","-","0","0.73","0.02","0","4","0.00","0","2","0.00","0","0","-","0","2","0.00","0","0","-","0","5","0.00","0","0","-","0.00","100.00","1.000","0","0","1","6","0.00","0","1","1","0.00"
"928","Dante Fabbro","Marc Del Gaizo","NSH","5","5.8","2","7","22.22","2","3","40.00","0","3","0.00","0","1","0.00","0.12","0.22","36.37","2","4","33.33","0","1","0.00","0","0","-","2","3","40.00","0","1","0.00","0","3","0.00","0","0","-","-","66.67","0.67","0","1","0","4","-","0","1","0","-"
"929","Marc Staal","Ronnie Attard","PHI","5","5.7833333333333","2","12","14.29","2","9","18.18","2","6","25.00","0","1","0.00","0.09","1.04","8.15","0","7","0.00","0","3","0.00","0","1","0.00","0","4","0.00","0","0","-","1","6","14.29","0","0","-","0.00","83.33","0.833","0","2","1","5","0.00","0","3","1","0.00"
"930","Oliver Ekman-Larsson","Morgan Rielly","TOR","77","5.7833333333333","5","3","62.50","5","2","71.43","5","2","71.43","1","0","100.00","0.34","0.14","71.28","3","0","100.00","0","0","-","0","0","-","3","0","100.00","1","0","100.00","5","7","41.67","0","0","-","20.00","100.00","1.200","3","2","5","9","37.50","4","2","5","44.44"
"931","Derek Forbort","Vincent Desharnais","VAN","16","5.7666666666667","3","10","23.08","3","5","37.50","3","3","50.00","0","0","-","0.31","0.43","42.08","2","5","28.57","0","0","-","0","0","-","2","5","28.57","0","0","-","1","5","16.67","0","0","-","0.00","100.00","1.000","0","0","1","4","0.00","2","0","3","40.00"
"932","TJ Brodie","Ilya Lyubushkin","TOR","18","5.7333333333333","1","13","7.14","1","10","9.09","0","6","0.00","0","0","-","0.02","0.7","3.11","0","6","0.00","0","1","0.00","0","0","-","0","5","0.00","0","0","-","1","10","9.09","0","0","-","-","100.00","1.00","0","0","3","4","0.00","0","0","5","0.00"
"933","Logan Stanley","Dylan Samberg","WPG","72","5.7","1","9","10.00","1","7","12.50","0","5","0.00","0","1","0.00","0.05","0.78","6.01","1","5","16.67","0","2","0.00","0","0","-","1","3","25.00","0","1","0.00","0","4","0.00","0","0","-","-","80.00","0.80","0","1","0","28","-","0","1","0","-"
"934","Travis Hamonic","Jacob Bernard-Docker","OTT","75","5.6833333333333","6","8","42.86","6","8","42.86","3","3","50.00","0","1","0.00","0.34","0.62","35.21","1","3","25.00","1","1","50.00","0","0","-","0","2","0.00","0","0","-","3","5","37.50","0","1","0.00","0.00","66.67","0.667","0","0","0","10","-","0","0","0","-"
"935","Brenden Dillon","Logan Stanley","WPG","39","5.6833333333333","3","12","20.00","3","8","27.27","2","8","20.00","0","1","0.00","0.37","1.28","22.18","3","7","30.00","2","6","25.00","0","1","0.00","1","1","50.00","0","0","-","0","3","0.00","0","0","-","0.00","87.50","0.875","0","1","0","14","-","1","1","0","100.00"
"936","Joshua Brown","Darnell Nurse","EDM","6","5.6833333333333","2","12","14.29","2","7","22.22","2","6","25.00","0","2","0.00","0","0.83","0.19","0","10","0.00","0","3","0.00","0","0","-","0","7","0.00","0","2","0.00","0","7","0.00","0","0","-","0.00","66.67","0.667","0","0","7","3","0.00","1","1","8","11.11"
"937","Henri Jokiharju","Jacob Bryson","BUF","97","5.6833333333333","3","6","33.33","3","6","33.33","3","5","37.50","1","0","100.00","0.14","0.63","18.29","1","4","20.00","0","3","0.00","0","0","-","1","1","50.00","1","0","100.00","0","2","0.00","0","0","-","33.33","100.00","1.333","0","1","2","10","0.00","0","1","3","0.00"
"938","Nick Leddy","Matthew Kessel","STL","45","5.6666666666667","2","13","13.33","2","12","14.29","2","7","22.22","0","1","0.00","0","1.22","0.19","0","8","0.00","0","4","0.00","0","0","-","0","4","0.00","0","1","0.00","0","6","0.00","0","0","-","0.00","85.71","0.857","0","0","1","5","0.00","0","0","3","0.00"
"939","Derek Forbort","Hampus Lindholm","BOS","84","5.6666666666667","2","12","14.29","1","6","14.29","0","6","0.00","0","0","-","0.05","0.38","11.26","0","7","0.00","0","0","-","0","0","-","0","7","0.00","0","0","-","0","5","0.00","0","0","-","-","100.00","1.00","0","1","2","16","0.00","0","1","4","0.00"
"940","Dakota Mermis","Brock Faber","MIN","47","5.6666666666667","1","9","10.00","1","9","10.00","1","5","16.67","0","1","0.00","0.05","0.74","6.29","0","3","0.00","0","1","0.00","0","0","-","0","2","0.00","0","1","0.00","1","7","12.50","0","0","-","0.00","80.00","0.800","0","0","3","14","0.00","0","0","4","0.00"
"941","Vladislav Gavrikov","Gavin Bayreuther","CBJ","21","5.65","2","13","13.33","2","10","16.67","2","8","20.00","0","0","-","0.21","1.42","12.81","2","6","25.00","1","2","33.33","0","0","-","1","4","20.00","0","0","-","0","7","0.00","0","0","-","0.00","100.00","1.000","0","1","1","1","0.00","0","1","1","0.00"
"942","Ian Cole","Juuso Valimaki","UTA","43","5.6333333333333","1","9","10.00","1","5","16.67","1","3","25.00","0","2","0.00","0.01","0.41","1.90","0","5","0.00","0","2","0.00","0","0","-","0","3","0.00","0","1","0.00","0","4","0.00","0","1","0.00","0.00","33.33","0.333","0","0","0","10","-","0","0","0","-"
"943","Oliver Ekman-Larsson","Brandon Montour","FLA","64","5.6333333333333","2","3","40.00","2","3","40.00","2","3","40.00","1","1","50.00","0.22","0.28","44.66","2","3","40.00","0","1","0.00","0","0","-","2","2","50.00","1","1","50.00","0","1","0.00","0","0","-","50.00","66.67","1.167","0","0","2","15","0.00","1","1","2","33.33"
"944","Andrew Peeke","Michael Callahan","BOS","17","5.6333333333333","2","6","25.00","1","4","20.00","1","2","33.33","0","0","-","0.01","0.37","1.85","0","2","0.00","0","1","0.00","0","0","-","0","1","0.00","0","0","-","2","4","33.33","0","0","-","0.00","100.00","1.000","0","0","0","5","-","1","1","1","50.00"
"945","Colin Miller","Jonas Siegenthaler","N.J","26","5.6166666666667","3","10","23.08","3","7","30.00","2","7","22.22","0","1","0.00","0.15","0.85","15.36","2","9","18.18","0","4","0.00","0","0","-","2","5","28.57","0","0","-","1","1","50.00","0","1","0.00","0.00","85.71","0.857","0","0","1","5","0.00","0","0","1","0.00"
"946","Matt Grzelcyk","Ryan Shea","PIT","39","5.6","2","7","22.22","2","4","33.33","2","4","33.33","0","1","0.00","0.17","0.31","35.38","2","3","40.00","1","2","33.33","0","1","0.00","1","1","50.00","0","0","-","0","4","0.00","0","0","-","0.00","75.00","0.750","0","1","0","8","-","0","1","0","-"
"947","Victor Hedman","Matt Dumba","T.B","16","5.5833333333333","1","11","8.33","1","9","10.00","1","5","16.67","1","0","100.00","0.3","1.06","21.77","1","8","11.11","1","6","14.29","1","0","100.00","0","2","0.00","0","0","-","0","3","0.00","0","0","-","100.00","100.00","2.000","0","0","3","6","0.00","0","0","3","0.00"
"948","Kyle Burroughs","Mikey Anderson","L.A","31","5.5833333333333","3","3","50.00","2","2","50.00","1","2","33.33","0","1","0.00","0.11","0.25","31.14","2","3","40.00","0","2","0.00","0","1","0.00","2","1","66.67","0","0","-","1","0","100.00","0","0","-","0.00","50.00","0.500","0","1","0","8","-","0","2","0","-"
"949","Alexander Edler","Sean Durzi","L.A","55","5.5666666666667","0","17","0.00","0","8","0.00","0","6","0.00","0","2","0.00","0","1.4","0.00","0","12","0.00","0","8","0.00","0","2","0.00","0","4","0.00","0","0","-","0","6","0.00","0","0","-","-","66.67","0.67","0","2","4","11","0.00","0","2","4","0.00"
"950","Grant Hutton","Noah Dobson","NYI","15","5.5666666666667","1","9","10.00","1","8","11.11","1","8","11.11","0","2","0.00","0.09","0.63","12.42","1","4","20.00","0","2","0.00","0","1","0.00","1","2","33.33","0","0","-","0","6","0.00","0","1","0.00","0.00","75.00","0.750","0","0","2","6","0.00","0","0","2","0.00"
"951","Declan Chisholm","Brock Faber","MIN","91","5.5333333333333","1","4","20.00","1","3","25.00","0","1","0.00","0","0","-","0.03","0.24","12.54","1","1","50.00","0","1","0.00","0","0","-","1","0","100.00","0","0","-","0","3","0.00","0","0","-","-","100.00","1.00","0","1","0","7","-","0","1","0","-"
"952","Jake Bean","Brayden Pachal","CGY","58","5.5166666666667","3","6","33.33","2","5","28.57","1","3","25.00","0","1","0.00","0.12","0.32","27.01","1","4","20.00","0","0","-","0","0","-","1","4","20.00","0","1","0.00","2","3","40.00","0","0","-","0.00","66.67","0.667","0","0","1","13","0.00","0","0","1","0.00"
"953","Nick DeSimone","Kevin Bahl","N.J","11","5.5166666666667","0","7","0.00","0","5","0.00","0","4","0.00","0","0","-","0","0.32","0.00","0","3","0.00","0","0","-","0","0","-","0","3","0.00","0","0","-","0","4","0.00","0","0","-","-","100.00","1.00","0","1","2","4","0.00","1","2","3","25.00"
"954","Nick Holden","Jakob Chychrun","OTT","4","5.5","1","8","11.11","1","7","12.50","1","3","25.00","0","0","-","0","0.93","0.06","0","7","0.00","0","2","0.00","0","0","-","0","5","0.00","0","0","-","0","1","0.00","0","0","-","0.00","100.00","1.000","0","0","0","3","-","0","1","0","-"
"955","David Savard","Jayden Struble","MTL","96","5.5","1","14","6.67","1","12","7.69","1","9","10.00","1","2","33.33","0.13","1.28","9.09","1","8","11.11","0","3","0.00","0","0","-","1","5","16.67","1","1","50.00","0","10","0.00","0","1","0.00","100.00","77.78","1.778","0","0","4","2","0.00","0","0","9","0.00"
"956","Victor Mete","Timothy Liljegren","TOR","6","5.5","0","6","0.00","0","5","0.00","0","4","0.00","0","0","-","0","0.56","0.00","0","3","0.00","0","2","0.00","0","0","-","0","1","0.00","0","0","-","0","3","0.00","0","0","-","-","100.00","1.00","0","2","1","5","0.00","0","3","1","0.00"
"957","Gavin Bayreuther","Nick Blankenburg","CBJ","20","5.5","2","9","18.18","2","8","20.00","1","6","14.29","0","2","0.00","0.16","0.65","20.13","2","6","25.00","1","2","33.33","0","1","0.00","1","4","20.00","0","1","0.00","0","2","0.00","0","0","-","0.00","66.67","0.667","0","1","3","7","0.00","0","1","3","0.00"
"958","Torey Krug","Matthew Kessel","STL","36","5.4833333333333","1","8","11.11","1","6","14.29","1","5","16.67","0","2","0.00","0.04","0.77","5.18","0","6","0.00","0","2","0.00","0","0","-","0","4","0.00","0","2","0.00","1","3","25.00","0","0","-","0.00","60.00","0.600","0","1","3","7","0.00","0","1","4","0.00"
"959","Timothy Liljegren","Rasmus Sandin","TOR","41","5.4666666666667","2","15","11.76","2","8","20.00","1","7","12.50","0","0","-","0.12","1.21","9.28","1","7","12.50","0","5","0.00","0","0","-","1","2","33.33","0","0","-","1","9","10.00","0","0","-","0.00","100.00","1.000","1","0","2","4","33.33","2","0","5","28.57"
"960","Oliver Ekman-Larsson","Josh Mahura","FLA","28","5.45","0","5","0.00","0","3","0.00","0","3","0.00","0","1","0.00","0","0.21","0.00","0","1","0.00","0","0","-","0","0","-","0","1","0.00","0","0","-","0","5","0.00","0","1","0.00","-","66.67","0.67","0","1","1","5","0.00","0","1","1","0.00"
"961","Ian Cole","Haydn Fleury","T.B","25","5.4","1","11","8.33","1","9","10.00","0","7","0.00","0","1","0.00","0.18","1.17","13.16","1","7","12.50","1","4","20.00","0","1","0.00","0","3","0.00","0","0","-","1","7","12.50","0","0","-","-","85.71","0.86","0","1","1","4","0.00","2","2","4","33.33"
"962","Wyatt Kaiser","Isaak Phillips","CHI","14","5.4","1","10","9.09","1","8","11.11","1","8","11.11","0","0","-","0.12","0.61","16.80","1","6","14.29","0","2","0.00","0","0","-","1","4","20.00","0","0","-","0","4","0.00","0","0","-","0.00","100.00","1.000","0","0","0","3","-","0","0","0","-"
"963","Arber Xhekaj","Lane Hutson","MTL","70","5.4","1","11","8.33","1","8","11.11","0","7","0.00","0","0","-","0.04","0.84","4.67","0","6","0.00","0","2","0.00","0","0","-","0","4","0.00","0","0","-","1","6","14.29","0","0","-","-","100.00","1.00","0","0","1","8","0.00","0","0","1","0.00"
"964","Nick Seeler","Emil Andrae","PHI","46","5.3666666666667","0","7","0.00","0","4","0.00","0","3","0.00","0","0","-","0","0.5","0.00","0","4","0.00","0","3","0.00","0","0","-","0","1","0.00","0","0","-","0","2","0.00","0","0","-","-","100.00","1.00","0","0","0","3","-","0","0","0","-"
"965","Hampus Lindholm","Parker Wotherspoon","BOS","40","5.3666666666667","1","13","7.14","1","8","11.11","1","7","12.50","0","2","0.00","0.05","0.89","5.80","1","11","8.33","0","3","0.00","0","1","0.00","1","8","11.11","0","1","0.00","0","6","0.00","0","0","-","0.00","71.43","0.714","1","0","3","7","25.00","1","1","5","16.67"
"966","Travis Hamonic","Artem Zub","OTT","114","5.35","2","7","22.22","2","3","40.00","2","2","50.00","0","0","-","0.08","0.23","25.40","1","3","25.00","0","0","-","0","0","-","1","3","25.00","0","0","-","0","4","0.00","0","0","-","0.00","100.00","1.000","0","0","0","22","-","0","0","0","-"
"967","Matt Grzelcyk","Jack St. Ivany","PIT","19","5.35","0","3","0.00","0","2","0.00","0","2","0.00","0","0","-","0","0.09","0.00","0","0","-","0","0","-","0","0","-","0","0","-","0","0","-","0","4","0.00","0","0","-","-","100.00","1.00","0","0","4","4","0.00","0","0","5","0.00"
"968","Kris Letang","Brian Dumoulin","PIT","64","5.3166666666667","3","10","23.08","3","7","30.00","2","6","25.00","0","2","0.00","0.17","0.95","15.10","1","7","12.50","0","3","0.00","0","1","0.00","1","4","20.00","0","1","0.00","1","3","25.00","0","0","-","0.00","66.67","0.667","0","1","5","22","0.00","0","1","7","0.00"
"969","Dennis Gilbert","Owen Power","BUF","25","5.3166666666667","1","7","12.50","0","4","0.00","0","3","0.00","0","1","0.00","0","0.41","0.00","0","3","0.00","0","1","0.00","0","0","-","0","2","0.00","0","1","0.00","1","4","20.00","0","0","-","-","66.67","0.67","1","1","1","7","50.00","1","1","1","50.00"
"970","Jordie Benn","Justin Holl","TOR","12","5.2833333333333","1","18","5.26","1","16","5.88","0","12","0.00","0","1","0.00","0.15","1.88","7.40","1","13","7.14","1","6","14.29","0","1","0.00","0","7","0.00","0","0","-","0","6","0.00","0","0","-","-","91.67","0.92","0","0","4","6","0.00","0","0","6","0.00"
"971","Casey Fitzgerald","Jacob Bryson","BUF","16","5.2833333333333","3","8","27.27","3","6","33.33","2","5","28.57","0","3","0.00","0.29","0.64","30.98","3","4","42.86","2","1","66.67","0","0","-","1","3","25.00","0","3","0.00","0","3","0.00","0","0","-","0.00","40.00","0.400","1","3","4","7","20.00","1","3","5","16.67"
"972","Alexander Alexeyev","Rasmus Sandin","WSH","57","5.2833333333333","1","7","12.50","1","3","25.00","1","2","33.33","0","0","-","0","0.27","0.07","0","1","0.00","0","1","0.00","0","0","-","0","0","-","0","0","-","0","6","0.00","0","0","-","0.00","100.00","1.000","0","0","0","1","-","0","0","0","-"
"973","Marc-Edouard Vlasic","Radim Simek","S.J","42","5.25","1","8","11.11","1","7","12.50","1","6","14.29","0","0","-","0","0.52","0.37","0","5","0.00","0","1","0.00","0","0","-","0","4","0.00","0","0","-","0","6","0.00","0","0","-","0.00","100.00","1.000","0","1","2","3","0.00","0","1","5","0.00"
"974","Nick Seeler","Louie Belpedio","PHI","12","5.2333333333333","1","13","7.14","1","7","12.50","1","3","25.00","0","1","0.00","0.02","0.56","3.62","0","9","0.00","0","4","0.00","0","0","-","0","5","0.00","0","1","0.00","1","5","16.67","0","0","-","0.00","66.67","0.667","0","0","1","2","0.00","0","0","1","0.00"
"975","Vincent Desharnais","Erik Brannstrom","VAN","19","5.2166666666667","1","8","11.11","0","7","0.00","0","4","0.00","0","0","-","0","0.54","0.00","1","3","25.00","0","1","0.00","0","0","-","1","2","33.33","0","0","-","0","5","0.00","0","0","-","-","100.00","1.00","0","1","0","5","-","0","2","1","0.00"
"976","Brandon Montour","Josh Mahura","FLA","94","5.2","3","4","42.86","3","3","50.00","2","2","50.00","0","1","0.00","0.37","0.43","46.11","2","3","40.00","0","1","0.00","0","1","0.00","2","2","50.00","0","0","-","0","1","0.00","0","0","-","0.00","50.00","0.500","0","1","0","6","-","0","1","1","0.00"
"977","Jakub Zboril","Brandon Carlo","BOS","17","5.2","1","4","20.00","0","4","0.00","0","2","0.00","0","0","-","0","0.3","0.00","1","2","33.33","0","1","0.00","0","0","-","1","1","50.00","0","0","-","0","2","0.00","0","0","-","-","100.00","1.00","0","1","3","5","0.00","0","2","4","0.00"
"978","Seth Jones","Nikita Zaitsev","CHI","43","5.1833333333333","3","9","25.00","3","6","33.33","3","3","50.00","0","0","-","0.08","0.53","13.40","0","4","0.00","0","2","0.00","0","0","-","0","2","0.00","0","0","-","2","5","28.57","0","0","-","0.00","100.00","1.000","0","1","1","1","0.00","0","1","1","0.00"
"979","Mark Giordano","Simon Benoit","TOR","33","5.1666666666667","2","17","10.53","1","10","9.09","0","7","0.00","0","1","0.00","0.06","0.87","6.91","1","6","14.29","0","2","0.00","0","1","0.00","1","4","20.00","0","0","-","1","11","8.33","0","0","-","-","85.71","0.86","0","1","2","7","0.00","0","1","2","0.00"
"980","Olli Maatta","Maveric Lamoureux","UTA","12","5.15","1","12","7.69","1","10","9.09","1","6","14.29","0","0","-","0.06","1.26","4.46","1","10","9.09","0","4","0.00","0","0","-","1","6","14.29","0","0","-","1","5","16.67","0","0","-","0.00","100.00","1.000","0","1","3","1","0.00","1","1","4","20.00"
"981","Ryan Lindgren","Cale Makar","COL","18","5.15","1","10","9.09","1","10","9.09","1","9","10.00","0","3","0.00","0.09","1.31","6.50","1","6","14.29","1","4","20.00","0","2","0.00","0","2","0.00","0","1","0.00","0","6","0.00","0","0","-","0.00","66.67","0.667","0","0","2","7","0.00","0","0","3","0.00"
"982","Kris Letang","Jeff Petry","PIT","52","5.1333333333333","2","10","16.67","2","7","22.22","2","5","28.57","0","1","0.00","0.02","0.85","2.53","0","7","0.00","0","3","0.00","0","1","0.00","0","4","0.00","0","0","-","1","3","25.00","0","0","-","0.00","80.00","0.800","0","0","3","21","0.00","0","0","3","0.00"
"983","Ryan Graves","Owen Pickering","PIT","10","5.1166666666667","1","10","9.09","1","8","11.11","1","5","16.67","0","2","0.00","0.01","0.61","1.02","0","5","0.00","0","2","0.00","0","2","0.00","0","3","0.00","0","0","-","0","5","0.00","0","0","-","0.00","60.00","0.600","0","1","2","6","0.00","0","2","3","0.00"
"984","Aaron Ekblad","Josh Mahura","FLA","73","5.0833333333333","2","3","40.00","1","2","33.33","1","2","33.33","1","0","100.00","0.24","0.31","43.83","2","3","40.00","1","1","50.00","1","0","100.00","1","2","33.33","0","0","-","0","0","-","0","0","-","100.00","100.00","2.000","0","0","0","6","-","0","0","0","-"
"985","Jacob Trouba","Ben Harpur","NYR","42","5.0666666666667","0","10","0.00","0","8","0.00","0","5","0.00","0","1","0.00","0","1.07","0.00","0","7","0.00","0","3","0.00","0","1","0.00","0","4","0.00","0","0","-","0","7","0.00","0","0","-","-","80.00","0.80","0","0","2","4","0.00","0","0","4","0.00"
"986","Niko Mikkola","Josh Mahura","FLA","30","5.05","0","4","0.00","0","4","0.00","0","4","0.00","0","0","-","0","0.5","0.00","0","3","0.00","0","1","0.00","0","0","-","0","2","0.00","0","0","-","0","2","0.00","0","0","-","-","100.00","1.00","0","0","2","7","0.00","0","1","2","0.00"
"987","Ryan Suter","Cam Fowler","STL","51","5.0333333333333","0","9","0.00","0","6","0.00","0","3","0.00","0","1","0.00","0","0.43","0.00","0","5","0.00","0","1","0.00","0","0","-","0","4","0.00","0","1","0.00","0","6","0.00","0","0","-","-","66.67","0.67","0","0","2","8","0.00","0","0","2","0.00"
"988","TJ Brodie","Nolan Allan","CHI","37","5.0333333333333","1","5","16.67","1","5","16.67","1","4","20.00","0","0","-","0","0.69","0.40","0","4","0.00","0","3","0.00","0","0","-","0","1","0.00","0","0","-","0","1","0.00","0","0","-","0.00","100.00","1.000","0","0","0","7","-","0","1","0","-"
"989","Brandon Montour","Josh Mahura","SEA","63","5.0333333333333","1","6","14.29","1","2","33.33","0","2","0.00","0","0","-","0.19","0.41","31.23","1","4","20.00","1","1","50.00","0","0","-","0","3","0.00","0","0","-","0","5","0.00","0","0","-","-","100.00","1.00","0","1","4","7","0.00","0","2","4","0.00"
"990","Ivan Provorov","Jake Christiansen","CBJ","80","5.0166666666667","0","8","0.00","0","7","0.00","0","5","0.00","0","1","0.00","0","0.69","0.00","0","5","0.00","0","3","0.00","0","0","-","0","2","0.00","0","1","0.00","0","4","0.00","0","0","-","-","80.00","0.80","0","0","0","10","-","0","0","1","0.00"
"991","Ryan Shea","Vincent Desharnais","PIT","5","5.0166666666667","1","13","7.14","1","9","10.00","1","8","11.11","1","1","50.00","0.07","0.67","9.69","1","8","11.11","0","1","0.00","0","0","-","1","7","12.50","1","1","50.00","0","8","0.00","0","0","-","100.00","87.50","1.875","0","1","2","3","0.00","0","1","5","0.00"
"992","Mikey Anderson","Sean Durzi","L.A","67","5.0166666666667","1","7","12.50","1","6","14.29","1","5","16.67","0","0","-","0","0.85","0.49","0","4","0.00","0","1","0.00","0","0","-","0","3","0.00","0","0","-","0","4","0.00","0","0","-","0.00","100.00","1.000","0","0","2","7","0.00","0","0","3","0.00"
"993","Alec Martinez","Brayden Pachal","VGK","15","5","0","4","0.00","0","4","0.00","0","2","0.00","0","0","-","0","0.29","0.00","0","1","0.00","0","0","-","0","0","-","0","1","0.00","0","0","-","0","3","0.00","0","0","-","-","100.00","1.00","0","1","0","4","-","0","1","1","0.00"
"994","Calvin de Haan","Devon Toews","COL","41","5","0","7","0.00","0","5","0.00","0","3","0.00","0","1","0.00","0","0.2","0.00","0","1","0.00","0","0","-","0","0","-","0","1","0.00","0","0","-","0","8","0.00","0","1","0.00","-","66.67","0.67","0","0","2","12","0.00","0","1","4","0.00"
"995","Derek Forbort","Noah Juulsen","VAN","18","5","2","4","33.33","2","3","40.00","2","2","50.00","0","0","-","0.08","0.24","26.08","0","4","0.00","0","1","0.00","0","0","-","0","3","0.00","0","0","-","1","4","20.00","0","0","-","0.00","100.00","1.000","0","0","6","3","0.00","0","1","7","0.00"
"996","Patrik Nemeth","Juuso Valimaki","ARI","73","4.9833333333333","0","4","0.00","0","2","0.00","0","1","0.00","0","0","-","0","0.17","0.00","0","2","0.00","0","1","0.00","0","0","-","0","1","0.00","0","0","-","0","2","0.00","0","0","-","-","100.00","1.00","0","0","2","13","0.00","0","2","3","0.00"
"997","Justin Faulk","Matthew Kessel","STL","46","4.9833333333333","0","10","0.00","0","7","0.00","0","6","0.00","0","1","0.00","0","0.72","0.00","0","3","0.00","0","2","0.00","0","0","-","0","1","0.00","0","0","-","0","6","0.00","0","1","0.00","-","83.33","0.83","1","1","0","4","100.00","1","1","1","50.00"
"998","Brian Dumoulin","Ryker Evans","SEA","34","4.9666666666667","0","7","0.00","0","5","0.00","0","5","0.00","0","0","-","0","0.43","0.00","0","4","0.00","0","2","0.00","0","0","-","0","2","0.00","0","0","-","0","4","0.00","0","0","-","-","100.00","1.00","0","1","1","2","0.00","0","1","3","0.00"
"999","Erik Johnson","Henri Jokiharju","BUF","42","4.95","0","9","0.00","0","6","0.00","0","4","0.00","0","0","-","0","0.38","0.00","0","1","0.00","0","0","-","0","0","-","0","1","0.00","0","0","-","0","9","0.00","0","0","-","-","100.00","1.00","0","0","2","4","0.00","0","0","3","0.00"
"1000","Josh Morrissey","Haydn Fleury","WPG","38","4.9333333333333","0","8","0.00","0","5","0.00","0","5","0.00","0","0","-","0","0.33","0.00","0","4","0.00","0","1","0.00","0","0","-","0","3","0.00","0","0","-","0","4","0.00","0","0","-","-","100.00","1.00","0","0","1","10","0.00","0","0","3","0.00"
"1001","Marco Scandella","Nick Leddy","STL","85","4.9166666666667","5","4","55.56","4","3","57.14","2","2","50.00","0","0","-","0.38","0.2","65.58","3","2","60.00","2","1","66.67","0","0","-","1","1","50.00","0","0","-","0","3","0.00","0","0","-","0.00","100.00","1.000","0","0","0","19","-","0","0","1","0.00"
"1002","Adam Larsson","Josh Mahura","SEA","64","4.9166666666667","1","9","10.00","1","8","11.11","1","6","14.29","0","2","0.00","0.02","0.77","3.04","0","4","0.00","0","1","0.00","0","0","-","0","3","0.00","0","1","0.00","1","6","14.29","0","1","0.00","0.00","66.67","0.667","0","0","0","10","-","0","2","1","0.00"
"1003","Dougie Hamilton","Brett Pesce","N.J","54","4.9166666666667","2","8","20.00","1","4","20.00","1","4","20.00","0","1","0.00","0.06","0.28","18.14","1","4","20.00","0","2","0.00","0","1","0.00","1","2","33.33","0","0","-","1","4","20.00","0","0","-","0.00","75.00","0.750","0","1","0","18","-","0","1","0","-"
"1004","Matt Grzelcyk","Owen Pickering","PIT","25","4.9166666666667","0","9","0.00","0","6","0.00","0","4","0.00","0","0","-","0","0.65","0.00","0","5","0.00","0","2","0.00","0","0","-","0","3","0.00","0","0","-","0","5","0.00","0","0","-","-","100.00","1.00","0","0","2","4","0.00","0","0","2","0.00"
"1005","Colin Miller","Santeri Hatakka","N.J","6","4.9","0","6","0.00","0","5","0.00","0","4","0.00","0","0","-","0","0.35","0.00","0","3","0.00","0","0","-","0","0","-","0","3","0.00","0","0","-","0","4","0.00","0","0","-","-","100.00","1.00","0","0","1","4","0.00","0","0","4","0.00"
"1006","Jaycob Megna","Uvis Balinskis","FLA","8","4.9","0","7","0.00","0","7","0.00","0","2","0.00","0","0","-","0","0.75","0.00","0","7","0.00","0","4","0.00","0","0","-","0","3","0.00","0","0","-","0","1","0.00","0","0","-","-","100.00","1.00","0","0","1","5","0.00","0","0","1","0.00"
"1007","Andreas Englund","Samuel Girard","COL","32","4.9","1","5","16.67","1","4","20.00","1","3","25.00","0","1","0.00","0.14","0.6","18.56","1","4","20.00","1","3","25.00","0","1","0.00","0","1","0.00","0","0","-","0","0","-","0","0","-","0.00","66.67","0.667","0","0","1","9","0.00","0","1","1","0.00"
"1008","Nick Leddy","Torey Krug","STL","140","4.8833333333333","1","11","8.33","1","10","9.09","1","9","10.00","0","1","0.00","0.13","1.51","7.83","1","9","10.00","1","5","16.67","0","1","0.00","0","4","0.00","0","0","-","0","2","0.00","0","0","-","0.00","88.89","0.889","0","0","0","17","-","0","1","0","-"
"1009","Adam Ginning","Ronnie Attard","PHI","8","4.8833333333333","0","7","0.00","0","3","0.00","0","2","0.00","0","0","-","0","0.32","0.00","0","5","0.00","0","2","0.00","0","0","-","0","3","0.00","0","0","-","0","2","0.00","0","0","-","-","100.00","1.00","0","0","1","4","0.00","0","0","1","0.00"
"1010","Jacob Bernard-Docker","Tyler Kleven","OTT","40","4.8833333333333","0","7","0.00","0","4","0.00","0","3","0.00","0","1","0.00","0","0.57","0.00","0","4","0.00","0","2","0.00","0","1","0.00","0","2","0.00","0","0","-","0","3","0.00","0","0","-","-","66.67","0.67","0","1","0","5","-","0","1","0","-"
"1011","Ian Cole","Michael Kesselring","UTA","82","4.8666666666667","1","8","11.11","1","4","20.00","0","3","0.00","0","1","0.00","0.06","0.26","18.44","0","4","0.00","0","2","0.00","0","1","0.00","0","2","0.00","0","0","-","1","6","14.29","0","0","-","-","66.67","0.67","0","0","2","6","0.00","1","0","5","16.67"
"1012","Jack Johnson","Dante Fabbro","CBJ","23","4.85","1","5","16.67","1","2","33.33","1","1","50.00","0","0","-","0.09","0.19","32.89","1","3","25.00","1","0","100.00","0","0","-","0","3","0.00","0","0","-","0","2","0.00","0","0","-","0.00","100.00","1.000","0","0","1","10","0.00","1","1","1","50.00"
"1013","Oliver Ekman-Larsson","Jake McCabe","TOR","65","4.85","0","7","0.00","0","5","0.00","0","4","0.00","0","1","0.00","0","0.48","0.00","0","2","0.00","0","1","0.00","0","1","0.00","0","1","0.00","0","0","-","0","5","0.00","0","0","-","-","75.00","0.75","0","0","0","24","-","0","0","2","0.00"
"1014","Mike Matheson","Jayden Struble","MTL","110","4.85","0","9","0.00","0","8","0.00","0","7","0.00","0","1","0.00","0","0.95","0.00","0","6","0.00","0","4","0.00","0","0","-","0","2","0.00","0","1","0.00","0","4","0.00","0","0","-","-","85.71","0.86","0","0","1","2","0.00","0","0","1","0.00"
"1015","Jake McCabe","William Lagesson","TOR","23","4.85","2","6","25.00","2","6","25.00","1","4","20.00","0","0","-","0.31","0.44","41.47","2","4","33.33","2","2","50.00","0","0","-","0","2","0.00","0","0","-","0","2","0.00","0","0","-","0.00","100.00","1.000","0","0","2","4","0.00","0","0","3","0.00"
"1016","Matt Dumba","Miro Heiskanen","DAL","31","4.8333333333333","2","8","20.00","2","5","28.57","1","2","33.33","0","0","-","0.05","0.47","9.24","1","5","16.67","0","2","0.00","0","0","-","1","3","25.00","0","0","-","0","5","0.00","0","0","-","0.00","100.00","1.000","0","0","1","8","0.00","0","0","4","0.00"
"1017","Josh Morrissey","Dylan Samberg","WPG","194","4.8333333333333","2","8","20.00","2","5","28.57","2","3","40.00","0","0","-","0.22","0.37","36.73","1","5","16.67","1","0","100.00","0","0","-","0","5","0.00","0","0","-","1","2","33.33","0","0","-","0.00","100.00","1.000","0","0","0","43","-","0","0","0","-"
"1018","Miro Heiskanen","Ilya Lyubushkin","DAL","50","4.8333333333333","0","6","0.00","0","4","0.00","0","4","0.00","0","0","-","0","0.62","0.00","0","5","0.00","0","4","0.00","0","0","-","0","1","0.00","0","0","-","1","3","25.00","0","0","-","-","100.00","1.00","1","0","3","6","25.00","2","0","3","40.00"
"1019","Troy Stecher","Juuso Valimaki","ARI","90","4.8166666666667","0","15","0.00","0","14","0.00","0","11","0.00","0","4","0.00","0","1.58","0.00","0","8","0.00","0","4","0.00","0","2","0.00","0","4","0.00","0","1","0.00","0","10","0.00","0","1","0.00","-","63.64","0.64","0","0","3","5","0.00","0","0","5","0.00"
"1020","Casey Fitzgerald","Lawrence Pilut","BUF","13","4.8","2","8","20.00","2","8","20.00","0","5","0.00","0","1","0.00","0.11","0.38","23.07","1","1","50.00","0","0","-","0","0","-","1","1","50.00","0","0","-","1","7","12.50","0","1","0.00","-","80.00","0.80","0","0","4","4","0.00","0","0","5","0.00"
"1021","Brian Dumoulin","Marcus Pettersson","PIT","68","4.7833333333333","1","10","9.09","0","4","0.00","0","2","0.00","0","0","-","0","0.35","0.00","1","5","16.67","0","0","-","0","0","-","1","5","16.67","0","0","-","0","5","0.00","0","0","-","-","100.00","1.00","0","0","0","21","-","0","0","0","-"
"1022","Nick Jensen","Tyler Kleven","OTT","68","4.7833333333333","1","8","11.11","1","6","14.29","1","4","20.00","0","0","-","0.07","0.44","13.88","0","6","0.00","0","1","0.00","0","0","-","0","5","0.00","0","0","-","1","2","33.33","0","0","-","0.00","100.00","1.000","0","0","0","6","-","0","0","0","-"
"1023","Jaycob Megna","Wyatt Kaiser","CHI","9","4.7833333333333","1","9","10.00","1","8","11.11","0","7","0.00","0","2","0.00","0.2","0.61","24.53","1","5","16.67","1","2","33.33","0","1","0.00","0","3","0.00","0","1","0.00","0","8","0.00","0","0","-","-","71.43","0.71","0","1","3","1","0.00","0","1","4","0.00"
"1024","Spencer Stastney","Justin Barron","NSH","22","4.7833333333333","2","3","40.00","2","3","40.00","2","2","50.00","0","0","-","0.07","0.24","23.13","0","2","0.00","0","1","0.00","0","0","-","0","1","0.00","0","0","-","2","1","66.67","0","0","-","0.00","100.00","1.000","0","0","1","4","0.00","0","0","3","0.00"
"1025","Jarred Tinordi","Alex Vlasic","CHI","50","4.75","1","6","14.29","1","4","20.00","1","4","20.00","0","1","0.00","0.08","0.5","13.70","1","3","25.00","0","2","0.00","0","1","0.00","1","1","50.00","0","0","-","0","6","0.00","0","0","-","0.00","75.00","0.750","0","1","3","14","0.00","0","2","6","0.00"
"1026","Kevin Gravel","Dante Fabbro","NSH","23","4.75","1","8","11.11","1","6","14.29","1","6","14.29","0","1","0.00","0","1.07","0.13","0","7","0.00","0","2","0.00","0","0","-","0","5","0.00","0","1","0.00","0","1","0.00","0","0","-","0.00","83.33","0.833","0","0","3","6","0.00","0","0","3","0.00"
"1027","Morgan Rielly","Ilya Lyubushkin","TOR","14","4.75","1","11","8.33","1","8","11.11","1","5","16.67","0","0","-","0.04","0.87","4.49","0","6","0.00","0","3","0.00","0","0","-","0","3","0.00","0","0","-","1","4","20.00","0","0","-","0.00","100.00","1.000","0","1","0","2","-","0","1","0","-"
"1028","Kyle Burroughs","Nikolai Knyzhov","S.J","10","4.75","3","11","21.43","3","7","30.00","3","3","50.00","0","1","0.00","0.13","0.91","12.38","1","8","11.11","0","4","0.00","0","0","-","1","4","20.00","0","1","0.00","1","5","16.67","0","0","-","0.00","66.67","0.667","0","0","2","2","0.00","0","0","2","0.00"
"1029","Jake McCabe","Caleb Jones","CHI","47","4.7333333333333","2","11","15.38","2","8","20.00","2","8","20.00","0","0","-","0.04","0.73","5.37","0","6","0.00","0","3","0.00","0","0","-","0","3","0.00","0","0","-","1","5","16.67","0","0","-","0.00","100.00","1.000","0","1","0","3","-","0","1","1","0.00"
"1030","Wyatt Kaiser","Nolan Allan","CHI","26","4.7333333333333","1","9","10.00","1","5","16.67","0","4","0.00","0","0","-","0.05","0.39","11.83","1","6","14.29","0","1","0.00","0","0","-","1","5","16.67","0","0","-","0","3","0.00","0","0","-","-","100.00","1.00","0","0","1","2","0.00","0","1","1","0.00"
"1031","Marc Staal","Cam York","PHI","35","4.7166666666667","4","9","30.77","3","7","30.00","2","6","25.00","1","3","25.00","0.25","0.65","27.74","1","2","33.33","1","2","33.33","1","2","33.33","0","0","-","0","0","-","2","8","20.00","0","1","0.00","50.00","50.00","1.000","0","0","2","10","0.00","0","0","2","0.00"
"1032","Sean Walker","Tobias Bjornfot","L.A","9","4.7166666666667","1","7","12.50","1","4","20.00","1","2","33.33","0","0","-","0","0.27","1.08","0","3","0.00","0","1","0.00","0","0","-","0","2","0.00","0","0","-","0","6","0.00","0","0","-","0.00","100.00","1.000","0","2","5","1","0.00","0","3","5","0.00"
"1033","Tyler Tucker","Philip Broberg","STL","36","4.7","2","6","25.00","2","5","28.57","1","3","25.00","0","0","-","0.85","0.44","65.78","1","4","20.00","0","2","0.00","0","0","-","1","2","33.33","0","0","-","1","3","25.00","0","0","-","0.00","100.00","1.000","0","0","2","4","0.00","0","0","2","0.00"
"1034","Kyle Burroughs","Ty Emberson","S.J","23","4.6833333333333","2","4","33.33","2","3","40.00","1","1","50.00","0","0","-","0.27","0.33","44.59","1","3","25.00","1","3","25.00","0","0","-","0","0","-","0","0","-","1","1","50.00","0","0","-","0.00","100.00","1.000","0","2","1","3","0.00","0","2","1","0.00"
"1035","Noah Juulsen","Vincent Desharnais","VAN","19","4.6666666666667","1","3","25.00","1","1","50.00","1","1","50.00","0","0","-","0.07","0.04","64.16","1","1","50.00","0","0","-","0","0","-","1","1","50.00","0","0","-","0","3","0.00","0","0","-","0.00","100.00","1.000","0","0","2","9","0.00","0","1","4","0.00"
"1036","Thomas Chabot","Jakob Chychrun","OTT","62","4.6666666666667","6","2","75.00","5","1","83.33","4","1","80.00","0","0","-","0.2","0.14","59.39","5","2","71.43","4","1","80.00","0","0","-","1","1","50.00","0","0","-","1","0","100.00","0","0","-","0.00","100.00","1.000","0","0","1","10","0.00","1","0","2","33.33"
"1037","Ian Cole","Zach Bogosian","T.B","46","4.65","2","16","11.11","2","12","14.29","2","10","16.67","0","2","0.00","0.21","1.29","14.28","1","12","7.69","1","3","25.00","0","2","0.00","0","9","0.00","0","0","-","1","6","14.29","0","0","-","0.00","80.00","0.800","0","0","1","4","0.00","0","1","4","0.00"
"1038","Nick Seeler","Ivan Provorov","PHI","77","4.65","2","4","33.33","2","3","40.00","2","1","66.67","0","0","-","0.06","0.17","24.96","0","1","0.00","0","0","-","0","0","-","0","1","0.00","0","0","-","1","3","25.00","0","0","-","0.00","100.00","1.000","0","0","1","28","0.00","0","0","1","0.00"
"1039","Justin Holl","Shayne Gostisbehere","DET","37","4.6333333333333","1","6","14.29","1","5","16.67","1","3","25.00","0","0","-","0.17","0.24","41.43","1","1","50.00","1","1","50.00","0","0","-","0","0","-","0","0","-","1","6","14.29","0","0","-","0.00","100.00","1.000","2","1","0","5","100.00","2","1","1","66.67"
"1040","Rasmus Andersson","Brayden Pachal","CGY","108","4.6333333333333","1","10","9.09","1","7","12.50","1","4","20.00","0","2","0.00","0.1","0.77","11.74","1","6","14.29","0","2","0.00","0","0","-","1","4","20.00","0","0","-","0","6","0.00","0","2","0.00","0.00","50.00","0.500","0","0","2","10","0.00","0","0","3","0.00"
"1041","Alec Martinez","Alex Vlasic","CHI","44","4.6","3","11","21.43","3","7","30.00","3","4","42.86","0","0","-","0.19","0.55","25.39","1","8","11.11","0","5","0.00","0","0","-","1","3","25.00","0","0","-","1","5","16.67","0","0","-","0.00","100.00","1.000","0","0","3","10","0.00","0","0","3","0.00"
"1042","Chad Ruhwedel","John Ludvig","PIT","10","4.6","0","6","0.00","0","3","0.00","0","3","0.00","0","1","0.00","0","0.12","0.00","0","1","0.00","0","0","-","0","0","-","0","1","0.00","0","0","-","0","5","0.00","0","1","0.00","-","66.67","0.67","0","1","0","3","-","0","1","1","0.00"
"1043","Michael Stone","MacKenzie Weegar","CGY","47","4.5833333333333","2","7","22.22","1","6","14.29","1","5","16.67","0","0","-","0","0.47","0.32","0","4","0.00","0","0","-","0","0","-","0","4","0.00","0","0","-","1","3","25.00","0","0","-","0.00","100.00","1.000","0","0","2","11","0.00","1","1","2","33.33"
"1044","Justin Holl","Timothy Liljegren","TOR","65","4.55","1","8","11.11","1","7","12.50","1","3","25.00","1","0","100.00","0.04","0.94","4.52","0","5","0.00","0","2","0.00","0","0","-","0","3","0.00","0","0","-","1","3","25.00","1","0","100.00","100.00","100.00","2.000","1","0","1","18","50.00","1","0","1","50.00"
"1045","Roman Josi","Spencer Stastney","NSH","27","4.5333333333333","3","5","37.50","2","4","33.33","1","2","33.33","0","0","-","0.09","0.42","17.57","2","3","40.00","0","2","0.00","0","0","-","2","1","66.67","0","0","-","1","3","25.00","0","0","-","0.00","100.00","1.000","0","0","1","8","0.00","0","1","1","0.00"
"1046","Radko Gudas","Aaron Ekblad","FLA","61","4.5166666666667","2","6","25.00","2","4","33.33","2","4","33.33","0","0","-","0.09","0.51","14.90","1","4","20.00","0","2","0.00","0","0","-","1","2","33.33","0","0","-","0","2","0.00","0","0","-","0.00","100.00","1.000","0","0","0","29","-","1","0","0","100.00"
"1047","Joel Edmundson","Ilya Lyubushkin","TOR","6","4.5166666666667","1","10","9.09","1","4","20.00","1","4","20.00","0","2","0.00","0.09","0.44","17.58","1","2","33.33","0","1","0.00","0","1","0.00","1","1","50.00","0","1","0.00","0","10","0.00","0","0","-","0.00","50.00","0.500","0","0","2","2","0.00","0","0","2","0.00"
"1048","Marcus Pettersson","Ryan Shea","PIT","47","4.5166666666667","0","10","0.00","0","9","0.00","0","7","0.00","0","0","-","0","1.07","0.00","0","6","0.00","0","3","0.00","0","0","-","0","3","0.00","0","0","-","0","4","0.00","0","0","-","-","100.00","1.00","0","1","1","4","0.00","0","1","1","0.00"
"1049","Justin Holl","Jake McCabe","TOR","20","4.5","2","11","15.38","2","7","22.22","2","5","28.57","0","1","0.00","0.04","1.21","3.38","0","8","0.00","0","4","0.00","0","1","0.00","0","4","0.00","0","0","-","1","4","20.00","0","0","-","0.00","80.00","0.800","0","1","1","4","0.00","0","1","5","0.00"
"1050","Darnell Nurse","Philip Broberg","EDM","57","4.5","1","5","16.67","1","3","25.00","0","2","0.00","0","0","-","0.08","0.19","28.57","1","2","33.33","1","0","100.00","0","0","-","0","2","0.00","0","0","-","0","5","0.00","0","0","-","-","100.00","1.00","0","1","2","4","0.00","0","1","3","0.00"
"1051","Victor Soderstrom","Janis Moser","ARI","33","4.4833333333333","3","5","37.50","3","3","50.00","3","2","60.00","1","0","100.00","0.13","0.27","33.44","2","3","40.00","0","2","0.00","0","0","-","2","1","66.67","1","0","100.00","1","2","33.33","0","0","-","33.33","100.00","1.333","0","0","1","6","0.00","0","0","4","0.00"
"1052","Ben Chiarot","Shayne Gostisbehere","DET","76","4.4666666666667","1","8","11.11","1","5","16.67","1","3","25.00","0","0","-","0","0.36","0.28","0","4","0.00","0","3","0.00","0","0","-","0","1","0.00","0","0","-","0","5","0.00","0","0","-","0.00","100.00","1.000","0","0","2","3","0.00","0","0","3","0.00"
"1053","Morgan Rielly","Jake McCabe","TOR","149","4.4666666666667","1","8","11.11","1","6","14.29","0","4","0.00","0","0","-","0.04","0.57","5.90","0","6","0.00","0","4","0.00","0","0","-","0","2","0.00","0","0","-","1","5","16.67","0","0","-","-","100.00","1.00","0","0","2","27","0.00","0","0","4","0.00"
"1054","Erik Karlsson","Mario Ferraro","S.J","72","4.45","2","8","20.00","1","5","16.67","0","2","0.00","0","0","-","0.06","0.41","12.91","0","4","0.00","0","1","0.00","0","0","-","0","3","0.00","0","0","-","2","4","33.33","0","0","-","-","100.00","1.00","0","0","2","10","0.00","0","0","2","0.00"
"1055","John Carlson","Alexander Alexeyev","WSH","59","4.45","0","7","0.00","0","4","0.00","0","3","0.00","0","1","0.00","0","0.59","0.00","0","7","0.00","0","2","0.00","0","1","0.00","0","5","0.00","0","0","-","0","0","-","0","0","-","-","66.67","0.67","0","2","0","7","-","0","2","0","-"
"1056","Lucas Carlsson","Shakir Mukhamadullin","S.J","5","4.45","4","8","33.33","3","6","33.33","3","6","33.33","0","0","-","0.11","0.48","18.47","1","2","33.33","0","0","-","0","0","-","1","2","33.33","0","0","-","3","7","30.00","0","0","-","0.00","100.00","1.000","0","0","0","3","-","1","0","3","25.00"
"1057","Jakob Chychrun","Rasmus Sandin","WSH","74","4.4333333333333","2","4","33.33","1","3","25.00","1","2","33.33","0","1","0.00","0.23","0.25","47.69","1","2","33.33","0","0","-","0","0","-","1","2","33.33","0","0","-","1","4","20.00","0","1","0.00","0.00","50.00","0.500","0","0","3","13","0.00","0","0","4","0.00"
"1058","Riley Stillman","Henri Jokiharju","BUF","18","4.4333333333333","4","8","33.33","4","6","40.00","3","6","33.33","0","1","0.00","0.18","0.75","19.21","2","5","28.57","0","4","0.00","0","0","-","2","1","66.67","0","0","-","0","3","0.00","0","1","0.00","0.00","83.33","0.833","0","0","1","6","0.00","0","1","1","0.00"
"1059","Brett Pesce","Jalen Chatfield","CAR","139","4.4166666666667","1","2","33.33","1","1","50.00","1","1","50.00","0","0","-","0.03","0.02","58.42","0","0","-","0","0","-","0","0","-","0","0","-","0","0","-","1","1","50.00","0","0","-","0.00","100.00","1.000","1","0","0","12","100.00","1","1","1","50.00"
"1060","Dante Fabbro","Jake Christiansen","CBJ","48","4.4166666666667","2","7","22.22","2","3","40.00","2","2","50.00","0","1","0.00","0.22","0.25","46.08","1","3","25.00","1","1","50.00","0","1","0.00","0","2","0.00","0","0","-","0","4","0.00","0","0","-","0.00","50.00","0.500","0","0","1","3","0.00","0","0","1","0.00"
"1061","Brendan Smith","Esa Lindell","DAL","30","4.3666666666667","5","2","71.43","5","1","83.33","4","1","80.00","1","1","50.00","0.2","0.08","72.18","1","1","50.00","1","0","100.00","1","0","100.00","0","1","0.00","0","1","0.00","2","0","100.00","0","0","-","25.00","0.00","0.250","0","0","0","19","-","0","0","0","-"
"1062","TJ Brodie","Joel Edmundson","TOR","6","4.3666666666667","1","8","11.11","1","5","16.67","0","4","0.00","0","2","0.00","0.13","0.44","22.19","1","3","25.00","0","1","0.00","0","1","0.00","1","2","33.33","0","0","-","0","6","0.00","0","1","0.00","-","50.00","0.50","0","0","1","2","0.00","1","0","3","25.00"
"1063","Dmitry Kulikov","Seth Jones","FLA","9","4.3666666666667","0","8","0.00","0","7","0.00","0","4","0.00","0","0","-","0","0.91","0.00","0","5","0.00","0","2","0.00","0","0","-","0","3","0.00","0","0","-","0","5","0.00","0","0","-","-","100.00","1.00","0","0","2","4","0.00","0","0","3","0.00"
"1064","Jordie Benn","Morgan Rielly","TOR","9","4.35","0","11","0.00","0","9","0.00","0","7","0.00","0","1","0.00","0","0.79","0.00","0","4","0.00","0","2","0.00","0","1","0.00","0","2","0.00","0","0","-","0","7","0.00","0","0","-","-","85.71","0.86","0","0","2","4","0.00","0","0","2","0.00"
"1065","Johnathan Kovacevic","Jayden Struble","MTL","36","4.35","0","4","0.00","0","3","0.00","0","1","0.00","0","0","-","0","0.28","0.00","0","1","0.00","0","1","0.00","0","0","-","0","0","-","0","0","-","0","5","0.00","0","0","-","-","100.00","1.00","0","0","3","3","0.00","0","1","3","0.00"
"1066","Jacob Middleton","Declan Chisholm","MIN","78","4.3333333333333","0","6","0.00","0","3","0.00","0","3","0.00","0","0","-","0","0.2","0.00","0","3","0.00","0","0","-","0","0","-","0","3","0.00","0","0","-","0","4","0.00","0","0","-","-","100.00","1.00","0","0","1","4","0.00","0","0","1","0.00"
"1067","Brian Dumoulin","Brenden Dillon","N.J","19","4.3166666666667","1","4","20.00","1","4","20.00","1","3","25.00","0","0","-","0","0.22","0.46","0","1","0.00","0","0","-","0","0","-","0","1","0.00","0","0","-","0","5","0.00","0","0","-","0.00","100.00","1.000","0","1","1","8","0.00","0","1","4","0.00"
"1068","Andrew Peeke","Jake Bean","CBJ","33","4.3166666666667","4","3","57.14","3","2","60.00","3","2","60.00","0","0","-","0.31","0.09","78.25","4","1","80.00","2","0","100.00","0","0","-","2","1","66.67","0","0","-","0","2","0.00","0","0","-","0.00","100.00","1.000","0","0","1","6","0.00","2","0","1","66.67"
"1069","Jack Johnson","Jake Christiansen","CBJ","34","4.3","0","7","0.00","0","6","0.00","0","3","0.00","0","0","-","0","0.69","0.00","0","4","0.00","0","3","0.00","0","0","-","0","1","0.00","0","0","-","0","4","0.00","0","0","-","-","100.00","1.00","0","0","2","2","0.00","0","0","2","0.00"
"1070","Kyle Burroughs","Noah Juulsen","VAN","12","4.3","1","3","25.00","1","3","25.00","1","2","33.33","0","0","-","0.08","0.2","28.74","1","2","33.33","0","0","-","0","0","-","1","2","33.33","0","0","-","0","1","0.00","0","0","-","0.00","100.00","1.000","1","0","2","2","33.33","2","0","2","50.00"
"1071","Ryan Suter","Matthew Kessel","STL","29","4.2833333333333","1","4","20.00","0","3","0.00","0","2","0.00","0","1","0.00","0","0.15","0.00","0","1","0.00","0","0","-","0","0","-","0","1","0.00","0","1","0.00","1","3","25.00","0","0","-","-","50.00","0.50","0","0","2","3","0.00","0","0","2","0.00"
"1072","Jake Walman","Troy Stecher","EDM","15","4.2833333333333","1","7","12.50","1","5","16.67","1","2","33.33","0","1","0.00","0.02","0.62","3.01","0","6","0.00","0","0","-","0","0","-","0","6","0.00","0","1","0.00","2","1","66.67","0","0","-","0.00","50.00","0.500","1","2","0","1","100.00","1","2","0","100.00"
"1073","Cody Ceci","Thomas Harley","DAL","29","4.2666666666667","2","5","28.57","2","5","28.57","1","2","33.33","0","0","-","0.12","0.39","23.54","1","2","33.33","0","2","0.00","0","0","-","1","0","100.00","0","0","-","1","4","20.00","0","0","-","0.00","100.00","1.000","0","0","1","3","0.00","0","0","2","0.00"
"1074","Jakub Zboril","Charlie McAvoy","BOS","11","4.25","0","2","0.00","0","1","0.00","0","0","-","0","0","-","0","0.05","0.00","0","1","0.00","0","0","-","0","0","-","0","1","0.00","0","0","-","0","1","0.00","0","0","-","-","-","-","0","0","2","4","0.00","0","0","2","0.00"
"1075","Mark Giordano","Ilya Lyubushkin","TOR","7","4.2333333333333","0","6","0.00","0","5","0.00","0","4","0.00","0","0","-","0","0.46","0.00","0","2","0.00","0","0","-","0","0","-","0","2","0.00","0","0","-","0","4","0.00","0","0","-","-","100.00","1.00","0","0","0","1","-","0","0","0","-"
"1076","Scott Harrington","Jaycob Megna","S.J","17","4.2166666666667","1","6","14.29","1","5","16.67","1","4","20.00","0","1","0.00","0","0.33","0.10","0","3","0.00","0","0","-","0","0","-","0","3","0.00","0","1","0.00","0","3","0.00","0","0","-","0.00","75.00","0.750","0","0","0","7","-","0","0","1","0.00"
"1077","Jani Hakanpaa","Thomas Harley","DAL","67","4.2","0","5","0.00","0","3","0.00","0","2","0.00","0","0","-","0","0.16","0.00","0","3","0.00","0","0","-","0","0","-","0","3","0.00","0","0","-","0","2","0.00","0","0","-","-","100.00","1.00","0","0","1","4","0.00","0","0","1","0.00"
"1078","Andreas Englund","Justin Barron","NSH","23","4.2","0","8","0.00","0","5","0.00","0","3","0.00","0","0","-","0","0.69","0.00","0","4","0.00","0","2","0.00","0","0","-","0","2","0.00","0","0","-","0","5","0.00","0","0","-","-","100.00","1.00","0","1","1","6","0.00","0","1","1","0.00"
"1079","Filip Hronek","Moritz Seider","DET","60","4.2","1","5","16.67","1","5","16.67","1","3","25.00","0","0","-","0.03","0.4","7.75","0","1","0.00","0","0","-","0","0","-","0","1","0.00","0","0","-","1","4","20.00","0","0","-","0.00","100.00","1.000","0","0","1","23","0.00","0","0","1","0.00"
"1080","Olli Maatta","Michael Kesselring","UTA","70","4.1833333333333","1","5","16.67","1","5","16.67","1","4","20.00","0","2","0.00","0","0.39","0.24","0","3","0.00","0","2","0.00","0","1","0.00","0","1","0.00","0","1","0.00","1","2","33.33","0","0","-","0.00","50.00","0.500","0","0","0","5","-","2","0","0","100.00"
"1081","Brett Kulak","Jake Walman","EDM","15","4.1666666666667","1","3","25.00","1","3","25.00","1","1","50.00","0","0","-","0.08","0.17","32.04","1","2","33.33","0","0","-","0","0","-","1","2","33.33","0","0","-","0","2","0.00","0","0","-","0.00","100.00","1.000","0","0","1","9","0.00","0","0","2","0.00"
"1082","Ryan Pulock","Grant Hutton","NYI","15","4.1666666666667","0","9","0.00","0","9","0.00","0","5","0.00","0","0","-","0","0.51","0.00","0","4","0.00","0","0","-","0","0","-","0","4","0.00","0","0","-","0","6","0.00","0","0","-","-","100.00","1.00","0","0","1","2","0.00","1","0","5","16.67"
"1083","Chad Ruhwedel","Braden Schneider","NYR","10","4.15","0","4","0.00","0","3","0.00","0","2","0.00","0","0","-","0","0.21","0.00","0","3","0.00","0","0","-","0","0","-","0","3","0.00","0","0","-","1","1","50.00","0","0","-","-","100.00","1.00","1","0","0","8","100.00","1","0","0","100.00"
"1084","Ryan Suter","Joel Hanley","DAL","58","4.1","4","4","50.00","3","4","42.86","3","4","42.86","1","1","50.00","0.38","0.35","52.05","2","3","40.00","2","1","66.67","1","0","100.00","0","2","0.00","0","1","0.00","2","3","40.00","0","0","-","33.33","75.00","1.083","0","0","1","4","0.00","0","2","2","0.00"
"1085","Drew Doughty","Sean Durzi","L.A","71","4.1","2","8","20.00","2","6","25.00","2","5","28.57","0","1","0.00","0","0.85","0.43","0","8","0.00","0","4","0.00","0","1","0.00","0","4","0.00","0","0","-","0","1","0.00","0","0","-","0.00","80.00","0.800","0","0","1","5","0.00","0","0","2","0.00"
"1086","Drew Doughty","Sean Walker","L.A","69","4.1","0","7","0.00","0","6","0.00","0","5","0.00","0","0","-","0","0.85","0.00","0","6","0.00","0","4","0.00","0","0","-","0","2","0.00","0","0","-","0","1","0.00","0","0","-","-","100.00","1.00","0","1","1","10","0.00","0","1","1","0.00"
"1087","Kevin Gravel","Roland McKeown","NSH","3","4.1","0","4","0.00","0","4","0.00","0","4","0.00","0","1","0.00","0","0.33","0.00","0","2","0.00","0","0","-","0","0","-","0","2","0.00","0","1","0.00","0","2","0.00","0","0","-","-","75.00","0.75","1","0","2","2","33.33","1","0","2","33.33"
"1088","Marc Staal","Nick Seeler","PHI","30","4.0833333333333","1","8","11.11","1","4","20.00","1","3","25.00","0","0","-","0.03","0.39","8.02","0","5","0.00","0","0","-","0","0","-","0","5","0.00","0","0","-","2","4","33.33","0","0","-","0.00","100.00","1.000","1","1","1","7","50.00","2","1","1","66.67"
"1089","Jacob Bernard-Docker","Artem Zub","OTT","69","4.0833333333333","1","6","14.29","1","6","14.29","1","5","16.67","0","2","0.00","0.09","0.37","19.20","1","2","33.33","1","1","50.00","0","0","-","0","1","0.00","0","1","0.00","0","5","0.00","0","1","0.00","0.00","60.00","0.600","0","1","2","26","0.00","0","1","4","0.00"
"1090","Alex Vlasic","Wyatt Kaiser","CHI","88","4.0833333333333","0","3","0.00","0","1","0.00","0","1","0.00","0","1","0.00","0","0.32","0.00","0","2","0.00","0","1","0.00","0","1","0.00","0","1","0.00","0","0","-","0","2","0.00","0","0","-","-","0.00","0.00","0","0","1","7","0.00","1","0","1","50.00"
"1091","Albert Johansson","Simon Edvinsson","DET","58","4.0666666666667","2","4","33.33","2","4","33.33","1","3","25.00","0","3","0.00","0.22","0.41","34.87","1","4","20.00","1","2","33.33","0","1","0.00","0","2","0.00","0","2","0.00","1","0","100.00","0","0","-","0.00","0.00","0.000","0","0","1","10","0.00","0","0","2","0.00"
"1092","Adam Wilsby","Nick Blankenburg","NSH","23","4.0666666666667","2","5","28.57","2","3","40.00","1","3","25.00","0","1","0.00","0.1","0.36","21.29","1","2","33.33","0","0","-","0","0","-","1","2","33.33","0","1","0.00","0","3","0.00","0","0","-","0.00","66.67","0.667","0","0","1","11","0.00","0","1","2","0.00"
"1093","Haydn Fleury","Nick Perbix","T.B","45","4.05","4","3","57.14","3","3","50.00","3","3","50.00","0","3","0.00","0.27","0.26","51.62","2","2","50.00","2","1","66.67","0","1","0.00","0","1","0.00","0","1","0.00","2","1","66.67","0","1","0.00","0.00","0.00","0.000","0","1","0","5","-","0","1","0","-"
"1094","Jon Merrill","Declan Chisholm","MIN","82","4.0333333333333","1","4","20.00","1","3","25.00","1","1","50.00","1","0","100.00","0.28","0.18","60.62","1","2","33.33","1","1","50.00","1","0","100.00","0","1","0.00","0","0","-","0","2","0.00","0","0","-","100.00","100.00","2.000","0","0","0","5","-","0","1","0","-"
"1095","Jamie Oleksiak","Vince Dunn","SEA","195","4.0333333333333","5","4","55.56","5","3","62.50","5","1","83.33","0","0","-","0.43","0.23","65.12","4","2","66.67","2","0","100.00","0","0","-","2","2","50.00","0","0","-","1","2","33.33","0","0","-","0.00","100.00","1.000","0","0","1","7","0.00","0","0","1","0.00"
"1096","Colin Miller","Callan Foote","N.J","3","4.0333333333333","0","2","0.00","0","0","-","0","0","-","0","0","-","0","0","-","0","1","0.00","0","0","-","0","0","-","0","1","0.00","0","0","-","0","0","-","0","0","-","-","-","-","0","0","0","2","-","0","0","0","-"
"1097","Dmitry Kulikov","Josh Mahura","FLA","27","4.0166666666667","1","7","12.50","0","5","0.00","0","4","0.00","0","1","0.00","0","0.73","0.00","0","4","0.00","0","3","0.00","0","1","0.00","0","1","0.00","0","0","-","1","4","20.00","0","0","-","-","75.00","0.75","0","0","3","1","0.00","0","1","3","0.00"
"1098","Matt Dumba","Esa Lindell","DAL","61","4.0166666666667","2","10","16.67","1","9","10.00","1","8","11.11","0","0","-","0","1.36","0.05","0","8","0.00","0","5","0.00","0","0","-","0","3","0.00","0","0","-","1","3","25.00","0","0","-","0.00","100.00","1.000","0","0","1","14","0.00","0","0","2","0.00"
"1099","Damon Severson","Andrew Peeke","CBJ","16","4.0166666666667","2","6","25.00","2","5","28.57","1","4","20.00","1","0","100.00","0.22","0.39","36.65","2","4","33.33","2","2","50.00","1","0","100.00","0","2","0.00","0","0","-","0","1","0.00","0","0","-","100.00","100.00","2.000","0","1","0","6","-","0","1","0","-"
"1100","Jaycob Megna","William Borgen","SEA","6","4.0166666666667","1","3","25.00","1","1","50.00","1","1","50.00","0","0","-","0.1","0.16","36.78","0","2","0.00","0","1","0.00","0","0","-","0","1","0.00","0","0","-","1","2","33.33","0","0","-","0.00","100.00","1.000","0","0","2","4","0.00","0","1","2","0.00"
"1101","Jeremy Lauzon","Adam Wilsby","NSH","5","4.0166666666667","0","1","0.00","0","1","0.00","0","0","-","0","0","-","0","0.06","0.00","0","0","-","0","0","-","0","0","-","0","0","-","0","0","-","0","2","0.00","0","0","-","-","-","-","0","0","1","3","0.00","0","0","1","0.00"
"1102","Travis Hamonic","Nick Jensen","OTT","48","4","2","4","33.33","2","4","33.33","2","3","40.00","0","2","0.00","0.17","0.34","33.40","1","2","33.33","0","0","-","0","0","-","1","2","33.33","0","1","0.00","1","3","25.00","0","1","0.00","0.00","33.33","0.333","0","0","0","10","-","0","0","1","0.00"
"1103","John Marino","Simon Nemec","N.J","53","4","3","8","27.27","3","7","30.00","2","5","28.57","0","0","-","0.13","0.56","18.75","1","5","16.67","0","0","-","0","0","-","1","5","16.67","0","0","-","2","4","33.33","0","0","-","0.00","100.00","1.000","0","0","1","6","0.00","0","0","1","0.00"
"1104","Brady Skjei","Jeremy Lauzon","NSH","28","3.9833333333333","0","8","0.00","0","8","0.00","0","7","0.00","0","1","0.00","0","0.82","0.00","0","8","0.00","0","3","0.00","0","0","-","0","5","0.00","0","1","0.00","0","3","0.00","0","0","-","-","85.71","0.86","0","0","0","19","-","0","0","4","0.00"
"1105","Vincent Desharnais","Shakir Mukhamadullin","S.J","7","3.9833333333333","0","6","0.00","0","2","0.00","0","1","0.00","0","0","-","0","0.1","0.00","0","3","0.00","0","0","-","0","0","-","0","3","0.00","0","0","-","0","5","0.00","0","0","-","-","100.00","1.00","0","0","2","3","0.00","0","0","3","0.00"
"1106","Tyler Kleven","Artem Zub","OTT","66","3.9666666666667","0","7","0.00","0","6","0.00","0","5","0.00","0","2","0.00","0","0.58","0.00","0","4","0.00","0","2","0.00","0","0","-","0","2","0.00","0","1","0.00","0","4","0.00","0","1","0.00","-","60.00","0.60","0","1","3","10","0.00","0","2","3","0.00"
"1107","Tyson Barrie","Philip Broberg","EDM","35","3.95","0","13","0.00","0","11","0.00","0","7","0.00","0","0","-","0","1.13","0.00","0","8","0.00","0","4","0.00","0","0","-","0","4","0.00","0","0","-","0","5","0.00","0","0","-","-","100.00","1.00","0","1","0","1","-","0","1","0","-"
"1108","Ryan Suter","Nick Leddy","STL","31","3.9333333333333","0","3","0.00","0","1","0.00","0","0","-","0","0","-","0","0.09","0.00","0","2","0.00","0","0","-","0","0","-","0","2","0.00","0","0","-","0","1","0.00","0","0","-","-","-","-","0","0","0","2","-","0","0","0","-"
"1109","Oliver Ekman-Larsson","Kyle Burroughs","VAN","22","3.9333333333333","0","6","0.00","0","4","0.00","0","3","0.00","0","2","0.00","0","0.17","0.00","0","1","0.00","0","0","-","0","0","-","0","1","0.00","0","1","0.00","0","5","0.00","0","1","0.00","-","33.33","0.33","1","0","4","2","20.00","1","0","5","16.67"
"1110","Luke Schenn","Guillaume Brisebois","VAN","3","3.9","2","6","25.00","2","5","28.57","2","3","40.00","0","0","-","0.51","0.83","37.81","2","5","28.57","1","3","25.00","0","0","-","1","2","33.33","0","0","-","0","1","0.00","0","0","-","0.00","100.00","1.000","0","0","2","1","0.00","0","0","2","0.00"
"1111","Brayden McNabb","Noah Hanifin","VGK","99","3.9","2","5","28.57","2","4","33.33","1","3","25.00","1","2","33.33","0.33","0.37","47.21","2","3","40.00","2","1","66.67","1","0","100.00","0","2","0.00","0","1","0.00","0","4","0.00","0","1","0.00","100.00","33.33","1.333","0","0","2","19","0.00","0","0","4","0.00"
"1112","Nikita Zadorov","Noah Hanifin","CGY","102","3.9","2","4","33.33","2","4","33.33","2","2","50.00","1","0","100.00","0.23","0.35","40.06","1","2","33.33","1","1","50.00","1","0","100.00","0","1","0.00","0","0","-","0","2","0.00","0","0","-","50.00","100.00","1.500","0","0","0","33","-","0","0","0","-"
"1113","Christopher Tanev","Conor Timmins","TOR","46","3.8833333333333","1","7","12.50","1","5","16.67","0","2","0.00","0","0","-","0.11","0.61","14.84","1","5","16.67","0","2","0.00","0","0","-","1","3","25.00","0","0","-","0","2","0.00","0","0","-","-","100.00","1.00","0","0","0","15","-","0","0","0","-"
"1114","Casey Fitzgerald","Owen Power","BUF","20","3.8833333333333","3","8","27.27","2","6","25.00","1","6","14.29","0","0","-","0.24","0.46","33.96","2","4","33.33","2","0","100.00","0","0","-","0","4","0.00","0","0","-","1","4","20.00","0","0","-","0.00","100.00","1.000","0","0","0","7","-","0","0","0","-"
"1115","Urho Vaakanainen","K'Andre Miller","NYR","40","3.8833333333333","3","4","42.86","3","3","50.00","2","3","40.00","0","1","0.00","0.4","0.5","44.18","2","3","40.00","1","2","33.33","0","0","-","1","1","50.00","0","1","0.00","1","0","100.00","0","0","-","0.00","66.67","0.667","0","0","0","14","-","0","0","0","-"
"1116","Erik Johnson","Andreas Englund","COL","30","3.8666666666667","1","8","11.11","1","7","12.50","1","5","16.67","0","1","0.00","0.1","0.81","11.16","1","5","16.67","0","1","0.00","0","0","-","1","4","20.00","0","1","0.00","0","3","0.00","0","0","-","0.00","80.00","0.800","0","0","2","1","0.00","0","0","6","0.00"
"1117","Ethan Bear","Riley Stillman","VAN","25","3.85","0","8","0.00","0","8","0.00","0","6","0.00","0","3","0.00","0","0.8","0.00","0","4","0.00","0","2","0.00","0","1","0.00","0","2","0.00","0","1","0.00","0","4","0.00","0","1","0.00","-","50.00","0.50","0","0","3","5","0.00","0","0","5","0.00"
"1118","Anton Stralman","Hampus Lindholm","BOS","8","3.8166666666667","0","7","0.00","0","6","0.00","0","4","0.00","0","0","-","0","0.82","0.00","0","6","0.00","0","2","0.00","0","0","-","0","4","0.00","0","0","-","0","1","0.00","0","0","-","-","100.00","1.00","0","0","1","4","0.00","0","1","1","0.00"
"1119","Drew Doughty","Jacob Moverare","L.A","41","3.8166666666667","1","3","25.00","1","3","25.00","1","1","50.00","0","0","-","0","0.18","0.29","0","1","0.00","0","0","-","0","0","-","0","1","0.00","0","0","-","0","2","0.00","0","0","-","0.00","100.00","1.000","0","0","0","5","-","0","0","1","0.00"
"1120","Colton Parayko","Pierre-Olivier Joseph","STL","23","3.8","1","8","11.11","0","6","0.00","0","5","0.00","0","1","0.00","0","0.66","0.00","1","7","12.50","0","2","0.00","0","0","-","1","5","16.67","0","1","0.00","0","3","0.00","0","0","-","-","80.00","0.80","0","0","0","7","-","1","0","5","16.67"
"1121","Jakob Chychrun","Jacob Bernard-Docker","OTT","72","3.8","0","4","0.00","0","3","0.00","0","2","0.00","0","0","-","0","0.36","0.00","0","3","0.00","0","2","0.00","0","0","-","0","1","0.00","0","0","-","0","1","0.00","0","0","-","-","100.00","1.00","0","0","0","12","-","0","0","0","-"
"1122","Connor Murphy","Caleb Jones","CHI","71","3.7833333333333","1","9","10.00","1","7","12.50","1","6","14.29","0","1","0.00","0.04","0.61","6.34","0","4","0.00","0","1","0.00","0","0","-","0","3","0.00","0","1","0.00","1","5","16.67","0","0","-","0.00","83.33","0.833","0","0","2","6","0.00","0","0","3","0.00"
"1123","Travis Dermott","Juuso Valimaki","ARI","42","3.7833333333333","1","7","12.50","1","3","25.00","1","1","50.00","0","0","-","0.02","0.26","6.15","0","5","0.00","0","0","-","0","0","-","0","5","0.00","0","0","-","1","5","16.67","0","0","-","0.00","100.00","1.000","0","0","2","3","0.00","1","0","3","25.00"
"1124","Nick Jensen","Rasmus Sandin","WSH","80","3.7666666666667","1","5","16.67","1","5","16.67","1","3","25.00","0","1","0.00","0.14","0.45","23.03","1","3","25.00","1","2","33.33","0","1","0.00","0","1","0.00","0","0","-","0","2","0.00","0","0","-","0.00","66.67","0.667","0","0","1","5","0.00","0","0","2","0.00"
"1125","Morgan Rielly","Conor Timmins","TOR","87","3.7666666666667","1","8","11.11","1","7","12.50","1","6","14.29","0","0","-","0.14","0.71","16.13","1","4","20.00","1","2","33.33","0","0","-","0","2","0.00","0","0","-","0","5","0.00","0","0","-","0.00","100.00","1.000","0","0","2","8","0.00","0","0","2","0.00"
"1126","Ryan Graves","Vincent Desharnais","PIT","7","3.7666666666667","2","9","18.18","2","5","28.57","1","3","25.00","0","1","0.00","0.39","0.33","54.46","2","8","20.00","1","0","100.00","0","0","-","1","8","11.11","0","1","0.00","0","2","0.00","0","0","-","0.00","66.67","0.667","0","0","2","3","0.00","0","0","2","0.00"
"1127","Jake Bean","David Jiricek","CBJ","36","3.7666666666667","0","5","0.00","0","5","0.00","0","4","0.00","0","1","0.00","0","0.4","0.00","0","2","0.00","0","2","0.00","0","1","0.00","0","0","-","0","0","-","0","3","0.00","0","0","-","-","75.00","0.75","2","0","0","5","100.00","2","0","0","100.00"
"1128","Brian Dumoulin","Johnathan Kovacevic","N.J","18","3.75","1","4","20.00","1","4","20.00","1","3","25.00","0","0","-","0.12","0.51","18.66","1","3","25.00","1","2","33.33","0","0","-","0","1","0.00","0","0","-","0","2","0.00","0","0","-","0.00","100.00","1.000","0","0","1","6","0.00","0","0","2","0.00"
"1129","Jan Rutta","Nikolai Knyzhov","S.J","10","3.75","0","9","0.00","0","6","0.00","0","4","0.00","0","0","-","0","1.09","0.00","0","6","0.00","0","5","0.00","0","0","-","0","1","0.00","0","0","-","0","5","0.00","0","0","-","-","100.00","1.00","0","0","1","3","0.00","0","0","2","0.00"
"1130","Noah Juulsen","Erik Brannstrom","VAN","18","3.7333333333333","1","9","10.00","1","5","16.67","1","4","20.00","0","0","-","0.28","0.58","32.48","1","6","14.29","1","2","33.33","0","0","-","0","4","0.00","0","0","-","0","4","0.00","0","0","-","0.00","100.00","1.000","0","0","1","2","0.00","0","0","3","0.00"
"1131","Noah Dobson","Samuel Bolduc","NYI","47","3.7333333333333","1","4","20.00","1","1","50.00","1","1","50.00","0","1","0.00","0.12","0.08","59.11","1","1","50.00","1","0","100.00","0","0","-","0","1","0.00","0","1","0.00","0","3","0.00","0","0","-","0.00","0.00","0.000","0","0","1","1","0.00","0","0","3","0.00"
"1132","Nick Leddy","Philip Broberg","STL","30","3.7166666666667","1","1","50.00","1","1","50.00","1","1","50.00","0","0","-","0","0.04","8.79","0","0","-","0","0","-","0","0","-","0","0","-","0","0","-","0","1","0.00","0","0","-","0.00","100.00","1.000","0","0","0","3","-","0","1","0","-"
"1133","Andreas Englund","Devon Toews","COL","36","3.7166666666667","2","3","40.00","2","1","66.67","2","0","100.00","0","0","-","0.1","0.02","85.75","1","0","100.00","0","0","-","0","0","-","1","0","100.00","0","0","-","1","3","25.00","0","0","-","0.00","-","0.00","0","0","0","9","-","0","0","1","0.00"
"1134","Jakob Chychrun","Jake Sanderson","OTT","91","3.7166666666667","0","3","0.00","0","2","0.00","0","1","0.00","0","0","-","0","0.22","0.00","0","2","0.00","0","1","0.00","0","0","-","0","1","0.00","0","0","-","0","1","0.00","0","0","-","-","100.00","1.00","0","0","0","19","-","0","0","1","0.00"
"1135","Wyatt Kaiser","Kevin Korchinski","CHI","39","3.7166666666667","0","5","0.00","0","3","0.00","0","1","0.00","0","0","-","0","0.53","0.00","0","5","0.00","0","3","0.00","0","0","-","0","2","0.00","0","0","-","0","1","0.00","0","0","-","-","100.00","1.00","0","0","0","1","-","0","0","1","0.00"
"1136","Mark Borowiecki","Dante Fabbro","NSH","4","3.7","0","6","0.00","0","6","0.00","0","3","0.00","0","1","0.00","0","0.59","0.00","0","6","0.00","0","1","0.00","0","0","-","0","5","0.00","0","1","0.00","0","1","0.00","0","0","-","-","66.67","0.67","0","0","2","4","0.00","1","0","3","25.00"
"1137","Nikita Zaitsev","Alex Vlasic","CHI","36","3.7","1","7","12.50","0","5","0.00","0","3","0.00","0","1","0.00","0","0.65","0.00","1","6","14.29","0","4","0.00","0","1","0.00","1","2","33.33","0","0","-","0","4","0.00","0","0","-","-","66.67","0.67","0","0","2","6","0.00","0","0","3","0.00"
"1138","Johnathan Kovacevic","Luke Hughes","N.J","71","3.7","1","3","25.00","1","1","50.00","0","0","-","0","0","-","0","0.13","0.29","0","2","0.00","0","0","-","0","0","-","0","2","0.00","0","0","-","0","2","0.00","0","0","-","-","-","-","0","0","3","5","0.00","0","0","4","0.00"
"1139","Jamie Oleksiak","Josh Mahura","SEA","64","3.6833333333333","0","5","0.00","0","4","0.00","0","2","0.00","0","0","-","0","0.25","0.00","0","4","0.00","0","0","-","0","0","-","0","4","0.00","0","0","-","0","4","0.00","0","0","-","-","100.00","1.00","0","1","2","1","0.00","0","1","3","0.00"
"1140","Marc Staal","Matt Kiersted","FLA","20","3.6666666666667","4","4","50.00","4","3","57.14","3","2","60.00","0","0","-","0.41","0.23","64.16","3","3","50.00","2","0","100.00","0","0","-","1","3","25.00","0","0","-","0","1","0.00","0","0","-","0.00","100.00","1.000","0","0","0","1","-","1","0","0","100.00"
"1141","TJ Brodie","Alex Vlasic","CHI","54","3.6666666666667","2","4","33.33","2","3","40.00","2","2","50.00","0","0","-","0.04","0.23","13.55","0","1","0.00","0","1","0.00","0","0","-","0","0","-","0","0","-","1","3","25.00","0","0","-","0.00","100.00","1.000","0","0","1","8","0.00","0","1","1","0.00"
"1142","Brenden Dillon","Simon Nemec","N.J","27","3.6666666666667","0","8","0.00","0","6","0.00","0","3","0.00","0","0","-","0","0.61","0.00","0","3","0.00","0","1","0.00","0","0","-","0","2","0.00","0","0","-","0","7","0.00","0","0","-","-","100.00","1.00","0","0","1","5","0.00","0","0","3","0.00"
"1143","Carson Soucy","William Borgen","NYR","16","3.6666666666667","3","6","33.33","2","5","28.57","2","4","33.33","1","2","33.33","0.08","0.78","9.69","0","5","0.00","0","3","0.00","0","2","0.00","0","2","0.00","0","0","-","3","1","75.00","1","0","100.00","50.00","50.00","1.000","1","0","1","3","50.00","1","0","1","50.00"
"1144","Nikita Zadorov","Troy Stecher","CGY","20","3.65","2","2","50.00","2","2","50.00","2","1","66.67","0","0","-","0.04","0.19","17.62","0","1","0.00","0","1","0.00","0","0","-","0","0","-","0","0","-","1","1","50.00","0","0","-","0.00","100.00","1.000","2","0","0","4","100.00","2","0","0","100.00"
"1145","Markus Niemelainen","Evan Bouchard","EDM","23","3.65","0","13","0.00","0","12","0.00","0","9","0.00","0","1","0.00","0","1.34","0.00","0","10","0.00","0","5","0.00","0","0","-","0","5","0.00","0","1","0.00","0","3","0.00","0","0","-","-","88.89","0.89","0","0","2","1","0.00","0","0","3","0.00"
"1146","Nikita Zaitsev","Jake Sanderson","OTT","23","3.65","0","13","0.00","0","9","0.00","0","6","0.00","0","1","0.00","0","1.22","0.00","0","9","0.00","0","4","0.00","0","1","0.00","0","5","0.00","0","0","-","0","4","0.00","0","0","-","-","83.33","0.83","0","1","1","5","0.00","0","1","1","0.00"
"1147","Cale Fleury","Ryker Evans","SEA","8","3.65","2","5","28.57","1","4","20.00","1","2","33.33","0","0","-","0.1","0.35","22.97","2","1","66.67","0","1","0.00","0","0","-","2","0","100.00","0","0","-","0","4","0.00","0","0","-","0.00","100.00","1.000","0","0","0","5","-","0","0","0","-"
"1148","Jayden Struble","Lane Hutson","MTL","57","3.65","2","6","25.00","1","6","14.29","1","5","16.67","0","0","-","0.06","0.81","6.65","1","6","14.29","0","4","0.00","0","0","-","1","2","33.33","0","0","-","2","0","100.00","0","0","-","0.00","100.00","1.000","1","0","0","4","100.00","1","0","0","100.00"
"1149","Ryan McDonagh","Nick Perbix","T.B","74","3.6333333333333","0","7","0.00","0","6","0.00","0","4","0.00","0","1","0.00","0","0.57","0.00","0","3","0.00","0","2","0.00","0","1","0.00","0","1","0.00","0","0","-","0","5","0.00","0","0","-","-","75.00","0.75","0","0","2","4","0.00","0","1","3","0.00"
"1150","Kyle Burroughs","Vladislav Gavrikov","L.A","33","3.6166666666667","0","3","0.00","0","2","0.00","0","1","0.00","0","0","-","0","0.17","0.00","0","1","0.00","0","0","-","0","0","-","0","1","0.00","0","0","-","0","2","0.00","0","0","-","-","100.00","1.00","0","0","2","7","0.00","0","0","2","0.00"
"1151","Andrew Peeke","Marcus Bjork","CBJ","31","3.6166666666667","1","12","7.69","1","9","10.00","0","8","0.00","0","1","0.00","0.05","1.03","4.80","1","7","12.50","0","5","0.00","0","1","0.00","1","2","33.33","0","0","-","0","5","0.00","0","0","-","-","87.50","0.88","0","0","0","3","-","0","1","1","0.00"
"1152","Ty Emberson","Henry Thrun","S.J","9","3.6166666666667","0","3","0.00","0","1","0.00","0","1","0.00","0","0","-","0","0.08","0.00","0","1","0.00","0","0","-","0","0","-","0","1","0.00","0","0","-","0","3","0.00","0","0","-","-","100.00","1.00","1","0","1","2","50.00","1","0","2","33.33"
"1153","Erik Karlsson","Chad Ruhwedel","PIT","47","3.6","2","7","22.22","2","4","33.33","1","2","33.33","0","1","0.00","0.24","0.28","46.04","2","3","40.00","1","1","50.00","0","0","-","1","2","33.33","0","0","-","0","4","0.00","0","1","0.00","0.00","50.00","0.500","0","0","0","3","-","0","0","0","-"
"1154","Kaiden Guhle","Lane Hutson","MTL","55","3.6","2","3","40.00","2","3","40.00","2","1","66.67","0","0","-","0.15","0.25","37.09","1","2","33.33","1","0","100.00","0","0","-","0","2","0.00","0","0","-","1","2","33.33","0","0","-","0.00","100.00","1.000","1","0","2","3","33.33","0","0","2","0.00"
"1155","Vladislav Gavrikov","Sean Walker","L.A","15","3.5833333333333","2","11","15.38","2","9","18.18","2","5","28.57","2","1","66.67","0.23","0.62","26.73","1","5","16.67","1","1","50.00","1","0","100.00","0","4","0.00","0","1","0.00","1","8","11.11","1","0","100.00","100.00","80.00","1.800","0","1","2","1","0.00","0","3","4","0.00"
"1156","Ian Cole","Darren Raddysh","T.B","16","3.5666666666667","2","8","20.00","1","7","12.50","1","4","20.00","0","0","-","0.32","1.19","21.21","1","8","11.11","1","5","16.67","0","0","-","0","3","0.00","0","0","-","2","3","40.00","0","0","-","0.00","100.00","1.000","0","0","3","1","0.00","1","0","4","20.00"
"1157","Ryan Graves","Conor Timmins","PIT","16","3.5666666666667","0","7","0.00","0","4","0.00","0","4","0.00","0","1","0.00","0","0.25","0.00","0","3","0.00","0","0","-","0","0","-","0","3","0.00","0","0","-","0","5","0.00","0","1","0.00","-","75.00","0.75","0","1","3","1","0.00","0","1","4","0.00"
"1158","Devon Toews","Ryan Lindgren","COL","18","3.55","2","6","25.00","2","6","25.00","2","5","28.57","0","0","-","0.01","0.97","0.98","0","4","0.00","0","3","0.00","0","0","-","0","1","0.00","0","0","-","0","4","0.00","0","0","-","0.00","100.00","1.000","0","1","3","4","0.00","0","1","4","0.00"
"1159","Alec Martinez","Nolan Allan","CHI","16","3.5333333333333","2","2","50.00","2","2","50.00","2","1","66.67","0","0","-","0.12","0.1","55.23","1","1","50.00","1","0","100.00","0","0","-","0","1","0.00","0","0","-","1","1","50.00","0","0","-","0.00","100.00","1.000","0","0","1","2","0.00","0","1","1","0.00"
"1160","Andreas Englund","Jordan Spence","L.A","81","3.5333333333333","1","2","33.33","1","1","50.00","1","1","50.00","0","0","-","0.04","0.2","17.93","0","2","0.00","0","1","0.00","0","0","-","0","1","0.00","0","0","-","2","0","100.00","0","0","-","0.00","100.00","1.000","0","0","0","6","-","1","0","0","100.00"
"1161","Patrik Nemeth","Shayne Gostisbehere","ARI","47","3.5166666666667","1","2","33.33","1","2","33.33","0","2","0.00","0","0","-","0.02","0.1","13.39","0","2","0.00","0","0","-","0","0","-","0","2","0.00","0","0","-","1","0","100.00","0","0","-","-","100.00","1.00","0","0","1","6","0.00","0","0","1","0.00"
"1162","Cam Fowler","Olen Zellweger","ANA","40","3.5166666666667","1","7","12.50","0","6","0.00","0","4","0.00","0","1","0.00","0","0.75","0.00","0","7","0.00","0","2","0.00","0","1","0.00","0","5","0.00","0","0","-","2","2","50.00","0","0","-","-","75.00","0.75","0","0","3","1","0.00","1","0","4","20.00"
"1163","Ben Chiarot","Robert Hagg","DET","32","3.5","1","3","25.00","0","2","0.00","0","2","0.00","0","0","-","0","0.32","0.00","0","3","0.00","0","2","0.00","0","0","-","0","1","0.00","0","0","-","1","1","50.00","0","0","-","-","100.00","1.00","0","0","2","1","0.00","0","0","2","0.00"
"1164","Jaycob Megna","Nikita Zaitsev","CHI","19","3.5","1","4","20.00","1","4","20.00","1","4","20.00","0","0","-","0.12","0.4","23.15","1","3","25.00","0","2","0.00","0","0","-","1","1","50.00","0","0","-","1","1","50.00","0","0","-","0.00","100.00","1.000","0","0","0","1","-","2","0","0","100.00"
"1165","Mark Friedman","Pierre-Olivier Joseph","PIT","23","3.5","0","5","0.00","0","2","0.00","0","2","0.00","0","1","0.00","0","0.19","0.00","0","3","0.00","0","1","0.00","0","1","0.00","0","2","0.00","0","0","-","0","2","0.00","0","0","-","-","50.00","0.50","0","0","0","3","-","0","0","0","-"
"1166","Olen Zellweger","Pavel Mintyukov","ANA","62","3.5","2","5","28.57","2","4","33.33","2","3","40.00","0","0","-","0.23","0.19","53.76","2","2","50.00","1","0","100.00","0","0","-","1","2","33.33","0","0","-","0","2","0.00","0","0","-","0.00","100.00","1.000","0","0","1","6","0.00","0","0","1","0.00"
"1167","Kris Letang","Erik Karlsson","PIT","156","3.4833333333333","0","6","0.00","0","6","0.00","0","4","0.00","0","1","0.00","0","1.05","0.00","0","3","0.00","0","2","0.00","0","0","-","0","1","0.00","0","0","-","0","3","0.00","0","0","-","-","75.00","0.75","0","1","0","16","-","0","1","1","0.00"
"1168","Dmitry Kulikov","Jaycob Megna","FLA","2","3.4666666666667","3","6","33.33","3","5","37.50","1","3","25.00","0","0","-","0.43","0.25","63.11","3","1","75.00","0","0","-","0","0","-","3","1","75.00","0","0","-","0","5","0.00","0","0","-","0.00","100.00","1.000","0","0","0","4","-","0","0","0","-"
"1169","Joel Hanley","Thomas Harley","DAL","29","3.4666666666667","1","5","16.67","1","3","25.00","1","1","50.00","0","0","-","0.1","0.25","29.17","1","3","25.00","0","1","0.00","0","0","-","1","2","33.33","0","0","-","0","2","0.00","0","0","-","0.00","100.00","1.000","0","0","0","6","-","0","0","0","-"
"1170","Rasmus Andersson","Dennis Gilbert","CGY","50","3.4333333333333","1","2","33.33","1","2","33.33","1","1","50.00","0","0","-","0.08","0.16","33.50","0","1","0.00","0","0","-","0","0","-","0","1","0.00","0","0","-","1","1","50.00","0","0","-","0.00","100.00","1.000","0","0","0","4","-","0","0","1","0.00"
"1171","Nick Holden","Thomas Chabot","OTT","51","3.4166666666667","3","3","50.00","3","3","50.00","3","2","60.00","0","0","-","0.11","0.35","24.35","1","2","33.33","0","2","0.00","0","0","-","1","0","100.00","0","0","-","0","1","0.00","0","0","-","0.00","100.00","1.000","1","0","0","2","100.00","2","0","0","100.00"
"1172","Urho Vaakanainen","Ilya Lyubushkin","ANA","46","3.4166666666667","2","5","28.57","2","4","33.33","1","2","33.33","0","0","-","0.04","0.27","13.41","0","3","0.00","0","1","0.00","0","0","-","0","2","0.00","0","0","-","2","2","50.00","0","0","-","0.00","100.00","1.000","0","0","1","8","0.00","1","1","1","50.00"
"1173","Michael Stone","Noah Hanifin","CGY","47","3.4","0","5","0.00","0","5","0.00","0","2","0.00","0","0","-","0","0.66","0.00","0","3","0.00","0","2","0.00","0","0","-","0","1","0.00","0","0","-","0","2","0.00","0","0","-","-","100.00","1.00","0","0","2","5","0.00","0","0","2","0.00"
"1174","TJ Brodie","William Lagesson","TOR","29","3.4","0","6","0.00","0","3","0.00","0","3","0.00","0","0","-","0","0.15","0.00","0","3","0.00","0","0","-","0","0","-","0","3","0.00","0","0","-","0","4","0.00","0","0","-","-","100.00","1.00","0","0","1","5","0.00","0","0","2","0.00"
"1175","Dmitry Kulikov","Jamie Drysdale","ANA","8","3.4","1","5","16.67","1","5","16.67","1","5","16.67","0","2","0.00","0.03","0.69","3.58","0","3","0.00","0","1","0.00","0","1","0.00","0","2","0.00","0","0","-","1","2","33.33","0","1","0.00","0.00","60.00","0.600","0","1","1","1","0.00","1","1","1","50.00"
"1176","Jarred Tinordi","Wyatt Kaiser","CHI","17","3.4","1","7","12.50","1","5","16.67","1","3","25.00","0","0","-","0.07","0.41","15.44","1","5","16.67","1","1","50.00","0","0","-","0","4","0.00","0","0","-","0","2","0.00","0","0","-","0.00","100.00","1.000","0","1","1","6","0.00","0","1","1","0.00"
"1177","Travis Dermott","Sean Durzi","ARI","44","3.4","0","9","0.00","0","7","0.00","0","5","0.00","0","1","0.00","0","0.81","0.00","0","5","0.00","0","1","0.00","0","0","-","0","4","0.00","0","1","0.00","0","5","0.00","0","0","-","-","80.00","0.80","0","0","0","12","-","0","0","1","0.00"
"1178","Ian Cole","Sean Durzi","UTA","30","3.3833333333333","1","1","50.00","1","1","50.00","0","0","-","0","0","-","0.06","0.18","24.07","1","1","50.00","0","1","0.00","0","0","-","1","0","100.00","0","0","-","0","0","-","0","0","-","-","-","-","0","0","1","7","0.00","0","0","1","0.00"
"1179","TJ Brodie","Connor Murphy","CHI","43","3.3833333333333","2","3","40.00","1","2","33.33","1","0","100.00","0","0","-","0.04","0.08","34.17","1","1","50.00","0","0","-","0","0","-","1","1","50.00","0","0","-","0","2","0.00","0","0","-","0.00","-","0.00","0","1","0","9","-","0","1","0","-"
"1180","Josh Manson","Ryan Lindgren","COL","5","3.3833333333333","2","5","28.57","2","3","40.00","2","1","66.67","1","0","100.00","0.06","0.25","18.60","1","2","33.33","0","1","0.00","0","0","-","1","1","50.00","1","0","100.00","0","5","0.00","0","0","-","50.00","100.00","1.500","0","0","3","3","0.00","0","2","4","0.00"
"1181","Egor Zamula","Emil Andrae","PHI","29","3.3833333333333","1","6","14.29","1","4","20.00","1","2","33.33","0","1","0.00","0.07","0.33","16.58","1","3","25.00","0","1","0.00","0","1","0.00","1","2","33.33","0","0","-","0","2","0.00","0","0","-","0.00","50.00","0.500","0","0","1","2","0.00","0","0","1","0.00"
"1182","Tyler Tucker","Matthew Kessel","STL","11","3.3666666666667","0","3","0.00","0","2","0.00","0","2","0.00","0","1","0.00","0","0.2","0.00","0","2","0.00","0","0","-","0","0","-","0","2","0.00","0","1","0.00","0","2","0.00","0","0","-","-","50.00","0.50","1","0","2","4","33.33","1","1","2","33.33"
"1183","Calvin de Haan","Emil Martinsen Lilleberg","T.B","21","3.35","1","3","25.00","1","2","33.33","1","1","50.00","0","0","-","0.09","0.17","35.50","1","1","50.00","0","1","0.00","0","0","-","1","0","100.00","0","0","-","0","2","0.00","0","0","-","0.00","100.00","1.000","0","1","0","2","-","0","1","0","-"
"1184","William Lagesson","Gustav Lindstrom","ANA","9","3.35","0","5","0.00","0","4","0.00","0","4","0.00","0","1","0.00","0","0.34","0.00","0","1","0.00","0","1","0.00","0","1","0.00","0","0","-","0","0","-","0","3","0.00","0","0","-","-","75.00","0.75","0","0","0","2","-","0","0","1","0.00"
"1185","Ilya Lyubushkin","Pavel Mintyukov","ANA","47","3.35","0","5","0.00","0","5","0.00","0","3","0.00","0","0","-","0","0.48","0.00","0","2","0.00","0","0","-","0","0","-","0","2","0.00","0","0","-","0","3","0.00","0","0","-","-","100.00","1.00","0","1","1","7","0.00","0","1","1","0.00"
"1186","Luke Schenn","Kevin Gravel","NSH","6","3.3333333333333","0","4","0.00","0","3","0.00","0","3","0.00","0","1","0.00","0","0.45","0.00","0","3","0.00","0","1","0.00","0","0","-","0","2","0.00","0","1","0.00","0","1","0.00","0","0","-","-","66.67","0.67","0","0","0","2","-","0","0","1","0.00"
"1187","Torey Krug","Colton Parayko","STL","137","3.3333333333333","0","3","0.00","0","3","0.00","0","3","0.00","0","0","-","0","0.26","0.00","0","2","0.00","0","1","0.00","0","0","-","0","1","0.00","0","0","-","0","1","0.00","0","0","-","-","100.00","1.00","0","1","0","13","-","0","2","1","0.00"
"1188","Cody Ceci","Jan Rutta","S.J","51","3.3333333333333","0","10","0.00","0","8","0.00","0","8","0.00","0","1","0.00","0","1.95","0.00","0","7","0.00","0","4","0.00","0","0","-","0","3","0.00","0","0","-","0","4","0.00","0","1","0.00","-","87.50","0.88","0","0","0","11","-","0","0","1","0.00"
"1189","Riley Stillman","Ilya Lyubushkin","BUF","18","3.3333333333333","1","5","16.67","1","5","16.67","1","3","25.00","1","0","100.00","0.18","0.3","37.51","1","2","33.33","1","0","100.00","1","0","100.00","0","2","0.00","0","0","-","0","3","0.00","0","0","-","100.00","100.00","2.000","0","0","0","7","-","0","1","0","-"
"1190","Mikhail Sergachev","Callan Foote","T.B","25","3.3166666666667","2","6","25.00","2","4","33.33","2","4","33.33","0","0","-","0.04","0.3","10.72","0","2","0.00","0","0","-","0","0","-","0","2","0.00","0","0","-","1","6","14.29","0","0","-","0.00","100.00","1.000","0","0","1","5","0.00","0","0","3","0.00"
"1191","Kris Letang","Jack St. Ivany","PIT","30","3.3","0","7","0.00","0","2","0.00","0","1","0.00","0","0","-","0","0.11","0.00","0","5","0.00","0","1","0.00","0","0","-","0","4","0.00","0","0","-","0","3","0.00","0","0","-","-","100.00","1.00","0","0","1","5","0.00","0","0","2","0.00"
"1192","Robert Hagg","Jake Walman","DET","22","3.3","1","9","10.00","0","7","0.00","0","7","0.00","0","0","-","0","0.92","0.00","0","5","0.00","0","2","0.00","0","0","-","0","3","0.00","0","0","-","1","4","20.00","0","0","-","-","100.00","1.00","0","0","1","10","0.00","0","0","1","0.00"
"1193","Mark Giordano","Luke Schenn","TOR","11","3.2833333333333","1","1","50.00","0","1","0.00","0","1","0.00","0","0","-","0","0.04","0.00","1","0","100.00","0","0","-","0","0","-","1","0","100.00","0","0","-","0","1","0.00","0","0","-","-","100.00","1.00","0","0","0","3","-","0","0","0","-"
"1194","Jack Johnson","Damon Severson","CBJ","35","3.2833333333333","0","10","0.00","0","9","0.00","0","9","0.00","0","2","0.00","0","0.85","0.00","0","6","0.00","0","1","0.00","0","0","-","0","5","0.00","0","1","0.00","0","4","0.00","0","1","0.00","-","77.78","0.78","0","0","1","10","0.00","0","0","1","0.00"
"1195","Jacob Trouba","Pavel Mintyukov","ANA","42","3.2833333333333","0","3","0.00","0","2","0.00","0","2","0.00","0","0","-","0","0.17","0.00","0","1","0.00","0","1","0.00","0","0","-","0","0","-","0","0","-","0","2","0.00","0","0","-","-","100.00","1.00","0","0","2","2","0.00","0","1","2","0.00"
"1196","Rasmus Ristolainen","Egor Zamula","PHI","77","3.2833333333333","2","2","50.00","1","1","50.00","1","1","50.00","0","0","-","0.09","0.08","51.75","1","0","100.00","1","0","100.00","0","0","-","0","0","-","0","0","-","2","2","50.00","0","0","-","0.00","100.00","1.000","1","0","0","7","100.00","1","0","0","100.00"
"1197","Charlie McAvoy","Mason Lohrei","BOS","78","3.2833333333333","0","4","0.00","0","4","0.00","0","4","0.00","0","0","-","0","0.21","0.00","0","2","0.00","0","0","-","0","0","-","0","2","0.00","0","0","-","1","4","20.00","0","0","-","-","100.00","1.00","0","0","4","4","0.00","1","0","4","20.00"
"1198","Connor Murphy","Jaycob Megna","CHI","8","3.2666666666667","0","4","0.00","0","3","0.00","0","3","0.00","0","2","0.00","0","0.2","0.00","0","2","0.00","0","1","0.00","0","1","0.00","0","1","0.00","0","0","-","0","2","0.00","0","1","0.00","-","33.33","0.33","0","0","1","3","0.00","0","0","1","0.00"
"1199","Rasmus Andersson","Jake Bean","CGY","64","3.2666666666667","2","5","28.57","1","3","25.00","1","1","50.00","0","1","0.00","0.01","0.25","4.66","0","2","0.00","0","1","0.00","0","0","-","0","1","0.00","0","1","0.00","1","4","20.00","0","0","-","0.00","0.00","0.000","0","0","1","3","0.00","0","0","4","0.00"
"1200","Kris Letang","John Ludvig","PIT","33","3.25","1","4","20.00","1","3","25.00","1","2","33.33","0","0","-","0","0.3","0.13","0","3","0.00","0","1","0.00","0","0","-","0","2","0.00","0","0","-","0","2","0.00","0","0","-","0.00","100.00","1.000","0","0","0","2","-","0","0","1","0.00"
"1201","Roman Josi","Justin Barron","NSH","21","3.25","1","5","16.67","1","4","20.00","1","3","25.00","0","0","-","0.06","0.28","18.58","1","4","20.00","0","0","-","0","0","-","1","4","20.00","0","0","-","1","1","50.00","0","0","-","0.00","100.00","1.000","0","0","1","5","0.00","1","1","1","50.00"
"1202","Zach Werenski","Nick Blankenburg","CBJ","19","3.25","2","2","50.00","1","2","33.33","0","2","0.00","0","1","0.00","0.05","0.21","20.46","2","1","66.67","1","1","50.00","0","1","0.00","1","0","100.00","0","0","-","0","1","0.00","0","0","-","-","50.00","0.50","0","0","1","3","0.00","0","1","1","0.00"
"1203","Jeff Petry","Shayne Gostisbehere","DET","72","3.2333333333333","1","3","25.00","1","3","25.00","0","2","0.00","0","0","-","0.04","0.35","9.69","1","2","33.33","0","2","0.00","0","0","-","1","0","100.00","0","0","-","0","1","0.00","0","0","-","-","100.00","1.00","0","1","1","1","0.00","0","1","1","0.00"
"1204","Matt Irwin","Erik Gustafsson","WSH","44","3.2333333333333","0","7","0.00","0","6","0.00","0","4","0.00","0","0","-","0","0.68","0.00","0","7","0.00","0","3","0.00","0","0","-","0","4","0.00","0","0","-","0","0","-","0","0","-","-","100.00","1.00","0","0","0","4","-","0","0","0","-"
"1205","Colin Miller","Neal Pionk","WPG","53","3.2333333333333","1","6","14.29","1","5","16.67","0","4","0.00","0","1","0.00","0.11","0.32","24.96","1","2","33.33","1","1","50.00","0","1","0.00","0","1","0.00","0","0","-","0","3","0.00","0","0","-","-","75.00","0.75","0","0","1","8","0.00","0","0","1","0.00"
"1206","Erik Johnson","Travis Sanheim","PHI","39","3.2166666666667","3","3","50.00","3","2","60.00","2","1","66.67","0","0","-","0.35","0.2","63.06","3","1","75.00","1","0","100.00","0","0","-","2","1","66.67","0","0","-","0","2","0.00","0","0","-","0.00","100.00","1.000","0","0","1","13","0.00","0","0","1","0.00"
"1207","Calvin de Haan","Jaccob Slavin","CAR","47","3.2166666666667","0","4","0.00","0","4","0.00","0","4","0.00","0","0","-","0","0.35","0.00","0","4","0.00","0","1","0.00","0","0","-","0","3","0.00","0","0","-","0","0","-","0","0","-","-","100.00","1.00","0","0","1","18","0.00","0","0","2","0.00"
"1208","Cam Fowler","Tyler Tucker","STL","37","3.2166666666667","0","8","0.00","0","6","0.00","0","6","0.00","0","1","0.00","0","0.71","0.00","0","6","0.00","0","2","0.00","0","0","-","0","4","0.00","0","1","0.00","0","2","0.00","0","0","-","-","83.33","0.83","0","0","0","5","-","0","0","0","-"
"1209","Dougie Hamilton","Johnathan Kovacevic","N.J","63","3.2166666666667","1","4","20.00","0","3","0.00","0","3","0.00","0","0","-","0","0.27","0.00","0","2","0.00","0","1","0.00","0","0","-","0","1","0.00","0","0","-","1","2","33.33","0","0","-","-","100.00","1.00","0","0","0","14","-","0","0","0","-"
"1210","Brent Burns","Sean Walker","CAR","82","3.2","3","6","33.33","3","6","33.33","3","4","42.86","1","0","100.00","0.21","0.56","27.35","2","6","25.00","0","1","0.00","0","0","-","2","5","28.57","0","0","-","1","1","50.00","1","0","100.00","33.33","100.00","1.333","0","0","1","8","0.00","0","0","1","0.00"
"1211","Erik Johnson","Egor Zamula","PHI","25","3.2","0","5","0.00","0","2","0.00","0","2","0.00","0","0","-","0","0.1","0.00","0","2","0.00","0","0","-","0","0","-","0","2","0.00","0","0","-","0","3","0.00","0","0","-","-","100.00","1.00","0","0","1","3","0.00","0","0","1","0.00"
"1212","Ben Harpur","Braden Schneider","NYR","41","3.2","1","4","20.00","1","4","20.00","1","3","25.00","0","0","-","0.22","0.36","38.02","1","2","33.33","1","1","50.00","0","0","-","0","1","0.00","0","0","-","0","2","0.00","0","0","-","0.00","100.00","1.000","1","1","4","2","20.00","1","1","5","16.67"
"1213","Guillaume Brisebois","Quinn Hughes","VAN","15","3.2","1","7","12.50","1","6","14.29","1","3","25.00","0","0","-","0","0.47","0.13","0","2","0.00","0","0","-","0","0","-","0","2","0.00","0","0","-","0","5","0.00","0","0","-","0.00","100.00","1.000","0","1","3","5","0.00","0","1","3","0.00"
"1214","Lucas Carlsson","Mario Ferraro","S.J","9","3.2","0","11","0.00","0","8","0.00","0","6","0.00","0","0","-","0","0.88","0.00","0","6","0.00","0","1","0.00","0","0","-","0","5","0.00","0","0","-","0","8","0.00","0","0","-","-","100.00","1.00","0","0","1","2","0.00","0","0","3","0.00"
"1215","Brendan Smith","Santeri Hatakka","N.J","5","3.1833333333333","2","8","20.00","2","4","33.33","1","2","33.33","0","0","-","0.04","0.65","6.37","0","5","0.00","0","3","0.00","0","0","-","0","2","0.00","0","0","-","1","4","20.00","0","0","-","0.00","100.00","1.000","0","0","4","0","0.00","0","0","4","0.00"
"1216","Haydn Fleury","Callan Foote","T.B","10","3.1833333333333","0","5","0.00","0","4","0.00","0","3","0.00","0","0","-","0","0.28","0.00","0","3","0.00","0","1","0.00","0","0","-","0","2","0.00","0","0","-","0","2","0.00","0","0","-","-","100.00","1.00","0","0","0","5","-","0","1","0","-"
"1217","Victor Hedman","Philippe Myers","T.B","16","3.1666666666667","0","6","0.00","0","5","0.00","0","3","0.00","0","0","-","0","0.71","0.00","0","4","0.00","0","3","0.00","0","0","-","0","1","0.00","0","0","-","0","3","0.00","0","0","-","-","100.00","1.00","0","0","1","2","0.00","0","0","2","0.00"
"1218","Erik Karlsson","Jaycob Megna","S.J","48","3.1333333333333","1","4","20.00","1","3","25.00","1","2","33.33","0","1","0.00","0.09","0.48","15.12","1","4","20.00","0","2","0.00","0","0","-","1","2","33.33","0","1","0.00","0","1","0.00","0","0","-","0.00","50.00","0.500","0","2","3","7","0.00","0","2","3","0.00"
"1219","Roman Josi","Jordan Gross","NSH","10","3.1333333333333","0","2","0.00","0","2","0.00","0","1","0.00","0","1","0.00","0","0.24","0.00","0","2","0.00","0","1","0.00","0","1","0.00","0","1","0.00","0","0","-","0","0","-","0","0","-","-","0.00","0.00","0","0","1","3","0.00","0","1","1","0.00"
"1220","Mattias Ekholm","Philip Broberg","EDM","21","3.1333333333333","2","5","28.57","2","3","40.00","2","2","50.00","1","1","50.00","0.26","0.31","45.11","2","3","40.00","2","1","66.67","1","1","50.00","0","2","0.00","0","0","-","0","3","0.00","0","0","-","50.00","50.00","1.000","0","0","3","2","0.00","0","0","4","0.00"
"1221","Devon Toews","Keaton Middleton","COL","39","3.1333333333333","1","3","25.00","1","2","33.33","0","0","-","0","0","-","0.08","0.19","29.24","1","2","33.33","0","0","-","0","0","-","1","2","33.33","0","0","-","0","2","0.00","0","0","-","-","-","-","0","0","0","4","-","0","0","1","0.00"
"1222","Cale Makar","Sean Walker","COL","18","3.1333333333333","0","6","0.00","0","5","0.00","0","3","0.00","0","1","0.00","0","0.82","0.00","0","4","0.00","0","2","0.00","0","1","0.00","0","2","0.00","0","0","-","0","3","0.00","0","0","-","-","66.67","0.67","0","0","0","0","-","0","0","1","0.00"
"1223","Travis Dermott","Declan Chisholm","MIN","8","3.1166666666667","0","2","0.00","0","2","0.00","0","2","0.00","0","0","-","0","0.05","0.00","0","0","-","0","0","-","0","0","-","0","0","-","0","0","-","0","3","0.00","0","0","-","-","100.00","1.00","0","0","0","3","-","0","0","1","0.00"
"1224","Erik Johnson","Bowen Byram","COL","23","3.1","1","7","12.50","1","6","14.29","1","6","14.29","1","0","100.00","0.12","0.93","11.64","1","5","16.67","0","2","0.00","0","0","-","1","3","25.00","1","0","100.00","0","2","0.00","0","0","-","100.00","100.00","2.000","0","0","0","7","-","0","1","0","-"
"1225","Hampus Lindholm","Mason Lohrei","BOS","45","3.1","1","4","20.00","1","2","33.33","0","1","0.00","0","0","-","0.09","0.43","17.25","1","3","25.00","0","2","0.00","0","0","-","1","1","50.00","0","0","-","0","2","0.00","0","0","-","-","100.00","1.00","0","0","0","4","-","0","0","2","0.00"
"1226","Kurtis MacDermid","Devon Toews","COL","72","3.1","0","5","0.00","0","4","0.00","0","3","0.00","0","0","-","0","0.38","0.00","0","4","0.00","0","1","0.00","0","0","-","0","3","0.00","0","0","-","0","1","0.00","0","0","-","-","100.00","1.00","0","0","0","5","-","0","0","1","0.00"
"1227","Robert Bortuzzo","Noah Dobson","NYI","20","3.0833333333333","2","7","22.22","2","4","33.33","2","3","40.00","0","0","-","0.07","0.52","11.43","1","4","20.00","0","3","0.00","0","0","-","1","1","50.00","0","0","-","0","3","0.00","0","0","-","0.00","100.00","1.000","0","0","0","5","-","0","0","1","0.00"
"1228","Dmitry Orlov","Matt Irwin","WSH","27","3.0833333333333","0","5","0.00","0","4","0.00","0","4","0.00","0","0","-","0","0.27","0.00","0","1","0.00","0","1","0.00","0","0","-","0","0","-","0","0","-","0","4","0.00","0","0","-","-","100.00","1.00","0","0","1","3","0.00","0","0","1","0.00"
"1229","Scott Mayfield","Grant Hutton","NYI","14","3.0833333333333","0","6","0.00","0","5","0.00","0","2","0.00","0","1","0.00","0","0.59","0.00","0","3","0.00","0","1","0.00","0","0","-","0","2","0.00","0","0","-","0","4","0.00","0","1","0.00","-","50.00","0.50","0","0","1","2","0.00","0","0","3","0.00"
"1230","Matt Dumba","Michael Kesselring","ARI","41","3.0666666666667","0","8","0.00","0","6","0.00","0","4","0.00","0","0","-","0","0.54","0.00","0","6","0.00","0","2","0.00","0","0","-","0","4","0.00","0","0","-","0","2","0.00","0","0","-","-","100.00","1.00","0","0","1","2","0.00","0","0","2","0.00"
"1231","Zach Bogosian","Mikhail Sergachev","T.B","48","3.05","8","2","80.00","5","2","71.43","3","2","60.00","0","0","-","0.65","0.18","78.30","6","2","75.00","3","1","75.00","0","0","-","3","1","75.00","0","0","-","1","1","50.00","0","0","-","0.00","100.00","1.000","0","1","1","9","0.00","0","1","1","0.00"
"1232","Derek Forbort","Jakub Zboril","BOS","9","3.05","0","4","0.00","0","2","0.00","0","2","0.00","0","0","-","0","0.21","0.00","0","3","0.00","0","1","0.00","0","0","-","0","2","0.00","0","0","-","0","1","0.00","0","0","-","-","100.00","1.00","0","0","0","1","-","0","0","0","-"
"1233","Morgan Rielly","Philippe Myers","TOR","36","3.05","0","9","0.00","0","6","0.00","0","4","0.00","0","1","0.00","0","0.9","0.00","0","6","0.00","0","2","0.00","0","1","0.00","0","4","0.00","0","0","-","0","6","0.00","0","0","-","-","75.00","0.75","0","0","2","9","0.00","0","0","3","0.00"
"1234","Jacob Bryson","Lawrence Pilut","BUF","12","3.05","2","6","25.00","1","3","25.00","0","3","0.00","0","2","0.00","0.06","0.4","13.04","1","4","20.00","0","2","0.00","0","1","0.00","1","2","33.33","0","1","0.00","1","2","33.33","0","0","-","-","33.33","0.33","0","0","2","5","0.00","0","1","2","0.00"
"1235","Riley Stillman","Quinn Hughes","VAN","32","3.0333333333333","0","3","0.00","0","1","0.00","0","1","0.00","0","0","-","0","0.07","0.00","0","0","-","0","0","-","0","0","-","0","0","-","0","0","-","0","4","0.00","0","0","-","-","100.00","1.00","0","1","2","3","0.00","0","1","2","0.00"
"1236","Tyson Barrie","Markus Niemelainen","EDM","23","3.0166666666667","0","7","0.00","0","4","0.00","0","4","0.00","0","0","-","0","0.54","0.00","0","3","0.00","0","1","0.00","0","0","-","0","2","0.00","0","0","-","0","3","0.00","0","0","-","-","100.00","1.00","0","0","1","3","0.00","0","0","2","0.00"
"1237","Olli Maatta","Jordan Oesterle","DET","48","3.0166666666667","0","6","0.00","0","2","0.00","0","2","0.00","0","0","-","0","0.13","0.00","0","3","0.00","0","0","-","0","0","-","0","3","0.00","0","0","-","0","2","0.00","0","0","-","-","100.00","1.00","0","0","0","5","-","0","0","0","-"
"1238","Matthew Benning","Nick Cicek","S.J","15","3.0166666666667","1","5","16.67","1","3","25.00","1","1","50.00","0","0","-","0","0.25","1.36","0","3","0.00","0","0","-","0","0","-","0","3","0.00","0","0","-","0","2","0.00","0","0","-","0.00","100.00","1.000","0","0","0","3","-","0","0","0","-"
"1239","Ryan Graves","Kevin Bahl","N.J","38","3.0166666666667","1","2","33.33","1","0","100.00","1","0","100.00","0","0","-","0.07","0","100.00","1","0","100.00","0","0","-","0","0","-","1","0","100.00","0","0","-","0","2","0.00","0","0","-","0.00","-","0.00","0","0","1","3","0.00","0","0","2","0.00"
"1240","Henri Jokiharju","Michael Callahan","BOS","6","3.0166666666667","1","6","14.29","1","5","16.67","0","3","0.00","0","0","-","0.02","0.43","3.90","0","4","0.00","0","1","0.00","0","0","-","0","3","0.00","0","0","-","1","3","25.00","0","0","-","-","100.00","1.00","0","1","0","3","-","0","2","1","0.00"
"1241","Travis Sanheim","Ronnie Attard","PHI","14","3","4","6","40.00","3","3","50.00","2","1","66.67","0","1","0.00","0.15","0.29","34.96","1","4","20.00","0","1","0.00","0","0","-","1","3","25.00","0","1","0.00","3","3","50.00","0","0","-","0.00","0.00","0.000","0","1","1","3","0.00","0","1","2","0.00"
"1242","Jake Walman","Henry Thrun","S.J","38","3","0","3","0.00","0","0","-","0","0","-","0","0","-","0","0","-","0","0","-","0","0","-","0","0","-","0","0","-","0","0","-","0","4","0.00","0","0","-","-","-","-","0","1","1","3","0.00","0","1","3","0.00"
"1243","Marco Scandella","Matthew Kessel","STL","24","2.9833333333333","0","7","0.00","0","6","0.00","0","1","0.00","0","0","-","0","0.61","0.00","0","6","0.00","0","2","0.00","0","0","-","0","4","0.00","0","0","-","0","2","0.00","0","0","-","-","100.00","1.00","0","0","1","5","0.00","0","0","1","0.00"
"1244","Adam Pelech","Sebastian Aho","NYI","93","2.9833333333333","1","5","16.67","1","2","33.33","1","1","50.00","0","0","-","0.05","0.26","16.04","1","3","25.00","0","1","0.00","0","0","-","1","2","33.33","0","0","-","0","3","0.00","0","0","-","0.00","100.00","1.000","0","1","1","2","0.00","0","1","2","0.00"
"1245","Ryan McDonagh","Tyson Barrie","NSH","54","2.9666666666667","1","4","20.00","0","4","0.00","0","3","0.00","0","0","-","0","0.34","0.00","1","2","33.33","0","1","0.00","0","0","-","1","1","50.00","0","0","-","0","3","0.00","0","0","-","-","100.00","1.00","0","1","0","1","-","0","2","3","0.00"
"1246","Cody Ceci","Evan Bouchard","EDM","158","2.9666666666667","1","4","20.00","1","4","20.00","1","3","25.00","0","0","-","0.01","0.29","4.94","0","2","0.00","0","1","0.00","0","0","-","0","1","0.00","0","0","-","1","3","25.00","0","0","-","0.00","100.00","1.000","0","0","1","5","0.00","0","0","1","0.00"
"1247","Mario Ferraro","Nikolai Knyzhov","S.J","22","2.9666666666667","0","7","0.00","0","6","0.00","0","6","0.00","0","1","0.00","0","0.63","0.00","0","5","0.00","0","1","0.00","0","0","-","0","4","0.00","0","1","0.00","0","2","0.00","0","0","-","-","83.33","0.83","0","1","0","3","-","0","1","0","-"
"1248","Kevin Shattenkirk","Hampus Lindholm","BOS","54","2.95","0","2","0.00","0","1","0.00","0","1","0.00","0","0","-","0","0.2","0.00","0","2","0.00","0","1","0.00","0","0","-","0","1","0.00","0","0","-","0","0","-","0","0","-","-","100.00","1.00","0","0","2","6","0.00","0","0","3","0.00"
"1249","Tyson Barrie","Darnell Nurse","EDM","61","2.95","1","8","11.11","1","6","14.29","1","4","20.00","0","3","0.00","0.07","0.77","8.13","1","5","16.67","0","2","0.00","0","1","0.00","1","3","25.00","0","1","0.00","0","2","0.00","0","1","0.00","0.00","25.00","0.250","0","0","3","12","0.00","0","0","3","0.00"
"1250","Nick Seeler","Ronnie Attard","PHI","3","2.95","1","8","11.11","1","6","14.29","0","5","0.00","0","1","0.00","0.12","0.85","12.74","1","6","14.29","1","3","25.00","0","1","0.00","0","3","0.00","0","0","-","0","2","0.00","0","0","-","-","80.00","0.80","0","0","1","2","0.00","0","0","1","0.00"
"1251","Damon Severson","Denton Mateychuk","CBJ","33","2.9333333333333","0","4","0.00","0","4","0.00","0","3","0.00","0","0","-","0","0.39","0.00","0","3","0.00","0","1","0.00","0","0","-","0","2","0.00","0","0","-","1","1","50.00","0","0","-","-","100.00","1.00","1","0","0","2","100.00","1","0","0","100.00"
"1252","Brayden Pachal","Nikita Okhotiuk","CGY","9","2.9333333333333","1","4","20.00","0","3","0.00","0","0","-","0","0","-","0","0.29","0.00","1","3","25.00","0","1","0.00","0","0","-","1","2","33.33","0","0","-","0","1","0.00","0","0","-","-","-","-","0","0","1","1","0.00","1","0","1","50.00"
"1253","Travis Dermott","Ethan Bear","VAN","8","2.9166666666667","0","2","0.00","0","1","0.00","0","0","-","0","0","-","0","0.13","0.00","0","2","0.00","0","1","0.00","0","0","-","0","1","0.00","0","0","-","0","0","-","0","0","-","-","-","-","0","2","1","1","0.00","0","3","1","0.00"
"1254","Nick Jensen","Artem Zub","OTT","45","2.9","0","9","0.00","0","7","0.00","0","4","0.00","0","1","0.00","0","0.63","0.00","0","3","0.00","0","0","-","0","0","-","0","3","0.00","0","1","0.00","0","10","0.00","0","0","-","-","75.00","0.75","0","0","3","13","0.00","0","0","5","0.00"
"1255","Aaron Ekblad","Brandon Montour","FLA","121","2.9","0","1","0.00","0","1","0.00","0","1","0.00","0","1","0.00","0","0.8","0.00","0","1","0.00","0","0","-","0","0","-","0","1","0.00","0","1","0.00","0","0","-","0","0","-","-","0.00","0.00","0","0","0","8","-","1","0","0","100.00"
"1256","Darren Raddysh","Nick Perbix","T.B","157","2.9","1","0","100.00","1","0","100.00","1","0","100.00","0","0","-","0.01","0","100.00","0","0","-","0","0","-","0","0","-","0","0","-","0","0","-","0","2","0.00","0","0","-","0.00","-","0.00","0","0","2","15","0.00","0","0","2","0.00"
"1257","Mattias Ekholm","Jeremy Lauzon","NSH","50","2.8833333333333","1","4","20.00","1","1","50.00","1","0","100.00","0","0","-","0","0.08","2.66","0","2","0.00","0","0","-","0","0","-","0","2","0.00","0","0","-","0","2","0.00","0","0","-","0.00","-","0.00","0","0","0","21","-","0","0","0","-"
"1258","Brenden Dillon","Josh Morrissey","WPG","155","2.8833333333333","0","2","0.00","0","2","0.00","0","2","0.00","0","0","-","0","0.11","0.00","0","2","0.00","0","0","-","0","0","-","0","2","0.00","0","0","-","0","0","-","0","0","-","-","100.00","1.00","0","0","0","4","-","0","0","0","-"
"1259","Henri Jokiharju","Mason Lohrei","BOS","18","2.8833333333333","0","6","0.00","0","5","0.00","0","4","0.00","0","2","0.00","0","0.61","0.00","0","6","0.00","0","3","0.00","0","1","0.00","0","3","0.00","0","1","0.00","0","0","-","0","0","-","-","50.00","0.50","0","1","0","3","-","0","2","2","0.00"
"1260","Jaycob Megna","Kevin Korchinski","CHI","44","2.8666666666667","0","1","0.00","0","0","-","0","0","-","0","0","-","0","0","-","0","1","0.00","0","0","-","0","0","-","0","1","0.00","0","0","-","0","0","-","0","0","-","-","-","-","0","0","0","2","-","0","0","0","-"
"1261","Nikita Zaitsev","Kevin Korchinski","CHI","32","2.85","1","0","100.00","1","0","100.00","1","0","100.00","1","0","100.00","0.05","0","100.00","1","0","100.00","0","0","-","0","0","-","1","0","100.00","1","0","100.00","0","0","-","0","0","-","100.00","-","1.00","0","1","1","7","0.00","1","2","1","50.00"
"1262","Travis Hamonic","Tyler Kleven","OTT","62","2.8333333333333","2","3","40.00","2","3","40.00","2","2","50.00","1","1","50.00","0.35","0.24","59.99","2","2","50.00","1","1","50.00","1","1","50.00","1","1","50.00","0","0","-","0","2","0.00","0","0","-","50.00","50.00","1.000","0","1","1","6","0.00","0","1","1","0.00"
"1263","Dante Fabbro","Denton Mateychuk","CBJ","41","2.8333333333333","0","4","0.00","0","3","0.00","0","3","0.00","0","0","-","0","0.53","0.00","0","3","0.00","0","2","0.00","0","0","-","0","1","0.00","0","0","-","0","1","0.00","0","0","-","-","100.00","1.00","0","0","0","4","-","0","0","0","-"
"1264","Marc-Edouard Vlasic","Nick Cicek","S.J","16","2.8166666666667","0","5","0.00","0","3","0.00","0","2","0.00","0","0","-","0","0.13","0.00","0","0","-","0","0","-","0","0","-","0","0","-","0","0","-","0","5","0.00","0","0","-","-","100.00","1.00","0","0","0","3","-","0","0","0","-"
"1265","Scott Harrington","Mario Ferraro","S.J","23","2.8166666666667","0","1","0.00","0","0","-","0","0","-","0","0","-","0","0","-","0","1","0.00","0","0","-","0","0","-","0","1","0.00","0","0","-","0","0","-","0","0","-","-","-","-","0","0","1","4","0.00","0","0","1","0.00"
"1266","Nikita Zadorov","Parker Wotherspoon","BOS","54","2.8166666666667","1","4","20.00","1","2","33.33","0","1","0.00","0","0","-","0","0.21","0.67","0","4","0.00","0","1","0.00","0","0","-","0","3","0.00","0","0","-","0","0","-","0","0","-","-","100.00","1.00","1","0","0","7","100.00","1","0","0","100.00"
"1267","Zach Werenski","Denton Mateychuk","CBJ","44","2.8166666666667","2","5","28.57","2","4","33.33","2","2","50.00","0","1","0.00","0.1","0.63","13.68","1","2","33.33","0","1","0.00","0","1","0.00","1","1","50.00","0","0","-","0","4","0.00","0","0","-","0.00","50.00","0.500","0","0","3","3","0.00","0","1","3","0.00"
"1268","Wyatt Kaiser","Ethan Del Mastro","CHI","14","2.8166666666667","1","3","25.00","1","2","33.33","0","2","0.00","0","0","-","0.17","0.25","40.98","1","3","25.00","1","1","50.00","0","0","-","0","2","0.00","0","0","-","0","0","-","0","0","-","-","100.00","1.00","0","0","0","2","-","0","0","0","-"
"1269","Brady Skjei","Spencer Stastney","NSH","23","2.7833333333333","1","6","14.29","1","5","16.67","0","3","0.00","0","1","0.00","0.03","0.36","7.89","0","3","0.00","0","1","0.00","0","0","-","0","2","0.00","0","0","-","1","3","25.00","0","1","0.00","-","66.67","0.67","0","0","0","5","-","0","0","1","0.00"
"1270","Lucas Carlsson","Jan Rutta","S.J","3","2.7833333333333","0","3","0.00","0","2","0.00","0","2","0.00","0","1","0.00","0","0.22","0.00","0","2","0.00","0","1","0.00","0","1","0.00","0","1","0.00","0","0","-","0","1","0.00","0","0","-","-","50.00","0.50","0","0","1","2","0.00","1","0","1","50.00"
"1271","Oliver Ekman-Larsson","Aaron Ekblad","FLA","51","2.7666666666667","3","1","75.00","3","1","75.00","3","1","75.00","0","0","-","0.14","0.09","59.41","2","1","66.67","0","0","-","0","0","-","2","1","66.67","0","0","-","1","0","100.00","0","0","-","0.00","100.00","1.000","0","0","1","7","0.00","0","0","2","0.00"
"1272","MacKenzie Weegar","Jordan Oesterle","CGY","22","2.7666666666667","0","6","0.00","0","6","0.00","0","5","0.00","0","2","0.00","0","0.5","0.00","0","4","0.00","0","1","0.00","0","0","-","0","3","0.00","0","1","0.00","0","3","0.00","0","1","0.00","-","60.00","0.60","0","0","1","3","0.00","0","0","1","0.00"
"1273","Zac Jones","Braden Schneider","NYR","91","2.7666666666667","1","3","25.00","1","3","25.00","0","1","0.00","0","0","-","0.02","0.29","5.44","0","2","0.00","0","1","0.00","0","0","-","0","1","0.00","0","0","-","1","1","50.00","0","0","-","-","100.00","1.00","0","0","0","8","-","0","0","0","-"
"1274","Kurtis MacDermid","Samuel Girard","COL","60","2.75","0","2","0.00","0","1","0.00","0","1","0.00","0","0","-","0","0.11","0.00","0","2","0.00","0","0","-","0","0","-","0","2","0.00","0","0","-","0","0","-","0","0","-","-","100.00","1.00","0","0","0","7","-","0","0","0","-"
"1275","Parker Wotherspoon","Ian Mitchell","BOS","19","2.75","1","9","10.00","1","3","25.00","1","1","50.00","0","0","-","0","0.28","0.50","0","6","0.00","0","2","0.00","0","0","-","0","4","0.00","0","0","-","0","3","0.00","0","0","-","0.00","100.00","1.000","0","0","1","1","0.00","0","0","1","0.00"
"1276","Mario Ferraro","Radim Simek","S.J","34","2.75","1","4","20.00","1","3","25.00","1","2","33.33","0","0","-","0","0.17","1.11","0","0","-","0","0","-","0","0","-","0","0","-","0","0","-","0","5","0.00","0","0","-","0.00","100.00","1.000","0","0","0","4","-","0","0","1","0.00"
"1277","Dougie Hamilton","Luke Hughes","N.J","76","2.7333333333333","2","2","50.00","1","2","33.33","1","2","33.33","0","0","-","0.1","0.16","37.99","1","1","50.00","0","0","-","0","0","-","1","1","50.00","0","0","-","2","2","50.00","0","0","-","0.00","100.00","1.000","1","0","1","6","50.00","1","0","1","50.00"
"1278","Andreas Englund","Nikita Zaitsev","CHI","7","2.7333333333333","0","7","0.00","0","5","0.00","0","5","0.00","0","1","0.00","0","1","0.00","0","7","0.00","0","2","0.00","0","1","0.00","0","5","0.00","0","0","-","0","0","-","0","0","-","-","80.00","0.80","0","0","1","0","0.00","0","0","1","0.00"
"1279","Vladislav Gavrikov","Jacob Moverare","L.A","68","2.7333333333333","1","7","12.50","1","6","14.29","1","6","14.29","0","0","-","0.04","1.04","3.66","0","5","0.00","0","3","0.00","0","0","-","0","2","0.00","0","0","-","1","2","33.33","0","0","-","0.00","100.00","1.000","0","0","0","3","-","0","0","0","-"
"1280","Pierre-Olivier Joseph","Jack St. Ivany","PIT","14","2.7333333333333","4","4","50.00","4","4","50.00","3","4","42.86","0","1","0.00","0.67","0.69","49.50","3","3","50.00","3","2","60.00","0","0","-","0","1","0.00","0","0","-","1","1","50.00","0","1","0.00","0.00","75.00","0.750","0","1","0","3","-","0","1","0","-"
"1281","Matthew Benning","Jake Walman","S.J","7","2.7166666666667","1","2","33.33","1","0","100.00","1","0","100.00","0","0","-","0","0","100.00","0","1","0.00","0","0","-","0","0","-","0","1","0.00","0","0","-","0","1","0.00","0","0","-","0.00","-","0.00","0","0","0","4","-","0","0","0","-"
"1282","Robert Hagg","Filip Hronek","DET","20","2.7166666666667","1","4","20.00","1","3","25.00","1","2","33.33","0","1","0.00","0.01","0.31","2.63","0","3","0.00","0","1","0.00","0","1","0.00","0","2","0.00","0","0","-","0","2","0.00","0","0","-","0.00","50.00","0.500","0","0","2","3","0.00","0","0","2","0.00"
"1283","Matt Dumba","Darren Raddysh","T.B","18","2.7","1","2","33.33","1","1","50.00","1","1","50.00","0","0","-","0.13","0.12","51.78","1","2","33.33","1","1","50.00","0","0","-","0","1","0.00","0","0","-","0","0","-","0","0","-","0.00","100.00","1.000","0","0","0","4","-","0","0","0","-"
"1284","Seth Jones","Louis Crevier","CHI","30","2.7","1","4","20.00","1","4","20.00","1","2","33.33","0","1","0.00","0.1","0.31","24.15","1","2","33.33","0","1","0.00","0","1","0.00","1","1","50.00","0","0","-","0","2","0.00","0","0","-","0.00","50.00","0.500","0","0","1","4","0.00","0","0","1","0.00"
"1285","Brayden McNabb","Ben Hutton","VGK","83","2.6833333333333","1","5","16.67","1","3","25.00","0","1","0.00","0","0","-","0.15","0.25","36.65","1","2","33.33","1","1","50.00","0","0","-","0","1","0.00","0","0","-","0","2","0.00","0","0","-","-","100.00","1.00","0","0","1","1","0.00","0","0","1","0.00"
"1286","Joel Hanley","Daniil Miromanov","CGY","26","2.6833333333333","1","2","33.33","0","2","0.00","0","2","0.00","0","0","-","0","0.12","0.00","0","1","0.00","0","0","-","0","0","-","0","1","0.00","0","0","-","1","0","100.00","0","0","-","-","100.00","1.00","0","0","0","3","-","1","0","1","50.00"
"1287","Jakob Chychrun","Troy Stecher","ARI","36","2.6833333333333","1","4","20.00","1","4","20.00","1","1","50.00","0","0","-","0","0.31","0.04","0","2","0.00","0","1","0.00","0","0","-","0","1","0.00","0","0","-","0","2","0.00","0","0","-","0.00","100.00","1.000","0","0","2","8","0.00","0","0","2","0.00"
"1288","Samuel Girard","Sean Walker","COL","16","2.6833333333333","2","3","40.00","2","1","66.67","2","0","100.00","0","0","-","0.08","0.11","42.75","1","1","50.00","0","1","0.00","0","0","-","1","0","100.00","0","0","-","1","2","33.33","0","0","-","0.00","-","0.00","0","0","3","1","0.00","0","0","3","0.00"
"1289","Brayden Pachal","Daniil Miromanov","CGY","58","2.6833333333333","0","2","0.00","0","1","0.00","0","0","-","0","0","-","0","0.07","0.00","0","1","0.00","0","0","-","0","0","-","0","1","0.00","0","0","-","0","2","0.00","0","0","-","-","-","-","0","0","0","2","-","0","0","1","0.00"
"1290","Marc Del Gaizo","Nick Blankenburg","NSH","30","2.6833333333333","0","3","0.00","0","1","0.00","0","1","0.00","0","0","-","0","0.16","0.00","0","2","0.00","0","1","0.00","0","0","-","0","1","0.00","0","0","-","0","1","0.00","0","0","-","-","100.00","1.00","0","2","0","4","-","0","2","0","-"
"1291","Braden Schneider","Victor Mancini","NYR","15","2.6833333333333","1","6","14.29","1","4","20.00","1","1","50.00","0","0","-","0","0.76","0.09","0","4","0.00","0","3","0.00","0","0","-","0","1","0.00","0","0","-","0","2","0.00","0","0","-","0.00","100.00","1.000","0","0","0","2","-","0","0","0","-"
"1292","Robert Bortuzzo","Nick Leddy","STL","46","2.6666666666667","0","5","0.00","0","4","0.00","0","3","0.00","0","1","0.00","0","0.26","0.00","0","2","0.00","0","0","-","0","0","-","0","2","0.00","0","0","-","0","3","0.00","0","1","0.00","-","66.67","0.67","0","0","2","5","0.00","0","0","2","0.00"
"1293","Robert Bortuzzo","Juuso Valimaki","UTA","11","2.6666666666667","2","1","66.67","2","0","100.00","2","0","100.00","0","0","-","0.11","0","100.00","1","0","100.00","1","0","100.00","0","0","-","0","0","-","0","0","-","0","3","0.00","0","0","-","0.00","-","0.00","0","0","3","1","0.00","0","0","3","0.00"
"1294","Connor Clifton","Dennis Gilbert","BUF","20","2.6666666666667","0","2","0.00","0","2","0.00","0","1","0.00","0","0","-","0","0.13","0.00","0","2","0.00","0","0","-","0","0","-","0","2","0.00","0","0","-","0","1","0.00","0","0","-","-","100.00","1.00","0","0","2","2","0.00","0","1","2","0.00"
"1295","Tim Berni","Nick Blankenburg","CBJ","29","2.6666666666667","0","4","0.00","0","3","0.00","0","3","0.00","0","0","-","0","0.54","0.00","0","3","0.00","0","2","0.00","0","0","-","0","1","0.00","0","0","-","0","1","0.00","0","0","-","-","100.00","1.00","0","0","1","3","0.00","0","0","1","0.00"
"1296","Josh Manson","Keaton Middleton","COL","18","2.65","1","4","20.00","1","4","20.00","1","3","25.00","1","0","100.00","0.11","0.3","27.42","1","2","33.33","0","2","0.00","0","0","-","1","0","100.00","1","0","100.00","0","3","0.00","0","0","-","100.00","100.00","2.000","0","0","1","1","0.00","0","0","1","0.00"
"1297","Josh Manson","Sean Walker","COL","18","2.65","1","4","20.00","1","3","25.00","1","3","25.00","0","0","-","0","0.27","0.53","0","3","0.00","0","1","0.00","0","0","-","0","2","0.00","0","0","-","0","1","0.00","0","0","-","0.00","100.00","1.000","0","0","0","1","-","0","0","0","-"
"1298","Joel Edmundson","Jordan Harris","MTL","44","2.65","2","2","50.00","1","2","33.33","1","2","33.33","0","0","-","0","0.14","0.11","0","1","0.00","0","1","0.00","0","0","-","0","0","-","0","0","-","0","1","0.00","0","0","-","0.00","100.00","1.000","0","1","0","7","-","0","1","1","0.00"
"1299","Shayne Gostisbehere","Jalen Chatfield","CAR","86","2.65","0","1","0.00","0","1","0.00","0","1","0.00","0","0","-","0","0.07","0.00","0","1","0.00","0","0","-","0","0","-","0","1","0.00","0","0","-","0","0","-","0","0","-","-","100.00","1.00","0","0","0","12","-","0","0","0","-"
"1300","Damon Severson","Kevin Bahl","N.J","41","2.65","0","3","0.00","0","2","0.00","0","2","0.00","0","1","0.00","0","0.3","0.00","0","2","0.00","0","1","0.00","0","1","0.00","0","1","0.00","0","0","-","0","1","0.00","0","0","-","-","50.00","0.50","0","0","0","5","-","0","0","0","-"
"1301","Jaycob Megna","Louis Crevier","CHI","11","2.65","1","2","33.33","1","0","100.00","0","0","-","0","0","-","0.07","0","100.00","0","0","-","0","0","-","0","0","-","0","0","-","0","0","-","1","3","25.00","0","0","-","-","-","-","0","0","1","2","0.00","0","0","1","0.00"
"1302","Vladislav Kolyachonok","Janis Moser","ARI","7","2.65","0","4","0.00","0","4","0.00","0","3","0.00","0","1","0.00","0","0.28","0.00","0","1","0.00","0","0","-","0","0","-","0","1","0.00","0","0","-","0","3","0.00","0","1","0.00","-","66.67","0.67","0","0","0","3","-","0","1","0","-"
"1303","Alex Pietrangelo","Zach Whitecloud","VGK","166","2.6333333333333","3","1","75.00","2","0","100.00","2","0","100.00","0","0","-","0.08","0","100.00","1","0","100.00","0","0","-","0","0","-","1","0","100.00","0","0","-","1","1","50.00","0","0","-","0.00","-","0.00","0","0","0","27","-","0","0","0","-"
"1304","Brent Burns","Calvin de Haan","CAR","53","2.6166666666667","1","4","20.00","1","3","25.00","0","2","0.00","0","0","-","0.07","0.22","24.63","0","3","0.00","0","0","-","0","0","-","0","3","0.00","0","0","-","1","0","100.00","0","0","-","-","100.00","1.00","0","1","0","2","-","0","1","0","-"
"1305","Calvin de Haan","Sam Malinski","COL","41","2.6166666666667","1","2","33.33","1","2","33.33","1","1","50.00","0","0","-","0.06","0.13","31.52","1","1","50.00","0","1","0.00","0","0","-","1","0","100.00","0","0","-","0","3","0.00","0","0","-","0.00","100.00","1.000","0","0","2","3","0.00","0","0","2","0.00"
"1306","Tyson Barrie","Ryan Murray","EDM","13","2.6166666666667","0","3","0.00","0","3","0.00","0","3","0.00","0","0","-","0","0.3","0.00","0","2","0.00","0","1","0.00","0","0","-","0","1","0.00","0","0","-","0","1","0.00","0","0","-","-","100.00","1.00","0","0","1","3","0.00","0","0","1","0.00"
"1307","Dougie Hamilton","Simon Nemec","N.J","16","2.6166666666667","1","3","25.00","1","2","33.33","1","0","100.00","0","0","-","0","0.09","1.51","0","1","0.00","0","0","-","0","0","-","0","1","0.00","0","0","-","0","2","0.00","0","0","-","0.00","-","0.00","0","0","0","4","-","0","0","0","-"
"1308","Matt Roy","Tobias Bjornfot","L.A","11","2.6166666666667","1","7","12.50","1","5","16.67","1","4","20.00","0","0","-","0.12","0.25","32.73","1","2","33.33","1","0","100.00","0","0","-","0","2","0.00","0","0","-","0","4","0.00","0","0","-","0.00","100.00","1.000","0","1","2","0","0.00","0","1","2","0.00"
"1309","Erik Johnson","Cam York","PHI","29","2.6","1","3","25.00","1","0","100.00","1","0","100.00","0","0","-","0.17","0","100.00","1","2","33.33","1","1","50.00","0","0","-","0","1","0.00","0","0","-","0","0","-","0","0","-","0.00","-","0.00","0","0","0","8","-","0","0","0","-"
"1310","Ryan McDonagh","Callan Foote","NSH","20","2.6","2","4","33.33","1","3","25.00","1","2","33.33","0","0","-","0","0.23","0.21","0","1","0.00","0","0","-","0","0","-","0","1","0.00","0","0","-","1","3","25.00","0","0","-","0.00","100.00","1.000","0","0","1","9","0.00","0","0","1","0.00"
"1311","Ryan Murray","Evan Bouchard","EDM","13","2.6","1","1","50.00","1","0","100.00","0","0","-","0","0","-","0.03","0","100.00","0","0","-","0","0","-","0","0","-","0","0","-","0","0","-","1","1","50.00","0","0","-","-","-","-","1","0","2","3","33.33","1","0","2","33.33"
"1312","Jaycob Megna","Gustav Forsling","FLA","6","2.6","0","4","0.00","0","4","0.00","0","3","0.00","0","2","0.00","0","0.51","0.00","0","3","0.00","0","2","0.00","0","1","0.00","0","1","0.00","0","0","-","0","3","0.00","0","1","0.00","-","33.33","0.33","0","0","2","4","0.00","0","0","2","0.00"
"1313","Jakob Chychrun","Erik Brannstrom","OTT","85","2.6","0","7","0.00","0","5","0.00","0","4","0.00","0","2","0.00","0","0.65","0.00","0","6","0.00","0","3","0.00","0","1","0.00","0","3","0.00","0","1","0.00","0","1","0.00","0","0","-","-","50.00","0.50","0","0","1","10","0.00","0","0","1","0.00"
"1314","Sean Walker","Sean Durzi","L.A","61","2.6","1","3","25.00","1","2","33.33","1","2","33.33","0","0","-","0.13","0.22","36.78","1","2","33.33","0","0","-","0","0","-","1","2","33.33","0","0","-","0","1","0.00","0","0","-","0.00","100.00","1.000","0","0","1","8","0.00","0","0","1","0.00"
"1315","David Savard","Lane Hutson","MTL","77","2.5833333333333","1","6","14.29","0","5","0.00","0","5","0.00","0","1","0.00","0","0.46","0.00","1","4","20.00","0","2","0.00","0","0","-","1","2","33.33","0","1","0.00","0","3","0.00","0","0","-","-","80.00","0.80","0","1","2","2","0.00","0","1","3","0.00"
"1316","Justin Holl","Jake Walman","DET","30","2.5833333333333","2","2","50.00","2","2","50.00","2","1","66.67","1","0","100.00","0.04","0.1","30.18","1","1","50.00","0","0","-","0","0","-","1","1","50.00","1","0","100.00","1","1","50.00","0","0","-","50.00","100.00","1.500","0","0","0","11","-","1","1","0","100.00"
"1317","Joel Edmundson","Justin Barron","MTL","28","2.5833333333333","0","2","0.00","0","2","0.00","0","1","0.00","0","0","-","0","0.12","0.00","0","2","0.00","0","0","-","0","0","-","0","2","0.00","0","0","-","0","0","-","0","0","-","-","100.00","1.00","0","1","0","1","-","0","1","0","-"
"1318","Joel Edmundson","Simon Benoit","TOR","5","2.5833333333333","2","2","50.00","2","2","50.00","1","1","50.00","0","0","-","0.17","0.25","40.99","1","2","33.33","1","2","33.33","0","0","-","0","0","-","0","0","-","0","0","-","0","0","-","0.00","100.00","1.000","0","1","0","4","-","0","1","0","-"
"1319","Jake McCabe","Philippe Myers","TOR","20","2.5833333333333","2","6","25.00","2","6","25.00","2","4","33.33","0","2","0.00","0.03","0.55","4.71","0","2","0.00","0","1","0.00","0","0","-","0","1","0.00","0","0","-","1","5","16.67","0","2","0.00","0.00","50.00","0.500","0","0","2","5","0.00","0","0","3","0.00"
"1320","Noah Hanifin","Dennis Gilbert","CGY","55","2.5833333333333","1","2","33.33","1","2","33.33","1","1","50.00","1","0","100.00","0.16","0.19","45.24","1","1","50.00","1","1","50.00","1","0","100.00","0","0","-","0","0","-","0","2","0.00","0","0","-","100.00","100.00","2.000","0","0","0","5","-","0","0","1","0.00"
"1321","Conor Timmins","Vladislav Kolyachonok","PIT","10","2.5833333333333","0","3","0.00","0","2","0.00","0","2","0.00","0","1","0.00","0","0.14","0.00","0","1","0.00","0","0","-","0","0","-","0","1","0.00","0","1","0.00","0","2","0.00","0","0","-","-","50.00","0.50","0","1","0","3","-","0","1","0","-"
"1322","Noah Dobson","Isaiah George","NYI","29","2.5833333333333","0","4","0.00","0","4","0.00","0","2","0.00","0","0","-","0","0.28","0.00","0","2","0.00","0","1","0.00","0","0","-","0","1","0.00","0","0","-","0","2","0.00","0","0","-","-","100.00","1.00","0","0","1","1","0.00","0","0","1","0.00"
"1323","Luke Hughes","Simon Nemec","N.J","76","2.5833333333333","0","1","0.00","0","1","0.00","0","1","0.00","0","1","0.00","0","0.11","0.00","0","1","0.00","0","0","-","0","0","-","0","1","0.00","0","1","0.00","0","0","-","0","0","-","-","0.00","0.00","1","0","0","4","100.00","1","0","0","100.00"
"1324","Erik Karlsson","Matthew Benning","S.J","77","2.5666666666667","0","6","0.00","0","3","0.00","0","1","0.00","0","0","-","0","0.31","0.00","0","3","0.00","0","1","0.00","0","0","-","0","2","0.00","0","0","-","0","3","0.00","0","0","-","-","100.00","1.00","0","0","0","16","-","0","0","0","-"
"1325","Dmitry Orlov","Domenick Fensore","CAR","2","2.5666666666667","0","4","0.00","0","4","0.00","0","3","0.00","0","2","0.00","0","0.42","0.00","0","3","0.00","0","1","0.00","0","1","0.00","0","2","0.00","0","1","0.00","0","3","0.00","0","0","-","-","33.33","0.33","0","0","2","0","0.00","0","0","3","0.00"
"1326","Dylan DeMelo","Colin Miller","WPG","65","2.5666666666667","1","5","16.67","1","3","25.00","1","2","33.33","0","0","-","0.07","0.3","19.43","1","3","25.00","1","1","50.00","0","0","-","0","2","0.00","0","0","-","0","4","0.00","0","0","-","0.00","100.00","1.000","0","0","2","2","0.00","1","0","2","33.33"
"1327","Jon Merrill","Dakota Mermis","MIN","33","2.55","1","4","20.00","1","2","33.33","1","2","33.33","0","2","0.00","0.03","0.27","9.23","0","2","0.00","0","2","0.00","0","2","0.00","0","0","-","0","0","-","1","2","33.33","0","0","-","0.00","0.00","0.000","0","0","1","6","0.00","0","0","1","0.00"
"1328","Adam Larsson","Jaycob Megna","SEA","6","2.55","1","2","33.33","1","2","33.33","1","1","50.00","0","1","0.00","0","0.2","1.44","0","1","0.00","0","1","0.00","0","1","0.00","0","0","-","0","0","-","0","1","0.00","0","0","-","0.00","0.00","0.000","0","0","3","2","0.00","0","0","3","0.00"
"1329","Cody Ceci","Ilya Lyubushkin","DAL","29","2.55","2","4","33.33","2","3","40.00","2","3","40.00","1","1","50.00","0.14","0.16","46.79","1","2","33.33","1","0","100.00","1","0","100.00","0","2","0.00","0","1","0.00","0","4","0.00","0","0","-","50.00","66.67","1.167","0","0","1","4","0.00","0","1","4","0.00"
"1330","Tyson Barrie","Jeremy Lauzon","NSH","54","2.5333333333333","0","4","0.00","0","4","0.00","0","3","0.00","0","0","-","0","0.3","0.00","0","3","0.00","0","1","0.00","0","0","-","0","2","0.00","0","0","-","0","1","0.00","0","0","-","-","100.00","1.00","1","0","2","4","33.33","1","0","2","33.33"
"1331","Ryan Murray","Markus Niemelainen","EDM","8","2.5333333333333","0","2","0.00","0","2","0.00","0","1","0.00","0","1","0.00","0","0.15","0.00","0","1","0.00","0","0","-","0","0","-","0","1","0.00","0","0","-","0","1","0.00","0","1","0.00","-","0.00","0.00","0","0","0","2","-","0","1","0","-"
"1332","Calvin de Haan","Haydn Fleury","T.B","11","2.5166666666667","5","3","62.50","4","3","57.14","3","3","50.00","0","1","0.00","0.42","0.15","73.96","2","1","66.67","2","0","100.00","0","0","-","0","1","0.00","0","0","-","4","2","66.67","0","1","0.00","0.00","66.67","0.667","0","0","0","3","-","3","0","0","100.00"
"1333","Jarred Tinordi","Caleb Jones","CHI","39","2.5166666666667","1","3","25.00","1","2","33.33","1","2","33.33","0","0","-","0.25","0.14","63.90","1","1","50.00","1","1","50.00","0","0","-","0","0","-","0","0","-","0","2","0.00","0","0","-","0.00","100.00","1.000","0","1","1","2","0.00","0","1","1","0.00"
"1334","Kyle Burroughs","Riley Stillman","VAN","7","2.5166666666667","1","4","20.00","0","3","0.00","0","1","0.00","0","0","-","0","0.21","0.00","0","1","0.00","0","1","0.00","0","0","-","0","0","-","0","0","-","1","3","25.00","0","0","-","-","100.00","1.00","0","0","0","4","-","0","0","0","-"
"1335","Roman Josi","Adam Wilsby","NSH","19","2.5","0","1","0.00","0","1","0.00","0","0","-","0","0","-","0","0.02","0.00","0","0","-","0","0","-","0","0","-","0","0","-","0","0","-","0","1","0.00","0","0","-","-","-","-","0","1","0","6","-","0","1","0","-"
"1336","Colton Parayko","Steven Santini","STL","4","2.5","1","5","16.67","1","5","16.67","1","2","33.33","0","1","0.00","0","0.35","0.03","0","3","0.00","0","0","-","0","0","-","0","3","0.00","0","1","0.00","0","2","0.00","0","0","-","0.00","50.00","0.500","0","0","1","0","0.00","1","1","1","50.00"
"1337","Andreas Englund","Nick Blankenburg","NSH","24","2.5","0","2","0.00","0","1","0.00","0","1","0.00","0","0","-","0","0.09","0.00","0","1","0.00","0","0","-","0","0","-","0","1","0.00","0","0","-","0","2","0.00","0","0","-","-","100.00","1.00","0","0","1","6","0.00","0","0","1","0.00"
"1338","Ian Cole","Maveric Lamoureux","UTA","15","2.4833333333333","1","5","16.67","1","4","20.00","1","4","20.00","0","0","-","0.04","0.52","7.53","1","5","16.67","0","3","0.00","0","0","-","1","2","33.33","0","0","-","1","0","100.00","0","0","-","0.00","100.00","1.000","0","0","0","4","-","1","0","0","100.00"
"1339","Shayne Gostisbehere","Dysin Mayo","ARI","13","2.4833333333333","1","7","12.50","1","5","16.67","1","4","20.00","1","1","50.00","0.16","0.74","17.38","1","6","14.29","0","2","0.00","0","1","0.00","1","4","20.00","1","0","100.00","0","0","-","0","0","-","100.00","75.00","1.750","0","0","0","6","-","0","0","0","-"
"1340","Thomas Harley","Lian Bichsel","DAL","34","2.4833333333333","1","1","50.00","0","1","0.00","0","1","0.00","0","0","-","0","0.06","0.00","1","0","100.00","0","0","-","0","0","-","1","0","100.00","0","0","-","0","3","0.00","0","0","-","-","100.00","1.00","0","0","2","0","0.00","0","0","3","0.00"
"1341","Marc Staal","Sean Walker","PHI","28","2.4666666666667","0","4","0.00","0","2","0.00","0","2","0.00","0","0","-","0","0.48","0.00","0","2","0.00","0","2","0.00","0","0","-","0","0","-","0","0","-","0","4","0.00","0","0","-","-","100.00","1.00","0","0","2","4","0.00","1","0","3","25.00"
"1342","Brenden Dillon","Jonas Siegenthaler","N.J","55","2.4666666666667","4","1","80.00","3","1","75.00","3","0","100.00","0","0","-","0.18","0.16","52.76","1","1","50.00","0","1","0.00","0","0","-","1","0","100.00","0","0","-","1","0","100.00","0","0","-","0.00","-","0.00","0","0","0","10","-","0","0","0","-"
"1343","Ryan Pulock","Parker Wotherspoon","NYI","12","2.4666666666667","1","1","50.00","0","1","0.00","0","1","0.00","0","1","0.00","0","0.06","0.00","0","0","-","0","0","-","0","0","-","0","0","-","0","0","-","1","1","50.00","0","1","0.00","-","0.00","0.00","0","0","1","0","0.00","0","0","1","0.00"
"1344","Jordan Oesterle","Filip Hronek","DET","38","2.4666666666667","0","4","0.00","0","4","0.00","0","3","0.00","0","0","-","0","0.29","0.00","0","2","0.00","0","1","0.00","0","0","-","0","1","0.00","0","0","-","0","2","0.00","0","0","-","-","100.00","1.00","0","1","1","2","0.00","0","2","2","0.00"
"1345","Gavin Bayreuther","Tim Berni","CBJ","41","2.4666666666667","1","6","14.29","1","5","16.67","1","5","16.67","0","0","-","0.07","1.09","5.70","0","5","0.00","0","3","0.00","0","0","-","0","2","0.00","0","0","-","1","1","50.00","0","0","-","0.00","100.00","1.000","0","0","1","1","0.00","0","0","1","0.00"
"1346","Calvin de Haan","Keaton Middleton","COL","18","2.45","2","2","50.00","2","2","50.00","1","2","33.33","0","0","-","0.09","0.1","48.67","1","0","100.00","0","0","-","0","0","-","1","0","100.00","0","0","-","0","3","0.00","0","0","-","0.00","100.00","1.000","0","0","0","2","-","0","0","1","0.00"
"1347","Brady Skjei","Adam Wilsby","NSH","23","2.45","1","1","50.00","1","1","50.00","1","1","50.00","0","0","-","0.14","0.12","53.54","1","1","50.00","1","1","50.00","0","0","-","0","0","-","0","0","-","0","1","0.00","0","0","-","0.00","100.00","1.000","0","0","0","7","-","0","0","1","0.00"
"1348","Caleb Jones","Nikita Zaitsev","CHI","18","2.45","1","1","50.00","1","1","50.00","1","1","50.00","0","0","-","0.04","0.01","74.83","0","0","-","0","0","-","0","0","-","0","0","-","0","0","-","1","1","50.00","0","0","-","0.00","100.00","1.000","0","0","1","3","0.00","0","0","1","0.00"
"1349","Jeff Petry","Jan Rutta","PIT","42","2.4333333333333","0","4","0.00","0","2","0.00","0","1","0.00","0","0","-","0","0.11","0.00","0","0","-","0","0","-","0","0","-","0","0","-","0","0","-","0","3","0.00","0","0","-","-","100.00","1.00","0","0","0","19","-","0","0","1","0.00"
"1350","Justin Schultz","Vince Dunn","SEA","119","2.4333333333333","0","1","0.00","0","1","0.00","0","0","-","0","0","-","0","0.1","0.00","0","1","0.00","0","0","-","0","0","-","0","1","0.00","0","0","-","0","0","-","0","0","-","-","-","-","0","0","0","9","-","0","1","1","0.00"
"1351","Henri Jokiharju","Ryan Johnson","BUF","35","2.4333333333333","0","3","0.00","0","2","0.00","0","2","0.00","0","1","0.00","0","0.21","0.00","0","2","0.00","0","2","0.00","0","1","0.00","0","0","-","0","0","-","0","1","0.00","0","0","-","-","50.00","0.50","0","0","0","3","-","0","0","0","-"
"1352","Gustav Lindstrom","Pavel Mintyukov","ANA","18","2.4333333333333","0","4","0.00","0","4","0.00","0","3","0.00","0","1","0.00","0","0.31","0.00","0","2","0.00","0","0","-","0","0","-","0","2","0.00","0","0","-","0","3","0.00","0","1","0.00","-","66.67","0.67","0","0","1","3","0.00","0","0","1","0.00"
"1353","Olli Maatta","Simon Edvinsson","DET","28","2.4166666666667","1","4","20.00","1","4","20.00","1","2","33.33","0","0","-","0.13","0.25","34.53","1","0","100.00","1","0","100.00","0","0","-","0","0","-","0","0","-","0","3","0.00","0","0","-","0.00","100.00","1.000","0","0","0","5","-","1","0","0","100.00"
"1354","Mike Matheson","Lane Hutson","MTL","82","2.4166666666667","0","2","0.00","0","1","0.00","0","0","-","0","0","-","0","0.13","0.00","0","0","-","0","0","-","0","0","-","0","0","-","0","0","-","0","2","0.00","0","0","-","-","-","-","0","0","0","4","-","0","0","0","-"
"1355","Marc-Edouard Vlasic","Jake Walman","S.J","10","2.4","0","11","0.00","0","6","0.00","0","2","0.00","0","1","0.00","0","1.06","0.00","0","7","0.00","0","3","0.00","0","0","-","0","4","0.00","0","1","0.00","0","7","0.00","0","0","-","-","50.00","0.50","0","1","1","1","0.00","0","1","4","0.00"
"1356","Dmitry Orlov","Tony DeAngelo","CAR","31","2.4","1","1","50.00","0","1","0.00","0","0","-","0","0","-","0","0.02","0.00","1","0","100.00","0","0","-","0","0","-","1","0","100.00","0","0","-","0","1","0.00","0","0","-","-","-","-","0","1","0","6","-","0","2","0","-"
"1357","Jaycob Megna","Nate Schmidt","FLA","8","2.4","1","9","10.00","1","6","14.29","1","4","20.00","0","0","-","0.18","0.4","30.57","1","3","25.00","1","0","100.00","0","0","-","0","3","0.00","0","0","-","0","10","0.00","0","0","-","0.00","100.00","1.000","0","0","2","1","0.00","0","0","4","0.00"
"1358","Nikita Zaitsev","Isaak Phillips","CHI","11","2.4","3","3","50.00","3","3","50.00","2","3","40.00","1","1","50.00","0.21","0.23","48.50","2","1","66.67","2","1","66.67","1","0","100.00","0","0","-","0","0","-","0","2","0.00","0","1","0.00","50.00","66.67","1.167","0","0","1","4","0.00","0","1","1","0.00"
"1359","Alec Martinez","Ben Hutton","VGK","44","2.3833333333333","0","3","0.00","0","1","0.00","0","1","0.00","0","1","0.00","0","0.13","0.00","0","2","0.00","0","1","0.00","0","1","0.00","0","1","0.00","0","0","-","0","1","0.00","0","0","-","-","0.00","0.00","0","0","0","2","-","0","0","0","-"
"1360","Roman Josi","Tyson Barrie","NSH","50","2.3833333333333","1","2","33.33","1","2","33.33","0","2","0.00","0","0","-","0.01","0.09","14.45","0","0","-","0","0","-","0","0","-","0","0","-","0","0","-","0","2","0.00","0","0","-","-","100.00","1.00","0","0","0","4","-","0","0","0","-"
"1361","Brandon Carlo","Michael Callahan","BOS","10","2.3833333333333","2","0","100.00","2","0","100.00","0","0","-","0","0","-","0.09","0","100.00","0","0","-","0","0","-","0","0","-","0","0","-","0","0","-","2","0","100.00","0","0","-","-","-","-","0","0","0","3","-","0","0","0","-"
"1362","Marco Scandella","Tyler Tucker","STL","28","2.3666666666667","0","3","0.00","0","3","0.00","0","2","0.00","0","0","-","0","0.26","0.00","0","1","0.00","0","0","-","0","0","-","0","1","0.00","0","0","-","0","2","0.00","0","0","-","-","100.00","1.00","1","2","1","0","50.00","1","2","2","33.33"
"1363","Calvin de Haan","William Borgen","NYR","3","2.3666666666667","0","5","0.00","0","2","0.00","0","0","-","0","0","-","0","0.13","0.00","0","2","0.00","0","0","-","0","0","-","0","2","0.00","0","0","-","0","3","0.00","0","0","-","-","-","-","0","0","0","2","-","0","0","0","-"
"1364","Kurtis MacDermid","Bowen Byram","COL","41","2.3666666666667","2","3","40.00","1","1","50.00","1","1","50.00","0","0","-","0.07","0.07","50.47","2","1","66.67","0","0","-","0","0","-","2","1","66.67","0","0","-","0","2","0.00","0","0","-","0.00","100.00","1.000","0","0","1","2","0.00","0","0","1","0.00"
"1365","Philippe Myers","Conor Timmins","TOR","17","2.3666666666667","0","3","0.00","0","3","0.00","0","0","-","0","0","-","0","0.25","0.00","0","2","0.00","0","2","0.00","0","0","-","0","0","-","0","0","-","0","1","0.00","0","0","-","-","-","-","0","0","0","6","-","0","0","0","-"
"1366","Alexander Edler","Brandt Clarke","L.A","6","2.35","0","1","0.00","0","1","0.00","0","1","0.00","0","0","-","0","0.06","0.00","0","0","-","0","0","-","0","0","-","0","0","-","0","0","-","0","1","0.00","0","0","-","-","100.00","1.00","1","0","1","2","50.00","1","0","1","50.00"
"1367","Colin Miller","Dylan Samberg","WPG","51","2.35","0","2","0.00","0","2","0.00","0","1","0.00","0","0","-","0","0.07","0.00","0","0","-","0","0","-","0","0","-","0","0","-","0","0","-","0","2","0.00","0","0","-","-","100.00","1.00","0","0","0","4","-","0","1","0","-"
"1368","Carson Soucy","Braden Schneider","NYR","15","2.35","1","5","16.67","1","4","20.00","1","2","33.33","0","0","-","0.09","0.56","14.57","1","3","25.00","0","1","0.00","0","0","-","1","2","33.33","0","0","-","0","2","0.00","0","0","-","0.00","100.00","1.000","0","0","1","4","0.00","0","0","2","0.00"
"1369","Kevin Gravel","Jeremy Lauzon","NSH","17","2.3333333333333","2","3","40.00","2","3","40.00","2","2","50.00","0","1","0.00","0.19","0.16","54.41","1","2","33.33","1","0","100.00","0","0","-","0","2","0.00","0","1","0.00","1","1","50.00","0","0","-","0.00","50.00","0.500","0","0","2","2","0.00","1","0","2","33.33"
"1370","Josh Manson","Andreas Englund","COL","8","2.3333333333333","0","2","0.00","0","1","0.00","0","1","0.00","0","0","-","0","0.13","0.00","0","1","0.00","0","1","0.00","0","0","-","0","0","-","0","0","-","0","1","0.00","0","0","-","-","100.00","1.00","0","0","0","1","-","0","0","1","0.00"
"1371","Jordan Oesterle","Andreas Englund","NSH","11","2.3333333333333","0","3","0.00","0","2","0.00","0","2","0.00","0","0","-","0","0.15","0.00","0","3","0.00","0","0","-","0","0","-","0","3","0.00","0","0","-","0","0","-","0","0","-","-","100.00","1.00","0","0","1","1","0.00","0","0","1","0.00"
"1372","Erik Karlsson","Nikolai Knyzhov","S.J","12","2.3166666666667","1","1","50.00","0","1","0.00","0","1","0.00","0","0","-","0","0.08","0.00","1","0","100.00","0","0","-","0","0","-","1","0","100.00","0","0","-","0","1","0.00","0","0","-","-","100.00","1.00","0","1","1","4","0.00","0","1","1","0.00"
"1373","Brady Skjei","Marc Del Gaizo","NSH","46","2.3166666666667","1","4","20.00","1","4","20.00","0","3","0.00","0","0","-","0.18","0.41","30.28","1","3","25.00","1","1","50.00","0","0","-","0","2","0.00","0","0","-","0","1","0.00","0","0","-","-","100.00","1.00","0","0","0","6","-","0","1","0","-"
"1374","Damon Severson","Jake Christiansen","CBJ","75","2.3","1","2","33.33","1","1","50.00","1","1","50.00","0","0","-","0.04","0.05","46.51","0","2","0.00","0","0","-","0","0","-","0","2","0.00","0","0","-","1","0","100.00","0","0","-","0.00","100.00","1.000","0","0","1","3","0.00","0","0","2","0.00"
"1375","Erik Gustafsson","Trevor van Riemsdyk","WSH","61","2.3","3","3","50.00","1","1","50.00","1","1","50.00","0","0","-","0","0.05","1.63","1","1","50.00","1","0","100.00","0","0","-","0","1","0.00","0","0","-","2","1","66.67","0","0","-","0.00","100.00","1.000","1","0","0","3","100.00","2","0","0","100.00"
"1376","Gustav Lindstrom","Jackson LaCombe","ANA","26","2.3","0","5","0.00","0","4","0.00","0","4","0.00","0","1","0.00","0","0.43","0.00","0","2","0.00","0","1","0.00","0","0","-","0","1","0.00","0","0","-","0","3","0.00","0","1","0.00","-","75.00","0.75","0","0","0","1","-","0","0","1","0.00"
"1377","Jordan Oesterle","Rasmus Andersson","CGY","20","2.2833333333333","1","3","25.00","1","1","50.00","1","0","100.00","0","0","-","0.06","0.13","32.01","1","3","25.00","0","2","0.00","0","0","-","1","1","50.00","0","0","-","0","1","0.00","0","0","-","0.00","-","0.00","0","0","1","0","0.00","0","0","1","0.00"
"1378","Darren Raddysh","Erik Cernak","T.B","150","2.2833333333333","0","3","0.00","0","3","0.00","0","2","0.00","0","1","0.00","0","0.28","0.00","0","2","0.00","0","1","0.00","0","0","-","0","1","0.00","0","0","-","0","1","0.00","0","1","0.00","-","50.00","0.50","0","0","1","20","0.00","0","0","1","0.00"
"1379","Colin Miller","Logan Stanley","WPG","43","2.2666666666667","0","4","0.00","0","4","0.00","0","3","0.00","0","1","0.00","0","0.6","0.00","0","3","0.00","0","1","0.00","0","0","-","0","2","0.00","0","1","0.00","0","2","0.00","0","0","-","-","66.67","0.67","0","0","2","5","0.00","0","0","2","0.00"
"1380","William Lagesson","Jackson LaCombe","ANA","8","2.2666666666667","1","2","33.33","1","2","33.33","1","2","33.33","0","0","-","0.17","0.16","51.63","1","1","50.00","1","0","100.00","0","0","-","0","1","0.00","0","0","-","0","2","0.00","0","0","-","0.00","100.00","1.000","0","0","0","2","-","1","0","2","33.33"
"1381","Jacob Moverare","Mikey Anderson","L.A","63","2.2666666666667","1","2","33.33","1","1","50.00","1","1","50.00","0","0","-","0.17","0.16","51.96","1","1","50.00","1","0","100.00","0","0","-","0","1","0.00","0","0","-","0","2","0.00","0","0","-","0.00","100.00","1.000","0","0","1","7","0.00","0","0","1","0.00"
"1382","Marc-Edouard Vlasic","Jimmy Schuldt","S.J","6","2.25","0","3","0.00","0","3","0.00","0","2","0.00","0","1","0.00","0","0.14","0.00","0","1","0.00","0","0","-","0","0","-","0","1","0.00","0","0","-","0","3","0.00","0","1","0.00","-","50.00","0.50","0","0","1","3","0.00","0","0","1","0.00"
"1383","Derek Forbort","Elias Pettersson","VAN","26","2.25","1","3","25.00","1","1","50.00","1","1","50.00","0","1","0.00","0.05","0.14","25.52","1","3","25.00","0","0","-","0","0","-","1","3","25.00","0","1","0.00","0","0","-","0","0","-","0.00","0.00","0.000","0","0","0","1","-","0","0","0","-"
"1384","Connor Murphy","Louis Crevier","CHI","31","2.25","0","2","0.00","0","1","0.00","0","1","0.00","0","0","-","0","0.04","0.00","0","0","-","0","0","-","0","0","-","0","0","-","0","0","-","0","2","0.00","0","0","-","-","100.00","1.00","0","0","0","1","-","0","0","0","-"
"1385","Dougie Hamilton","Ryan Graves","N.J","78","2.2333333333333","3","2","60.00","2","1","66.67","1","1","50.00","0","0","-","0.16","0.06","71.07","2","0","100.00","0","0","-","0","0","-","2","0","100.00","0","0","-","1","2","33.33","0","0","-","0.00","100.00","1.000","0","0","1","4","0.00","0","0","1","0.00"
"1386","Oliver Ekman-Larsson","Uvis Balinskis","FLA","24","2.2166666666667","0","2","0.00","0","1","0.00","0","0","-","0","0","-","0","0.04","0.00","0","0","-","0","0","-","0","0","-","0","0","-","0","0","-","0","2","0.00","0","0","-","-","-","-","0","0","1","2","0.00","0","0","1","0.00"
"1387","Brian Dumoulin","Cam Fowler","ANA","17","2.2166666666667","1","2","33.33","1","1","50.00","0","1","0.00","0","0","-","0.06","0.14","29.48","1","2","33.33","0","1","0.00","0","0","-","1","1","50.00","0","0","-","0","1","0.00","0","0","-","-","100.00","1.00","0","0","1","4","0.00","0","0","2","0.00"
"1388","Darren Raddysh","Janis Moser","T.B","45","2.2166666666667","0","5","0.00","0","5","0.00","0","2","0.00","0","1","0.00","0","0.66","0.00","0","4","0.00","0","3","0.00","0","1","0.00","0","1","0.00","0","0","-","0","2","0.00","0","0","-","-","50.00","0.50","0","0","1","3","0.00","0","1","1","0.00"
"1389","Casey Fitzgerald","Henri Jokiharju","BUF","8","2.2166666666667","1","5","16.67","1","4","20.00","0","2","0.00","0","0","-","0.16","0.31","33.77","1","4","20.00","1","0","100.00","0","0","-","0","4","0.00","0","0","-","0","1","0.00","0","0","-","-","100.00","1.00","0","0","1","4","0.00","0","0","1","0.00"
"1390","Nick Holden","Jacob Bernard-Docker","OTT","18","2.2","1","4","20.00","1","0","100.00","1","0","100.00","0","0","-","0.04","0","100.00","0","0","-","0","0","-","0","0","-","0","0","-","0","0","-","1","3","25.00","0","0","-","0.00","-","0.00","0","0","1","3","0.00","1","0","1","50.00"
"1391","Matt Grzelcyk","Ian Mitchell","BOS","5","2.2","0","3","0.00","0","2","0.00","0","1","0.00","0","0","-","0","0.23","0.00","0","2","0.00","0","1","0.00","0","0","-","0","1","0.00","0","0","-","0","1","0.00","0","0","-","-","100.00","1.00","0","0","2","0","0.00","0","0","2","0.00"
"1392","Rasmus Ristolainen","Tony DeAngelo","PHI","62","2.2","2","5","28.57","2","5","28.57","2","4","33.33","0","0","-","0.22","1.2","15.49","1","5","16.67","1","4","20.00","0","0","-","0","1","0.00","0","0","-","1","0","100.00","0","0","-","0.00","100.00","1.000","0","0","0","13","-","0","0","1","0.00"
"1393","Lucas Carlsson","Jimmy Schuldt","S.J","3","2.2","1","2","33.33","1","0","100.00","0","0","-","0","0","-","0.11","0","100.00","1","0","100.00","0","0","-","0","0","-","1","0","100.00","0","0","-","0","2","0.00","0","0","-","-","-","-","0","0","1","0","0.00","0","1","1","0.00"
"1394","Scott Perunovich","Matthew Kessel","STL","44","2.2","0","0","-","0","0","-","0","0","-","0","0","-","0","0","-","0","0","-","0","0","-","0","0","-","0","0","-","0","0","-","0","0","-","0","0","-","-","-","-","0","0","0","2","-","0","0","0","-"
"1395","Zach Bogosian","Haydn Fleury","T.B","13","2.1833333333333","1","6","14.29","1","4","20.00","1","2","33.33","0","0","-","0.08","0.55","12.29","1","3","25.00","0","1","0.00","0","0","-","1","2","33.33","0","0","-","0","4","0.00","0","0","-","0.00","100.00","1.000","0","0","1","2","0.00","0","0","2","0.00"
"1396","Erik Karlsson","Vladislav Kolyachonok","PIT","12","2.1833333333333","1","7","12.50","1","4","20.00","1","2","33.33","0","0","-","0.04","0.37","9.98","0","3","0.00","0","1","0.00","0","0","-","0","2","0.00","0","0","-","2","3","40.00","0","0","-","0.00","100.00","1.000","0","0","0","1","-","1","0","0","100.00"
"1397","Nick Leddy","Tyler Tucker","STL","66","2.1833333333333","0","3","0.00","0","2","0.00","0","1","0.00","0","0","-","0","0.13","0.00","0","2","0.00","0","0","-","0","0","-","0","2","0.00","0","0","-","0","1","0.00","0","0","-","-","100.00","1.00","0","0","0","5","-","0","0","0","-"
"1398","Brian Dumoulin","Drew Helleson","ANA","35","2.1833333333333","0","2","0.00","0","1","0.00","0","1","0.00","0","0","-","0","0.07","0.00","0","1","0.00","0","0","-","0","0","-","0","1","0.00","0","0","-","0","1","0.00","0","0","-","-","100.00","1.00","0","0","0","2","-","0","0","0","-"
"1399","Christopher Tanev","Dennis Gilbert","CGY","42","2.1833333333333","0","2","0.00","0","1","0.00","0","0","-","0","0","-","0","0.05","0.00","0","1","0.00","0","0","-","0","0","-","0","1","0.00","0","0","-","0","2","0.00","0","0","-","-","-","-","0","0","1","4","0.00","0","0","2","0.00"
"1400","Jarred Tinordi","Kevin Korchinski","CHI","52","2.1833333333333","4","2","66.67","3","2","60.00","0","1","0.00","0","0","-","0.35","0.11","75.25","3","1","75.00","0","0","-","0","0","-","3","1","75.00","0","0","-","0","2","0.00","0","0","-","-","100.00","1.00","0","0","1","3","0.00","0","0","1","0.00"
"1401","Jamie Oleksiak","Brandon Montour","SEA","81","2.1833333333333","0","1","0.00","0","1","0.00","0","1","0.00","0","0","-","0","0.04","0.00","0","0","-","0","0","-","0","0","-","0","0","-","0","0","-","1","1","50.00","0","0","-","-","100.00","1.00","0","1","0","4","-","1","1","0","100.00"
"1402","Zach Werenski","Vladislav Gavrikov","CBJ","13","2.1833333333333","3","1","75.00","3","1","75.00","1","1","50.00","0","1","0.00","0.25","0.07","77.49","2","1","66.67","1","0","100.00","0","0","-","1","1","50.00","0","1","0.00","1","0","100.00","0","0","-","0.00","0.00","0.000","0","0","0","7","-","0","0","0","-"
"1403","Vladislav Gavrikov","Tim Berni","CBJ","29","2.1833333333333","1","4","20.00","1","3","25.00","0","3","0.00","0","1","0.00","0.1","0.3","25.93","1","4","20.00","1","3","25.00","0","1","0.00","0","1","0.00","0","0","-","0","0","-","0","0","-","-","66.67","0.67","0","0","1","1","0.00","0","0","1","0.00"
"1404","Jon Merrill","Daemon Hunt","MIN","8","2.1666666666667","0","4","0.00","0","3","0.00","0","0","-","0","0","-","0","0.18","0.00","0","0","-","0","0","-","0","0","-","0","0","-","0","0","-","0","4","0.00","0","0","-","-","-","-","0","0","0","0","-","0","0","1","0.00"
"1405","Ilya Lyubushkin","Jackson LaCombe","ANA","48","2.1666666666667","0","2","0.00","0","2","0.00","0","1","0.00","0","0","-","0","0.15","0.00","0","1","0.00","0","0","-","0","0","-","0","1","0.00","0","0","-","0","2","0.00","0","0","-","-","100.00","1.00","0","1","1","4","0.00","0","1","2","0.00"
"1406","Erik Gudbranson","Marcus Bjork","CBJ","26","2.15","0","3","0.00","0","2","0.00","0","1","0.00","0","0","-","0","0.18","0.00","0","1","0.00","0","0","-","0","0","-","0","1","0.00","0","0","-","0","2","0.00","0","0","-","-","100.00","1.00","0","0","1","1","0.00","0","0","2","0.00"
"1407","Kevin Gravel","Adam Wilsby","NSH","4","2.1333333333333","1","2","33.33","1","1","50.00","1","1","50.00","0","1","0.00","0.15","0.12","56.18","1","1","50.00","0","0","-","0","0","-","1","1","50.00","0","0","-","0","1","0.00","0","1","0.00","0.00","0.00","0.000","0","0","0","3","-","0","0","0","-"
"1408","Matt Dumba","Haydn Fleury","T.B","5","2.1333333333333","1","2","33.33","0","1","0.00","0","1","0.00","0","0","-","0","0.03","0.00","0","0","-","0","0","-","0","0","-","0","0","-","0","0","-","1","2","33.33","0","0","-","-","100.00","1.00","0","0","0","0","-","0","0","0","-"
"1409","Marcus Pettersson","John Ludvig","PIT","33","2.1333333333333","0","6","0.00","0","3","0.00","0","3","0.00","0","1","0.00","0","0.46","0.00","0","5","0.00","0","1","0.00","0","1","0.00","0","4","0.00","0","0","-","0","3","0.00","0","0","-","-","66.67","0.67","0","0","1","1","0.00","0","0","4","0.00"
"1410","Oliver Kylington","Sam Malinski","COL","13","2.1333333333333","1","1","50.00","1","1","50.00","1","1","50.00","0","0","-","0.04","0.04","52.24","0","0","-","0","0","-","0","0","-","0","0","-","0","0","-","1","1","50.00","0","0","-","0.00","100.00","1.000","0","0","0","3","-","0","0","0","-"
"1411","Ian Mitchell","Mason Lohrei","BOS","25","2.1333333333333","1","0","100.00","1","0","100.00","1","0","100.00","0","0","-","0.1","0","100.00","1","0","100.00","0","0","-","0","0","-","1","0","100.00","0","0","-","0","0","-","0","0","-","0.00","-","0.00","0","0","0","6","-","1","0","0","100.00"
"1412","Ronnie Attard","Cam York","PHI","14","2.1333333333333","1","4","20.00","1","4","20.00","1","4","20.00","0","1","0.00","0.01","0.55","1.78","0","2","0.00","0","2","0.00","0","1","0.00","0","0","-","0","0","-","0","2","0.00","0","0","-","0.00","75.00","0.750","0","1","2","2","0.00","0","1","2","0.00"
"1413","Erik Karlsson","Vincent Desharnais","PIT","10","2.1166666666667","0","6","0.00","0","4","0.00","0","2","0.00","0","1","0.00","0","0.47","0.00","0","5","0.00","0","0","-","0","0","-","0","5","0.00","0","0","-","0","1","0.00","0","1","0.00","-","50.00","0.50","0","0","0","3","-","0","0","0","-"
"1414","Nathan Beaulieu","Jamie Drysdale","ANA","4","2.1166666666667","0","4","0.00","0","3","0.00","0","2","0.00","0","0","-","0","0.26","0.00","0","2","0.00","0","1","0.00","0","0","-","0","1","0.00","0","0","-","0","2","0.00","0","0","-","-","100.00","1.00","0","0","0","1","-","0","1","0","-"
"1415","Jaycob Megna","Nick Cicek","S.J","14","2.1166666666667","1","5","16.67","1","5","16.67","1","5","16.67","0","1","0.00","0","0.72","0.05","0","3","0.00","0","2","0.00","0","0","-","0","1","0.00","0","1","0.00","0","2","0.00","0","0","-","0.00","80.00","0.800","0","0","2","1","0.00","0","0","2","0.00"
"1416","Robert Hagg","Jordan Oesterle","DET","15","2.1166666666667","0","2","0.00","0","1","0.00","0","0","-","0","0","-","0","0.05","0.00","0","1","0.00","0","0","-","0","0","-","0","1","0.00","0","0","-","0","1","0.00","0","0","-","-","-","-","0","0","0","1","-","0","1","0","-"
"1417","Marcus Pettersson","Owen Pickering","PIT","22","2.1166666666667","0","5","0.00","0","3","0.00","0","2","0.00","0","0","-","0","0.24","0.00","0","2","0.00","0","0","-","0","0","-","0","2","0.00","0","0","-","0","4","0.00","0","0","-","-","100.00","1.00","0","0","2","2","0.00","0","0","2","0.00"
"1418","Ivan Provorov","David Jiricek","CBJ","49","2.1166666666667","1","1","50.00","1","1","50.00","1","1","50.00","0","0","-","0.13","0.1","56.73","1","1","50.00","1","1","50.00","0","0","-","0","0","-","0","0","-","0","0","-","0","0","-","0.00","100.00","1.000","0","0","0","5","-","1","0","0","100.00"
"1419","Matt Dumba","Calen Addison","MIN","59","2.1","2","2","50.00","2","2","50.00","2","2","50.00","0","0","-","0.07","0.17","28.82","1","1","50.00","0","1","0.00","0","0","-","1","0","100.00","0","0","-","0","1","0.00","0","0","-","0.00","100.00","1.000","0","0","0","2","-","0","0","0","-"
"1420","Shayne Gostisbehere","Juuso Valimaki","ARI","48","2.1","1","3","25.00","1","3","25.00","1","3","25.00","1","0","100.00","0.08","0.28","21.29","1","1","50.00","0","1","0.00","0","0","-","1","0","100.00","1","0","100.00","0","2","0.00","0","0","-","100.00","100.00","2.000","0","0","1","2","0.00","0","1","2","0.00"
"1421","Rasmus Ristolainen","Sean Walker","PHI","31","2.1","1","3","25.00","1","2","33.33","1","0","100.00","0","0","-","0.19","0.29","40.21","1","2","33.33","1","2","33.33","0","0","-","0","0","-","0","0","-","0","1","0.00","0","0","-","0.00","-","0.00","0","1","0","4","-","0","1","0","-"
"1422","Andreas Englund","Spencer Stastney","NSH","13","2.1","1","1","50.00","1","0","100.00","1","0","100.00","0","0","-","0","0","100.00","0","1","0.00","0","0","-","0","0","-","0","1","0.00","0","0","-","0","0","-","0","0","-","0.00","-","0.00","0","1","1","1","0.00","0","1","1","0.00"
"1423","Keaton Middleton","Cale Makar","COL","39","2.1","0","1","0.00","0","1","0.00","0","0","-","0","0","-","0","0.02","0.00","0","0","-","0","0","-","0","0","-","0","0","-","0","0","-","0","1","0.00","0","0","-","-","-","-","0","0","0","6","-","0","0","0","-"
"1424","Lucas Carlsson","Henry Thrun","S.J","8","2.1","0","6","0.00","0","5","0.00","0","3","0.00","0","0","-","0","0.66","0.00","0","5","0.00","0","2","0.00","0","0","-","0","3","0.00","0","0","-","0","1","0.00","0","0","-","-","100.00","1.00","0","0","0","6","-","0","0","0","-"
"1425","Jack St. Ivany","John Ludvig","PIT","3","2.1","0","4","0.00","0","3","0.00","0","3","0.00","0","0","-","0","0.16","0.00","0","2","0.00","0","0","-","0","0","-","0","2","0.00","0","0","-","0","2","0.00","0","0","-","-","100.00","1.00","0","1","1","1","0.00","0","1","1","0.00"
"1426","Scott Mayfield","Tony DeAngelo","NYI","20","2.0833333333333","1","6","14.29","1","5","16.67","1","5","16.67","0","0","-","0.06","0.38","13.47","1","3","25.00","0","2","0.00","0","0","-","1","1","50.00","0","0","-","0","3","0.00","0","0","-","0.00","100.00","1.000","0","0","0","0","-","0","0","0","-"
"1427","Michael Stone","Rasmus Andersson","CGY","45","2.0666666666667","0","1","0.00","0","1","0.00","0","0","-","0","0","-","0","0.09","0.00","0","1","0.00","0","0","-","0","0","-","0","1","0.00","0","0","-","0","0","-","0","0","-","-","-","-","0","0","0","4","-","0","0","0","-"
"1428","Dmitry Kulikov","Brandon Montour","FLA","60","2.0666666666667","1","1","50.00","1","0","100.00","1","0","100.00","0","0","-","0.04","0","100.00","0","1","0.00","0","0","-","0","0","-","0","1","0.00","0","0","-","1","0","100.00","0","0","-","0.00","-","0.00","0","0","1","5","0.00","0","0","1","0.00"
"1429","Brenden Dillon","Dougie Hamilton","N.J","64","2.0666666666667","0","0","-","0","0","-","0","0","-","0","0","-","0","0","-","0","0","-","0","0","-","0","0","-","0","0","-","0","0","-","0","0","-","0","0","-","-","-","-","0","0","1","9","0.00","0","0","1","0.00"
"1430","Matt Irwin","Dylan McIlrath","WSH","4","2.0666666666667","0","4","0.00","0","3","0.00","0","2","0.00","0","0","-","0","0.28","0.00","0","3","0.00","0","1","0.00","0","0","-","0","2","0.00","0","0","-","0","1","0.00","0","0","-","-","100.00","1.00","0","0","0","0","-","1","0","0","100.00"
"1431","Gustav Forsling","Matt Kiersted","FLA","20","2.0666666666667","1","5","16.67","1","4","20.00","1","3","25.00","0","1","0.00","0.04","0.32","11.40","0","3","0.00","0","2","0.00","0","1","0.00","0","1","0.00","0","0","-","1","2","33.33","0","0","-","0.00","66.67","0.667","0","0","1","1","0.00","0","0","1","0.00"
"1432","Evan Bouchard","Ty Emberson","EDM","76","2.0666666666667","0","4","0.00","0","4","0.00","0","2","0.00","0","0","-","0","0.53","0.00","0","3","0.00","0","1","0.00","0","0","-","0","2","0.00","0","0","-","0","1","0.00","0","0","-","-","100.00","1.00","0","0","0","8","-","0","0","0","-"
"1433","Jimmy Schuldt","Shakir Mukhamadullin","S.J","6","2.0666666666667","1","4","20.00","1","2","33.33","1","1","50.00","1","1","50.00","0.06","0.16","25.57","1","0","100.00","0","0","-","0","0","-","1","0","100.00","1","0","100.00","0","4","0.00","0","1","0.00","100.00","0.00","1.000","0","0","0","3","-","0","0","1","0.00"
"1434","Cam Fowler","Jacob Trouba","ANA","3","2.05","0","4","0.00","0","3","0.00","0","3","0.00","0","2","0.00","0","0.49","0.00","0","3","0.00","0","1","0.00","0","1","0.00","0","2","0.00","0","0","-","0","1","0.00","0","1","0.00","-","33.33","0.33","0","0","0","1","-","0","1","0","-"
"1435","Seth Jones","Kevin Korchinski","CHI","68","2.05","0","5","0.00","0","4","0.00","0","1","0.00","0","0","-","0","0.28","0.00","0","2","0.00","0","1","0.00","0","0","-","0","1","0.00","0","0","-","0","4","0.00","0","0","-","-","100.00","1.00","0","0","2","5","0.00","0","0","3","0.00"
"1436","Nikita Zadorov","Nick DeSimone","CGY","12","2.05","2","2","50.00","2","2","50.00","2","2","50.00","0","0","-","0","0.2","0.56","0","1","0.00","0","1","0.00","0","0","-","0","0","-","0","0","-","0","1","0.00","0","0","-","0.00","100.00","1.000","0","0","0","3","-","0","0","1","0.00"
"1437","Mario Ferraro","Nikita Okhotiuk","S.J","39","2.05","1","6","14.29","1","5","16.67","1","5","16.67","1","3","25.00","0.08","0.5","13.20","1","4","20.00","0","1","0.00","0","1","0.00","1","3","25.00","1","1","50.00","0","3","0.00","0","1","0.00","100.00","40.00","1.400","0","0","0","1","-","0","0","2","0.00"
"1438","Brendan Smith","Ilya Lyubushkin","DAL","30","2.0333333333333","0","3","0.00","0","3","0.00","0","3","0.00","0","1","0.00","0","0.4","0.00","0","3","0.00","0","2","0.00","0","1","0.00","0","1","0.00","0","0","-","0","0","-","0","0","-","-","66.67","0.67","0","0","1","4","0.00","0","0","2","0.00"
"1439","Scott Harrington","Colton White","ANA","17","2.0333333333333","1","2","33.33","1","2","33.33","1","2","33.33","0","0","-","0","0.21","0.69","0","1","0.00","0","1","0.00","0","0","-","0","0","-","0","0","-","0","1","0.00","0","0","-","0.00","100.00","1.000","0","0","1","1","0.00","0","0","1","0.00"
"1440","Scott Harrington","Radim Simek","S.J","9","2.0333333333333","0","2","0.00","0","1","0.00","0","0","-","0","0","-","0","0.12","0.00","0","1","0.00","0","1","0.00","0","0","-","0","0","-","0","0","-","0","1","0.00","0","0","-","-","-","-","0","0","2","1","0.00","0","0","2","0.00"
"1441","Spencer Stastney","Nick Blankenburg","NSH","23","2.0333333333333","0","2","0.00","0","2","0.00","0","2","0.00","0","0","-","0","0.36","0.00","0","2","0.00","0","1","0.00","0","0","-","0","1","0.00","0","0","-","0","0","-","0","0","-","-","100.00","1.00","0","0","0","8","-","0","0","0","-"
"1442","Erik Karlsson","Owen Pickering","PIT","25","2.0166666666667","1","4","20.00","1","2","33.33","1","2","33.33","0","0","-","0.01","0.1","4.81","0","0","-","0","0","-","0","0","-","0","0","-","0","0","-","0","4","0.00","0","0","-","0.00","100.00","1.000","0","0","1","3","0.00","0","0","1","0.00"
"1443","Oliver Ekman-Larsson","Jani Hakanpaa","TOR","2","2.0166666666667","0","2","0.00","0","2","0.00","0","0","-","0","0","-","0","0.15","0.00","0","2","0.00","0","1","0.00","0","0","-","0","1","0.00","0","0","-","0","0","-","0","0","-","-","-","-","0","0","0","1","-","0","0","0","-"
"1444","Cody Ceci","Markus Niemelainen","EDM","23","2.0166666666667","1","2","33.33","1","1","50.00","0","1","0.00","0","1","0.00","0.06","0.1","36.67","1","1","50.00","0","0","-","0","0","-","1","1","50.00","0","1","0.00","0","1","0.00","0","0","-","-","0.00","0.00","0","0","0","2","-","0","0","0","-"
"1445","Parker Wotherspoon","Michael Callahan","BOS","13","2.0166666666667","1","1","50.00","1","1","50.00","1","1","50.00","0","0","-","0.01","0.15","8.65","1","1","50.00","0","1","0.00","0","0","-","1","0","100.00","0","0","-","0","2","0.00","0","0","-","0.00","100.00","1.000","0","1","1","4","0.00","0","1","2","0.00"
"1446","Michael Kesselring","Janis Moser","ARI","72","2.0166666666667","0","0","-","0","0","-","0","0","-","0","0","-","0","0","-","0","0","-","0","0","-","0","0","-","0","0","-","0","0","-","0","0","-","0","0","-","-","-","-","0","1","0","12","-","0","1","0","-"
"1447","Ilya Lyubushkin","Lian Bichsel","DAL","36","2.0166666666667","0","2","0.00","0","2","0.00","0","1","0.00","0","1","0.00","0","0.26","0.00","0","2","0.00","0","2","0.00","0","1","0.00","0","0","-","0","0","-","0","2","0.00","0","0","-","-","0.00","0.00","0","0","3","2","0.00","0","0","3","0.00"
"1448","Drew Doughty","Jordan Spence","L.A","105","2","1","3","25.00","1","3","25.00","1","3","25.00","0","0","-","0.12","0.19","38.01","1","1","50.00","0","1","0.00","0","0","-","1","0","100.00","0","0","-","0","2","0.00","0","0","-","0.00","100.00","1.000","0","0","0","2","-","0","0","0","-"
"1449","Luke Schenn","Justin Barron","NSH","24","2","0","3","0.00","0","3","0.00","0","3","0.00","0","1","0.00","0","0.33","0.00","0","2","0.00","0","2","0.00","0","0","-","0","0","-","0","0","-","0","2","0.00","0","1","0.00","-","66.67","0.67","0","0","1","2","0.00","0","0","2","0.00"
"1450","David Savard","Justin Barron","MTL","70","2","1","2","33.33","1","2","33.33","1","2","33.33","0","0","-","0.23","0.21","51.71","1","1","50.00","0","1","0.00","0","0","-","1","0","100.00","0","0","-","0","1","0.00","0","0","-","0.00","100.00","1.000","0","0","0","7","-","0","2","0","-"
"1451","Jamie Oleksiak","Cale Fleury","SEA","21","2","0","1","0.00","0","0","-","0","0","-","0","0","-","0","0","-","0","1","0.00","0","0","-","0","0","-","0","1","0.00","0","0","-","0","0","-","0","0","-","-","-","-","0","0","0","3","-","0","0","0","-"
"1452","Alex Vlasic","Isaak Phillips","CHI","31","2","1","1","50.00","1","1","50.00","1","1","50.00","0","0","-","0.1","0.05","66.73","1","0","100.00","0","0","-","0","0","-","1","0","100.00","0","0","-","0","1","0.00","0","0","-","0.00","100.00","1.000","0","0","0","2","-","0","0","0","-"
"1453","Robert Bortuzzo","Adam Pelech","NYI","12","1.9833333333333","0","7","0.00","0","5","0.00","0","1","0.00","0","0","-","0","0.36","0.00","0","3","0.00","0","2","0.00","0","0","-","0","1","0.00","0","0","-","0","4","0.00","0","0","-","-","100.00","1.00","0","0","0","3","-","0","1","0","-"
"1454","Roman Josi","Kevin Gravel","NSH","20","1.9833333333333","0","5","0.00","0","3","0.00","0","1","0.00","0","0","-","0","0.41","0.00","0","2","0.00","0","1","0.00","0","0","-","0","1","0.00","0","0","-","0","3","0.00","0","0","-","-","100.00","1.00","0","0","0","6","-","0","0","0","-"
"1455","Seth Jones","Filip Roos","CHI","11","1.9833333333333","2","3","40.00","1","3","25.00","1","1","50.00","0","0","-","0.08","0.12","40.51","1","1","50.00","1","0","100.00","0","0","-","0","1","0.00","0","0","-","1","2","33.33","0","0","-","0.00","100.00","1.000","0","1","0","2","-","1","1","0","100.00"
"1456","Haydn Fleury","Logan Stanley","WPG","20","1.9833333333333","0","2","0.00","0","2","0.00","0","2","0.00","0","0","-","0","0.12","0.00","0","1","0.00","0","0","-","0","0","-","0","1","0.00","0","0","-","0","1","0.00","0","0","-","-","100.00","1.00","0","0","0","5","-","0","0","0","-"
"1457","Jordan Oesterle","Andrew Peeke","BOS","20","1.9666666666667","0","3","0.00","0","3","0.00","0","2","0.00","0","0","-","0","0.22","0.00","0","2","0.00","0","1","0.00","0","0","-","0","1","0.00","0","0","-","0","2","0.00","0","0","-","-","100.00","1.00","0","0","3","1","0.00","0","0","4","0.00"
"1458","Andreas Englund","Jacob Moverare","L.A","27","1.9666666666667","1","1","50.00","1","1","50.00","1","0","100.00","0","0","-","0.04","0.08","36.42","1","1","50.00","0","0","-","0","0","-","1","1","50.00","0","0","-","1","0","100.00","0","0","-","0.00","-","0.00","0","0","0","1","-","1","0","1","50.00"
"1459","Brandon Montour","Vince Dunn","SEA","62","1.9666666666667","3","1","75.00","2","0","100.00","2","0","100.00","0","0","-","0.17","0","100.00","2","0","100.00","2","0","100.00","0","0","-","0","0","-","0","0","-","0","3","0.00","0","0","-","0.00","-","0.00","0","1","2","1","0.00","0","1","4","0.00"
"1460","Jake Bean","Nick Blankenburg","CBJ","12","1.9666666666667","0","4","0.00","0","4","0.00","0","3","0.00","0","0","-","0","0.36","0.00","0","2","0.00","0","2","0.00","0","0","-","0","0","-","0","0","-","0","3","0.00","0","0","-","-","100.00","1.00","0","0","1","1","0.00","0","0","1","0.00"
"1461","Tyson Barrie","Kevin Gravel","NSH","9","1.95","0","2","0.00","0","2","0.00","0","2","0.00","0","0","-","0","0.2","0.00","0","2","0.00","0","0","-","0","0","-","0","2","0.00","0","0","-","0","0","-","0","0","-","-","100.00","1.00","0","0","1","1","0.00","0","0","2","0.00"
"1462","Dylan Coghlan","Ville Heinola","WPG","1","1.95","1","1","50.00","1","1","50.00","1","1","50.00","0","0","-","0.02","0.08","17.01","0","0","-","0","0","-","0","0","-","0","0","-","0","0","-","0","2","0.00","0","0","-","0.00","100.00","1.000","0","0","0","1","-","0","0","1","0.00"
"1463","Mario Ferraro","Jack Thompson","S.J","31","1.95","1","3","25.00","1","3","25.00","0","3","0.00","0","1","0.00","0.12","0.28","29.17","1","2","33.33","0","1","0.00","0","1","0.00","1","1","50.00","0","0","-","0","2","0.00","0","0","-","-","66.67","0.67","0","0","2","0","0.00","0","0","3","0.00"
"1464","Cam York","Jamie Drysdale","PHI","83","1.95","0","5","0.00","0","3","0.00","0","2","0.00","0","1","0.00","0","0.22","0.00","0","4","0.00","0","0","-","0","0","-","0","4","0.00","0","1","0.00","0","2","0.00","0","0","-","-","50.00","0.50","0","1","0","2","-","0","1","1","0.00"
"1465","Dmitry Orlov","Hampus Lindholm","BOS","21","1.9333333333333","1","3","25.00","1","2","33.33","1","1","50.00","0","0","-","0.1","0.23","29.40","1","2","33.33","1","1","50.00","0","0","-","0","1","0.00","0","0","-","0","2","0.00","0","0","-","0.00","100.00","1.000","0","0","0","3","-","0","0","2","0.00"
"1466","Ben Hutton","Nicolas Hague","VGK","65","1.9333333333333","0","3","0.00","0","2","0.00","0","2","0.00","0","0","-","0","0.09","0.00","0","1","0.00","0","0","-","0","0","-","0","1","0.00","0","0","-","0","2","0.00","0","0","-","-","100.00","1.00","0","0","0","4","-","0","0","0","-"
"1467","Erik Cernak","Janis Moser","T.B","52","1.9166666666667","1","5","16.67","1","2","33.33","1","1","50.00","0","0","-","0.06","0.13","31.97","1","2","33.33","0","0","-","0","0","-","1","2","33.33","0","0","-","0","4","0.00","0","0","-","0.00","100.00","1.000","0","0","0","14","-","0","0","1","0.00"
"1468","Zach Whitecloud","Kaedan Korczak","VGK","50","1.9166666666667","1","4","20.00","1","4","20.00","0","2","0.00","0","0","-","0.15","0.64","18.86","1","3","25.00","1","1","50.00","0","0","-","0","2","0.00","0","0","-","0","1","0.00","0","0","-","-","100.00","1.00","0","0","0","1","-","0","0","0","-"
"1469","Tim Berni","Marcus Bjork","CBJ","23","1.9166666666667","0","0","-","0","0","-","0","0","-","0","0","-","0","0","-","0","0","-","0","0","-","0","0","-","0","0","-","0","0","-","0","0","-","0","0","-","-","-","-","0","0","1","0","0.00","0","0","1","0.00"
"1470","Marcus Pettersson","Elias Pettersson","VAN","26","1.9","1","2","33.33","1","1","50.00","0","0","-","0","0","-","0.03","0.1","23.21","0","1","0.00","0","1","0.00","0","0","-","0","0","-","0","0","-","1","1","50.00","0","0","-","-","-","-","0","0","0","0","-","0","0","0","-"
"1471","Niko Mikkola","K'Andre Miller","NYR","28","1.9","1","1","50.00","1","1","50.00","1","0","100.00","0","0","-","0.03","0.1","24.51","0","1","0.00","0","0","-","0","0","-","0","1","0.00","0","0","-","1","0","100.00","0","0","-","0.00","-","0.00","0","0","0","7","-","0","0","0","-"
"1472","Andrew Peeke","David Jiricek","CBJ","12","1.9","3","3","50.00","2","3","40.00","1","2","33.33","0","0","-","0.09","0.34","20.24","0","1","0.00","0","1","0.00","0","0","-","0","0","-","0","0","-","2","2","50.00","0","0","-","0.00","100.00","1.000","0","0","0","1","-","0","0","0","-"
"1473","Dylan McIlrath","Rasmus Sandin","WSH","18","1.8833333333333","0","7","0.00","0","6","0.00","0","2","0.00","0","0","-","0","0.41","0.00","0","3","0.00","0","0","-","0","0","-","0","3","0.00","0","0","-","0","4","0.00","0","0","-","-","100.00","1.00","0","0","0","3","-","0","0","2","0.00"
"1474","Colin Miller","John Marino","N.J","40","1.8833333333333","2","2","50.00","2","2","50.00","2","2","50.00","0","0","-","0.36","0.04","89.67","2","0","100.00","1","0","100.00","0","0","-","1","0","100.00","0","0","-","0","2","0.00","0","0","-","0.00","100.00","1.000","0","0","0","18","-","0","0","0","-"
"1475","Ben Hutton","Brayden Pachal","VGK","19","1.8833333333333","1","3","25.00","1","3","25.00","1","2","33.33","0","1","0.00","0","0.32","0.56","0","2","0.00","0","2","0.00","0","1","0.00","0","0","-","0","0","-","0","2","0.00","0","0","-","0.00","50.00","0.500","0","0","1","2","0.00","0","0","1","0.00"
"1476","Carson Soucy","Quinn Hughes","VAN","90","1.8833333333333","1","0","100.00","1","0","100.00","1","0","100.00","0","0","-","0.06","0","100.00","1","0","100.00","0","0","-","0","0","-","1","0","100.00","0","0","-","0","0","-","0","0","-","0.00","-","0.00","1","0","0","4","100.00","1","0","0","100.00"
"1477","Jordan Oesterle","Marc Del Gaizo","NSH","15","1.8833333333333","0","1","0.00","0","1","0.00","0","1","0.00","0","0","-","0","0.08","0.00","0","1","0.00","0","0","-","0","0","-","0","1","0.00","0","0","-","0","0","-","0","0","-","-","100.00","1.00","0","0","0","2","-","0","0","1","0.00"
"1478","Andreas Englund","Bowen Byram","COL","8","1.8833333333333","1","3","25.00","1","2","33.33","1","2","33.33","0","0","-","0.04","0.12","25.85","1","2","33.33","0","1","0.00","0","0","-","1","1","50.00","0","0","-","0","1","0.00","0","0","-","0.00","100.00","1.000","0","0","0","0","-","0","0","0","-"
"1479","Noah Juulsen","Guillaume Brisebois","VAN","12","1.8833333333333","0","3","0.00","0","1","0.00","0","0","-","0","0","-","0","0.02","0.00","0","0","-","0","0","-","0","0","-","0","0","-","0","0","-","0","2","0.00","0","0","-","-","-","-","0","0","1","2","0.00","0","0","1","0.00"
"1480","Miro Heiskanen","Nils Lundkvist","DAL","145","1.8833333333333","0","0","-","0","0","-","0","0","-","0","0","-","0","0","-","0","0","-","0","0","-","0","0","-","0","0","-","0","0","-","0","0","-","0","0","-","-","-","-","0","0","2","1","0.00","1","0","2","33.33"
"1481","Emil Andrae","Jamie Drysdale","PHI","32","1.8833333333333","0","8","0.00","0","4","0.00","0","2","0.00","0","1","0.00","0","0.35","0.00","0","4","0.00","0","2","0.00","0","0","-","0","2","0.00","0","0","-","0","4","0.00","0","1","0.00","-","50.00","0.50","0","0","0","2","-","0","0","0","-"
"1482","Oliver Ekman-Larsson","Quinn Hughes","VAN","50","1.8666666666667","0","1","0.00","0","1","0.00","0","1","0.00","0","0","-","0","0.11","0.00","0","1","0.00","0","0","-","0","0","-","0","1","0.00","0","0","-","0","0","-","0","0","-","-","100.00","1.00","0","0","1","9","0.00","0","0","2","0.00"
"1483","Morgan Rielly","Filip Kral","TOR","2","1.8666666666667","1","2","33.33","0","2","0.00","0","2","0.00","0","1","0.00","0","0.23","0.00","0","1","0.00","0","0","-","0","0","-","0","1","0.00","0","1","0.00","1","1","50.00","0","0","-","-","50.00","0.50","0","0","0","2","-","0","0","0","-"
"1484","Gustav Olofsson","William Borgen","SEA","4","1.8666666666667","0","1","0.00","0","1","0.00","0","0","-","0","0","-","0","0.08","0.00","0","1","0.00","0","0","-","0","0","-","0","1","0.00","0","0","-","0","0","-","0","0","-","-","-","-","0","0","0","3","-","0","0","0","-"
"1485","Jacob Moverare","Jordan Spence","L.A","71","1.8666666666667","1","1","50.00","1","1","50.00","1","1","50.00","0","0","-","0.11","0.22","33.12","1","1","50.00","1","1","50.00","0","0","-","0","0","-","0","0","-","0","0","-","0","0","-","0.00","100.00","1.000","0","0","1","5","0.00","0","0","1","0.00"
"1486","Patrik Nemeth","Connor Mackey","ARI","18","1.85","0","0","-","0","0","-","0","0","-","0","0","-","0","0","-","0","0","-","0","0","-","0","0","-","0","0","-","0","0","-","0","0","-","0","0","-","-","-","-","0","0","0","4","-","0","0","0","-"
"1487","Joshua Brown","Connor Mackey","ARI","14","1.85","0","4","0.00","0","3","0.00","0","3","0.00","0","1","0.00","0","0.26","0.00","0","1","0.00","0","0","-","0","0","-","0","1","0.00","0","0","-","0","4","0.00","0","1","0.00","-","66.67","0.67","0","0","2","2","0.00","0","0","2","0.00"
"1488","Luke Schenn","Dylan DeMelo","WPG","15","1.8333333333333","0","6","0.00","0","5","0.00","0","4","0.00","0","0","-","0","0.8","0.00","0","4","0.00","0","3","0.00","0","0","-","0","1","0.00","0","0","-","0","2","0.00","0","0","-","-","100.00","1.00","0","0","0","6","-","0","0","0","-"
"1489","Trevor van Riemsdyk","Jakob Chychrun","WSH","74","1.8333333333333","1","2","33.33","1","2","33.33","1","1","50.00","0","1","0.00","0.07","0.15","31.85","1","2","33.33","0","0","-","0","0","-","1","2","33.33","0","1","0.00","0","0","-","0","0","-","0.00","0.00","0.000","0","0","0","5","-","0","0","0","-"
"1490","Colton White","Simon Benoit","ANA","45","1.8333333333333","0","4","0.00","0","4","0.00","0","2","0.00","0","0","-","0","0.59","0.00","0","4","0.00","0","1","0.00","0","0","-","0","3","0.00","0","0","-","0","0","-","0","0","-","-","100.00","1.00","0","1","1","7","0.00","0","1","1","0.00"
"1491","Mikhail Sergachev","Juuso Valimaki","UTA","38","1.8333333333333","0","1","0.00","0","1","0.00","0","0","-","0","0","-","0","0.06","0.00","0","0","-","0","0","-","0","0","-","0","0","-","0","0","-","0","1","0.00","0","0","-","-","-","-","0","0","1","8","0.00","0","0","1","0.00"
"1492","Mikey Anderson","Sean Walker","L.A","65","1.8333333333333","0","5","0.00","0","3","0.00","0","3","0.00","0","0","-","0","0.51","0.00","0","5","0.00","0","1","0.00","0","0","-","0","4","0.00","0","0","-","0","0","-","0","0","-","-","100.00","1.00","0","0","1","4","0.00","0","0","1","0.00"
"1493","Jack Johnson","Isaak Phillips","CHI","14","1.8166666666667","1","2","33.33","1","2","33.33","1","1","50.00","0","0","-","0.08","0.32","19.46","1","2","33.33","0","1","0.00","0","0","-","1","1","50.00","0","0","-","0","0","-","0","0","-","0.00","100.00","1.000","0","0","1","3","0.00","0","0","1","0.00"
"1494","Kris Letang","Vladislav Kolyachonok","PIT","11","1.8166666666667","0","3","0.00","0","2","0.00","0","2","0.00","0","1","0.00","0","0.2","0.00","0","3","0.00","0","1","0.00","0","0","-","0","2","0.00","0","1","0.00","0","2","0.00","0","0","-","-","50.00","0.50","0","0","2","0","0.00","0","0","2","0.00"
"1495","Filip Hronek","Erik Brannstrom","VAN","18","1.8166666666667","0","0","-","0","0","-","0","0","-","0","0","-","0","0","-","0","0","-","0","0","-","0","0","-","0","0","-","0","0","-","0","0","-","0","0","-","-","-","-","0","0","0","3","-","0","0","0","-"
"1496","Luke Schenn","Andreas Englund","NSH","7","1.8","0","4","0.00","0","4","0.00","0","2","0.00","0","1","0.00","0","0.35","0.00","0","4","0.00","0","2","0.00","0","0","-","0","2","0.00","0","1","0.00","0","0","-","0","0","-","-","50.00","0.50","0","0","0","1","-","0","0","0","-"
"1497","Travis Sanheim","Jamie Drysdale","PHI","94","1.8","2","2","50.00","0","2","0.00","0","1","0.00","0","0","-","0","0.2","0.00","0","2","0.00","0","0","-","0","0","-","0","2","0.00","0","0","-","1","0","100.00","0","0","-","-","100.00","1.00","0","1","0","2","-","0","1","0","-"
"1498","Urho Vaakanainen","Gustav Lindstrom","ANA","26","1.8","1","2","33.33","1","1","50.00","0","1","0.00","0","1","0.00","0.05","0.06","45.63","1","0","100.00","0","0","-","0","0","-","1","0","100.00","0","0","-","0","2","0.00","0","1","0.00","-","0.00","0.00","0","0","2","1","0.00","0","0","2","0.00"
"1499","Matthew Benning","Kyle Burroughs","S.J","14","1.7833333333333","0","0","-","0","0","-","0","0","-","0","0","-","0","0","-","0","0","-","0","0","-","0","0","-","0","0","-","0","0","-","0","1","0.00","0","0","-","-","-","-","0","0","1","2","0.00","0","0","2","0.00"
"1500","Brendan Smith","Matt Dumba","DAL","20","1.7666666666667","0","2","0.00","0","2","0.00","0","2","0.00","0","0","-","0","0.17","0.00","0","1","0.00","0","0","-","0","0","-","0","1","0.00","0","0","-","0","4","0.00","0","0","-","-","100.00","1.00","0","0","3","0","0.00","0","0","3","0.00"
"1501","Nick Leddy","Cam Fowler","STL","26","1.7666666666667","0","5","0.00","0","5","0.00","0","5","0.00","0","0","-","0","1.05","0.00","0","3","0.00","0","3","0.00","0","0","-","0","0","-","0","0","-","0","3","0.00","0","0","-","-","100.00","1.00","0","1","2","1","0.00","0","1","2","0.00"
"1502","Christopher Tanev","Ilya Solovyov","CGY","6","1.7666666666667","0","2","0.00","0","2","0.00","0","2","0.00","0","0","-","0","0.15","0.00","0","0","-","0","0","-","0","0","-","0","0","-","0","0","-","0","3","0.00","0","0","-","-","100.00","1.00","0","0","1","4","0.00","0","0","2","0.00"
"1503","Derek Forbort","Matt Grzelcyk","BOS","74","1.7666666666667","0","3","0.00","0","1","0.00","0","1","0.00","0","1","0.00","0","0.04","0.00","0","1","0.00","0","0","-","0","0","-","0","1","0.00","0","0","-","0","2","0.00","0","1","0.00","-","0.00","0.00","0","0","0","3","-","0","1","0","-"
"1504","Cam Fowler","John Klingberg","ANA","50","1.7666666666667","0","1","0.00","0","1","0.00","0","1","0.00","0","0","-","0","0.11","0.00","0","1","0.00","0","0","-","0","0","-","0","1","0.00","0","0","-","0","0","-","0","0","-","-","100.00","1.00","0","0","0","3","-","0","0","0","-"
"1505","Connor Murphy","Ethan Del Mastro","CHI","22","1.7666666666667","0","3","0.00","0","3","0.00","0","1","0.00","0","1","0.00","0","0.14","0.00","0","2","0.00","0","2","0.00","0","1","0.00","0","0","-","0","0","-","0","1","0.00","0","0","-","-","0.00","0.00","0","0","0","2","-","0","0","0","-"
"1506","Matt Grzelcyk","Marcus Pettersson","PIT","47","1.7666666666667","1","3","25.00","1","3","25.00","1","2","33.33","0","0","-","0.04","0.24","13.86","0","0","-","0","0","-","0","0","-","0","0","-","0","0","-","1","4","20.00","0","0","-","0.00","100.00","1.000","0","0","1","2","0.00","0","0","2","0.00"
"1507","Brandon Montour","William Borgen","SEA","32","1.7666666666667","1","2","33.33","1","2","33.33","0","1","0.00","0","0","-","0.13","0.13","50.88","1","1","50.00","0","0","-","0","0","-","1","1","50.00","0","0","-","0","1","0.00","0","0","-","-","100.00","1.00","0","0","1","4","0.00","0","0","1","0.00"
"1508","Devon Toews","Sam Malinski","COL","93","1.7666666666667","0","0","-","0","0","-","0","0","-","0","0","-","0","0","-","0","0","-","0","0","-","0","0","-","0","0","-","0","0","-","0","0","-","0","0","-","-","-","-","0","0","0","3","-","0","0","0","-"
"1509","Pierre-Olivier Joseph","John Ludvig","PIT","14","1.7666666666667","0","3","0.00","0","2","0.00","0","1","0.00","0","0","-","0","0.14","0.00","0","1","0.00","0","0","-","0","0","-","0","1","0.00","0","0","-","0","2","0.00","0","0","-","-","100.00","1.00","0","0","0","1","-","0","1","0","-"
"1510","Michael Stone","Dennis Gilbert","CGY","5","1.75","0","5","0.00","0","3","0.00","0","2","0.00","0","0","-","0","0.17","0.00","0","1","0.00","0","0","-","0","0","-","0","1","0.00","0","0","-","0","4","0.00","0","0","-","-","100.00","1.00","0","0","1","5","0.00","0","0","2","0.00"
"1511","Nick Seeler","Helge Grans","PHI","6","1.75","0","4","0.00","0","3","0.00","0","1","0.00","0","0","-","0","0.31","0.00","0","3","0.00","0","2","0.00","0","0","-","0","1","0.00","0","0","-","0","1","0.00","0","0","-","-","100.00","1.00","0","0","0","1","-","0","0","0","-"
"1512","Erik Gustafsson","K'Andre Miller","NYR","74","1.75","0","3","0.00","0","3","0.00","0","2","0.00","0","0","-","0","0.49","0.00","0","2","0.00","0","2","0.00","0","0","-","0","0","-","0","0","-","0","2","0.00","0","0","-","-","100.00","1.00","0","0","1","7","0.00","1","0","1","50.00"
"1513","Carson Soucy","Nikita Zadorov","VAN","25","1.75","1","0","100.00","1","0","100.00","0","0","-","0","0","-","0.03","0","100.00","0","0","-","0","0","-","0","0","-","0","0","-","0","0","-","1","0","100.00","0","0","-","-","-","-","0","0","0","5","-","0","0","0","-"
"1514","Vince Dunn","Cale Fleury","SEA","24","1.75","1","2","33.33","1","1","50.00","0","0","-","0","0","-","0.16","0.02","90.90","1","1","50.00","0","0","-","0","0","-","1","1","50.00","0","0","-","0","1","0.00","0","0","-","-","-","-","0","0","0","3","-","0","0","0","-"
"1515","Brandon Carlo","Philippe Myers","TOR","9","1.75","1","0","100.00","1","0","100.00","1","0","100.00","0","0","-","0","0","100.00","0","0","-","0","0","-","0","0","-","0","0","-","0","0","-","0","0","-","0","0","-","0.00","-","0.00","0","0","0","2","-","0","0","0","-"
"1516","Matthew Benning","Jan Rutta","S.J","16","1.7333333333333","0","5","0.00","0","3","0.00","0","2","0.00","0","0","-","0","0.2","0.00","0","2","0.00","0","0","-","0","0","-","0","2","0.00","0","0","-","0","3","0.00","0","0","-","-","100.00","1.00","0","0","1","4","0.00","0","0","2","0.00"
"1517","Chad Ruhwedel","Adam Fox","NYR","10","1.7333333333333","0","3","0.00","0","2","0.00","0","1","0.00","0","1","0.00","0","0.19","0.00","0","1","0.00","0","1","0.00","0","1","0.00","0","0","-","0","0","-","0","2","0.00","0","0","-","-","0.00","0.00","0","0","0","5","-","0","0","0","-"
"1518","Jonas Siegenthaler","Luke Hughes","N.J","105","1.7333333333333","0","2","0.00","0","1","0.00","0","1","0.00","0","0","-","0","0.03","0.00","0","0","-","0","0","-","0","0","-","0","0","-","0","0","-","0","2","0.00","0","0","-","-","100.00","1.00","0","0","0","1","-","0","0","0","-"
"1519","Brendan Smith","Colin Miller","N.J","23","1.7166666666667","0","4","0.00","0","4","0.00","0","3","0.00","0","0","-","0","0.34","0.00","0","3","0.00","0","3","0.00","0","0","-","0","0","-","0","0","-","0","3","0.00","0","0","-","-","100.00","1.00","0","0","1","2","0.00","0","0","3","0.00"
"1520","Luke Schenn","Timothy Liljegren","TOR","11","1.7166666666667","0","2","0.00","0","2","0.00","0","1","0.00","0","0","-","0","0.1","0.00","0","0","-","0","0","-","0","0","-","0","0","-","0","0","-","0","2","0.00","0","0","-","-","100.00","1.00","0","1","0","0","-","0","1","0","-"
"1521","Nate Schmidt","Seth Jones","FLA","21","1.7166666666667","0","5","0.00","0","3","0.00","0","3","0.00","0","0","-","0","0.17","0.00","0","1","0.00","0","0","-","0","0","-","0","1","0.00","0","0","-","0","5","0.00","0","0","-","-","100.00","1.00","0","0","0","7","-","0","0","1","0.00"
"1522","Ryan Suter","Pierre-Olivier Joseph","STL","23","1.7","0","2","0.00","0","2","0.00","0","2","0.00","0","0","-","0","0.19","0.00","0","2","0.00","0","1","0.00","0","0","-","0","1","0.00","0","0","-","0","0","-","0","0","-","-","100.00","1.00","0","0","0","4","-","0","0","2","0.00"
"1523","Jordan Oesterle","Jake Walman","DET","45","1.7","0","2","0.00","0","2","0.00","0","2","0.00","0","1","0.00","0","0.13","0.00","0","1","0.00","0","0","-","0","0","-","0","1","0.00","0","1","0.00","0","1","0.00","0","0","-","-","50.00","0.50","0","0","0","3","-","0","2","0","-"
"1524","Troy Stecher","Ty Emberson","EDM","60","1.7","0","2","0.00","0","2","0.00","0","2","0.00","0","0","-","0","0.16","0.00","0","2","0.00","0","0","-","0","0","-","0","2","0.00","0","0","-","0","0","-","0","0","-","-","100.00","1.00","0","0","0","8","-","0","0","0","-"
"1525","Alex Vlasic","Nolan Allan","CHI","43","1.7","0","3","0.00","0","3","0.00","0","2","0.00","0","0","-","0","0.2","0.00","0","2","0.00","0","1","0.00","0","0","-","0","1","0.00","0","0","-","0","2","0.00","0","0","-","-","100.00","1.00","0","0","0","0","-","0","0","1","0.00"
"1526","John Klingberg","Ty Emberson","EDM","11","1.6833333333333","0","4","0.00","0","4","0.00","0","2","0.00","0","0","-","0","0.59","0.00","0","3","0.00","0","2","0.00","0","0","-","0","1","0.00","0","0","-","0","1","0.00","0","0","-","-","100.00","1.00","0","0","0","3","-","0","0","0","-"
"1527","Morgan Rielly","Brandon Carlo","TOR","20","1.6833333333333","0","3","0.00","0","2","0.00","0","1","0.00","0","0","-","0","0.5","0.00","0","2","0.00","0","1","0.00","0","0","-","0","1","0.00","0","0","-","0","2","0.00","0","0","-","-","100.00","1.00","0","0","0","5","-","0","0","1","0.00"
"1528","Erik Gustafsson","Martin Fehervary","WSH","50","1.6833333333333","1","3","25.00","0","2","0.00","0","2","0.00","0","0","-","0","0.08","0.00","0","0","-","0","0","-","0","0","-","0","0","-","0","0","-","1","3","25.00","0","0","-","-","100.00","1.00","0","0","0","11","-","0","0","0","-"
"1529","Andreas Englund","Marc Del Gaizo","NSH","21","1.6833333333333","1","1","50.00","1","1","50.00","0","1","0.00","0","0","-","0.04","0.07","36.36","1","1","50.00","0","0","-","0","0","-","1","1","50.00","0","0","-","0","1","0.00","0","0","-","-","100.00","1.00","0","0","2","3","0.00","0","0","2","0.00"
"1530","Erik Brannstrom","Tyler Kleven","OTT","12","1.6833333333333","0","5","0.00","0","4","0.00","0","3","0.00","0","1","0.00","0","0.32","0.00","0","3","0.00","0","1","0.00","0","0","-","0","2","0.00","0","1","0.00","0","2","0.00","0","0","-","-","66.67","0.67","0","0","0","0","-","0","0","0","-"
"1531","Brendan Smith","Miro Heiskanen","DAL","21","1.6666666666667","1","2","33.33","1","1","50.00","1","0","100.00","0","0","-","0","0.05","1.89","0","0","-","0","0","-","0","0","-","0","0","-","0","0","-","0","1","0.00","0","0","-","0.00","-","0.00","0","0","0","1","-","0","0","0","-"
"1532","Luke Schenn","Haydn Fleury","WPG","6","1.6666666666667","0","3","0.00","0","2","0.00","0","1","0.00","0","1","0.00","0","0.24","0.00","0","2","0.00","0","0","-","0","0","-","0","2","0.00","0","1","0.00","0","2","0.00","0","0","-","-","0.00","0.00","0","0","1","2","0.00","0","0","1","0.00"
"1533","Joshua Brown","Jakob Chychrun","ARI","32","1.6666666666667","1","4","20.00","1","3","25.00","0","2","0.00","0","0","-","0.09","0.52","14.44","1","4","20.00","0","2","0.00","0","0","-","1","2","33.33","0","0","-","0","0","-","0","0","-","-","100.00","1.00","0","0","2","2","0.00","0","0","2","0.00"
"1534","Brandon Montour","Matt Kiersted","FLA","19","1.6666666666667","0","1","0.00","0","1","0.00","0","0","-","0","0","-","0","0.14","0.00","0","1","0.00","0","1","0.00","0","0","-","0","0","-","0","0","-","0","0","-","0","0","-","-","-","-","0","0","0","2","-","0","0","0","-"
"1535","Jakob Chychrun","Tyler Kleven","OTT","9","1.6666666666667","0","3","0.00","0","2","0.00","0","2","0.00","0","1","0.00","0","0.22","0.00","0","2","0.00","0","1","0.00","0","1","0.00","0","1","0.00","0","0","-","0","1","0.00","0","0","-","-","50.00","0.50","0","0","0","1","-","0","0","0","-"
"1536","Juuso Valimaki","Victor Soderstrom","ARI","33","1.6666666666667","0","1","0.00","0","1","0.00","0","0","-","0","0","-","0","0.04","0.00","0","0","-","0","0","-","0","0","-","0","0","-","0","0","-","1","1","50.00","0","0","-","-","-","-","0","1","1","4","0.00","1","2","1","50.00"
"1537","Roman Josi","Marc Del Gaizo","NSH","26","1.65","1","4","20.00","1","3","25.00","0","1","0.00","0","0","-","0.13","0.38","25.82","1","3","25.00","1","2","33.33","0","0","-","0","1","0.00","0","0","-","0","1","0.00","0","0","-","-","100.00","1.00","0","0","0","2","-","0","0","1","0.00"
"1538","Dmitry Kulikov","Colton White","ANA","26","1.65","0","1","0.00","0","1","0.00","0","1","0.00","0","0","-","0","0.11","0.00","0","1","0.00","0","0","-","0","0","-","0","1","0.00","0","0","-","0","0","-","0","0","-","-","100.00","1.00","0","1","1","0","0.00","0","1","2","0.00"
"1539","Jake Bean","Daniil Miromanov","CGY","29","1.65","1","2","33.33","1","2","33.33","1","1","50.00","0","0","-","0.06","0.12","32.64","0","1","0.00","0","0","-","0","0","-","0","1","0.00","0","0","-","1","1","50.00","0","0","-","0.00","100.00","1.000","0","0","1","2","0.00","0","0","1","0.00"
"1540","Troy Stecher","Evan Bouchard","EDM","72","1.65","0","1","0.00","0","1","0.00","0","0","-","0","0","-","0","0.05","0.00","0","0","-","0","0","-","0","0","-","0","0","-","0","0","-","0","1","0.00","0","0","-","-","-","-","0","0","0","3","-","0","0","0","-"
"1541","Tyson Barrie","Cody Ceci","EDM","61","1.6333333333333","0","1","0.00","0","1","0.00","0","1","0.00","0","0","-","0","0.06","0.00","0","0","-","0","0","-","0","0","-","0","0","-","0","0","-","0","1","0.00","0","0","-","-","100.00","1.00","0","0","1","17","0.00","0","0","1","0.00"
"1542","Justin Holl","William Lagesson","DET","6","1.6333333333333","1","1","50.00","1","0","100.00","1","0","100.00","0","0","-","0","0","100.00","0","1","0.00","0","0","-","0","0","-","0","1","0.00","0","0","-","0","1","0.00","0","0","-","0.00","-","0.00","0","0","2","0","0.00","0","0","2","0.00"
"1543","Dakota Mermis","Declan Chisholm","MIN","10","1.6333333333333","0","2","0.00","0","0","-","0","0","-","0","0","-","0","0","-","0","2","0.00","0","0","-","0","0","-","0","2","0.00","0","0","-","0","0","-","0","0","-","-","-","-","0","0","0","1","-","0","0","0","-"
"1544","William Lagesson","Timothy Liljegren","TOR","14","1.6333333333333","0","4","0.00","0","3","0.00","0","2","0.00","0","1","0.00","0","0.35","0.00","0","3","0.00","0","0","-","0","0","-","0","3","0.00","0","1","0.00","0","1","0.00","0","0","-","-","50.00","0.50","0","0","0","1","-","0","0","0","-"
"1545","Ethan Bear","Filip Hronek","VAN","4","1.6333333333333","0","0","-","0","0","-","0","0","-","0","0","-","0","0","-","0","0","-","0","0","-","0","0","-","0","0","-","0","0","-","0","0","-","0","0","-","-","-","-","1","0","0","2","100.00","1","1","0","100.00"
"1546","Alexandre Carrier","Marc Del Gaizo","NSH","24","1.6333333333333","1","2","33.33","1","2","33.33","0","0","-","0","0","-","0.03","0.16","15.94","0","2","0.00","0","0","-","0","0","-","0","2","0.00","0","0","-","1","0","100.00","0","0","-","-","-","-","0","0","0","5","-","0","0","0","-"
"1547","Ryan Shea","John Ludvig","PIT","10","1.6333333333333","0","2","0.00","0","2","0.00","0","1","0.00","0","0","-","0","0.18","0.00","0","2","0.00","0","0","-","0","0","-","0","2","0.00","0","0","-","0","0","-","0","0","-","-","100.00","1.00","0","0","0","1","-","0","1","0","-"
"1548","Mikhail Sergachev","Nick Perbix","T.B","98","1.6333333333333","2","0","100.00","1","0","100.00","1","0","100.00","0","0","-","0.16","0","100.00","1","0","100.00","0","0","-","0","0","-","1","0","100.00","0","0","-","1","0","100.00","0","0","-","0.00","-","0.00","0","0","0","1","-","0","0","0","-"
"1549","Filip Hronek","Elias Pettersson","VAN","28","1.6333333333333","3","0","100.00","1","0","100.00","1","0","100.00","0","0","-","0.02","0","100.00","2","0","100.00","0","0","-","0","0","-","2","0","100.00","0","0","-","1","0","100.00","0","0","-","0.00","-","0.00","0","0","0","3","-","0","0","0","-"
"1550","Mark Giordano","William Lagesson","TOR","16","1.6166666666667","2","3","40.00","2","3","40.00","2","2","50.00","0","1","0.00","0.07","0.23","24.68","1","0","100.00","0","0","-","0","0","-","1","0","100.00","0","0","-","1","4","20.00","0","1","0.00","0.00","50.00","0.500","0","0","1","3","0.00","0","0","2","0.00"
"1551","Tyson Barrie","Callan Foote","NSH","23","1.6166666666667","0","6","0.00","0","3","0.00","0","1","0.00","0","0","-","0","0.5","0.00","0","3","0.00","0","2","0.00","0","0","-","0","1","0.00","0","0","-","0","3","0.00","0","0","-","-","100.00","1.00","0","0","0","4","-","0","0","1","0.00"
"1552","Cam Dineen","Ty Emberson","EDM","4","1.6166666666667","1","3","25.00","1","3","25.00","0","2","0.00","0","0","-","0.09","0.16","36.91","1","0","100.00","1","0","100.00","0","0","-","0","0","-","0","0","-","0","3","0.00","0","0","-","-","100.00","1.00","0","0","0","1","-","0","0","0","-"
"1553","Rasmus Dahlin","Ryan Johnson","BUF","40","1.6166666666667","1","4","20.00","0","3","0.00","0","2","0.00","0","0","-","0","0.23","0.00","0","4","0.00","0","0","-","0","0","-","0","4","0.00","0","0","-","0","0","-","0","0","-","-","100.00","1.00","0","0","0","0","-","0","0","0","-"
"1554","Jack Johnson","Denton Mateychuk","CBJ","18","1.6","0","3","0.00","0","3","0.00","0","1","0.00","0","0","-","0","0.29","0.00","0","2","0.00","0","1","0.00","0","0","-","0","1","0.00","0","0","-","0","2","0.00","0","0","-","-","100.00","1.00","0","0","1","1","0.00","0","0","1","0.00"
"1555","Marc Staal","Erik Johnson","PHI","6","1.6","2","6","25.00","1","5","16.67","1","5","16.67","0","1","0.00","0","1.13","0.06","1","6","14.29","0","4","0.00","0","1","0.00","1","2","33.33","0","0","-","0","1","0.00","0","0","-","0.00","80.00","0.800","0","0","2","0","0.00","1","1","2","33.33"
"1556","Tyler Myers","Travis Dermott","VAN","11","1.6","1","4","20.00","1","4","20.00","1","3","25.00","0","1","0.00","0.12","0.51","19.21","1","4","20.00","1","2","33.33","0","1","0.00","0","2","0.00","0","0","-","0","0","-","0","0","-","0.00","66.67","0.667","0","0","0","3","-","0","0","0","-"
"1557","Morgan Rielly","Victor Mete","TOR","5","1.6","0","1","0.00","0","1","0.00","0","0","-","0","0","-","0","0.04","0.00","0","0","-","0","0","-","0","0","-","0","0","-","0","0","-","0","1","0.00","0","0","-","-","-","-","0","1","0","0","-","0","1","0","-"
"1558","Sean Walker","Egor Zamula","PHI","51","1.6","3","1","75.00","2","1","66.67","2","1","66.67","1","0","100.00","0.12","0.05","69.54","1","0","100.00","0","0","-","0","0","-","1","0","100.00","1","0","100.00","1","1","50.00","0","0","-","50.00","100.00","1.500","0","1","0","1","-","1","1","0","100.00"
"1559","Nikita Okhotiuk","Henry Thrun","S.J","22","1.6","0","1","0.00","0","1","0.00","0","1","0.00","0","0","-","0","0.03","0.00","0","0","-","0","0","-","0","0","-","0","0","-","0","0","-","1","1","50.00","0","0","-","-","100.00","1.00","0","0","0","3","-","1","0","0","100.00"
"1560","Caleb Jones","Filip Roos","CHI","13","1.5833333333333","0","1","0.00","0","0","-","0","0","-","0","0","-","0","0","-","0","0","-","0","0","-","0","0","-","0","0","-","0","0","-","0","1","0.00","0","0","-","-","-","-","0","0","1","5","0.00","0","0","1","0.00"
"1561","John Marino","Luke Hughes","N.J","76","1.5833333333333","2","1","66.67","2","0","100.00","2","0","100.00","0","0","-","0.36","0","100.00","2","0","100.00","1","0","100.00","0","0","-","1","0","100.00","0","0","-","0","0","-","0","0","-","0.00","-","0.00","0","1","0","5","-","0","1","1","0.00"
"1562","John Marino","Juuso Valimaki","UTA","7","1.5833333333333","2","4","33.33","2","3","40.00","1","2","33.33","0","0","-","0.03","0.26","10.66","0","2","0.00","0","0","-","0","0","-","0","2","0.00","0","0","-","1","2","33.33","0","0","-","0.00","100.00","1.000","0","0","0","1","-","0","0","0","-"
"1563","Sebastian Aho","Samuel Bolduc","NYI","36","1.5833333333333","0","1","0.00","0","1","0.00","0","1","0.00","0","0","-","0","0.01","0.00","0","0","-","0","0","-","0","0","-","0","0","-","0","0","-","0","1","0.00","0","0","-","-","100.00","1.00","0","0","0","3","-","0","0","0","-"
"1564","Nate Schmidt","Matt Kiersted","FLA","2","1.5666666666667","0","2","0.00","0","1","0.00","0","1","0.00","0","0","-","0","0.07","0.00","0","2","0.00","0","0","-","0","0","-","0","2","0.00","0","0","-","0","0","-","0","0","-","-","100.00","1.00","0","0","0","1","-","0","0","0","-"
"1565","Filip Hronek","Kirill Kudryavtsev","VAN","2","1.5666666666667","1","6","14.29","1","5","16.67","1","2","33.33","0","0","-","0","0.95","0.01","0","5","0.00","0","3","0.00","0","0","-","0","2","0.00","0","0","-","0","3","0.00","0","0","-","0.00","100.00","1.000","0","0","1","0","0.00","0","0","2","0.00"
"1566","Logan Mailloux","Arber Xhekaj","MTL","5","1.5666666666667","0","0","-","0","0","-","0","0","-","0","0","-","0","0","-","0","0","-","0","0","-","0","0","-","0","0","-","0","0","-","0","0","-","0","0","-","-","-","-","0","0","1","1","0.00","0","0","1","0.00"
"1567","Matthew Benning","Henry Thrun","S.J","14","1.55","0","2","0.00","0","1","0.00","0","1","0.00","0","0","-","0","0.06","0.00","0","1","0.00","0","0","-","0","0","-","0","1","0.00","0","0","-","0","1","0.00","0","0","-","-","100.00","1.00","0","0","1","3","0.00","0","0","1","0.00"
"1568","Mark Friedman","Filip Hronek","VAN","24","1.55","1","2","33.33","1","2","33.33","1","2","33.33","0","0","-","0.07","0.31","17.67","0","2","0.00","0","2","0.00","0","0","-","0","0","-","0","0","-","1","0","100.00","0","0","-","0.00","100.00","1.000","0","0","0","2","-","0","0","0","-"
"1569","Dennis Gilbert","Bowen Byram","BUF","25","1.55","1","4","20.00","1","3","25.00","1","3","25.00","0","1","0.00","0.05","0.49","9.41","0","3","0.00","0","3","0.00","0","1","0.00","0","0","-","0","0","-","1","1","50.00","0","0","-","0.00","66.67","0.667","0","0","1","5","0.00","0","0","1","0.00"
"1570","Vladislav Gavrikov","Sean Durzi","L.A","13","1.55","1","2","33.33","1","0","100.00","1","0","100.00","0","0","-","0","0","100.00","0","1","0.00","0","0","-","0","0","-","0","1","0.00","0","0","-","0","2","0.00","0","0","-","0.00","-","0.00","0","0","1","1","0.00","0","0","1","0.00"
"1571","Matt Grzelcyk","Jakub Zboril","BOS","17","1.5333333333333","0","0","-","0","0","-","0","0","-","0","0","-","0","0","-","0","0","-","0","0","-","0","0","-","0","0","-","0","0","-","0","0","-","0","0","-","-","-","-","0","0","1","4","0.00","0","0","1","0.00"
"1572","Damon Severson","John Marino","N.J","63","1.5333333333333","0","1","0.00","0","0","-","0","0","-","0","0","-","0","0","-","0","0","-","0","0","-","0","0","-","0","0","-","0","0","-","0","0","-","0","0","-","-","-","-","0","0","0","12","-","0","0","0","-"
"1573","Jaycob Megna","Seth Jones","FLA","8","1.5333333333333","0","2","0.00","0","2","0.00","0","1","0.00","0","1","0.00","0","0.28","0.00","0","2","0.00","0","0","-","0","0","-","0","2","0.00","0","1","0.00","0","0","-","0","0","-","-","0.00","0.00","0","0","0","3","-","0","0","0","-"
"1574","Colin Miller","Josh Morrissey","WPG","62","1.5166666666667","0","1","0.00","0","1","0.00","0","1","0.00","0","0","-","0","0.03","0.00","0","0","-","0","0","-","0","0","-","0","0","-","0","0","-","0","2","0.00","0","0","-","-","100.00","1.00","0","0","1","6","0.00","0","0","1","0.00"
"1575","Lucas Carlsson","Jack Thompson","S.J","7","1.5166666666667","0","2","0.00","0","2","0.00","0","2","0.00","0","0","-","0","0.17","0.00","0","2","0.00","0","1","0.00","0","0","-","0","1","0.00","0","0","-","0","0","-","0","0","-","-","100.00","1.00","0","0","0","0","-","0","0","0","-"
"1576","Jack Johnson","Caleb Jones","COL","25","1.5","0","3","0.00","0","3","0.00","0","3","0.00","0","1","0.00","0","0.6","0.00","0","3","0.00","0","3","0.00","0","1","0.00","0","0","-","0","0","-","0","0","-","0","0","-","-","66.67","0.67","0","0","0","4","-","0","0","0","-"
"1577","Erik Johnson","Adam Ginning","PHI","7","1.5","0","0","-","0","0","-","0","0","-","0","0","-","0","0","-","0","0","-","0","0","-","0","0","-","0","0","-","0","0","-","0","0","-","0","0","-","-","-","-","0","1","0","2","-","0","1","0","-"
"1578","Ian Cole","Philippe Myers","T.B","8","1.5","0","3","0.00","0","3","0.00","0","1","0.00","0","0","-","0","0.26","0.00","0","1","0.00","0","1","0.00","0","0","-","0","0","-","0","0","-","0","2","0.00","0","0","-","-","100.00","1.00","0","0","1","2","0.00","0","0","1","0.00"
"1579","Alec Martinez","Shea Theodore","VGK","85","1.4833333333333","2","1","66.67","2","0","100.00","2","0","100.00","0","0","-","0.4","0","100.00","1","0","100.00","1","0","100.00","0","0","-","0","0","-","0","0","-","1","0","100.00","0","0","-","0.00","-","0.00","0","0","0","0","-","0","0","0","-"
"1580","Nick Jensen","Matt Irwin","WSH","56","1.4833333333333","0","3","0.00","0","2","0.00","0","1","0.00","0","0","-","0","0.19","0.00","0","2","0.00","0","0","-","0","0","-","0","2","0.00","0","0","-","0","1","0.00","0","0","-","-","100.00","1.00","0","0","0","2","-","0","0","0","-"
"1581","Jon Merrill","Calen Addison","MIN","65","1.4833333333333","0","2","0.00","0","2","0.00","0","2","0.00","0","0","-","0","0.09","0.00","0","0","-","0","0","-","0","0","-","0","0","-","0","0","-","0","2","0.00","0","0","-","-","100.00","1.00","1","0","0","1","100.00","1","0","0","100.00"
"1582","Matthew Benning","Nikolai Knyzhov","S.J","17","1.4833333333333","0","4","0.00","0","4","0.00","0","4","0.00","0","1","0.00","0","0.65","0.00","0","4","0.00","0","2","0.00","0","1","0.00","0","2","0.00","0","0","-","0","1","0.00","0","0","-","-","75.00","0.75","0","0","1","4","0.00","0","0","1","0.00"
"1583","William Lagesson","Albert Johansson","DET","6","1.4833333333333","0","2","0.00","0","1","0.00","0","1","0.00","0","0","-","0","0.05","0.00","0","2","0.00","0","0","-","0","0","-","0","2","0.00","0","0","-","0","2","0.00","0","0","-","-","100.00","1.00","0","0","2","1","0.00","0","0","2","0.00"
"1584","William Lagesson","Ilya Lyubushkin","TOR","1","1.4833333333333","2","2","50.00","2","2","50.00","1","1","50.00","0","0","-","0.22","0.23","48.71","1","1","50.00","1","1","50.00","0","0","-","0","0","-","0","0","-","1","1","50.00","0","0","-","0.00","100.00","1.000","0","0","1","1","0.00","0","0","1","0.00"
"1585","Louis Crevier","Ethan Del Mastro","CHI","10","1.4833333333333","2","2","50.00","2","1","66.67","1","1","50.00","0","0","-","0.19","0.08","71.23","1","1","50.00","1","0","100.00","0","0","-","0","1","0.00","0","0","-","1","1","50.00","0","0","-","0.00","100.00","1.000","0","1","0","0","-","1","1","0","100.00"
"1586","Marc Staal","Rasmus Ristolainen","PHI","11","1.4666666666667","1","0","100.00","1","0","100.00","1","0","100.00","1","0","100.00","0.17","0","100.00","1","0","100.00","1","0","100.00","1","0","100.00","0","0","-","0","0","-","0","0","-","0","0","-","100.00","-","1.00","0","0","0","2","-","0","1","0","-"
"1587","Chris Wideman","Justin Barron","MTL","18","1.4666666666667","2","3","40.00","2","3","40.00","1","2","33.33","1","0","100.00","0.14","0.19","41.07","2","1","66.67","1","0","100.00","0","0","-","1","1","50.00","1","0","100.00","0","2","0.00","0","0","-","100.00","100.00","2.000","0","0","0","2","-","0","1","0","-"
"1588","Colin Miller","Luke Hughes","N.J","41","1.4666666666667","2","5","28.57","2","3","40.00","2","2","50.00","0","0","-","0.36","0.26","58.43","2","3","40.00","1","1","50.00","0","0","-","1","2","33.33","0","0","-","0","1","0.00","0","0","-","0.00","100.00","1.000","0","0","0","1","-","0","0","0","-"
"1589","Shayne Gostisbehere","Jaccob Slavin","CAR","91","1.4666666666667","0","0","-","0","0","-","0","0","-","0","0","-","0","0","-","0","0","-","0","0","-","0","0","-","0","0","-","0","0","-","0","0","-","0","0","-","-","-","-","0","0","0","8","-","0","0","0","-"
"1590","Caleb Jones","Samuel Girard","COL","10","1.4666666666667","0","1","0.00","0","0","-","0","0","-","0","0","-","0","0","-","0","0","-","0","0","-","0","0","-","0","0","-","0","0","-","0","1","0.00","0","0","-","-","-","-","0","0","0","2","-","0","0","0","-"
"1591","Jacob Larsson","Nikita Zaitsev","OTT","4","1.4666666666667","2","0","100.00","2","0","100.00","2","0","100.00","0","0","-","0.09","0","100.00","1","0","100.00","1","0","100.00","0","0","-","0","0","-","0","0","-","0","0","-","0","0","-","0.00","-","0.00","0","0","0","2","-","0","0","0","-"
"1592","Urho Vaakanainen","Matthew Robertson","NYR","1","1.4666666666667","1","0","100.00","1","0","100.00","1","0","100.00","1","0","100.00","0.12","0","100.00","1","0","100.00","0","0","-","0","0","-","1","0","100.00","1","0","100.00","0","0","-","0","0","-","100.00","-","1.00","0","1","1","0","0.00","0","2","1","0.00"
"1593","Gustav Lindstrom","Kaiden Guhle","MTL","12","1.4666666666667","0","1","0.00","0","1","0.00","0","0","-","0","0","-","0","0.03","0.00","0","0","-","0","0","-","0","0","-","0","0","-","0","0","-","0","1","0.00","0","0","-","-","-","-","0","0","1","3","0.00","0","0","1","0.00"
"1594","Tyler Kleven","Jake Sanderson","OTT","94","1.4666666666667","2","1","66.67","2","1","66.67","2","0","100.00","0","0","-","0.1","0.1","49.47","0","1","0.00","0","1","0.00","0","0","-","0","0","-","0","0","-","1","1","50.00","0","0","-","0.00","-","0.00","0","0","3","4","0.00","0","0","3","0.00"
"1595","Erik Karlsson","Henry Thrun","S.J","8","1.45","0","2","0.00","0","1","0.00","0","1","0.00","0","1","0.00","0","0.08","0.00","0","1","0.00","0","0","-","0","0","-","0","1","0.00","0","1","0.00","0","0","-","0","0","-","-","0.00","0.00","0","0","1","3","0.00","0","0","1","0.00"
"1596","Christopher Tanev","Philippe Myers","TOR","29","1.45","0","2","0.00","0","2","0.00","0","0","-","0","0","-","0","0.06","0.00","0","0","-","0","0","-","0","0","-","0","0","-","0","0","-","0","4","0.00","0","0","-","-","-","-","0","0","2","6","0.00","0","0","2","0.00"
"1597","Libor Hajek","Braden Schneider","NYR","16","1.45","0","2","0.00","0","1","0.00","0","1","0.00","0","0","-","0","0.11","0.00","0","2","0.00","0","0","-","0","0","-","0","2","0.00","0","0","-","0","0","-","0","0","-","-","100.00","1.00","0","0","2","1","0.00","0","0","2","0.00"
"1598","Kris Letang","Mark Friedman","PIT","14","1.4333333333333","0","0","-","0","0","-","0","0","-","0","0","-","0","0","-","0","0","-","0","0","-","0","0","-","0","0","-","0","0","-","0","0","-","0","0","-","-","-","-","0","0","0","1","-","0","1","0","-"
"1599","Jeff Petry","Jake Walman","DET","54","1.4333333333333","0","1","0.00","0","0","-","0","0","-","0","0","-","0","0","-","0","1","0.00","0","0","-","0","0","-","0","1","0.00","0","0","-","0","1","0.00","0","0","-","-","-","-","0","0","1","15","0.00","0","0","1","0.00"
"1600","Brendan Smith","Lian Bichsel","DAL","12","1.4333333333333","0","1","0.00","0","1","0.00","0","1","0.00","0","0","-","0","0.03","0.00","0","0","-","0","0","-","0","0","-","0","0","-","0","0","-","0","3","0.00","0","0","-","-","100.00","1.00","0","0","1","1","0.00","0","0","3","0.00"
"1601","Jarred Tinordi","Filip Roos","CHI","12","1.4333333333333","0","1","0.00","0","1","0.00","0","1","0.00","0","0","-","0","0.05","0.00","0","0","-","0","0","-","0","0","-","0","0","-","0","0","-","0","1","0.00","0","0","-","-","100.00","1.00","0","0","0","2","-","0","0","0","-"
"1602","Shea Theodore","Zach Whitecloud","VGK","139","1.4333333333333","0","4","0.00","0","3","0.00","0","3","0.00","0","0","-","0","0.16","0.00","0","2","0.00","0","0","-","0","0","-","0","2","0.00","0","0","-","0","3","0.00","0","0","-","-","100.00","1.00","0","0","0","4","-","0","0","1","0.00"
"1603","Damon Severson","Nikita Okhotiuk","N.J","10","1.4166666666667","0","2","0.00","0","2","0.00","0","2","0.00","0","0","-","0","0.09","0.00","0","0","-","0","0","-","0","0","-","0","0","-","0","0","-","0","3","0.00","0","0","-","-","100.00","1.00","0","0","1","2","0.00","0","0","1","0.00"
"1604","Jake McCabe","Ian Mitchell","CHI","22","1.4166666666667","0","5","0.00","0","4","0.00","0","2","0.00","0","0","-","0","0.38","0.00","0","4","0.00","0","1","0.00","0","0","-","0","3","0.00","0","0","-","0","2","0.00","0","0","-","-","100.00","1.00","0","0","1","3","0.00","0","0","1","0.00"
"1605","Jakob Chychrun","Alexander Alexeyev","WSH","1","1.4166666666667","1","4","20.00","1","2","33.33","1","1","50.00","0","0","-","0","0.13","0.61","0","3","0.00","0","0","-","0","0","-","0","3","0.00","0","0","-","0","1","0.00","0","0","-","0.00","100.00","1.000","0","0","0","1","-","0","0","0","-"
"1606","Mikey Anderson","Brandt Clarke","L.A","93","1.4166666666667","1","1","50.00","1","1","50.00","0","1","0.00","0","0","-","0.08","0.05","60.35","0","1","0.00","0","0","-","0","0","-","0","1","0.00","0","0","-","1","0","100.00","0","0","-","-","100.00","1.00","0","0","0","2","-","0","0","0","-"
"1607","Matt Grzelcyk","Conor Timmins","PIT","17","1.4","0","1","0.00","0","1","0.00","0","1","0.00","0","0","-","0","0.05","0.00","0","1","0.00","0","0","-","0","0","-","0","1","0.00","0","0","-","0","1","0.00","0","0","-","-","100.00","1.00","0","0","1","4","0.00","0","0","1","0.00"
"1608","Casey Fitzgerald","Ilya Lyubushkin","BUF","10","1.4","4","2","66.67","4","2","66.67","4","2","66.67","1","0","100.00","0.73","0.26","73.81","4","2","66.67","4","2","66.67","1","0","100.00","0","0","-","0","0","-","0","0","-","0","0","-","25.00","100.00","1.250","0","0","0","8","-","0","1","1","0.00"
"1609","Mark Giordano","Jordie Benn","TOR","12","1.3833333333333","3","2","60.00","3","1","75.00","3","1","75.00","0","1","0.00","0.45","0.14","76.69","2","2","50.00","2","0","100.00","0","0","-","0","2","0.00","0","1","0.00","0","0","-","0","0","-","0.00","0.00","0.000","0","0","0","4","-","0","0","0","-"
"1610","Dmitry Orlov","Derek Forbort","BOS","8","1.3833333333333","0","1","0.00","0","0","-","0","0","-","0","0","-","0","0","-","0","0","-","0","0","-","0","0","-","0","0","-","0","0","-","0","1","0.00","0","0","-","-","-","-","0","0","0","4","-","0","0","0","-"
"1611","Brett Pesce","Simon Nemec","N.J","17","1.3833333333333","1","1","50.00","1","1","50.00","0","1","0.00","0","0","-","0.06","0.18","25.13","0","1","0.00","0","1","0.00","0","0","-","0","0","-","0","0","-","1","0","100.00","0","0","-","-","100.00","1.00","0","0","0","0","-","0","0","0","-"
"1612","Jonas Siegenthaler","Nikita Okhotiuk","N.J","10","1.3833333333333","0","2","0.00","0","2","0.00","0","1","0.00","0","0","-","0","0.1","0.00","0","0","-","0","0","-","0","0","-","0","0","-","0","0","-","0","4","0.00","0","0","-","-","100.00","1.00","0","0","2","1","0.00","0","0","4","0.00"
"1613","Victor Soderstrom","Connor Mackey","ARI","20","1.3833333333333","0","0","-","0","0","-","0","0","-","0","0","-","0","0","-","0","0","-","0","0","-","0","0","-","0","0","-","0","0","-","0","0","-","0","0","-","-","-","-","0","0","1","5","0.00","0","0","1","0.00"
"1614","Alexander Edler","Mikey Anderson","L.A","62","1.3666666666667","0","1","0.00","0","1","0.00","0","1","0.00","0","1","0.00","0","0.09","0.00","0","1","0.00","0","0","-","0","0","-","0","1","0.00","0","1","0.00","0","0","-","0","0","-","-","0.00","0.00","0","0","0","10","-","0","0","0","-"
"1615","Anton Stralman","Brandon Carlo","BOS","7","1.3666666666667","0","3","0.00","0","3","0.00","0","0","-","0","0","-","0","0.27","0.00","0","3","0.00","0","0","-","0","0","-","0","3","0.00","0","0","-","0","0","-","0","0","-","-","-","-","0","0","0","2","-","0","0","0","-"
"1616","Kevin Shattenkirk","Colton White","ANA","40","1.3666666666667","0","2","0.00","0","0","-","0","0","-","0","0","-","0","0","-","0","1","0.00","0","1","0.00","0","0","-","0","0","-","0","0","-","0","1","0.00","0","0","-","-","-","-","0","0","1","5","0.00","0","0","1","0.00"
"1617","Robert Bortuzzo","Torey Krug","STL","36","1.3666666666667","1","2","33.33","1","2","33.33","1","0","100.00","1","0","100.00","0.19","0.18","51.46","1","1","50.00","1","0","100.00","1","0","100.00","0","1","0.00","0","0","-","0","1","0.00","0","0","-","100.00","-","1.00","0","0","0","1","-","0","0","1","0.00"
"1618","Damon Severson","Dante Fabbro","CBJ","50","1.3666666666667","1","1","50.00","1","0","100.00","1","0","100.00","0","0","-","0","0","100.00","0","1","0.00","0","0","-","0","0","-","0","1","0.00","0","0","-","0","1","0.00","0","0","-","0.00","-","0.00","0","0","1","5","0.00","0","0","1","0.00"
"1619","Shea Theodore","Noah Hanifin","VGK","84","1.3666666666667","1","3","25.00","1","3","25.00","1","3","25.00","0","1","0.00","0.09","0.36","19.59","1","2","33.33","0","2","0.00","0","0","-","1","0","100.00","0","0","-","0","1","0.00","0","1","0.00","0.00","66.67","0.667","0","0","1","5","0.00","0","0","1","0.00"
"1620","Vladislav Gavrikov","Brandt Clarke","L.A","94","1.3666666666667","0","1","0.00","0","1","0.00","0","1","0.00","0","0","-","0","0.05","0.00","0","1","0.00","0","0","-","0","0","-","0","1","0.00","0","0","-","0","0","-","0","0","-","-","100.00","1.00","0","0","0","0","-","0","0","0","-"
"1621","Kevin Bahl","Santeri Hatakka","N.J","12","1.3666666666667","0","2","0.00","0","1","0.00","0","0","-","0","0","-","0","0.06","0.00","0","1","0.00","0","0","-","0","0","-","0","1","0.00","0","0","-","0","1","0.00","0","0","-","-","-","-","0","0","0","1","-","0","0","0","-"
"1622","Patrik Nemeth","Michael Kesselring","ARI","7","1.35","0","2","0.00","0","2","0.00","0","2","0.00","0","0","-","0","0.12","0.00","0","1","0.00","0","0","-","0","0","-","0","1","0.00","0","0","-","0","1","0.00","0","0","-","-","100.00","1.00","0","0","0","0","-","0","0","0","-"
"1623","Erik Gustafsson","Alexander Alexeyev","WSH","12","1.35","0","1","0.00","0","0","-","0","0","-","0","0","-","0","0","-","0","0","-","0","0","-","0","0","-","0","0","-","0","0","-","0","1","0.00","0","0","-","-","-","-","0","1","0","1","-","0","1","0","-"
"1624","Chad Ruhwedel","K'Andre Miller","NYR","6","1.35","0","2","0.00","0","1","0.00","0","1","0.00","0","1","0.00","0","0.16","0.00","0","1","0.00","0","1","0.00","0","1","0.00","0","0","-","0","0","-","0","1","0.00","0","0","-","-","0.00","0.00","0","0","0","4","-","0","0","0","-"
"1625","Ethan Bear","Guillaume Brisebois","VAN","6","1.35","1","1","50.00","1","1","50.00","1","1","50.00","1","0","100.00","0.14","0.04","79.17","1","0","100.00","1","0","100.00","1","0","100.00","0","0","-","0","0","-","0","1","0.00","0","0","-","100.00","100.00","2.000","0","0","0","2","-","0","0","0","-"
"1626","Timothy Liljegren","Mac Hollowell","TOR","6","1.35","1","1","50.00","1","0","100.00","1","0","100.00","0","0","-","0.22","0","100.00","1","0","100.00","1","0","100.00","0","0","-","0","0","-","0","0","-","0","1","0.00","0","0","-","0.00","-","0.00","0","0","0","0","-","0","1","0","-"
"1627","Cam Fowler","Gustav Lindstrom","ANA","31","1.3333333333333","0","5","0.00","0","3","0.00","0","1","0.00","0","1","0.00","0","0.58","0.00","0","4","0.00","0","3","0.00","0","1","0.00","0","1","0.00","0","0","-","0","2","0.00","0","0","-","-","0.00","0.00","0","0","1","2","0.00","0","0","1","0.00"
"1628","Mike Reilly","Sebastian Aho","NYI","36","1.3333333333333","0","1","0.00","0","1","0.00","0","0","-","0","0","-","0","0.01","0.00","0","0","-","0","0","-","0","0","-","0","0","-","0","0","-","0","1","0.00","0","0","-","-","-","-","0","0","0","3","-","0","1","0","-"
"1629","Torey Krug","Tyler Tucker","STL","38","1.3333333333333","0","1","0.00","0","0","-","0","0","-","0","0","-","0","0","-","0","0","-","0","0","-","0","0","-","0","0","-","0","0","-","0","2","0.00","0","0","-","-","-","-","0","0","0","0","-","0","0","1","0.00"
"1630","Esa Lindell","Joel Hanley","DAL","58","1.3333333333333","0","2","0.00","0","0","-","0","0","-","0","0","-","0","0","-","0","0","-","0","0","-","0","0","-","0","0","-","0","0","-","0","1","0.00","0","0","-","-","-","-","0","0","0","0","-","0","0","0","-"
"1631","Shayne Gostisbehere","Joshua Brown","ARI","46","1.3333333333333","2","2","50.00","2","2","50.00","1","1","50.00","0","0","-","0.04","0.14","22.40","0","1","0.00","0","0","-","0","0","-","0","1","0.00","0","0","-","1","1","50.00","0","0","-","0.00","100.00","1.000","0","1","1","12","0.00","0","1","1","0.00"
"1632","Ben Hutton","Zach Whitecloud","VGK","50","1.3333333333333","0","1","0.00","0","1","0.00","0","0","-","0","0","-","0","0.09","0.00","0","1","0.00","0","1","0.00","0","0","-","0","0","-","0","0","-","0","0","-","0","0","-","-","-","-","0","0","0","2","-","0","0","0","-"
"1633","Caleb Jones","Isaak Phillips","CHI","13","1.3333333333333","0","4","0.00","0","4","0.00","0","3","0.00","0","0","-","0","0.44","0.00","0","2","0.00","0","1","0.00","0","0","-","0","1","0.00","0","0","-","0","2","0.00","0","0","-","-","100.00","1.00","0","2","0","2","-","0","2","0","-"
"1634","Lawrence Pilut","Owen Power","BUF","14","1.3333333333333","3","3","50.00","1","3","25.00","0","1","0.00","0","0","-","0.05","0.24","16.29","2","2","50.00","1","1","50.00","0","0","-","1","1","50.00","0","0","-","1","1","50.00","0","0","-","-","100.00","1.00","0","0","0","3","-","0","0","0","-"
"1635","Justin Barron","Adam Wilsby","NSH","9","1.3333333333333","0","0","-","0","0","-","0","0","-","0","0","-","0","0","-","0","0","-","0","0","-","0","0","-","0","0","-","0","0","-","0","0","-","0","0","-","-","-","-","0","0","1","1","0.00","0","0","1","0.00"
"1636","Erik Johnson","Keaton Middleton","COL","9","1.3166666666667","1","1","50.00","1","1","50.00","1","1","50.00","0","0","-","0.05","0.04","54.62","0","0","-","0","0","-","0","0","-","0","0","-","0","0","-","1","2","33.33","0","0","-","0.00","100.00","1.000","0","0","0","1","-","0","0","3","0.00"
"1637","Mike Reilly","Noah Dobson","NYI","74","1.3166666666667","0","0","-","0","0","-","0","0","-","0","0","-","0","0","-","0","0","-","0","0","-","0","0","-","0","0","-","0","0","-","0","0","-","0","0","-","-","-","-","1","0","0","4","100.00","1","0","0","100.00"
"1638","Colin Miller","Haydn Fleury","WPG","25","1.3166666666667","1","3","25.00","1","2","33.33","0","2","0.00","0","1","0.00","0.12","0.33","26.16","1","2","33.33","1","2","33.33","0","1","0.00","0","0","-","0","0","-","0","1","0.00","0","0","-","-","50.00","0.50","0","0","0","1","-","0","0","0","-"
"1639","Shayne Gostisbehere","Scott Morrow","CAR","10","1.3166666666667","0","2","0.00","0","2","0.00","0","1","0.00","0","1","0.00","0","0.23","0.00","0","1","0.00","0","1","0.00","0","1","0.00","0","0","-","0","0","-","0","2","0.00","0","0","-","-","0.00","0.00","0","1","1","1","0.00","0","1","1","0.00"
"1640","Jordan Oesterle","Moritz Seider","DET","52","1.3166666666667","0","3","0.00","0","3","0.00","0","2","0.00","0","2","0.00","0","0.3","0.00","0","2","0.00","0","2","0.00","0","1","0.00","0","0","-","0","0","-","0","1","0.00","0","1","0.00","-","0.00","0.00","0","1","1","5","0.00","0","1","1","0.00"
"1641","Dysin Mayo","Janis Moser","ARI","15","1.3166666666667","0","2","0.00","0","1","0.00","0","0","-","0","0","-","0","0.08","0.00","0","1","0.00","0","0","-","0","0","-","0","1","0.00","0","0","-","0","1","0.00","0","0","-","-","-","-","0","0","0","5","-","0","0","0","-"
"1642","Justin Holl","Victor Mete","TOR","11","1.3","1","1","50.00","1","1","50.00","1","0","100.00","0","0","-","0","0.12","2.17","0","1","0.00","0","1","0.00","0","0","-","0","0","-","0","0","-","0","0","-","0","0","-","0.00","-","0.00","0","0","0","1","-","0","0","0","-"
"1643","Nathan Beaulieu","Colton White","ANA","29","1.3","0","4","0.00","0","4","0.00","0","4","0.00","0","1","0.00","0","0.29","0.00","0","1","0.00","0","1","0.00","0","1","0.00","0","0","-","0","0","-","0","5","0.00","0","0","-","-","75.00","0.75","0","0","1","5","0.00","0","0","2","0.00"
"1644","Connor Murphy","Kevin Korchinski","CHI","55","1.3","1","2","33.33","1","0","100.00","1","0","100.00","0","0","-","0.06","0","100.00","0","0","-","0","0","-","0","0","-","0","0","-","0","0","-","1","2","33.33","0","0","-","0.00","-","0.00","0","0","0","3","-","1","0","0","100.00"
"1645","Chad Ruhwedel","Zac Jones","NYR","7","1.3","3","1","75.00","3","1","75.00","3","1","75.00","0","0","-","0.07","0.08","48.23","1","1","50.00","1","0","100.00","0","0","-","0","1","0.00","0","0","-","0","0","-","0","0","-","0.00","100.00","1.000","0","0","0","1","-","0","0","0","-"
"1646","Santeri Hatakka","Simon Nemec","N.J","12","1.3","1","2","33.33","1","2","33.33","1","2","33.33","0","0","-","0.2","0.55","26.54","1","2","33.33","1","2","33.33","0","0","-","0","0","-","0","0","-","0","0","-","0","0","-","0.00","100.00","1.000","0","0","0","5","-","0","0","0","-"
"1647","Marc-Edouard Vlasic","Jack Thompson","S.J","14","1.2833333333333","0","4","0.00","0","3","0.00","0","2","0.00","0","0","-","0","0.26","0.00","0","4","0.00","0","1","0.00","0","0","-","0","3","0.00","0","0","-","0","0","-","0","0","-","-","100.00","1.00","0","0","0","0","-","0","0","0","-"
"1648","Oliver Ekman-Larsson","Tucker Poolman","VAN","3","1.2666666666667","0","1","0.00","0","0","-","0","0","-","0","0","-","0","0","-","0","0","-","0","0","-","0","0","-","0","0","-","0","0","-","0","1","0.00","0","0","-","-","-","-","0","0","2","0","0.00","0","0","2","0.00"
"1649","Christopher Tanev","Miro Heiskanen","DAL","19","1.2666666666667","0","3","0.00","0","2","0.00","0","1","0.00","0","0","-","0","0.18","0.00","0","3","0.00","0","1","0.00","0","0","-","0","2","0.00","0","0","-","0","0","-","0","0","-","-","100.00","1.00","0","1","0","2","-","0","1","1","0.00"
"1650","Brett Kulak","Cam Dineen","EDM","4","1.2666666666667","0","2","0.00","0","1","0.00","0","1","0.00","0","0","-","0","0.09","0.00","0","0","-","0","0","-","0","0","-","0","0","-","0","0","-","0","3","0.00","0","0","-","-","100.00","1.00","0","0","1","0","0.00","0","0","1","0.00"
"1651","Jordan Oesterle","Mason Lohrei","BOS","21","1.2666666666667","0","3","0.00","0","3","0.00","0","2","0.00","0","0","-","0","0.26","0.00","0","3","0.00","0","0","-","0","0","-","0","3","0.00","0","0","-","0","0","-","0","0","-","-","100.00","1.00","1","0","0","1","100.00","1","0","0","100.00"
"1652","Connor Mackey","Braden Schneider","NYR","3","1.2666666666667","1","2","33.33","1","2","33.33","1","1","50.00","0","0","-","0.05","0.15","25.22","1","0","100.00","0","0","-","0","0","-","1","0","100.00","0","0","-","0","2","0.00","0","0","-","0.00","100.00","1.000","0","0","0","1","-","0","0","0","-"
"1653","Ian Cole","Vladislav Kolyachonok","UTA","23","1.25","1","0","100.00","1","0","100.00","0","0","-","0","0","-","0","0","100.00","0","0","-","0","0","-","0","0","-","0","0","-","0","0","-","0","0","-","0","0","-","-","-","-","0","0","0","1","-","0","1","0","-"
"1654","Alec Martinez","Kaedan Korczak","VGK","23","1.25","0","4","0.00","0","2","0.00","0","2","0.00","0","1","0.00","0","0.09","0.00","0","1","0.00","0","0","-","0","0","-","0","1","0.00","0","1","0.00","0","4","0.00","0","0","-","-","50.00","0.50","0","0","1","2","0.00","0","0","1","0.00"
"1655","Ethan Bear","Akito Hirose","VAN","7","1.25","0","3","0.00","0","3","0.00","0","2","0.00","0","0","-","0","0.41","0.00","0","1","0.00","0","1","0.00","0","0","-","0","0","-","0","0","-","0","2","0.00","0","0","-","-","100.00","1.00","0","0","1","2","0.00","0","0","1","0.00"
"1656","Caleb Jones","Jordan Spence","L.A","5","1.25","0","1","0.00","0","1","0.00","0","1","0.00","0","0","-","0","0.03","0.00","0","0","-","0","0","-","0","0","-","0","0","-","0","0","-","0","1","0.00","0","0","-","-","100.00","1.00","0","1","0","0","-","0","1","0","-"
"1657","Martin Fehervary","Rasmus Sandin","WSH","149","1.25","1","3","25.00","1","2","33.33","1","2","33.33","1","0","100.00","0.15","0.36","29.39","1","3","25.00","1","1","50.00","1","0","100.00","0","2","0.00","0","0","-","0","1","0.00","0","0","-","100.00","100.00","2.000","0","0","1","1","0.00","0","0","3","0.00"
"1658","Chris Wideman","Joel Edmundson","MTL","33","1.2333333333333","0","2","0.00","0","2","0.00","0","0","-","0","0","-","0","0.28","0.00","0","2","0.00","0","2","0.00","0","0","-","0","0","-","0","0","-","0","0","-","0","0","-","-","-","-","0","0","0","3","-","0","1","1","0.00"
"1659","Mike Reilly","Alexander Romanov","NYI","70","1.2333333333333","0","1","0.00","0","1","0.00","0","1","0.00","0","1","0.00","0","0.08","0.00","0","0","-","0","0","-","0","0","-","0","0","-","0","0","-","0","1","0.00","0","1","0.00","-","0.00","0.00","0","0","0","3","-","0","0","0","-"
"1660","Kevin Shattenkirk","Matt Grzelcyk","BOS","47","1.2166666666667","1","1","50.00","1","1","50.00","1","1","50.00","0","0","-","0.05","0.07","42.45","1","1","50.00","0","0","-","0","0","-","1","1","50.00","0","0","-","0","0","-","0","0","-","0.00","100.00","1.000","0","0","0","2","-","0","0","0","-"
"1661","Robert Bortuzzo","Michael Kesselring","UTA","17","1.2166666666667","0","4","0.00","0","2","0.00","0","1","0.00","0","0","-","0","0.33","0.00","0","1","0.00","0","1","0.00","0","0","-","0","0","-","0","0","-","0","2","0.00","0","0","-","-","100.00","1.00","0","0","0","3","-","0","0","0","-"
"1662","Erik Karlsson","Scott Harrington","S.J","28","1.2166666666667","0","0","-","0","0","-","0","0","-","0","0","-","0","0","-","0","0","-","0","0","-","0","0","-","0","0","-","0","0","-","0","1","0.00","0","0","-","-","-","-","0","0","2","7","0.00","0","0","2","0.00"
"1663","Kurtis MacDermid","Andreas Englund","COL","24","1.2166666666667","0","1","0.00","0","1","0.00","0","0","-","0","0","-","0","0.11","0.00","0","1","0.00","0","1","0.00","0","0","-","0","0","-","0","0","-","0","0","-","0","0","-","-","-","-","0","0","0","4","-","0","0","0","-"
"1664","Kyle Burroughs","Christian Wolanin","VAN","15","1.2166666666667","0","1","0.00","0","0","-","0","0","-","0","0","-","0","0","-","0","1","0.00","0","0","-","0","0","-","0","1","0.00","0","0","-","0","0","-","0","0","-","-","-","-","0","0","1","3","0.00","0","0","1","0.00"
"1665","Kyle Burroughs","Akito Hirose","VAN","7","1.2166666666667","0","4","0.00","0","3","0.00","0","2","0.00","0","0","-","0","0.36","0.00","0","2","0.00","0","1","0.00","0","0","-","0","1","0.00","0","0","-","0","2","0.00","0","0","-","-","100.00","1.00","0","0","0","0","-","0","0","0","-"
"1666","Shea Theodore","Kaedan Korczak","VGK","33","1.2166666666667","0","1","0.00","0","0","-","0","0","-","0","0","-","0","0","-","0","0","-","0","0","-","0","0","-","0","0","-","0","0","-","0","1","0.00","0","0","-","-","-","-","0","0","0","2","-","0","0","0","-"
"1667","Noah Hanifin","Nick DeSimone","CGY","27","1.2166666666667","1","0","100.00","0","0","-","0","0","-","0","0","-","0","0","-","0","0","-","0","0","-","0","0","-","0","0","-","0","0","-","1","0","100.00","0","0","-","-","-","-","0","0","0","3","-","0","0","0","-"
"1668","Samuel Girard","John Ludvig","COL","8","1.2166666666667","0","0","-","0","0","-","0","0","-","0","0","-","0","0","-","0","0","-","0","0","-","0","0","-","0","0","-","0","0","-","0","0","-","0","0","-","-","-","-","0","0","0","1","-","0","0","0","-"
"1669","Patrik Nemeth","Dysin Mayo","ARI","10","1.2","0","1","0.00","0","1","0.00","0","1","0.00","0","0","-","0","0.09","0.00","0","1","0.00","0","0","-","0","0","-","0","1","0.00","0","0","-","0","0","-","0","0","-","-","100.00","1.00","0","0","0","2","-","0","0","0","-"
"1670","Matt Dumba","Juuso Valimaki","ARI","45","1.2","0","3","0.00","0","2","0.00","0","0","-","0","0","-","0","0.28","0.00","0","0","-","0","0","-","0","0","-","0","0","-","0","0","-","0","2","0.00","0","0","-","-","-","-","0","0","1","5","0.00","0","0","1","0.00"
"1671","Chad Ruhwedel","Jan Rutta","PIT","23","1.2","0","0","-","0","0","-","0","0","-","0","0","-","0","0","-","0","0","-","0","0","-","0","0","-","0","0","-","0","0","-","0","0","-","0","0","-","-","-","-","0","0","0","7","-","0","0","0","-"
"1672","Henry Thrun","Shakir Mukhamadullin","S.J","14","1.2","0","2","0.00","0","2","0.00","0","1","0.00","0","0","-","0","0.17","0.00","0","1","0.00","0","1","0.00","0","0","-","0","0","-","0","0","-","0","2","0.00","0","0","-","-","100.00","1.00","0","0","1","1","0.00","0","0","2","0.00"
"1673","Marc-Edouard Vlasic","Timothy Liljegren","S.J","25","1.1833333333333","0","6","0.00","0","6","0.00","0","3","0.00","0","1","0.00","0","1.02","0.00","0","5","0.00","0","5","0.00","0","1","0.00","0","0","-","0","0","-","0","2","0.00","0","0","-","-","66.67","0.67","0","0","1","2","0.00","0","0","1","0.00"
"1674","Robert Bortuzzo","Maveric Lamoureux","UTA","6","1.1833333333333","0","3","0.00","0","1","0.00","0","0","-","0","0","-","0","0.05","0.00","0","0","-","0","0","-","0","0","-","0","0","-","0","0","-","0","2","0.00","0","0","-","-","-","-","0","0","0","1","-","0","0","0","-"
"1675","Jake Muzzin","TJ Brodie","TOR","4","1.1833333333333","1","1","50.00","0","1","0.00","0","1","0.00","0","0","-","0","0.03","0.00","0","0","-","0","0","-","0","0","-","0","0","-","0","0","-","1","1","50.00","0","0","-","-","100.00","1.00","0","0","1","0","0.00","0","0","2","0.00"
"1676","Scott Mayfield","Isaiah George","NYI","32","1.1833333333333","0","1","0.00","0","1","0.00","0","1","0.00","0","1","0.00","0","0.08","0.00","0","1","0.00","0","0","-","0","0","-","0","1","0.00","0","1","0.00","0","0","-","0","0","-","-","0.00","0.00","0","0","0","1","-","0","0","0","-"
"1677","Scott Harrington","Matthew Benning","S.J","26","1.1833333333333","1","1","50.00","1","1","50.00","1","1","50.00","0","0","-","0.02","0.02","53.25","0","0","-","0","0","-","0","0","-","0","0","-","0","0","-","1","1","50.00","0","0","-","0.00","100.00","1.000","0","0","0","9","-","0","0","0","-"
"1678","Jonas Brodin","Dakota Mermis","MIN","32","1.1833333333333","0","2","0.00","0","0","-","0","0","-","0","0","-","0","0","-","0","0","-","0","0","-","0","0","-","0","0","-","0","0","-","0","3","0.00","0","0","-","-","-","-","0","0","0","3","-","0","0","1","0.00"
"1679","Matt Dumba","Lian Bichsel","DAL","30","1.1833333333333","0","3","0.00","0","3","0.00","0","2","0.00","0","1","0.00","0","0.53","0.00","0","2","0.00","0","2","0.00","0","1","0.00","0","0","-","0","0","-","0","1","0.00","0","0","-","-","50.00","0.50","0","1","1","2","0.00","0","1","1","0.00"
"1680","Erik Gustafsson","Adam Fox","NYR","66","1.1833333333333","1","0","100.00","1","0","100.00","1","0","100.00","0","0","-","0.05","0","100.00","1","0","100.00","0","0","-","0","0","-","1","0","100.00","0","0","-","0","0","-","0","0","-","0.00","-","0.00","0","0","0","2","-","0","0","0","-"
"1681","Jaycob Megna","Carson Soucy","SEA","2","1.1833333333333","1","1","50.00","1","1","50.00","1","0","100.00","0","0","-","0.11","0.14","43.80","1","1","50.00","0","1","0.00","0","0","-","1","0","100.00","0","0","-","0","0","-","0","0","-","0.00","-","0.00","0","0","0","1","-","0","0","0","-"
"1682","Louie Belpedio","Sean Walker","PHI","12","1.1833333333333","0","4","0.00","0","3","0.00","0","1","0.00","0","0","-","0","0.18","0.00","0","1","0.00","0","0","-","0","0","-","0","1","0.00","0","0","-","0","3","0.00","0","0","-","-","100.00","1.00","0","0","0","2","-","0","0","0","-"
"1683","Oliver Kylington","Samuel Girard","COL","13","1.1833333333333","0","2","0.00","0","2","0.00","0","2","0.00","0","0","-","0","0.19","0.00","0","1","0.00","0","0","-","0","0","-","0","1","0.00","0","0","-","0","1","0.00","0","0","-","-","100.00","1.00","0","1","0","1","-","0","1","0","-"
"1684","Ryan Suter","Nils Lundkvist","DAL","119","1.1666666666667","0","1","0.00","0","1","0.00","0","1","0.00","0","0","-","0","0.02","0.00","0","0","-","0","0","-","0","0","-","0","0","-","0","0","-","0","0","-","0","0","-","-","100.00","1.00","0","0","0","3","-","0","0","0","-"
"1685","Connor Murphy","Nikita Zaitsev","CHI","41","1.1666666666667","1","2","33.33","1","1","50.00","1","1","50.00","0","0","-","0.21","0.15","59.05","1","2","33.33","1","1","50.00","0","0","-","0","1","0.00","0","0","-","0","0","-","0","0","-","0.00","100.00","1.000","1","0","0","2","100.00","1","0","0","100.00"
"1686","Matt Grzelcyk","Andrew Peeke","BOS","12","1.1666666666667","1","2","33.33","1","2","33.33","1","2","33.33","0","0","-","0.03","0.14","18.49","0","0","-","0","0","-","0","0","-","0","0","-","0","0","-","1","2","33.33","0","0","-","0.00","100.00","1.000","0","0","1","0","0.00","1","0","1","50.00"
"1687","Chad Ruhwedel","Ryan Shea","PIT","11","1.1666666666667","0","1","0.00","0","1","0.00","0","1","0.00","0","0","-","0","0.04","0.00","0","0","-","0","0","-","0","0","-","0","0","-","0","0","-","0","1","0.00","0","0","-","-","100.00","1.00","0","0","0","0","-","0","0","0","-"
"1688","Louie Belpedio","Cam York","PHI","12","1.1666666666667","1","1","50.00","1","1","50.00","1","0","100.00","0","0","-","0.03","0.05","40.52","0","0","-","0","0","-","0","0","-","0","0","-","0","0","-","1","1","50.00","0","0","-","0.00","-","0.00","0","0","0","2","-","0","0","0","-"
"1689","Noah Hanifin","Brayden Pachal","CGY","12","1.1666666666667","1","2","33.33","0","0","-","0","0","-","0","0","-","0","0","-","0","0","-","0","0","-","0","0","-","0","0","-","0","0","-","1","2","33.33","0","0","-","-","-","-","0","0","0","0","-","0","0","0","-"
"1690","Dennis Gilbert","Rasmus Dahlin","BUF","20","1.1666666666667","0","2","0.00","0","1","0.00","0","0","-","0","0","-","0","0.06","0.00","0","1","0.00","0","0","-","0","0","-","0","1","0.00","0","0","-","0","1","0.00","0","0","-","-","-","-","0","0","1","1","0.00","0","0","1","0.00"
"1691","Pierre-Olivier Joseph","Matthew Kessel","STL","18","1.1666666666667","0","0","-","0","0","-","0","0","-","0","0","-","0","0","-","0","0","-","0","0","-","0","0","-","0","0","-","0","0","-","0","0","-","0","0","-","-","-","-","0","1","0","1","-","0","1","0","-"
"1692","Mattias Ekholm","Jake Walman","EDM","4","1.15","0","3","0.00","0","3","0.00","0","3","0.00","0","1","0.00","0","0.78","0.00","0","3","0.00","0","2","0.00","0","1","0.00","0","1","0.00","0","0","-","0","0","-","0","0","-","-","66.67","0.67","0","0","1","0","0.00","0","0","2","0.00"
"1693","Ryan Murray","Brett Kulak","EDM","13","1.15","0","0","-","0","0","-","0","0","-","0","0","-","0","0","-","0","0","-","0","0","-","0","0","-","0","0","-","0","0","-","0","0","-","0","0","-","-","-","-","0","0","0","2","-","0","0","0","-"
"1694","Shea Theodore","Nicolas Hague","VGK","145","1.15","0","0","-","0","0","-","0","0","-","0","0","-","0","0","-","0","0","-","0","0","-","0","0","-","0","0","-","0","0","-","0","0","-","0","0","-","-","-","-","0","0","0","7","-","0","0","0","-"
"1695","Nikita Zadorov","Mason Lohrei","BOS","76","1.15","0","2","0.00","0","2","0.00","0","2","0.00","0","0","-","0","0.15","0.00","0","1","0.00","0","0","-","0","0","-","0","1","0.00","0","0","-","0","1","0.00","0","0","-","-","100.00","1.00","0","0","0","2","-","0","0","0","-"
"1696","Travis Dermott","Michael Kesselring","ARI","38","1.15","0","2","0.00","0","2","0.00","0","2","0.00","0","0","-","0","0.09","0.00","0","1","0.00","0","0","-","0","0","-","0","1","0.00","0","0","-","0","1","0.00","0","0","-","-","100.00","1.00","0","0","0","1","-","0","1","0","-"
"1697","Justin Faulk","Corey Schueneman","STL","4","1.1333333333333","0","2","0.00","0","2","0.00","0","1","0.00","0","0","-","0","0.16","0.00","0","1","0.00","0","0","-","0","0","-","0","1","0.00","0","0","-","0","1","0.00","0","0","-","-","100.00","1.00","0","0","0","1","-","0","0","0","-"
"1698","Josh Manson","Caleb Jones","COL","19","1.1333333333333","0","1","0.00","0","1","0.00","0","1","0.00","0","1","0.00","0","0.15","0.00","0","1","0.00","0","1","0.00","0","1","0.00","0","0","-","0","0","-","0","0","-","0","0","-","-","0.00","0.00","0","0","0","1","-","0","1","0","-"
"1699","MacKenzie Weegar","Oliver Kylington","CGY","33","1.1333333333333","1","1","50.00","1","1","50.00","0","1","0.00","0","1","0.00","0","0.13","2.74","0","1","0.00","0","1","0.00","0","1","0.00","0","0","-","0","0","-","1","0","100.00","0","0","-","-","0.00","0.00","0","0","0","2","-","0","0","0","-"
"1700","Tony DeAngelo","Noah Dobson","NYI","25","1.1333333333333","0","4","0.00","0","4","0.00","0","4","0.00","0","0","-","0","0.22","0.00","0","2","0.00","0","0","-","0","0","-","0","2","0.00","0","0","-","0","2","0.00","0","0","-","-","100.00","1.00","0","0","0","1","-","0","0","0","-"
"1701","Jeff Petry","Mark Friedman","PIT","11","1.1166666666667","1","3","25.00","1","2","33.33","1","2","33.33","0","0","-","0.08","0.42","15.90","1","3","25.00","1","1","50.00","0","0","-","0","2","0.00","0","0","-","0","0","-","0","0","-","0.00","100.00","1.000","0","0","0","0","-","0","0","0","-"
"1702","Travis Hamonic","Jacob Larsson","OTT","7","1.1166666666667","0","3","0.00","0","2","0.00","0","2","0.00","0","1","0.00","0","0.11","0.00","0","1","0.00","0","0","-","0","0","-","0","1","0.00","0","0","-","0","2","0.00","0","1","0.00","-","50.00","0.50","0","0","0","0","-","0","0","2","0.00"
"1703","Brian Dumoulin","Simon Nemec","N.J","12","1.1166666666667","0","3","0.00","0","3","0.00","0","2","0.00","0","0","-","0","0.47","0.00","0","2","0.00","0","2","0.00","0","0","-","0","0","-","0","0","-","0","2","0.00","0","0","-","-","100.00","1.00","0","0","1","0","0.00","0","0","2","0.00"
"1704","Jarred Tinordi","Ethan Del Mastro","CHI","1","1.1166666666667","0","0","-","0","0","-","0","0","-","0","0","-","0","0","-","0","0","-","0","0","-","0","0","-","0","0","-","0","0","-","0","0","-","0","0","-","-","-","-","0","0","0","1","-","0","0","0","-"
"1705","Erik Gustafsson","Chad Ruhwedel","NYR","3","1.1166666666667","1","4","20.00","1","4","20.00","1","4","20.00","0","0","-","0.2","0.63","24.06","1","4","20.00","1","2","33.33","0","0","-","0","2","0.00","0","0","-","0","0","-","0","0","-","0.00","100.00","1.000","0","0","0","0","-","0","0","0","-"
"1706","Nate Schmidt","Aaron Ekblad","FLA","54","1.1166666666667","1","3","25.00","1","3","25.00","1","3","25.00","0","1","0.00","0.06","0.56","9.40","1","2","33.33","0","2","0.00","0","1","0.00","1","0","100.00","0","0","-","0","1","0.00","0","0","-","0.00","66.67","0.667","0","0","0","7","-","0","0","0","-"
"1707","Ethan Bear","Rasmus Sandin","WSH","16","1.1166666666667","0","1","0.00","0","1","0.00","0","1","0.00","0","0","-","0","0.07","0.00","0","0","-","0","0","-","0","0","-","0","0","-","0","0","-","0","1","0.00","0","0","-","-","100.00","1.00","0","0","0","2","-","0","0","0","-"
"1708","Ryan Shea","Pierre-Olivier Joseph","PIT","18","1.1166666666667","0","2","0.00","0","2","0.00","0","1","0.00","0","0","-","0","0.36","0.00","0","1","0.00","0","1","0.00","0","0","-","0","0","-","0","0","-","0","1","0.00","0","0","-","-","100.00","1.00","0","0","0","1","-","0","0","0","-"
"1709","Philippe Myers","Mikhail Sergachev","T.B","12","1.1166666666667","0","0","-","0","0","-","0","0","-","0","0","-","0","0","-","0","0","-","0","0","-","0","0","-","0","0","-","0","0","-","0","0","-","0","0","-","-","-","-","0","0","0","2","-","0","0","0","-"
"1710","Dante Fabbro","Callan Foote","NSH","24","1.1166666666667","1","0","100.00","1","0","100.00","1","0","100.00","0","0","-","0.06","0","100.00","1","0","100.00","0","0","-","0","0","-","1","0","100.00","0","0","-","0","0","-","0","0","-","0.00","-","0.00","0","0","0","11","-","0","0","0","-"
"1711","Alec Martinez","Noah Hanifin","VGK","9","1.1","1","2","33.33","1","1","50.00","1","1","50.00","0","0","-","0.07","0.07","49.62","1","1","50.00","0","0","-","0","0","-","1","1","50.00","0","0","-","0","2","0.00","0","0","-","0.00","100.00","1.000","0","0","1","2","0.00","0","0","1","0.00"
"1712","Caleb Jones","Ian Mitchell","CHI","28","1.1","0","2","0.00","0","1","0.00","0","0","-","0","0","-","0","0.07","0.00","0","1","0.00","0","0","-","0","0","-","0","1","0.00","0","0","-","0","1","0.00","0","0","-","-","-","-","0","0","0","2","-","0","0","0","-"
"1713","Nikita Zaitsev","Louis Crevier","CHI","10","1.1","1","2","33.33","1","2","33.33","1","2","33.33","0","0","-","0.04","0.08","31.07","0","1","0.00","0","0","-","0","0","-","0","1","0.00","0","0","-","1","1","50.00","0","0","-","0.00","100.00","1.000","0","0","0","2","-","0","0","0","-"
"1714","Joel Edmundson","Timothy Liljegren","TOR","8","1.0833333333333","0","4","0.00","0","2","0.00","0","2","0.00","0","0","-","0","0.21","0.00","0","4","0.00","0","1","0.00","0","0","-","0","3","0.00","0","0","-","0","1","0.00","0","0","-","-","100.00","1.00","0","1","1","2","0.00","0","1","2","0.00"
"1715","Jordan Oesterle","Nick Blankenburg","NSH","15","1.0833333333333","1","0","100.00","1","0","100.00","1","0","100.00","0","0","-","0","0","100.00","0","0","-","0","0","-","0","0","-","0","0","-","0","0","-","0","0","-","0","0","-","0.00","-","0.00","0","0","1","1","0.00","0","0","1","0.00"
"1716","Travis Dermott","Ty Emberson","EDM","8","1.0833333333333","0","0","-","0","0","-","0","0","-","0","0","-","0","0","-","0","0","-","0","0","-","0","0","-","0","0","-","0","0","-","0","0","-","0","0","-","-","-","-","0","0","0","1","-","0","0","0","-"
"1717","Ryan Lindgren","Sam Malinski","COL","15","1.0833333333333","0","0","-","0","0","-","0","0","-","0","0","-","0","0","-","0","0","-","0","0","-","0","0","-","0","0","-","0","0","-","0","0","-","0","0","-","-","-","-","0","0","0","2","-","0","0","0","-"
"1718","Michael Callahan","Mason Lohrei","BOS","17","1.0833333333333","0","0","-","0","0","-","0","0","-","0","0","-","0","0","-","0","0","-","0","0","-","0","0","-","0","0","-","0","0","-","0","0","-","0","0","-","-","-","-","0","0","1","0","0.00","0","0","1","0.00"
"1719","Justin Braun","Tony DeAngelo","PHI","40","1.0666666666667","0","3","0.00","0","1","0.00","0","1","0.00","0","0","-","0","0.11","0.00","0","2","0.00","0","1","0.00","0","0","-","0","1","0.00","0","0","-","0","1","0.00","0","0","-","-","100.00","1.00","0","0","0","5","-","0","0","0","-"
"1720","Matt Dumba","Dakota Mermis","MIN","2","1.0666666666667","0","1","0.00","0","1","0.00","0","1","0.00","0","0","-","0","0.07","0.00","0","0","-","0","0","-","0","0","-","0","0","-","0","0","-","0","1","0.00","0","0","-","-","100.00","1.00","0","0","0","0","-","0","0","0","-"
"1721","Brady Skjei","Andreas Englund","NSH","24","1.0666666666667","1","1","50.00","1","1","50.00","1","0","100.00","0","0","-","0","0.11","0.49","0","1","0.00","0","1","0.00","0","0","-","0","0","-","0","0","-","0","0","-","0","0","-","0.00","-","0.00","0","0","0","2","-","0","0","1","0.00"
"1722","Ben Hutton","Kaedan Korczak","VGK","27","1.0666666666667","0","1","0.00","0","1","0.00","0","0","-","0","0","-","0","0.16","0.00","0","1","0.00","0","1","0.00","0","0","-","0","0","-","0","0","-","0","0","-","0","0","-","-","-","-","0","0","0","1","-","0","0","0","-"
"1723","Travis Sanheim","Emil Andrae","PHI","46","1.0666666666667","0","1","0.00","0","1","0.00","0","1","0.00","0","0","-","0","0.06","0.00","0","1","0.00","0","0","-","0","0","-","0","1","0.00","0","0","-","0","0","-","0","0","-","-","100.00","1.00","0","0","0","2","-","0","0","0","-"
"1724","Mikhail Sergachev","Maveric Lamoureux","UTA","15","1.0666666666667","0","2","0.00","0","2","0.00","0","2","0.00","0","1","0.00","0","0.09","0.00","0","0","-","0","0","-","0","0","-","0","0","-","0","0","-","0","3","0.00","0","1","0.00","-","50.00","0.50","0","0","1","3","0.00","0","0","1","0.00"
"1725","Luke Schenn","Josh Morrissey","WPG","15","1.05","0","0","-","0","0","-","0","0","-","0","0","-","0","0","-","0","0","-","0","0","-","0","0","-","0","0","-","0","0","-","0","0","-","0","0","-","-","-","-","0","0","0","2","-","0","0","0","-"
"1726","Nick Seeler","Jamie Drysdale","PHI","89","1.05","0","0","-","0","0","-","0","0","-","0","0","-","0","0","-","0","0","-","0","0","-","0","0","-","0","0","-","0","0","-","0","1","0.00","0","0","-","-","-","-","0","0","2","1","0.00","1","0","2","33.33"
"1727","Hampus Lindholm","Nikita Zadorov","BOS","17","1.05","1","1","50.00","1","1","50.00","0","1","0.00","0","0","-","0.06","0.14","31.55","1","1","50.00","1","1","50.00","0","0","-","0","0","-","0","0","-","0","0","-","0","0","-","-","100.00","1.00","0","0","0","5","-","0","0","0","-"
"1728","Joshua Brown","Cam Dineen","EDM","2","1.05","0","2","0.00","0","2","0.00","0","0","-","0","0","-","0","0.06","0.00","0","0","-","0","0","-","0","0","-","0","0","-","0","0","-","0","3","0.00","0","0","-","-","-","-","0","0","0","1","-","0","0","1","0.00"
"1729","Mark Friedman","Jan Rutta","PIT","7","1.05","0","3","0.00","0","2","0.00","0","2","0.00","0","0","-","0","0.2","0.00","0","2","0.00","0","1","0.00","0","0","-","0","1","0.00","0","0","-","0","1","0.00","0","0","-","-","100.00","1.00","0","0","0","5","-","0","0","0","-"
"1730","Lucas Johansen","Rasmus Sandin","WSH","6","1.05","0","2","0.00","0","0","-","0","0","-","0","0","-","0","0","-","0","0","-","0","0","-","0","0","-","0","0","-","0","0","-","0","2","0.00","0","0","-","-","-","-","0","0","0","1","-","0","0","0","-"
"1731","Nick DeSimone","Santeri Hatakka","N.J","5","1.05","0","2","0.00","0","2","0.00","0","2","0.00","0","0","-","0","0.16","0.00","0","1","0.00","0","1","0.00","0","0","-","0","0","-","0","0","-","0","1","0.00","0","0","-","-","100.00","1.00","0","0","0","3","-","0","0","0","-"
"1732","Nick Perbix","Janis Moser","T.B","46","1.05","1","1","50.00","0","1","0.00","0","0","-","0","0","-","0","0.04","0.00","0","0","-","0","0","-","0","0","-","0","0","-","0","0","-","0","2","0.00","0","0","-","-","-","-","0","0","1","1","0.00","0","0","1","0.00"
"1733","Quinn Hughes","Victor Mancini","VAN","12","1.05","1","2","33.33","1","1","50.00","0","1","0.00","0","0","-","0.05","0.03","60.44","0","1","0.00","0","0","-","0","0","-","0","1","0.00","0","0","-","1","1","50.00","0","0","-","-","100.00","1.00","0","0","1","1","0.00","0","0","1","0.00"
"1734","Tyler Kleven","Nikolas Matinpalo","OTT","42","1.05","1","1","50.00","1","1","50.00","1","1","50.00","0","0","-","0","0.04","6.61","0","0","-","0","0","-","0","0","-","0","0","-","0","0","-","0","2","0.00","0","0","-","0.00","100.00","1.000","0","0","1","4","0.00","0","0","1","0.00"
"1735","Luke Schenn","Tucker Poolman","VAN","3","1.0333333333333","0","1","0.00","0","1","0.00","0","1","0.00","0","0","-","0","0.04","0.00","0","0","-","0","0","-","0","0","-","0","0","-","0","0","-","0","1","0.00","0","0","-","-","100.00","1.00","0","0","0","1","-","0","0","0","-"
"1736","Dmitry Orlov","Jakub Zboril","BOS","5","1.0333333333333","0","3","0.00","0","3","0.00","0","1","0.00","0","1","0.00","0","0.23","0.00","0","2","0.00","0","1","0.00","0","1","0.00","0","1","0.00","0","0","-","0","1","0.00","0","0","-","-","0.00","0.00","0","0","0","2","-","0","0","0","-"
"1737","Brian Dumoulin","Pierre-Olivier Joseph","PIT","75","1.0333333333333","0","3","0.00","0","3","0.00","0","2","0.00","0","0","-","0","0.58","0.00","0","3","0.00","0","3","0.00","0","0","-","0","0","-","0","0","-","0","0","-","0","0","-","-","100.00","1.00","0","0","0","3","-","0","0","0","-"
"1738","Christopher Tanev","Oliver Kylington","CGY","12","1.0333333333333","1","0","100.00","1","0","100.00","0","0","-","0","0","-","0.04","0","100.00","0","0","-","0","0","-","0","0","-","0","0","-","0","0","-","1","0","100.00","0","0","-","-","-","-","0","0","0","2","-","0","0","0","-"
"1739","Jeremy Lauzon","Nick Blankenburg","NSH","6","1.0333333333333","0","0","-","0","0","-","0","0","-","0","0","-","0","0","-","0","0","-","0","0","-","0","0","-","0","0","-","0","0","-","0","0","-","0","0","-","-","-","-","0","0","1","4","0.00","0","0","1","0.00"
"1740","Adam Boqvist","Tim Berni","CBJ","42","1.0333333333333","0","2","0.00","0","1","0.00","0","1","0.00","0","0","-","0","0.2","0.00","0","2","0.00","0","2","0.00","0","0","-","0","0","-","0","0","-","0","0","-","0","0","-","-","100.00","1.00","0","0","0","2","-","0","0","0","-"
"1741","Jack Thompson","Shakir Mukhamadullin","S.J","10","1.0333333333333","1","4","20.00","0","4","0.00","0","4","0.00","0","0","-","0","0.69","0.00","0","3","0.00","0","2","0.00","0","0","-","0","1","0.00","0","0","-","1","1","50.00","0","0","-","-","100.00","1.00","0","0","0","0","-","0","0","0","-"
"1742","Brad Hunt","Devon Toews","COL","47","1.0166666666667","0","2","0.00","0","2","0.00","0","1","0.00","0","0","-","0","0.2","0.00","0","2","0.00","0","2","0.00","0","0","-","0","0","-","0","0","-","0","0","-","0","0","-","-","100.00","1.00","0","0","0","3","-","0","0","0","-"
"1743","Ryan Graves","Vladislav Kolyachonok","PIT","10","1.0166666666667","0","1","0.00","0","1","0.00","0","1","0.00","0","0","-","0","0.09","0.00","0","1","0.00","0","0","-","0","0","-","0","1","0.00","0","0","-","0","1","0.00","0","0","-","-","100.00","1.00","0","0","1","2","0.00","0","0","1","0.00"
"1744","Christian Wolanin","Quinn Hughes","VAN","16","1.0166666666667","3","1","75.00","3","1","75.00","2","0","100.00","0","0","-","0.03","0.36","7.20","1","0","100.00","0","0","-","0","0","-","1","0","100.00","0","0","-","1","0","100.00","0","0","-","0.00","-","0.00","0","0","0","3","-","0","1","0","-"
"1745","Alexandre Carrier","Spencer Stastney","NSH","13","1.0166666666667","1","0","100.00","1","0","100.00","0","0","-","0","0","-","0.22","0","100.00","1","0","100.00","1","0","100.00","0","0","-","0","0","-","0","0","-","0","0","-","0","0","-","-","-","-","0","0","0","3","-","0","0","0","-"
"1746","Lucas Johansen","Martin Fehervary","WSH","4","1.0166666666667","0","3","0.00","0","3","0.00","0","1","0.00","0","0","-","0","0.32","0.00","0","1","0.00","0","1","0.00","0","0","-","0","0","-","0","0","-","0","2","0.00","0","0","-","-","100.00","1.00","0","0","0","0","-","0","0","0","-"
"1747","Gustav Lindstrom","Justin Barron","MTL","14","1.0166666666667","1","2","33.33","1","2","33.33","1","2","33.33","0","1","0.00","0.05","0.13","28.07","0","1","0.00","0","0","-","0","0","-","0","1","0.00","0","1","0.00","1","1","50.00","0","0","-","0.00","50.00","0.500","0","0","0","3","-","0","0","0","-"
"1748","Connor Mackey","Victor Mancini","NYR","1","1.0166666666667","0","0","-","0","0","-","0","0","-","0","0","-","0","0","-","0","0","-","0","0","-","0","0","-","0","0","-","0","0","-","0","0","-","0","0","-","-","-","-","0","0","0","0","-","0","0","0","-"
"1749","Jack Ahcan","Wyatt Aamodt","COL","2","1.0166666666667","1","2","33.33","0","2","0.00","0","1","0.00","0","0","-","0","0.26","0.00","0","2","0.00","0","1","0.00","0","0","-","0","1","0.00","0","0","-","1","0","100.00","0","0","-","-","100.00","1.00","0","0","0","0","-","0","0","0","-"
"1750","Robert Bortuzzo","Calle Rosen","STL","16","1","0","4","0.00","0","4","0.00","0","4","0.00","0","2","0.00","0","0.75","0.00","0","3","0.00","0","2","0.00","0","2","0.00","0","1","0.00","0","0","-","0","1","0.00","0","0","-","-","50.00","0.50","0","0","2","0","0.00","0","0","2","0.00"
"1751","Scott Mayfield","Parker Wotherspoon","NYI","12","1","0","2","0.00","0","1","0.00","0","1","0.00","0","0","-","0","0.01","0.00","0","0","-","0","0","-","0","0","-","0","0","-","0","0","-","0","1","0.00","0","0","-","-","100.00","1.00","0","0","1","1","0.00","0","0","1","0.00"
"1752","Brian Dumoulin","Mark Friedman","PIT","23","0.98333333333333","0","1","0.00","0","1","0.00","0","1","0.00","0","0","-","0","0.11","0.00","0","1","0.00","0","1","0.00","0","0","-","0","0","-","0","0","-","0","0","-","0","0","-","-","100.00","1.00","0","1","0","2","-","0","1","0","-"
"1753","Joel Edmundson","Rasmus Sandin","WSH","37","0.98333333333333","1","1","50.00","1","1","50.00","1","1","50.00","0","0","-","0","0.07","0.86","0","1","0.00","0","0","-","0","0","-","0","1","0.00","0","0","-","0","0","-","0","0","-","0.00","100.00","1.000","0","0","0","1","-","0","0","0","-"
"1754","Dougie Hamilton","John Marino","N.J","84","0.98333333333333","0","3","0.00","0","2","0.00","0","1","0.00","0","0","-","0","0.18","0.00","0","0","-","0","0","-","0","0","-","0","0","-","0","0","-","0","3","0.00","0","0","-","-","100.00","1.00","0","0","0","9","-","0","0","0","-"
"1755","Ivan Provorov","Nick Blankenburg","CBJ","12","0.98333333333333","1","1","50.00","1","1","50.00","1","1","50.00","0","0","-","0.01","0.06","7.95","0","1","0.00","0","0","-","0","0","-","0","1","0.00","0","0","-","0","0","-","0","0","-","0.00","100.00","1.000","0","0","0","0","-","0","0","1","0.00"
"1756","Jack Johnson","Jarred Tinordi","CHI","27","0.96666666666667","0","2","0.00","0","1","0.00","0","1","0.00","0","0","-","0","0.04","0.00","0","1","0.00","0","0","-","0","0","-","0","1","0.00","0","0","-","0","1","0.00","0","0","-","-","100.00","1.00","0","0","1","5","0.00","0","0","1","0.00"
"1757","Zach Bogosian","Erik Cernak","T.B","42","0.96666666666667","2","0","100.00","1","0","100.00","1","0","100.00","0","0","-","0","0","100.00","1","0","100.00","0","0","-","0","0","-","1","0","100.00","0","0","-","0","1","0.00","0","0","-","0.00","-","0.00","0","0","1","5","0.00","0","0","1","0.00"
"1758","Justin Schultz","Carson Soucy","SEA","70","0.96666666666667","0","0","-","0","0","-","0","0","-","0","0","-","0","0","-","0","0","-","0","0","-","0","0","-","0","0","-","0","0","-","0","0","-","0","0","-","-","-","-","1","1","1","3","50.00","1","1","1","50.00"
"1759","Dmitry Orlov","Erik Gustafsson","WSH","42","0.96666666666667","1","1","50.00","1","1","50.00","1","1","50.00","0","0","-","0.01","0.12","8.28","0","1","0.00","0","1","0.00","0","0","-","0","0","-","0","0","-","1","0","100.00","0","0","-","0.00","100.00","1.000","0","0","1","1","0.00","0","0","1","0.00"
"1760","Kyle Burroughs","Jordan Spence","L.A","32","0.96666666666667","0","0","-","0","0","-","0","0","-","0","0","-","0","0","-","0","0","-","0","0","-","0","0","-","0","0","-","0","0","-","0","0","-","0","0","-","-","-","-","0","0","0","2","-","0","0","0","-"
"1761","Jake Walman","Evan Bouchard","EDM","15","0.96666666666667","1","4","20.00","0","1","0.00","0","1","0.00","0","0","-","0","0.06","0.00","0","1","0.00","0","0","-","0","0","-","0","1","0.00","0","0","-","1","4","20.00","0","0","-","-","100.00","1.00","0","0","1","2","0.00","0","0","1","0.00"
"1762","Rasmus Andersson","Connor Mackey","CGY","10","0.96666666666667","0","4","0.00","0","3","0.00","0","1","0.00","0","0","-","0","0.19","0.00","0","2","0.00","0","0","-","0","0","-","0","2","0.00","0","0","-","0","2","0.00","0","0","-","-","100.00","1.00","0","0","0","0","-","0","0","0","-"
"1763","Rasmus Andersson","Daniil Miromanov","CGY","63","0.96666666666667","1","5","16.67","1","3","25.00","1","2","33.33","0","1","0.00","0.02","0.36","5.38","0","4","0.00","0","3","0.00","0","0","-","0","1","0.00","0","0","-","1","1","50.00","0","1","0.00","0.00","50.00","0.500","0","0","0","1","-","0","0","0","-"
"1764","Quinn Hughes","Elias Pettersson","VAN","18","0.96666666666667","1","3","25.00","1","3","25.00","0","3","0.00","0","1","0.00","0.06","0.53","10.84","1","2","33.33","0","2","0.00","0","0","-","1","0","100.00","0","0","-","0","1","0.00","0","1","0.00","-","66.67","0.67","1","0","0","2","100.00","1","0","0","100.00"
"1765","Billy Sweezey","Samuel Knazko","CBJ","2","0.96666666666667","0","1","0.00","0","1","0.00","0","0","-","0","0","-","0","0.04","0.00","0","0","-","0","0","-","0","0","-","0","0","-","0","0","-","0","1","0.00","0","0","-","-","-","-","0","0","1","0","0.00","0","0","1","0.00"
"1766","Erik Johnson","Emil Andrae","PHI","11","0.95","0","1","0.00","0","0","-","0","0","-","0","0","-","0","0","-","0","1","0.00","0","0","-","0","0","-","0","1","0.00","0","0","-","0","0","-","0","0","-","-","-","-","0","0","0","1","-","0","0","0","-"
"1767","Ian Cole","Nick Perbix","T.B","68","0.95","0","0","-","0","0","-","0","0","-","0","0","-","0","0","-","0","0","-","0","0","-","0","0","-","0","0","-","0","0","-","0","0","-","0","0","-","-","-","-","0","0","0","1","-","0","0","0","-"
"1768","Alex Pietrangelo","Ben Hutton","VGK","62","0.95","2","0","100.00","2","0","100.00","1","0","100.00","1","0","100.00","0.12","0","100.00","1","0","100.00","0","0","-","0","0","-","1","0","100.00","1","0","100.00","2","0","100.00","0","0","-","100.00","-","1.00","0","0","0","1","-","1","0","0","100.00"
"1769","Christopher Tanev","Morgan Rielly","TOR","75","0.95","0","0","-","0","0","-","0","0","-","0","0","-","0","0","-","0","0","-","0","0","-","0","0","-","0","0","-","0","0","-","0","0","-","0","0","-","-","-","-","0","0","0","4","-","0","0","0","-"
"1770","Brad Hunt","Cale Makar","COL","29","0.95","0","2","0.00","0","2","0.00","0","1","0.00","0","0","-","0","0.2","0.00","0","2","0.00","0","2","0.00","0","0","-","0","0","-","0","0","-","0","0","-","0","0","-","-","100.00","1.00","0","0","0","1","-","0","0","0","-"
"1771","Erik Gustafsson","Zac Jones","NYR","25","0.95","0","1","0.00","0","0","-","0","0","-","0","0","-","0","0","-","0","0","-","0","0","-","0","0","-","0","0","-","0","0","-","0","0","-","0","0","-","-","-","-","0","0","0","3","-","0","0","0","-"
"1772","Josh Morrissey","Kyle Capobianco","WPG","12","0.95","0","0","-","0","0","-","0","0","-","0","0","-","0","0","-","0","0","-","0","0","-","0","0","-","0","0","-","0","0","-","0","0","-","0","0","-","-","-","-","0","0","1","0","-","0","0","0","-"
"1773","Juuso Valimaki","Vladislav Kolyachonok","UTA","20","0.95","0","0","-","0","0","-","0","0","-","0","0","-","0","0","-","0","0","-","0","0","-","0","0","-","0","0","-","0","0","-","0","0","-","0","0","-","-","-","-","0","0","0","1","-","0","0","1","0.00"
"1774","Pierre-Olivier Joseph","Philip Broberg","STL","14","0.95","0","1","0.00","0","1","0.00","0","1","0.00","0","0","-","0","0.09","0.00","0","1","0.00","0","0","-","0","0","-","0","1","0.00","0","0","-","0","0","-","0","0","-","-","100.00","1.00","0","0","0","1","-","0","0","0","-"
"1775","Brent Burns","Dylan Coghlan","CAR","18","0.93333333333333","1","1","50.00","1","0","100.00","1","0","100.00","0","0","-","0.05","0","100.00","1","0","100.00","0","0","-","0","0","-","1","0","100.00","0","0","-","0","2","0.00","0","0","-","0.00","-","0.00","0","0","1","0","0.00","0","0","1","0.00"
"1776","Victor Hedman","Jack Thompson","T.B","1","0.93333333333333","0","0","-","0","0","-","0","0","-","0","0","-","0","0","-","0","0","-","0","0","-","0","0","-","0","0","-","0","0","-","0","0","-","0","0","-","-","-","-","0","0","0","1","-","0","0","0","-"
"1777","Colin Miller","Joel Hanley","DAL","23","0.93333333333333","0","0","-","0","0","-","0","0","-","0","0","-","0","0","-","0","0","-","0","0","-","0","0","-","0","0","-","0","0","-","0","0","-","0","0","-","-","-","-","0","0","0","3","-","0","0","0","-"
"1778","Joshua Brown","Travis Dermott","EDM","2","0.93333333333333","0","1","0.00","0","1","0.00","0","1","0.00","0","0","-","0","0.05","0.00","0","1","0.00","0","0","-","0","0","-","0","1","0.00","0","0","-","0","0","-","0","0","-","-","100.00","1.00","0","0","0","0","-","0","0","0","-"
"1779","Darren Raddysh","Philippe Myers","T.B","5","0.93333333333333","2","2","50.00","2","1","66.67","1","0","100.00","0","0","-","0.08","0.05","59.84","1","1","50.00","0","0","-","0","0","-","1","1","50.00","0","0","-","1","1","50.00","0","0","-","0.00","-","0.00","0","0","0","0","-","0","0","0","-"
"1780","Alex Goligoski","Zach Bogosian","MIN","29","0.91666666666667","0","0","-","0","0","-","0","0","-","0","0","-","0","0","-","0","0","-","0","0","-","0","0","-","0","0","-","0","0","-","0","0","-","0","0","-","-","-","-","0","0","0","3","-","0","0","0","-"
"1781","Anton Stralman","Charlie McAvoy","BOS","4","0.91666666666667","1","1","50.00","1","0","100.00","1","0","100.00","0","0","-","0.11","0","100.00","1","1","50.00","1","0","100.00","0","0","-","0","1","0.00","0","0","-","0","0","-","0","0","-","0.00","-","0.00","0","0","1","1","0.00","0","0","1","0.00"
"1782","Justin Schultz","Adam Larsson","SEA","142","0.91666666666667","0","0","-","0","0","-","0","0","-","0","0","-","0","0","-","0","0","-","0","0","-","0","0","-","0","0","-","0","0","-","0","0","-","0","0","-","-","-","-","0","0","0","8","-","0","1","0","-"
"1783","Calvin de Haan","Oliver Kylington","COL","6","0.91666666666667","0","0","-","0","0","-","0","0","-","0","0","-","0","0","-","0","0","-","0","0","-","0","0","-","0","0","-","0","0","-","0","0","-","0","0","-","-","-","-","0","0","0","2","-","0","0","1","0.00"
"1784","Dmitry Orlov","Shayne Gostisbehere","CAR","64","0.91666666666667","0","0","-","0","0","-","0","0","-","0","0","-","0","0","-","0","0","-","0","0","-","0","0","-","0","0","-","0","0","-","0","0","-","0","0","-","-","-","-","0","0","0","4","-","0","0","0","-"
"1785","Connor Murphy","Andreas Englund","CHI","11","0.91666666666667","0","0","-","0","0","-","0","0","-","0","0","-","0","0","-","0","0","-","0","0","-","0","0","-","0","0","-","0","0","-","0","0","-","0","0","-","-","-","-","0","0","0","5","-","0","0","0","-"
"1786","Dennis Gilbert","Ilya Solovyov","CGY","5","0.91666666666667","0","3","0.00","0","1","0.00","0","1","0.00","0","0","-","0","0.06","0.00","0","2","0.00","0","1","0.00","0","0","-","0","1","0.00","0","0","-","0","1","0.00","0","0","-","-","100.00","1.00","0","0","0","0","-","0","0","0","-"
"1787","Matt Roy","Alexander Alexeyev","WSH","4","0.91666666666667","1","1","50.00","1","1","50.00","1","1","50.00","0","0","-","0.01","0.11","10.71","0","0","-","0","0","-","0","0","-","0","0","-","0","0","-","0","1","0.00","0","0","-","0.00","100.00","1.000","0","0","1","0","0.00","0","0","1","0.00"
"1788","Gavin Bayreuther","Billy Sweezey","CBJ","9","0.91666666666667","0","1","0.00","0","1","0.00","0","1","0.00","0","1","0.00","0","0.16","0.00","0","1","0.00","0","0","-","0","0","-","0","1","0.00","0","1","0.00","0","0","-","0","0","-","-","0.00","0.00","0","0","1","2","0.00","0","0","1","0.00"
"1789","Conor Timmins","Rasmus Sandin","TOR","14","0.91666666666667","2","0","100.00","2","0","100.00","2","0","100.00","0","0","-","0.14","0","100.00","2","0","100.00","1","0","100.00","0","0","-","1","0","100.00","0","0","-","0","0","-","0","0","-","0.00","-","0.00","0","0","1","1","0.00","0","0","1","0.00"
"1790","Louis Crevier","Kevin Korchinski","CHI","22","0.91666666666667","0","2","0.00","0","1","0.00","0","0","-","0","0","-","0","0.12","0.00","0","1","0.00","0","1","0.00","0","0","-","0","0","-","0","0","-","0","1","0.00","0","0","-","-","-","-","0","1","1","2","0.00","1","1","0","100.00"
"1791","Kevin Shattenkirk","Scott Harrington","ANA","17","0.9","1","2","33.33","1","0","100.00","1","0","100.00","0","0","-","0","0","100.00","0","0","-","0","0","-","0","0","-","0","0","-","0","0","-","0","2","0.00","0","0","-","0.00","-","0.00","0","0","0","0","-","0","0","1","0.00"
"1792","John Carlson","Jakob Chychrun","WSH","72","0.9","2","3","40.00","2","2","50.00","1","1","50.00","0","0","-","0.31","0.1","76.52","2","1","66.67","1","0","100.00","0","0","-","1","1","50.00","0","0","-","0","4","0.00","0","0","-","0.00","100.00","1.000","0","0","1","1","0.00","0","1","2","0.00"
"1793","TJ Brodie","Louis Crevier","CHI","21","0.9","0","2","0.00","0","1","0.00","0","1","0.00","0","0","-","0","0.07","0.00","0","1","0.00","0","0","-","0","0","-","0","1","0.00","0","0","-","0","1","0.00","0","0","-","-","100.00","1.00","0","0","1","2","0.00","0","0","1","0.00"
"1794","Tyson Barrie","Spencer Stastney","NSH","15","0.9","1","1","50.00","1","1","50.00","1","1","50.00","1","0","100.00","0.12","0.08","58.87","1","1","50.00","1","0","100.00","1","0","100.00","0","1","0.00","0","0","-","0","0","-","0","0","-","100.00","100.00","2.000","0","0","0","1","-","0","1","0","-"
"1795","Justin Holl","Rasmus Sandin","TOR","51","0.9","0","0","-","0","0","-","0","0","-","0","0","-","0","0","-","0","0","-","0","0","-","0","0","-","0","0","-","0","0","-","0","0","-","0","0","-","-","-","-","0","0","1","0","0.00","0","0","1","0.00"
"1796","Erik Gudbranson","Dante Fabbro","CBJ","12","0.9","1","1","50.00","1","1","50.00","1","0","100.00","0","0","-","0.02","0.08","23.16","0","0","-","0","0","-","0","0","-","0","0","-","0","0","-","0","1","0.00","0","0","-","0.00","-","0.00","0","0","0","3","-","0","0","0","-"
"1797","Adam Larsson","Cale Fleury","SEA","26","0.9","0","0","-","0","0","-","0","0","-","0","0","-","0","0","-","0","0","-","0","0","-","0","0","-","0","0","-","0","0","-","0","0","-","0","0","-","-","-","-","0","0","0","6","-","0","0","0","-"
"1798","Hampus Lindholm","Ian Mitchell","BOS","13","0.9","0","1","0.00","0","1","0.00","0","1","0.00","0","1","0.00","0","0.08","0.00","0","1","0.00","0","0","-","0","0","-","0","1","0.00","0","1","0.00","0","1","0.00","0","0","-","-","0.00","0.00","0","0","0","4","-","0","0","1","0.00"
"1799","Jake Walman","Jack Thompson","S.J","18","0.9","2","2","50.00","2","2","50.00","2","1","66.67","0","0","-","0.15","0.1","59.13","0","2","0.00","0","0","-","0","0","-","0","2","0.00","0","0","-","2","0","100.00","0","0","-","0.00","100.00","1.000","0","0","0","1","-","0","0","0","-"
"1800","Sean Walker","Jordan Spence","L.A","3","0.9","0","1","0.00","0","0","-","0","0","-","0","0","-","0","0","-","0","1","0.00","0","0","-","0","0","-","0","1","0.00","0","0","-","0","0","-","0","0","-","-","-","-","0","0","0","1","-","0","0","0","-"
"1801","Marc-Edouard Vlasic","Lucas Carlsson","S.J","10","0.88333333333333","0","3","0.00","0","3","0.00","0","3","0.00","0","0","-","0","0.41","0.00","0","3","0.00","0","2","0.00","0","0","-","0","1","0.00","0","0","-","0","0","-","0","0","-","-","100.00","1.00","0","0","0","1","-","0","0","0","-"
"1802","Robert Bortuzzo","Ryan Pulock","NYI","12","0.88333333333333","0","1","0.00","0","1","0.00","0","0","-","0","0","-","0","0.06","0.00","0","0","-","0","0","-","0","0","-","0","0","-","0","0","-","0","1","0.00","0","0","-","-","-","-","0","0","1","5","0.00","0","0","1","0.00"
"1803","Justin Schultz","Jamie Oleksiak","SEA","138","0.88333333333333","0","0","-","0","0","-","0","0","-","0","0","-","0","0","-","0","0","-","0","0","-","0","0","-","0","0","-","0","0","-","0","0","-","0","0","-","-","-","-","0","0","0","4","-","0","0","0","-"
"1804","Brenden Dillon","Luke Hughes","N.J","71","0.88333333333333","0","1","0.00","0","1","0.00","0","1","0.00","0","0","-","0","0.02","0.00","0","0","-","0","0","-","0","0","-","0","0","-","0","0","-","0","0","-","0","0","-","-","100.00","1.00","0","0","0","3","-","0","0","0","-"
"1805","Christopher Tanev","Jordan Oesterle","CGY","18","0.88333333333333","0","2","0.00","0","1","0.00","0","1","0.00","0","0","-","0","0.07","0.00","0","2","0.00","0","0","-","0","0","-","0","2","0.00","0","0","-","0","0","-","0","0","-","-","100.00","1.00","0","0","0","1","-","0","0","0","-"
"1806","Mike Reilly","Scott Mayfield","NYI","40","0.88333333333333","1","2","33.33","1","2","33.33","1","1","50.00","1","1","50.00","0.05","0.13","28.11","1","0","100.00","0","0","-","0","0","-","1","0","100.00","1","0","100.00","0","2","0.00","0","1","0.00","100.00","0.00","1.000","0","0","0","2","-","0","1","0","-"
"1807","Jonas Brodin","Calen Addison","MIN","57","0.88333333333333","1","0","100.00","1","0","100.00","1","0","100.00","0","0","-","0.05","0","100.00","1","0","100.00","0","0","-","0","0","-","1","0","100.00","0","0","-","0","0","-","0","0","-","0.00","-","0.00","0","0","0","2","-","1","0","0","100.00"
"1808","Jaccob Slavin","Tony DeAngelo","CAR","30","0.88333333333333","1","0","100.00","1","0","100.00","1","0","100.00","1","0","100.00","0.09","0","100.00","1","0","100.00","1","0","100.00","1","0","100.00","0","0","-","0","0","-","0","0","-","0","0","-","100.00","-","1.00","0","0","0","0","-","0","0","0","-"
"1809","Ben Harpur","K'Andre Miller","NYR","39","0.88333333333333","1","1","50.00","0","1","0.00","0","1","0.00","0","0","-","0","0.11","0.00","0","0","-","0","0","-","0","0","-","0","0","-","0","0","-","1","1","50.00","0","0","-","-","100.00","1.00","0","0","0","3","-","0","0","0","-"
"1810","Jakob Chychrun","Juuso Valimaki","ARI","34","0.88333333333333","0","2","0.00","0","2","0.00","0","2","0.00","0","0","-","0","0.17","0.00","0","1","0.00","0","0","-","0","0","-","0","1","0.00","0","0","-","0","1","0.00","0","0","-","-","100.00","1.00","0","0","0","5","-","0","0","0","-"
"1811","Jacob Moverare","Brandt Clarke","L.A","49","0.88333333333333","0","3","0.00","0","2","0.00","0","1","0.00","0","0","-","0","0.11","0.00","0","3","0.00","0","0","-","0","0","-","0","3","0.00","0","0","-","0","0","-","0","0","-","-","100.00","1.00","0","0","0","0","-","0","0","0","-"
"1812","Roman Josi","Callan Foote","NSH","9","0.86666666666667","0","1","0.00","0","1","0.00","0","1","0.00","0","0","-","0","0.04","0.00","0","0","-","0","0","-","0","0","-","0","0","-","0","0","-","0","1","0.00","0","0","-","-","100.00","1.00","0","0","0","2","-","0","0","0","-"
"1813","Jared Spurgeon","Matt Dumba","MIN","77","0.86666666666667","1","0","100.00","1","0","100.00","1","0","100.00","0","0","-","0","0","100.00","0","0","-","0","0","-","0","0","-","0","0","-","0","0","-","0","0","-","0","0","-","0.00","-","0.00","0","0","0","10","-","0","0","0","-"
"1814","Mike Reilly","Hampus Lindholm","BOS","10","0.86666666666667","0","1","0.00","0","0","-","0","0","-","0","0","-","0","0","-","0","1","0.00","0","0","-","0","0","-","0","1","0.00","0","0","-","0","0","-","0","0","-","-","-","-","0","0","0","2","-","0","0","0","-"
"1815","Erik Gustafsson","Ryan Lindgren","NYR","71","0.86666666666667","2","1","66.67","2","1","66.67","2","0","100.00","0","0","-","0.23","0.04","85.25","2","0","100.00","0","0","-","0","0","-","2","0","100.00","0","0","-","0","1","0.00","0","0","-","0.00","-","0.00","0","0","1","15","0.00","0","0","1","0.00"
"1816","Carson Soucy","Adam Fox","NYR","12","0.86666666666667","0","1","0.00","0","1","0.00","0","1","0.00","0","1","0.00","0","0.07","0.00","0","0","-","0","0","-","0","0","-","0","0","-","0","0","-","0","1","0.00","0","1","0.00","-","0.00","0.00","0","0","1","1","0.00","0","0","1","0.00"
"1817","Darnell Nurse","Travis Dermott","EDM","8","0.86666666666667","1","0","100.00","1","0","100.00","1","0","100.00","0","0","-","0","0","100.00","0","0","-","0","0","-","0","0","-","0","0","-","0","0","-","0","1","0.00","0","0","-","0.00","-","0.00","0","0","2","0","0.00","0","0","2","0.00"
"1818","Rasmus Ristolainen","Emil Andrae","PHI","23","0.86666666666667","0","2","0.00","0","2","0.00","0","1","0.00","0","0","-","0","0.43","0.00","0","1","0.00","0","1","0.00","0","0","-","0","0","-","0","0","-","0","2","0.00","0","0","-","-","100.00","1.00","0","0","1","1","0.00","0","0","1","0.00"
"1819","Nikita Zadorov","Connor Mackey","CGY","10","0.86666666666667","0","1","0.00","0","1","0.00","0","0","-","0","0","-","0","0.14","0.00","0","1","0.00","0","1","0.00","0","0","-","0","0","-","0","0","-","0","0","-","0","0","-","-","-","-","0","0","1","0","-","0","0","0","-"
"1820","Oliver Kylington","Olen Zellweger","ANA","6","0.86666666666667","0","2","0.00","0","2","0.00","0","2","0.00","0","0","-","0","0.18","0.00","0","1","0.00","0","1","0.00","0","0","-","0","0","-","0","0","-","0","2","0.00","0","0","-","-","100.00","1.00","0","0","0","1","-","0","0","1","0.00"
"1821","Drew Doughty","Tobias Bjornfot","L.A","10","0.85","0","0","-","0","0","-","0","0","-","0","0","-","0","0","-","0","0","-","0","0","-","0","0","-","0","0","-","0","0","-","0","0","-","0","0","-","-","-","-","0","0","1","1","0.00","0","0","1","0.00"
"1822","Tyler Myers","Erik Brannstrom","VAN","28","0.85","0","1","0.00","0","1","0.00","0","1","0.00","0","0","-","0","0.06","0.00","0","1","0.00","0","0","-","0","0","-","0","1","0.00","0","0","-","0","0","-","0","0","-","-","100.00","1.00","0","0","0","1","-","0","0","0","-"
"1823","Dmitry Kulikov","John Klingberg","ANA","50","0.85","0","0","-","0","0","-","0","0","-","0","0","-","0","0","-","0","0","-","0","0","-","0","0","-","0","0","-","0","0","-","0","0","-","0","0","-","-","-","-","0","2","1","1","0.00","0","2","1","0.00"
"1824","Colin Miller","Ville Heinola","WPG","9","0.85","0","2","0.00","0","1","0.00","0","0","-","0","0","-","0","0.06","0.00","0","0","-","0","0","-","0","0","-","0","0","-","0","0","-","0","1","0.00","0","0","-","-","-","-","0","0","0","1","-","0","0","0","-"
"1825","Torey Krug","Calle Rosen","STL","37","0.85","0","0","-","0","0","-","0","0","-","0","0","-","0","0","-","0","0","-","0","0","-","0","0","-","0","0","-","0","0","-","0","1","0.00","0","0","-","-","-","-","0","0","2","3","0.00","0","0","2","0.00"
"1826","Nikita Zadorov","Mark Friedman","VAN","3","0.85","0","3","0.00","0","1","0.00","0","1","0.00","0","0","-","0","0.08","0.00","0","1","0.00","0","0","-","0","0","-","0","1","0.00","0","0","-","0","2","0.00","0","0","-","-","100.00","1.00","0","0","0","1","-","0","0","0","-"
"1827","Jordan Oesterle","Brandon Carlo","BOS","21","0.85","0","1","0.00","0","1","0.00","0","0","-","0","0","-","0","0.05","0.00","0","0","-","0","0","-","0","0","-","0","0","-","0","0","-","0","1","0.00","0","0","-","-","-","-","0","0","1","2","0.00","0","1","1","0.00"
"1828","Caleb Jones","Mikey Anderson","L.A","5","0.85","0","0","-","0","0","-","0","0","-","0","0","-","0","0","-","0","0","-","0","0","-","0","0","-","0","0","-","0","0","-","0","0","-","0","0","-","-","-","-","0","0","0","1","-","0","0","0","-"
"1829","Dennis Gilbert","Mattias Samuelsson","BUF","13","0.85","2","2","50.00","1","1","50.00","1","0","100.00","0","0","-","0.04","0.16","20.19","0","2","0.00","0","1","0.00","0","0","-","0","1","0.00","0","0","-","2","0","100.00","0","0","-","0.00","-","0.00","0","0","0","4","-","0","0","0","-"
"1830","Vladislav Gavrikov","Nick Blankenburg","CBJ","17","0.85","0","3","0.00","0","2","0.00","0","2","0.00","0","0","-","0","0.14","0.00","0","0","-","0","0","-","0","0","-","0","0","-","0","0","-","0","3","0.00","0","0","-","-","100.00","1.00","0","0","0","3","-","0","0","0","-"
"1831","Andrew Peeke","Jake Christiansen","CBJ","24","0.85","0","1","0.00","0","0","-","0","0","-","0","0","-","0","0","-","0","1","0.00","0","0","-","0","0","-","0","1","0.00","0","0","-","0","0","-","0","0","-","-","-","-","0","0","0","0","-","0","0","1","0.00"
"1832","Bowen Byram","Sam Malinski","COL","16","0.85","0","1","0.00","0","1","0.00","0","1","0.00","0","1","0.00","0","0.17","0.00","0","1","0.00","0","1","0.00","0","1","0.00","0","0","-","0","0","-","0","1","0.00","0","0","-","-","0.00","0.00","0","0","1","0","0.00","0","0","1","0.00"
"1833","Justin Barron","Lane Hutson","MTL","19","0.85","0","0","-","0","0","-","0","0","-","0","0","-","0","0","-","0","0","-","0","0","-","0","0","-","0","0","-","0","0","-","0","0","-","0","0","-","-","-","-","0","0","0","1","-","0","0","0","-"
"1834","Joel Edmundson","Arber Xhekaj","MTL","37","0.83333333333333","0","1","0.00","0","1","0.00","0","1","0.00","0","0","-","0","0.13","0.00","0","1","0.00","0","1","0.00","0","0","-","0","0","-","0","0","-","0","0","-","0","0","-","-","100.00","1.00","0","0","1","0","0.00","0","0","1","0.00"
"1835","Damon Severson","David Jiricek","CBJ","35","0.83333333333333","0","1","0.00","0","0","-","0","0","-","0","0","-","0","0","-","0","0","-","0","0","-","0","0","-","0","0","-","0","0","-","0","1","0.00","0","0","-","-","-","-","0","0","0","0","-","0","0","0","-"
"1836","Mark Friedman","Noah Juulsen","VAN","14","0.83333333333333","0","2","0.00","0","1","0.00","0","0","-","0","0","-","0","0.04","0.00","0","1","0.00","0","0","-","0","0","-","0","1","0.00","0","0","-","0","1","0.00","0","0","-","-","-","-","0","0","1","2","0.00","0","0","1","0.00"
"1837","Erik Cernak","Callan Foote","T.B","23","0.83333333333333","0","0","-","0","0","-","0","0","-","0","0","-","0","0","-","0","0","-","0","0","-","0","0","-","0","0","-","0","0","-","0","0","-","0","0","-","-","-","-","0","0","0","3","-","0","0","0","-"
"1838","Dennis Gilbert","Jacob Bryson","BUF","15","0.83333333333333","0","0","-","0","0","-","0","0","-","0","0","-","0","0","-","0","0","-","0","0","-","0","0","-","0","0","-","0","0","-","0","0","-","0","0","-","-","-","-","0","0","0","0","-","0","0","0","-"
"1839","Erik Brannstrom","Quinn Hughes","VAN","26","0.83333333333333","0","0","-","0","0","-","0","0","-","0","0","-","0","0","-","0","0","-","0","0","-","0","0","-","0","0","-","0","0","-","0","0","-","0","0","-","-","-","-","0","0","0","4","-","0","0","0","-"
"1840","Kevin Shattenkirk","Derek Forbort","BOS","23","0.81666666666667","0","0","-","0","0","-","0","0","-","0","0","-","0","0","-","0","0","-","0","0","-","0","0","-","0","0","-","0","0","-","0","0","-","0","0","-","-","-","-","0","0","0","3","-","0","0","0","-"
"1841","Alex Pietrangelo","Shea Theodore","VGK","134","0.81666666666667","0","2","0.00","0","2","0.00","0","1","0.00","0","0","-","0","0.16","0.00","0","1","0.00","0","1","0.00","0","0","-","0","0","-","0","0","-","0","1","0.00","0","0","-","-","100.00","1.00","0","0","0","2","-","0","0","0","-"
"1842","Christopher Tanev","Thomas Harley","DAL","19","0.81666666666667","0","2","0.00","0","2","0.00","0","1","0.00","0","1","0.00","0","0.19","0.00","0","1","0.00","0","0","-","0","0","-","0","1","0.00","0","1","0.00","0","2","0.00","0","0","-","-","0.00","0.00","0","0","0","1","-","0","0","1","0.00"
"1843","Jamie Oleksiak","Jaycob Megna","SEA","6","0.81666666666667","0","2","0.00","0","1","0.00","0","1","0.00","0","1","0.00","0","0.43","0.00","0","2","0.00","0","1","0.00","0","1","0.00","0","1","0.00","0","0","-","0","0","-","0","0","-","-","0.00","0.00","0","0","0","3","-","0","0","1","0.00"
"1844","Torey Krug","Niko Mikkola","STL","34","0.81666666666667","0","0","-","0","0","-","0","0","-","0","0","-","0","0","-","0","0","-","0","0","-","0","0","-","0","0","-","0","0","-","0","0","-","0","0","-","-","-","-","0","0","1","1","0.00","0","0","1","0.00"
"1845","Kyle Burroughs","Jacob Moverare","L.A","25","0.81666666666667","0","1","0.00","0","1","0.00","0","0","-","0","0","-","0","0.06","0.00","0","1","0.00","0","0","-","0","0","-","0","1","0.00","0","0","-","0","0","-","0","0","-","-","-","-","0","0","0","1","-","0","0","0","-"
"1846","Kale Clague","Rasmus Dahlin","BUF","33","0.81666666666667","0","2","0.00","0","2","0.00","0","2","0.00","0","0","-","0","0.37","0.00","0","1","0.00","0","1","0.00","0","0","-","0","0","-","0","0","-","0","1","0.00","0","0","-","-","100.00","1.00","0","0","0","1","-","0","0","0","-"
"1847","Jacob MacDonald","Nick Cicek","S.J","2","0.81666666666667","0","1","0.00","0","0","-","0","0","-","0","0","-","0","0","-","0","0","-","0","0","-","0","0","-","0","0","-","0","0","-","0","1","0.00","0","0","-","-","-","-","0","0","0","1","-","0","0","0","-"
"1848","Urho Vaakanainen","Simon Benoit","ANA","23","0.81666666666667","0","0","-","0","0","-","0","0","-","0","0","-","0","0","-","0","0","-","0","0","-","0","0","-","0","0","-","0","0","-","0","0","-","0","0","-","-","-","-","0","0","0","3","-","0","0","0","-"
"1849","Radim Simek","Henry Thrun","S.J","7","0.81666666666667","0","1","0.00","0","1","0.00","0","1","0.00","0","0","-","0","0.04","0.00","0","0","-","0","0","-","0","0","-","0","0","-","0","0","-","0","1","0.00","0","0","-","-","100.00","1.00","0","0","0","1","-","0","0","0","-"
"1850","Kirill Kudryavtsev","Elias Pettersson","VAN","2","0.81666666666667","1","2","33.33","1","1","50.00","1","0","100.00","0","0","-","0.14","0.09","60.06","1","2","33.33","0","1","0.00","0","0","-","1","1","50.00","0","0","-","0","0","-","0","0","-","0.00","-","0.00","0","0","0","1","-","0","0","0","-"
"1851","Jack Johnson","Kurtis MacDermid","COL","36","0.8","0","3","0.00","0","3","0.00","0","2","0.00","0","0","-","0","0.17","0.00","0","1","0.00","0","1","0.00","0","0","-","0","0","-","0","0","-","0","2","0.00","0","0","-","-","100.00","1.00","0","0","0","1","-","0","0","0","-"
"1852","Kris Letang","Vincent Desharnais","PIT","10","0.8","0","1","0.00","0","1","0.00","0","0","-","0","0","-","0","0.05","0.00","0","1","0.00","0","0","-","0","0","-","0","1","0.00","0","0","-","0","0","-","0","0","-","-","-","-","0","0","0","2","-","0","0","0","-"
"1853","Zach Bogosian","Nick Perbix","T.B","38","0.8","0","0","-","0","0","-","0","0","-","0","0","-","0","0","-","0","0","-","0","0","-","0","0","-","0","0","-","0","0","-","0","0","-","0","0","-","-","-","-","0","0","0","1","-","0","0","0","-"
"1854","Erik Karlsson","John Ludvig","PIT","33","0.8","0","0","-","0","0","-","0","0","-","0","0","-","0","0","-","0","0","-","0","0","-","0","0","-","0","0","-","0","0","-","0","0","-","0","0","-","-","-","-","0","0","0","5","-","0","0","0","-"
"1855","Nick Jensen","Ethan Bear","WSH","22","0.8","0","1","0.00","0","1","0.00","0","0","-","0","0","-","0","0.12","0.00","0","1","0.00","0","0","-","0","0","-","0","1","0.00","0","0","-","0","0","-","0","0","-","-","-","-","0","0","1","1","0.00","0","0","1","0.00"
"1856","Matt Grzelcyk","Vincent Desharnais","PIT","10","0.8","0","1","0.00","0","1","0.00","0","1","0.00","0","0","-","0","0.05","0.00","0","0","-","0","0","-","0","0","-","0","0","-","0","0","-","0","1","0.00","0","0","-","-","100.00","1.00","0","0","0","1","-","0","0","0","-"
"1857","Jordan Oesterle","Gustav Lindstrom","DET","13","0.8","0","1","0.00","0","1","0.00","0","1","0.00","0","0","-","0","0.12","0.00","0","1","0.00","0","0","-","0","0","-","0","1","0.00","0","0","-","0","0","-","0","0","-","-","100.00","1.00","0","0","0","2","-","0","0","0","-"
"1858","Timothy Liljegren","Jimmy Schuldt","S.J","8","0.8","0","2","0.00","0","1","0.00","0","1","0.00","0","0","-","0","0.1","0.00","0","1","0.00","0","0","-","0","0","-","0","1","0.00","0","0","-","0","1","0.00","0","0","-","-","100.00","1.00","0","0","0","2","-","0","0","0","-"
"1859","Jack Rathbone","Quinn Hughes","VAN","7","0.8","0","0","-","0","0","-","0","0","-","0","0","-","0","0","-","0","0","-","0","0","-","0","0","-","0","0","-","0","0","-","0","0","-","0","0","-","-","-","-","0","0","0","2","-","0","0","0","-"
"1860","Gustav Lindstrom","Johnathan Kovacevic","MTL","14","0.8","0","2","0.00","0","2","0.00","0","1","0.00","0","0","-","0","0.21","0.00","0","1","0.00","0","1","0.00","0","0","-","0","0","-","0","0","-","0","1","0.00","0","0","-","-","100.00","1.00","0","0","0","1","-","0","0","0","-"
"1861","Christopher Tanev","Brandon Carlo","TOR","18","0.78333333333333","0","1","0.00","0","0","-","0","0","-","0","0","-","0","0","-","0","0","-","0","0","-","0","0","-","0","0","-","0","0","-","0","1","0.00","0","0","-","-","-","-","0","0","0","6","-","0","0","0","-"
"1862","Adam Pelech","Tony DeAngelo","NYI","33","0.78333333333333","0","1","0.00","0","1","0.00","0","1","0.00","0","0","-","0","0.09","0.00","0","1","0.00","0","0","-","0","0","-","0","1","0.00","0","0","-","0","1","0.00","0","0","-","-","100.00","1.00","0","0","2","3","0.00","0","0","2","0.00"
"1863","Haydn Fleury","Emil Martinsen Lilleberg","T.B","9","0.78333333333333","0","0","-","0","0","-","0","0","-","0","0","-","0","0","-","0","0","-","0","0","-","0","0","-","0","0","-","0","0","-","0","0","-","0","0","-","-","-","-","0","0","0","1","-","0","0","0","-"
"1864","John Marino","Callan Foote","N.J","4","0.78333333333333","0","1","0.00","0","0","-","0","0","-","0","0","-","0","0","-","0","1","0.00","0","0","-","0","0","-","0","1","0.00","0","0","-","0","0","-","0","0","-","-","-","-","0","0","1","1","0.00","0","0","1","0.00"
"1865","Maxime Lajoie","Conor Timmins","TOR","3","0.78333333333333","0","0","-","0","0","-","0","0","-","0","0","-","0","0","-","0","0","-","0","0","-","0","0","-","0","0","-","0","0","-","0","0","-","0","0","-","-","-","-","0","1","0","0","-","0","1","0","-"
"1866","Charlie McAvoy","Michael Callahan","BOS","4","0.78333333333333","0","1","0.00","0","1","0.00","0","1","0.00","0","0","-","0","0.16","0.00","0","1","0.00","0","1","0.00","0","0","-","0","0","-","0","0","-","0","0","-","0","0","-","-","100.00","1.00","0","0","0","1","-","0","0","0","-"
"1867","K'Andre Miller","Zac Jones","NYR","85","0.78333333333333","0","3","0.00","0","3","0.00","0","2","0.00","0","0","-","0","0.54","0.00","0","3","0.00","0","1","0.00","0","0","-","0","2","0.00","0","0","-","0","0","-","0","0","-","-","100.00","1.00","0","0","0","2","-","0","0","0","-"
"1868","Calen Addison","Henry Thrun","S.J","40","0.78333333333333","0","3","0.00","0","3","0.00","0","2","0.00","0","0","-","0","0.26","0.00","0","2","0.00","0","1","0.00","0","0","-","0","1","0.00","0","0","-","0","1","0.00","0","0","-","-","100.00","1.00","0","0","0","2","-","0","0","0","-"
"1869","Jordan Harris","Jake Christiansen","CBJ","29","0.78333333333333","2","1","66.67","2","0","100.00","1","0","100.00","0","0","-","0.22","0","100.00","2","1","66.67","0","0","-","0","0","-","2","1","66.67","0","0","-","0","0","-","0","0","-","0.00","-","0.00","0","0","0","1","-","0","0","0","-"
"1870","Michael Kesselring","Vladislav Kolyachonok","UTA","23","0.78333333333333","0","1","0.00","0","1","0.00","0","1","0.00","0","1","0.00","0","0.18","0.00","0","1","0.00","0","1","0.00","0","1","0.00","0","0","-","0","0","-","0","0","-","0","0","-","-","0.00","0.00","0","0","0","1","-","0","0","0","-"
"1871","Ian Cole","Mark Friedman","VAN","22","0.76666666666667","1","2","33.33","1","2","33.33","1","2","33.33","0","1","0.00","0.14","0.13","51.36","1","2","33.33","0","0","-","0","0","-","1","2","33.33","0","1","0.00","0","0","-","0","0","-","0.00","50.00","0.500","0","0","1","1","0.00","0","0","1","0.00"
"1872","Kevin Shattenkirk","Urho Vaakanainen","ANA","20","0.76666666666667","0","2","0.00","0","2","0.00","0","2","0.00","0","1","0.00","0","0.18","0.00","0","2","0.00","0","1","0.00","0","0","-","0","1","0.00","0","1","0.00","0","0","-","0","0","-","-","50.00","0.50","0","0","2","0","0.00","0","0","1","0.00"
"1873","Kevin Shattenkirk","Parker Wotherspoon","BOS","26","0.76666666666667","0","1","0.00","0","1","0.00","0","1","0.00","0","0","-","0","0.04","0.00","0","0","-","0","0","-","0","0","-","0","0","-","0","0","-","0","1","0.00","0","0","-","-","100.00","1.00","0","0","1","2","0.00","0","0","1","0.00"
"1874","TJ Brodie","Victor Mete","TOR","5","0.76666666666667","1","1","50.00","1","0","100.00","1","0","100.00","0","0","-","0.09","0","100.00","1","1","50.00","1","0","100.00","0","0","-","0","1","0.00","0","0","-","0","0","-","0","0","-","0.00","-","0.00","0","0","0","2","-","0","0","0","-"
"1875","Radko Gudas","William Lagesson","ANA","4","0.76666666666667","0","0","-","0","0","-","0","0","-","0","0","-","0","0","-","0","0","-","0","0","-","0","0","-","0","0","-","0","0","-","0","0","-","0","0","-","-","-","-","0","0","0","6","-","0","0","0","-"
"1876","Erik Gudbranson","Denton Mateychuk","CBJ","13","0.76666666666667","0","1","0.00","0","0","-","0","0","-","0","0","-","0","0","-","0","0","-","0","0","-","0","0","-","0","0","-","0","0","-","0","2","0.00","0","0","-","-","-","-","0","0","1","0","0.00","0","0","2","0.00"
"1877","Joel Edmundson","Ethan Bear","WSH","18","0.76666666666667","0","2","0.00","0","2","0.00","0","0","-","0","0","-","0","0.25","0.00","0","2","0.00","0","2","0.00","0","0","-","0","0","-","0","0","-","0","0","-","0","0","-","-","-","-","0","0","1","0","0.00","0","0","1","0.00"
"1878","Colin Miller","Nils Lundkvist","DAL","57","0.76666666666667","0","1","0.00","0","0","-","0","0","-","0","0","-","0","0","-","0","1","0.00","0","0","-","0","0","-","0","1","0.00","0","0","-","0","0","-","0","0","-","-","-","-","0","0","0","1","-","0","0","0","-"
"1879","Mike Matheson","Gustav Lindstrom","MTL","14","0.76666666666667","0","4","0.00","0","4","0.00","0","3","0.00","0","1","0.00","0","0.22","0.00","0","2","0.00","0","0","-","0","0","-","0","2","0.00","0","1","0.00","0","2","0.00","0","0","-","-","66.67","0.67","0","0","0","0","-","0","0","0","-"
"1880","Nikita Zadorov","Quinn Hughes","VAN","54","0.76666666666667","0","1","0.00","0","1","0.00","0","1","0.00","0","0","-","0","0.15","0.00","0","1","0.00","0","1","0.00","0","0","-","0","0","-","0","0","-","0","0","-","0","0","-","-","100.00","1.00","0","0","0","1","-","0","0","0","-"
"1881","Dante Fabbro","Jordan Harris","CBJ","20","0.76666666666667","0","1","0.00","0","0","-","0","0","-","0","0","-","0","0","-","0","0","-","0","0","-","0","0","-","0","0","-","0","0","-","0","1","0.00","0","0","-","-","-","-","0","0","0","1","-","0","0","0","-"
"1882","Gavin Bayreuther","Jake Christiansen","CBJ","16","0.76666666666667","0","0","-","0","0","-","0","0","-","0","0","-","0","0","-","0","0","-","0","0","-","0","0","-","0","0","-","0","0","-","0","0","-","0","0","-","-","-","-","0","0","1","0","0.00","0","0","1","0.00"
"1883","Nicolas Hague","Daniil Miromanov","VGK","18","0.76666666666667","0","1","0.00","0","0","-","0","0","-","0","0","-","0","0","-","0","0","-","0","0","-","0","0","-","0","0","-","0","0","-","0","1","0.00","0","0","-","-","-","-","0","0","0","0","-","0","0","0","-"
"1884","Mattias Samuelsson","Lawrence Pilut","BUF","6","0.76666666666667","0","0","-","0","0","-","0","0","-","0","0","-","0","0","-","0","0","-","0","0","-","0","0","-","0","0","-","0","0","-","0","0","-","0","0","-","-","-","-","0","0","1","0","0.00","0","0","1","0.00"
"1885","Wyatt Kaiser","Artyom Levshunov","CHI","17","0.76666666666667","0","4","0.00","0","3","0.00","0","1","0.00","0","0","-","0","0.46","0.00","0","4","0.00","0","0","-","0","0","-","0","4","0.00","0","0","-","0","0","-","0","0","-","-","100.00","1.00","0","0","0","0","-","0","0","0","-"
"1886","Alex Goligoski","Dakota Mermis","MIN","19","0.75","0","3","0.00","0","2","0.00","0","1","0.00","0","0","-","0","0.13","0.00","0","0","-","0","0","-","0","0","-","0","0","-","0","0","-","0","3","0.00","0","0","-","-","100.00","1.00","0","0","0","1","-","0","0","1","0.00"
"1887","Ryan Murray","Darnell Nurse","EDM","13","0.75","0","0","-","0","0","-","0","0","-","0","0","-","0","0","-","0","0","-","0","0","-","0","0","-","0","0","-","0","0","-","0","0","-","0","0","-","-","-","-","0","1","0","3","-","0","1","0","-"
"1888","Hampus Lindholm","Dan Renouf","BOS","1","0.75","0","2","0.00","0","1","0.00","0","1","0.00","0","0","-","0","0.07","0.00","0","1","0.00","0","0","-","0","0","-","0","1","0.00","0","0","-","0","1","0.00","0","0","-","-","100.00","1.00","0","0","0","0","-","0","0","0","-"
"1889","Kurtis MacDermid","Caleb Jones","COL","10","0.75","0","0","-","0","0","-","0","0","-","0","0","-","0","0","-","0","0","-","0","0","-","0","0","-","0","0","-","0","0","-","0","0","-","0","0","-","-","-","-","0","0","0","0","-","0","0","0","-"
"1890","Ryan Pulock","Adam Boqvist","NYI","11","0.75","2","1","66.67","2","0","100.00","2","0","100.00","0","0","-","0.1","0","100.00","0","0","-","0","0","-","0","0","-","0","0","-","0","0","-","2","1","66.67","0","0","-","0.00","-","0.00","0","0","0","1","-","0","0","0","-"
"1891","Jordan Oesterle","Charlie McAvoy","BOS","17","0.75","0","0","-","0","0","-","0","0","-","0","0","-","0","0","-","0","0","-","0","0","-","0","0","-","0","0","-","0","0","-","0","0","-","0","0","-","-","-","-","0","0","1","1","0.00","0","0","1","0.00"
"1892","Juuso Valimaki","Maveric Lamoureux","UTA","9","0.75","0","1","0.00","0","0","-","0","0","-","0","0","-","0","0","-","0","0","-","0","0","-","0","0","-","0","0","-","0","0","-","0","1","0.00","0","0","-","-","-","-","0","0","0","0","-","0","0","0","-"
"1893","Billy Sweezey","Marcus Bjork","CBJ","5","0.75","0","1","0.00","0","1","0.00","0","1","0.00","0","0","-","0","0.08","0.00","0","1","0.00","0","0","-","0","0","-","0","1","0.00","0","0","-","0","0","-","0","0","-","-","100.00","1.00","0","1","0","0","-","0","1","0","-"
"1894","Justin Braun","Cam York","PHI","25","0.73333333333333","1","0","100.00","1","0","100.00","0","0","-","0","0","-","0.05","0","100.00","1","0","100.00","1","0","100.00","0","0","-","0","0","-","0","0","-","0","0","-","0","0","-","-","-","-","0","0","1","1","0.00","0","0","1","0.00"
"1895","Dmitry Kulikov","Marcus Pettersson","PIT","5","0.73333333333333","0","3","0.00","0","3","0.00","0","2","0.00","0","0","-","0","0.2","0.00","0","1","0.00","0","0","-","0","0","-","0","1","0.00","0","0","-","0","2","0.00","0","0","-","-","100.00","1.00","0","0","0","0","-","0","0","1","0.00"
"1896","Brayden McNabb","Kaedan Korczak","VGK","76","0.73333333333333","0","1","0.00","0","1","0.00","0","1","0.00","0","1","0.00","0","0.1","0.00","0","0","-","0","0","-","0","0","-","0","0","-","0","0","-","1","1","50.00","0","1","0.00","-","0.00","0.00","1","0","0","4","100.00","1","0","0","100.00"
"1897","Jarred Tinordi","Jake McCabe","CHI","24","0.73333333333333","0","0","-","0","0","-","0","0","-","0","0","-","0","0","-","0","0","-","0","0","-","0","0","-","0","0","-","0","0","-","0","0","-","0","0","-","-","-","-","0","0","0","3","-","0","0","0","-"
"1898","Kevin Gravel","Brady Skjei","NSH","6","0.73333333333333","0","2","0.00","0","2","0.00","0","1","0.00","0","0","-","0","0.35","0.00","0","2","0.00","0","0","-","0","0","-","0","2","0.00","0","0","-","0","0","-","0","0","-","-","100.00","1.00","0","0","0","2","-","0","0","0","-"
"1899","Joel Edmundson","Alexander Alexeyev","WSH","9","0.73333333333333","0","1","0.00","0","0","-","0","0","-","0","0","-","0","0","-","0","1","0.00","0","0","-","0","0","-","0","1","0.00","0","0","-","0","0","-","0","0","-","-","-","-","0","0","0","1","-","0","0","0","-"
"1900","Dylan Coghlan","Neal Pionk","WPG","6","0.73333333333333","0","0","-","0","0","-","0","0","-","0","0","-","0","0","-","0","0","-","0","0","-","0","0","-","0","0","-","0","0","-","0","0","-","0","0","-","-","-","-","0","0","0","2","-","0","1","0","-"
"1901","Drew Doughty","Brandt Clarke","L.A","51","0.71666666666667","0","0","-","0","0","-","0","0","-","0","0","-","0","0","-","0","0","-","0","0","-","0","0","-","0","0","-","0","0","-","0","0","-","0","0","-","-","-","-","0","0","0","2","-","0","0","0","-"
"1902","Brian Dumoulin","Urho Vaakanainen","ANA","5","0.71666666666667","0","1","0.00","0","1","0.00","0","1","0.00","0","0","-","0","0.06","0.00","0","0","-","0","0","-","0","0","-","0","0","-","0","0","-","0","1","0.00","0","0","-","-","100.00","1.00","0","0","0","0","-","0","0","0","-"
"1903","Matt Dumba","Nick Perbix","T.B","15","0.71666666666667","0","0","-","0","0","-","0","0","-","0","0","-","0","0","-","0","0","-","0","0","-","0","0","-","0","0","-","0","0","-","0","0","-","0","0","-","-","-","-","0","0","0","2","-","0","0","0","-"
"1904","Kurtis MacDermid","Sam Malinski","COL","18","0.71666666666667","0","0","-","0","0","-","0","0","-","0","0","-","0","0","-","0","0","-","0","0","-","0","0","-","0","0","-","0","0","-","0","0","-","0","0","-","-","-","-","0","0","0","0","-","0","0","0","-"
"1905","Kyle Burroughs","Travis Dermott","VAN","2","0.71666666666667","0","0","-","0","0","-","0","0","-","0","0","-","0","0","-","0","0","-","0","0","-","0","0","-","0","0","-","0","0","-","0","0","-","0","0","-","-","-","-","0","1","0","1","-","0","1","0","-"
"1906","MacKenzie Weegar","Troy Stecher","CGY","20","0.71666666666667","0","0","-","0","0","-","0","0","-","0","0","-","0","0","-","0","0","-","0","0","-","0","0","-","0","0","-","0","0","-","0","0","-","0","0","-","-","-","-","0","0","0","1","-","0","0","0","-"
"1907","Marcus Pettersson","Quinn Hughes","VAN","21","0.71666666666667","1","1","50.00","1","1","50.00","1","1","50.00","0","0","-","0.07","0.06","53.59","1","0","100.00","0","0","-","0","0","-","1","0","100.00","0","0","-","0","1","0.00","0","0","-","0.00","100.00","1.000","0","0","1","1","0.00","0","0","2","0.00"
"1908","Caleb Jones","Sam Malinski","COL","10","0.71666666666667","0","0","-","0","0","-","0","0","-","0","0","-","0","0","-","0","0","-","0","0","-","0","0","-","0","0","-","0","0","-","0","0","-","0","0","-","-","-","-","0","0","0","0","-","0","0","0","-"
"1909","Jalen Chatfield","Dylan Coghlan","CAR","17","0.71666666666667","2","1","66.67","2","1","66.67","1","1","50.00","0","0","-","0.12","0.05","70.69","1","0","100.00","0","0","-","0","0","-","1","0","100.00","0","0","-","2","1","66.67","0","0","-","0.00","100.00","1.000","0","0","0","1","-","1","0","0","100.00"
"1910","Troy Stecher","Victor Soderstrom","ARI","9","0.71666666666667","0","1","0.00","0","1","0.00","0","1","0.00","0","0","-","0","0.03","0.00","0","0","-","0","0","-","0","0","-","0","0","-","0","0","-","0","1","0.00","0","0","-","-","100.00","1.00","0","0","0","1","-","0","0","0","-"
"1911","Mario Ferraro","Nick Cicek","S.J","11","0.71666666666667","0","1","0.00","0","1","0.00","0","1","0.00","0","0","-","0","0.07","0.00","0","1","0.00","0","1","0.00","0","0","-","0","0","-","0","0","-","0","0","-","0","0","-","-","100.00","1.00","0","0","0","2","-","0","0","0","-"
"1912","Jacob Bernard-Docker","Owen Power","BUF","12","0.71666666666667","2","0","100.00","2","0","100.00","2","0","100.00","0","0","-","0.06","0","100.00","0","0","-","0","0","-","0","0","-","0","0","-","0","0","-","1","0","100.00","0","0","-","0.00","-","0.00","0","0","0","1","-","0","0","0","-"
"1913","David Jiricek","Marcus Bjork","CBJ","1","0.71666666666667","0","0","-","0","0","-","0","0","-","0","0","-","0","0","-","0","0","-","0","0","-","0","0","-","0","0","-","0","0","-","0","0","-","0","0","-","-","-","-","0","0","0","0","-","0","0","1","0.00"
"1914","Anton Stralman","Derek Forbort","BOS","3","0.7","1","1","50.00","1","1","50.00","1","1","50.00","0","0","-","0.1","0.13","44.00","1","1","50.00","1","0","100.00","0","0","-","0","1","0.00","0","0","-","0","0","-","0","0","-","0.00","100.00","1.000","0","0","0","1","-","1","0","0","100.00"
"1915","Kevin Shattenkirk","Mason Lohrei","BOS","33","0.7","0","1","0.00","0","0","-","0","0","-","0","0","-","0","0","-","0","1","0.00","0","0","-","0","0","-","0","1","0.00","0","0","-","0","0","-","0","0","-","-","-","-","0","1","0","2","-","0","1","0","-"
"1916","Oliver Ekman-Larsson","Timothy Liljegren","TOR","1","0.7","0","2","0.00","0","2","0.00","0","1","0.00","0","0","-","0","0.19","0.00","0","0","-","0","0","-","0","0","-","0","0","-","0","0","-","0","2","0.00","0","0","-","-","100.00","1.00","0","0","0","0","-","0","0","0","-"
"1917","Calvin de Haan","Jack Thompson","T.B","1","0.7","0","0","-","0","0","-","0","0","-","0","0","-","0","0","-","0","0","-","0","0","-","0","0","-","0","0","-","0","0","-","0","0","-","0","0","-","-","-","-","0","0","0","1","-","0","0","0","-"
"1918","Mattias Ekholm","Kevin Gravel","NSH","14","0.7","0","0","-","0","0","-","0","0","-","0","0","-","0","0","-","0","0","-","0","0","-","0","0","-","0","0","-","0","0","-","0","0","-","0","0","-","-","-","-","0","0","0","3","-","0","0","0","-"
"1919","Jon Merrill","Travis Dermott","MIN","8","0.7","0","1","0.00","0","0","-","0","0","-","0","0","-","0","0","-","0","0","-","0","0","-","0","0","-","0","0","-","0","0","-","0","1","0.00","0","0","-","-","-","-","0","0","0","0","-","0","0","0","-"
"1920","Derek Forbort","Ian Mitchell","BOS","6","0.7","0","0","-","0","0","-","0","0","-","0","0","-","0","0","-","0","0","-","0","0","-","0","0","-","0","0","-","0","0","-","0","0","-","0","0","-","-","-","-","0","0","0","0","-","0","0","0","-"
"1921","Josh Manson","Sam Malinski","COL","62","0.7","0","0","-","0","0","-","0","0","-","0","0","-","0","0","-","0","0","-","0","0","-","0","0","-","0","0","-","0","0","-","0","0","-","0","0","-","-","-","-","0","0","0","1","-","0","0","0","-"
"1922","Mike Reilly","Samuel Bolduc","NYI","20","0.7","0","0","-","0","0","-","0","0","-","0","0","-","0","0","-","0","0","-","0","0","-","0","0","-","0","0","-","0","0","-","0","0","-","0","0","-","-","-","-","0","0","0","1","-","0","0","0","-"
"1923","Dougie Hamilton","Kevin Bahl","N.J","62","0.7","0","0","-","0","0","-","0","0","-","0","0","-","0","0","-","0","0","-","0","0","-","0","0","-","0","0","-","0","0","-","0","0","-","0","0","-","-","-","-","0","0","0","2","-","0","0","0","-"
"1924","Jacob Trouba","Zac Jones","NYR","52","0.7","1","0","100.00","1","0","100.00","1","0","100.00","0","0","-","0.02","0","100.00","0","0","-","0","0","-","0","0","-","0","0","-","0","0","-","1","0","100.00","0","0","-","0.00","-","0.00","0","0","0","1","-","0","0","0","-"
"1925","Jake McCabe","Ilya Lyubushkin","TOR","16","0.7","0","0","-","0","0","-","0","0","-","0","0","-","0","0","-","0","0","-","0","0","-","0","0","-","0","0","-","0","0","-","0","0","-","0","0","-","-","-","-","0","0","0","2","-","0","0","0","-"
"1926","Ben Hutton","Noah Hanifin","VGK","18","0.7","0","1","0.00","0","1","0.00","0","1","0.00","0","1","0.00","0","0.1","0.00","0","1","0.00","0","0","-","0","0","-","0","1","0.00","0","1","0.00","0","0","-","0","0","-","-","0.00","0.00","0","0","0","1","-","0","0","0","-"
"1927","Carson Soucy","Urho Vaakanainen","NYR","12","0.7","0","2","0.00","0","1","0.00","0","0","-","0","0","-","0","0.03","0.00","0","1","0.00","0","0","-","0","0","-","0","1","0.00","0","0","-","0","2","0.00","0","0","-","-","-","-","0","0","1","0","0.00","0","0","1","0.00"
"1928","Ethan Bear","Noah Juulsen","VAN","2","0.7","0","4","0.00","0","4","0.00","0","4","0.00","0","0","-","0","0.94","0.00","0","3","0.00","0","2","0.00","0","0","-","0","1","0.00","0","0","-","0","1","0.00","0","0","-","-","100.00","1.00","0","0","0","1","-","0","0","0","-"
"1929","Dennis Gilbert","Tyler Kleven","OTT","4","0.7","0","0","-","0","0","-","0","0","-","0","0","-","0","0","-","0","0","-","0","0","-","0","0","-","0","0","-","0","0","-","0","0","-","0","0","-","-","-","-","0","0","0","1","-","0","0","0","-"
"1930","Maxime Lajoie","Simon Benoit","TOR","6","0.7","0","1","0.00","0","1","0.00","0","0","-","0","0","-","0","0.04","0.00","0","0","-","0","0","-","0","0","-","0","0","-","0","0","-","0","2","0.00","0","0","-","-","-","-","0","0","1","0","0.00","0","0","1","0.00"
"1931","Adam Fox","Victor Mancini","NYR","15","0.7","0","1","0.00","0","1","0.00","0","0","-","0","0","-","0","0.05","0.00","0","0","-","0","0","-","0","0","-","0","0","-","0","0","-","0","1","0.00","0","0","-","-","-","-","0","0","0","2","-","0","0","0","-"
"1932","Logan Stanley","Dylan Coghlan","WPG","6","0.7","0","3","0.00","0","3","0.00","0","2","0.00","0","0","-","0","0.13","0.00","0","1","0.00","0","0","-","0","0","-","0","1","0.00","0","0","-","0","3","0.00","0","0","-","-","100.00","1.00","0","0","0","2","-","0","0","1","0.00"
"1933","Henry Thrun","Nikolai Knyzhov","S.J","4","0.7","0","4","0.00","0","3","0.00","0","3","0.00","0","0","-","0","0.21","0.00","0","2","0.00","0","0","-","0","0","-","0","2","0.00","0","0","-","0","1","0.00","0","0","-","-","100.00","1.00","0","0","0","1","-","0","0","1","0.00"
"1934","Justin Barron","Nick Blankenburg","NSH","45","0.7","0","2","0.00","0","1","0.00","0","1","0.00","0","0","-","0","0.06","0.00","0","1","0.00","0","0","-","0","0","-","0","1","0.00","0","0","-","0","1","0.00","0","0","-","-","100.00","1.00","0","0","0","14","-","0","0","0","-"
"1935","Brent Burns","Domenick Fensore","CAR","2","0.68333333333333","0","0","-","0","0","-","0","0","-","0","0","-","0","0","-","0","0","-","0","0","-","0","0","-","0","0","-","0","0","-","0","0","-","0","0","-","-","-","-","0","0","0","0","-","0","0","1","0.00"
"1936","Jared Spurgeon","Declan Chisholm","MIN","50","0.68333333333333","1","1","50.00","1","0","100.00","1","0","100.00","0","0","-","0.03","0","100.00","0","0","-","0","0","-","0","0","-","0","0","-","0","0","-","2","2","50.00","0","0","-","0.00","-","0.00","0","1","1","4","0.00","1","1","1","50.00"
"1937","Jonas Brodin","Declan Chisholm","MIN","62","0.68333333333333","0","1","0.00","0","0","-","0","0","-","0","0","-","0","0","-","0","0","-","0","0","-","0","0","-","0","0","-","0","0","-","0","2","0.00","0","0","-","-","-","-","0","0","1","3","0.00","0","0","1","0.00"
"1938","Jaycob Megna","Vince Dunn","SEA","5","0.68333333333333","0","0","-","0","0","-","0","0","-","0","0","-","0","0","-","0","0","-","0","0","-","0","0","-","0","0","-","0","0","-","0","0","-","0","0","-","-","-","-","0","0","0","1","-","0","0","0","-"
"1939","John Marino","Nick DeSimone","UTA","14","0.68333333333333","1","2","33.33","1","2","33.33","1","1","50.00","0","0","-","0.04","0.49","7.65","0","2","0.00","0","1","0.00","0","0","-","0","1","0.00","0","0","-","1","0","100.00","0","0","-","0.00","100.00","1.000","0","0","0","0","-","0","0","0","-"
"1940","Ryan Lindgren","Zac Jones","NYR","64","0.68333333333333","1","0","100.00","1","0","100.00","1","0","100.00","0","0","-","0.02","0","100.00","0","0","-","0","0","-","0","0","-","0","0","-","0","0","-","1","0","100.00","0","0","-","0.00","-","0.00","0","0","0","2","-","0","0","0","-"
"1941","Jan Rutta","Calen Addison","S.J","48","0.68333333333333","0","3","0.00","0","3","0.00","0","2","0.00","0","0","-","0","0.26","0.00","0","2","0.00","0","1","0.00","0","0","-","0","1","0.00","0","0","-","0","1","0.00","0","0","-","-","100.00","1.00","0","0","0","0","-","0","0","0","-"
"1942","Adam Ginning","Cam York","PHI","11","0.68333333333333","0","0","-","0","0","-","0","0","-","0","0","-","0","0","-","0","0","-","0","0","-","0","0","-","0","0","-","0","0","-","0","1","0.00","0","0","-","-","-","-","0","0","1","2","0.00","0","0","1","0.00"
"1943","Alex Vlasic","Ethan Del Mastro","CHI","26","0.68333333333333","0","3","0.00","0","2","0.00","0","2","0.00","0","1","0.00","0","0.4","0.00","0","2","0.00","0","1","0.00","0","1","0.00","0","1","0.00","0","0","-","0","1","0.00","0","0","-","-","50.00","0.50","0","0","1","2","0.00","0","0","1","0.00"
"1944","Isaak Phillips","Kevin Korchinski","CHI","27","0.68333333333333","0","1","0.00","0","0","-","0","0","-","0","0","-","0","0","-","0","0","-","0","0","-","0","0","-","0","0","-","0","0","-","1","1","50.00","0","0","-","-","-","-","1","0","0","1","100.00","1","0","0","100.00"
"1945","Calvin de Haan","Philippe Myers","T.B","5","0.66666666666667","0","1","0.00","0","1","0.00","0","1","0.00","0","0","-","0","0.01","0.00","0","0","-","0","0","-","0","0","-","0","0","-","0","0","-","0","1","0.00","0","0","-","-","100.00","1.00","0","0","0","1","-","0","0","1","0.00"
"1946","Tyson Barrie","Jake Livingstone","NSH","5","0.66666666666667","0","0","-","0","0","-","0","0","-","0","0","-","0","0","-","0","0","-","0","0","-","0","0","-","0","0","-","0","0","-","0","0","-","0","0","-","-","-","-","0","0","0","2","-","0","0","0","-"
"1947","Nick Jensen","Erik Gustafsson","WSH","61","0.66666666666667","1","0","100.00","1","0","100.00","0","0","-","0","0","-","0.04","0","100.00","1","0","100.00","0","0","-","0","0","-","1","0","100.00","0","0","-","0","0","-","0","0","-","-","-","-","0","0","0","1","-","0","0","0","-"
"1948","Erik Gudbranson","Jake Christiansen","CBJ","35","0.66666666666667","0","1","0.00","0","1","0.00","0","1","0.00","0","0","-","0","0.02","0.00","0","0","-","0","0","-","0","0","-","0","0","-","0","0","-","0","0","-","0","0","-","-","100.00","1.00","1","0","0","0","100.00","1","0","1","50.00"
"1949","Matt Dumba","Erik Cernak","T.B","17","0.66666666666667","0","1","0.00","0","1","0.00","0","1","0.00","0","0","-","0","0.11","0.00","0","0","-","0","0","-","0","0","-","0","0","-","0","0","-","0","1","0.00","0","0","-","-","100.00","1.00","0","0","0","13","-","0","0","0","-"
"1950","Jake McCabe","Isaak Phillips","CHI","14","0.66666666666667","0","3","0.00","0","3","0.00","0","3","0.00","0","0","-","0","0.39","0.00","0","1","0.00","0","1","0.00","0","0","-","0","0","-","0","0","-","0","2","0.00","0","0","-","-","100.00","1.00","0","0","1","1","0.00","0","0","1","0.00"
"1951","Kyle Burroughs","Jacob MacDonald","S.J","32","0.66666666666667","0","5","0.00","0","4","0.00","0","2","0.00","0","0","-","0","0.4","0.00","0","4","0.00","0","2","0.00","0","0","-","0","2","0.00","0","0","-","0","2","0.00","0","0","-","-","100.00","1.00","0","0","1","0","0.00","0","0","1","0.00"
"1952","Carson Soucy","Erik Brannstrom","VAN","28","0.66666666666667","0","1","0.00","0","1","0.00","0","1","0.00","0","0","-","0","0.07","0.00","0","1","0.00","0","0","-","0","0","-","0","1","0.00","0","0","-","0","0","-","0","0","-","-","100.00","1.00","0","0","0","2","-","0","0","0","-"
"1953","Josh Mahura","Matt Kiersted","FLA","20","0.66666666666667","0","0","-","0","0","-","0","0","-","0","0","-","0","0","-","0","0","-","0","0","-","0","0","-","0","0","-","0","0","-","0","0","-","0","0","-","-","-","-","0","1","0","0","-","0","1","0","-"
"1954","Keaton Middleton","Wyatt Aamodt","COL","2","0.66666666666667","0","2","0.00","0","2","0.00","0","1","0.00","0","0","-","0","0.48","0.00","0","2","0.00","0","2","0.00","0","0","-","0","0","-","0","0","-","0","0","-","0","0","-","-","100.00","1.00","0","0","0","1","-","0","0","0","-"
"1955","Riley Stillman","Mattias Samuelsson","BUF","9","0.66666666666667","0","1","0.00","0","0","-","0","0","-","0","0","-","0","0","-","0","0","-","0","0","-","0","0","-","0","0","-","0","0","-","0","1","0.00","0","0","-","-","-","-","0","0","0","1","-","0","0","0","-"
"1956","Rasmus Sandin","Vincent Iorio","WSH","3","0.66666666666667","0","0","-","0","0","-","0","0","-","0","0","-","0","0","-","0","0","-","0","0","-","0","0","-","0","0","-","0","0","-","0","0","-","0","0","-","-","-","-","0","0","0","0","-","0","0","0","-"
"1957","Robert Bortuzzo","Mikhail Sergachev","UTA","17","0.65","0","2","0.00","0","1","0.00","0","0","-","0","0","-","0","0.03","0.00","0","1","0.00","0","0","-","0","0","-","0","1","0.00","0","0","-","0","2","0.00","0","0","-","-","-","-","0","0","1","7","0.00","0","0","1","0.00"
"1958","Erik Karlsson","Jacob MacDonald","S.J","25","0.65","0","0","-","0","0","-","0","0","-","0","0","-","0","0","-","0","0","-","0","0","-","0","0","-","0","0","-","0","0","-","1","0","100.00","0","0","-","-","-","-","0","1","1","0","0.00","1","1","1","50.00"
"1959","Tyson Barrie","Dante Fabbro","NSH","46","0.65","0","0","-","0","0","-","0","0","-","0","0","-","0","0","-","0","0","-","0","0","-","0","0","-","0","0","-","0","0","-","0","0","-","0","0","-","-","-","-","0","0","0","5","-","0","0","0","-"
"1960","Radko Gudas","Olen Zellweger","ANA","78","0.65","0","2","0.00","0","2","0.00","0","2","0.00","0","0","-","0","0.14","0.00","0","1","0.00","0","0","-","0","0","-","0","1","0.00","0","0","-","0","1","0.00","0","0","-","-","100.00","1.00","0","0","0","0","-","0","0","0","-"
"1961","Kevin Gravel","Nick Blankenburg","NSH","6","0.65","0","3","0.00","0","2","0.00","0","2","0.00","0","1","0.00","0","0.24","0.00","0","2","0.00","0","2","0.00","0","0","-","0","0","-","0","0","-","0","1","0.00","0","1","0.00","-","50.00","0.50","0","0","0","3","-","0","0","0","-"
"1962","Scott Harrington","Nick Cicek","S.J","2","0.65","1","2","33.33","1","1","50.00","1","1","50.00","0","1","0.00","0","0.08","0.44","0","2","0.00","0","0","-","0","0","-","0","2","0.00","0","1","0.00","0","0","-","0","0","-","0.00","0.00","0.000","0","0","0","1","-","0","0","0","-"
"1963","Matt Dumba","Cody Ceci","DAL","31","0.65","0","0","-","0","0","-","0","0","-","0","0","-","0","0","-","0","0","-","0","0","-","0","0","-","0","0","-","0","0","-","0","0","-","0","0","-","-","-","-","0","0","0","2","-","0","0","0","-"
"1964","Josh Mahura","Uvis Balinskis","FLA","19","0.65","0","0","-","0","0","-","0","0","-","0","0","-","0","0","-","0","0","-","0","0","-","0","0","-","0","0","-","0","0","-","0","0","-","0","0","-","-","-","-","0","0","0","2","-","0","0","0","-"
"1965","Vincent Desharnais","Evan Bouchard","EDM","113","0.65","1","0","100.00","1","0","100.00","1","0","100.00","1","0","100.00","0.13","0","100.00","1","0","100.00","1","0","100.00","1","0","100.00","0","0","-","0","0","-","0","0","-","0","0","-","100.00","-","1.00","0","0","0","1","-","0","0","0","-"
"1966","Johnathan Kovacevic","Simon Nemec","N.J","26","0.65","0","0","-","0","0","-","0","0","-","0","0","-","0","0","-","0","0","-","0","0","-","0","0","-","0","0","-","0","0","-","0","0","-","0","0","-","-","-","-","0","0","0","5","-","0","0","0","-"
"1967","Erik Johnson","Kurtis MacDermid","COL","35","0.63333333333333","0","1","0.00","0","1","0.00","0","1","0.00","0","0","-","0","0.05","0.00","0","1","0.00","0","0","-","0","0","-","0","1","0.00","0","0","-","0","0","-","0","0","-","-","100.00","1.00","0","0","0","1","-","0","0","0","-"
"1968","Justin Schultz","Brian Dumoulin","SEA","68","0.63333333333333","0","0","-","0","0","-","0","0","-","0","0","-","0","0","-","0","0","-","0","0","-","0","0","-","0","0","-","0","0","-","0","0","-","0","0","-","-","-","-","0","0","0","6","-","0","0","0","-"
"1969","Josh Manson","John Ludvig","COL","5","0.63333333333333","0","0","-","0","0","-","0","0","-","0","0","-","0","0","-","0","0","-","0","0","-","0","0","-","0","0","-","0","0","-","0","0","-","0","0","-","-","-","-","0","0","0","1","-","0","0","0","-"
"1970","Mike Reilly","Jakub Zboril","BOS","8","0.63333333333333","0","0","-","0","0","-","0","0","-","0","0","-","0","0","-","0","0","-","0","0","-","0","0","-","0","0","-","0","0","-","0","0","-","0","0","-","-","-","-","0","0","0","0","-","0","0","0","-"
"1971","Carson Soucy","Marcus Pettersson","VAN","8","0.63333333333333","0","0","-","0","0","-","0","0","-","0","0","-","0","0","-","0","0","-","0","0","-","0","0","-","0","0","-","0","0","-","0","0","-","0","0","-","-","-","-","0","0","0","2","-","0","0","0","-"
"1972","Vincent Desharnais","Timothy Liljegren","S.J","7","0.63333333333333","0","1","0.00","0","1","0.00","0","0","-","0","0","-","0","0.05","0.00","0","1","0.00","0","0","-","0","0","-","0","1","0.00","0","0","-","0","0","-","0","0","-","-","-","-","0","0","0","0","-","0","0","0","-"
"1973","Mattias Samuelsson","Jacob Bernard-Docker","BUF","15","0.63333333333333","0","0","-","0","0","-","0","0","-","0","0","-","0","0","-","0","0","-","0","0","-","0","0","-","0","0","-","0","0","-","0","0","-","0","0","-","-","-","-","0","0","0","0","-","0","0","0","-"
"1974","Mark Giordano","Conor Timmins","TOR","30","0.61666666666667","0","1","0.00","0","0","-","0","0","-","0","0","-","0","0","-","0","0","-","0","0","-","0","0","-","0","0","-","0","0","-","0","1","0.00","0","0","-","-","-","-","0","0","0","1","-","0","0","0","-"
"1975","Erik Karlsson","Nick Cicek","S.J","16","0.61666666666667","0","0","-","0","0","-","0","0","-","0","0","-","0","0","-","0","0","-","0","0","-","0","0","-","0","0","-","0","0","-","0","0","-","0","0","-","-","-","-","0","0","0","4","-","0","0","0","-"
"1976","Connor Murphy","Filip Roos","CHI","19","0.61666666666667","1","1","50.00","1","1","50.00","1","1","50.00","0","0","-","0","0.07","0.22","0","0","-","0","0","-","0","0","-","0","0","-","0","0","-","0","1","0.00","0","0","-","0.00","100.00","1.000","0","0","0","0","-","0","1","0","-"
"1977","Erik Gustafsson","Albert Johansson","DET","39","0.61666666666667","0","2","0.00","0","0","-","0","0","-","0","0","-","0","0","-","0","1","0.00","0","0","-","0","0","-","0","1","0.00","0","0","-","0","1","0.00","0","0","-","-","-","-","0","0","1","0","0.00","0","0","1","0.00"
"1978","Joel Hanley","Miro Heiskanen","DAL","44","0.61666666666667","0","0","-","0","0","-","0","0","-","0","0","-","0","0","-","0","0","-","0","0","-","0","0","-","0","0","-","0","0","-","0","0","-","0","0","-","-","-","-","0","0","0","2","-","0","0","0","-"
"1979","Tony DeAngelo","Cam York","PHI","43","0.61666666666667","0","0","-","0","0","-","0","0","-","0","0","-","0","0","-","0","0","-","0","0","-","0","0","-","0","0","-","0","0","-","0","0","-","0","0","-","-","-","-","0","1","1","2","0.00","0","1","1","0.00"
"1980","Oliver Kylington","Cale Makar","COL","13","0.61666666666667","0","2","0.00","0","2","0.00","0","1","0.00","0","0","-","0","0.32","0.00","0","1","0.00","0","1","0.00","0","0","-","0","0","-","0","0","-","0","1","0.00","0","0","-","-","100.00","1.00","0","0","0","3","-","0","0","0","-"
"1981","William Borgen","Cale Fleury","SEA","15","0.61666666666667","0","0","-","0","0","-","0","0","-","0","0","-","0","0","-","0","0","-","0","0","-","0","0","-","0","0","-","0","0","-","0","0","-","0","0","-","-","-","-","0","0","0","0","-","0","0","0","-"
"1982","Victor Soderstrom","Vladislav Kolyachonok","ARI","2","0.61666666666667","1","2","33.33","1","2","33.33","1","2","33.33","0","1","0.00","0.09","0.07","57.73","1","1","50.00","0","0","-","0","0","-","1","1","50.00","0","1","0.00","0","1","0.00","0","0","-","0.00","50.00","0.500","0","0","0","1","-","0","0","0","-"
"1983","Erik Gudbranson","Adam Boqvist","CBJ","72","0.6","0","0","-","0","0","-","0","0","-","0","0","-","0","0","-","0","0","-","0","0","-","0","0","-","0","0","-","0","0","-","0","0","-","0","0","-","-","-","-","0","0","0","0","-","0","0","0","-"
"1984","Jani Hakanpaa","Joel Hanley","DAL","53","0.6","0","0","-","0","0","-","0","0","-","0","0","-","0","0","-","0","0","-","0","0","-","0","0","-","0","0","-","0","0","-","0","0","-","0","0","-","-","-","-","0","0","0","0","-","0","0","0","-"
"1985","Cody Ceci","Matthew Benning","S.J","7","0.6","0","0","-","0","0","-","0","0","-","0","0","-","0","0","-","0","0","-","0","0","-","0","0","-","0","0","-","0","0","-","0","0","-","0","0","-","-","-","-","0","0","0","1","-","0","0","0","-"
"1986","Jacob Trouba","Erik Gustafsson","NYR","65","0.6","1","2","33.33","1","2","33.33","1","1","50.00","0","0","-","0.1","0.08","54.71","1","0","100.00","0","0","-","0","0","-","1","0","100.00","0","0","-","0","3","0.00","0","0","-","0.00","100.00","1.000","0","0","1","3","0.00","0","0","2","0.00"
"1987","Joshua Brown","Victor Soderstrom","ARI","23","0.6","1","0","100.00","1","0","100.00","1","0","100.00","0","0","-","0.11","0","100.00","1","0","100.00","1","0","100.00","0","0","-","0","0","-","0","0","-","0","0","-","0","0","-","0.00","-","0.00","0","0","0","3","-","0","0","0","-"
"1988","Trevor van Riemsdyk","Vincent Iorio","WSH","9","0.6","0","0","-","0","0","-","0","0","-","0","0","-","0","0","-","0","0","-","0","0","-","0","0","-","0","0","-","0","0","-","0","0","-","0","0","-","-","-","-","0","0","0","1","-","0","0","0","-"
"1989","Jake Walman","Timothy Liljegren","S.J","35","0.6","1","1","50.00","1","0","100.00","1","0","100.00","0","0","-","0.02","0","100.00","0","1","0.00","0","0","-","0","0","-","0","1","0.00","0","0","-","1","0","100.00","0","0","-","0.00","-","0.00","0","0","0","0","-","0","0","0","-"
"1990","Jake Walman","Shakir Mukhamadullin","S.J","13","0.6","0","0","-","0","0","-","0","0","-","0","0","-","0","0","-","0","0","-","0","0","-","0","0","-","0","0","-","0","0","-","0","0","-","0","0","-","-","-","-","0","0","0","1","-","0","0","0","-"
"1991","Ryan Lindgren","Urho Vaakanainen","NYR","27","0.6","0","0","-","0","0","-","0","0","-","0","0","-","0","0","-","0","0","-","0","0","-","0","0","-","0","0","-","0","0","-","0","0","-","0","0","-","-","-","-","0","0","0","3","-","0","0","0","-"
"1992","Jakob Chychrun","Janis Moser","ARI","36","0.6","0","0","-","0","0","-","0","0","-","0","0","-","0","0","-","0","0","-","0","0","-","0","0","-","0","0","-","0","0","-","0","0","-","0","0","-","-","-","-","0","0","0","4","-","0","0","0","-"
"1993","Vincent Desharnais","Pierre-Olivier Joseph","PIT","7","0.6","0","1","0.00","0","1","0.00","0","0","-","0","0","-","0","0.04","0.00","0","0","-","0","0","-","0","0","-","0","0","-","0","0","-","0","1","0.00","0","0","-","-","-","-","0","0","0","1","-","0","0","0","-"
"1994","Ty Emberson","Nikolai Knyzhov","S.J","5","0.6","1","0","100.00","1","0","100.00","1","0","100.00","0","0","-","0","0","100.00","0","0","-","0","0","-","0","0","-","0","0","-","0","0","-","0","0","-","0","0","-","0.00","-","0.00","0","0","0","1","-","0","0","0","-"
"1995","Erik Johnson","Jacob MacDonald","COL","33","0.58333333333333","0","0","-","0","0","-","0","0","-","0","0","-","0","0","-","0","0","-","0","0","-","0","0","-","0","0","-","0","0","-","0","0","-","0","0","-","-","-","-","0","0","0","0","-","0","0","0","-"
"1996","Jeff Petry","William Lagesson","DET","3","0.58333333333333","1","0","100.00","1","0","100.00","1","0","100.00","0","0","-","0.11","0","100.00","1","0","100.00","1","0","100.00","0","0","-","0","0","-","0","0","-","0","0","-","0","0","-","0.00","-","0.00","0","0","0","0","-","0","0","0","-"
"1997","Brian Dumoulin","Dougie Hamilton","N.J","1","0.58333333333333","0","0","-","0","0","-","0","0","-","0","0","-","0","0","-","0","0","-","0","0","-","0","0","-","0","0","-","0","0","-","0","0","-","0","0","-","-","-","-","0","0","0","1","-","0","1","0","-"
"1998","Shayne Gostisbehere","Brett Pesce","CAR","23","0.58333333333333","0","0","-","0","0","-","0","0","-","0","0","-","0","0","-","0","0","-","0","0","-","0","0","-","0","0","-","0","0","-","0","0","-","0","0","-","-","-","-","0","0","0","3","-","0","0","0","-"
"1999","Darren Raddysh","Maxwell Crozier","T.B","18","0.58333333333333","0","0","-","0","0","-","0","0","-","0","0","-","0","0","-","0","0","-","0","0","-","0","0","-","0","0","-","0","0","-","0","0","-","0","0","-","-","-","-","0","0","0","0","-","0","0","0","-"
"2000","William Borgen","Zac Jones","NYR","21","0.58333333333333","1","0","100.00","1","0","100.00","1","0","100.00","1","0","100.00","0.1","0","100.00","1","0","100.00","1","0","100.00","1","0","100.00","0","0","-","0","0","-","0","0","-","0","0","-","100.00","-","1.00","0","0","0","2","-","0","1","0","-"
"2001","Jakob Chychrun","Nikolas Matinpalo","OTT","4","0.58333333333333","0","0","-","0","0","-","0","0","-","0","0","-","0","0","-","0","0","-","0","0","-","0","0","-","0","0","-","0","0","-","0","0","-","0","0","-","-","-","-","0","0","0","1","-","0","0","0","-"
"2002","Jake Bean","Adam Boqvist","CBJ","37","0.58333333333333","0","1","0.00","0","0","-","0","0","-","0","0","-","0","0","-","0","1","0.00","0","0","-","0","0","-","0","1","0.00","0","0","-","0","0","-","0","0","-","-","-","-","0","0","0","0","-","0","0","0","-"
"2003","Vincent Desharnais","Quinn Hughes","VAN","30","0.58333333333333","0","1","0.00","0","1","0.00","0","1","0.00","0","0","-","0","0.04","0.00","0","0","-","0","0","-","0","0","-","0","0","-","0","0","-","0","1","0.00","0","0","-","-","100.00","1.00","0","0","0","5","-","0","0","0","-"
"2004","Kevin Bahl","Daniil Miromanov","CGY","40","0.58333333333333","0","0","-","0","0","-","0","0","-","0","0","-","0","0","-","0","0","-","0","0","-","0","0","-","0","0","-","0","0","-","0","0","-","0","0","-","-","-","-","0","0","0","0","-","0","0","0","-"
"2005","Mark Borowiecki","Alexandre Carrier","NSH","4","0.56666666666667","0","0","-","0","0","-","0","0","-","0","0","-","0","0","-","0","0","-","0","0","-","0","0","-","0","0","-","0","0","-","0","0","-","0","0","-","-","-","-","0","0","0","0","-","0","0","0","-"
"2006","Tyson Barrie","Marc Del Gaizo","NSH","9","0.56666666666667","0","1","0.00","0","1","0.00","0","1","0.00","0","0","-","0","0.06","0.00","0","0","-","0","0","-","0","0","-","0","0","-","0","0","-","0","1","0.00","0","0","-","-","100.00","1.00","0","0","0","1","-","0","0","0","-"
"2007","Matthew Benning","Ty Emberson","S.J","9","0.56666666666667","0","1","0.00","0","1","0.00","0","0","-","0","0","-","0","0.03","0.00","0","0","-","0","0","-","0","0","-","0","0","-","0","0","-","0","1","0.00","0","0","-","-","-","-","0","0","0","1","-","0","0","0","-"
"2008","Andreas Englund","Cale Makar","COL","25","0.56666666666667","0","1","0.00","0","1","0.00","0","1","0.00","0","0","-","0","0.04","0.00","0","0","-","0","0","-","0","0","-","0","0","-","0","0","-","0","1","0.00","0","0","-","-","100.00","1.00","0","0","0","2","-","0","0","0","-"
"2009","Sean Walker","Domenick Fensore","CAR","2","0.56666666666667","0","1","0.00","0","0","-","0","0","-","0","0","-","0","0","-","0","0","-","0","0","-","0","0","-","0","0","-","0","0","-","0","1","0.00","0","0","-","-","-","-","0","0","0","1","-","0","0","0","-"
"2010","Ryan McDonagh","Kevin Gravel","NSH","15","0.55","0","0","-","0","0","-","0","0","-","0","0","-","0","0","-","0","0","-","0","0","-","0","0","-","0","0","-","0","0","-","0","0","-","0","0","-","-","-","-","0","0","0","2","-","0","0","0","-"
"2011","Oliver Ekman-Larsson","Riley Stillman","VAN","29","0.55","0","0","-","0","0","-","0","0","-","0","0","-","0","0","-","0","0","-","0","0","-","0","0","-","0","0","-","0","0","-","0","0","-","0","0","-","-","-","-","0","0","0","3","-","0","0","0","-"
"2012","Erik Gudbranson","David Jiricek","CBJ","41","0.55","0","1","0.00","0","1","0.00","0","1","0.00","0","0","-","0","0.14","0.00","0","1","0.00","0","1","0.00","0","0","-","0","0","-","0","0","-","0","0","-","0","0","-","-","100.00","1.00","0","0","0","4","-","0","0","0","-"
"2013","Cody Ceci","Shakir Mukhamadullin","S.J","10","0.55","0","1","0.00","0","1","0.00","0","1","0.00","0","0","-","0","0.15","0.00","0","1","0.00","0","1","0.00","0","0","-","0","0","-","0","0","-","0","1","0.00","0","0","-","-","100.00","1.00","0","0","0","1","-","0","0","2","0.00"
"2014","Jake Walman","Simon Edvinsson","DET","13","0.55","0","1","0.00","0","1","0.00","0","1","0.00","0","0","-","0","0.02","0.00","0","0","-","0","0","-","0","0","-","0","0","-","0","0","-","0","1","0.00","0","0","-","-","100.00","1.00","0","0","0","0","-","0","0","0","-"
"2015","Caleb Jones","Alec Regula","CHI","3","0.55","0","0","-","0","0","-","0","0","-","0","0","-","0","0","-","0","0","-","0","0","-","0","0","-","0","0","-","0","0","-","0","0","-","0","0","-","-","-","-","0","0","0","2","-","0","0","0","-"
"2016","Jake Bean","Kevin Bahl","CGY","55","0.55","0","0","-","0","0","-","0","0","-","0","0","-","0","0","-","0","0","-","0","0","-","0","0","-","0","0","-","0","0","-","0","0","-","0","0","-","-","-","-","0","0","1","11","0.00","0","0","1","0.00"
"2017","Troy Stecher","Michael Kesselring","ARI","32","0.55","1","3","25.00","1","2","33.33","1","2","33.33","0","1","0.00","0.05","0.12","27.74","0","3","0.00","0","1","0.00","0","1","0.00","0","2","0.00","0","0","-","1","0","100.00","0","0","-","0.00","50.00","0.500","0","0","0","0","-","0","0","0","-"
"2018","Robert Bortuzzo","Samuel Bolduc","NYI","12","0.53333333333333","0","1","0.00","0","0","-","0","0","-","0","0","-","0","0","-","0","0","-","0","0","-","0","0","-","0","0","-","0","0","-","0","0","-","0","0","-","-","-","-","0","0","0","0","-","0","0","0","-"
"2019","Nick Holden","Jacob Larsson","OTT","3","0.53333333333333","0","1","0.00","0","1","0.00","0","1","0.00","0","1","0.00","0","0.11","0.00","0","1","0.00","0","0","-","0","0","-","0","1","0.00","0","1","0.00","0","0","-","0","0","-","-","0.00","0.00","0","0","0","0","-","0","0","0","-"
"2020","Zach Bogosian","Darren Raddysh","T.B","10","0.53333333333333","1","2","33.33","1","2","33.33","1","2","33.33","0","1","0.00","0.17","0.2","45.72","1","1","50.00","1","1","50.00","0","1","0.00","0","0","-","0","0","-","0","1","0.00","0","0","-","0.00","50.00","0.500","0","0","0","2","-","1","0","0","100.00"
"2021","Mattias Ekholm","Roland McKeown","NSH","6","0.53333333333333","0","2","0.00","0","2","0.00","0","1","0.00","0","0","-","0","0.24","0.00","0","1","0.00","0","1","0.00","0","0","-","0","0","-","0","0","-","0","1","0.00","0","0","-","-","100.00","1.00","0","0","0","1","-","0","0","0","-"
"2022","Christopher Tanev","Connor Mackey","CGY","3","0.53333333333333","0","1","0.00","0","1","0.00","0","1","0.00","0","0","-","0","0.11","0.00","0","1","0.00","0","0","-","0","0","-","0","1","0.00","0","0","-","0","0","-","0","0","-","-","100.00","1.00","0","0","1","0","0.00","0","0","1","0.00"
"2023","Derek Forbort","Quinn Hughes","VAN","40","0.53333333333333","0","0","-","0","0","-","0","0","-","0","0","-","0","0","-","0","0","-","0","0","-","0","0","-","0","0","-","0","0","-","0","0","-","0","0","-","-","-","-","0","0","0","1","-","0","0","0","-"
"2024","Jacob Trouba","Olen Zellweger","ANA","34","0.53333333333333","0","1","0.00","0","1","0.00","0","1","0.00","0","0","-","0","0.12","0.00","0","1","0.00","0","0","-","0","0","-","0","1","0.00","0","0","-","0","0","-","0","0","-","-","100.00","1.00","0","0","0","1","-","0","0","0","-"
"2025","Tucker Poolman","Quinn Hughes","VAN","3","0.53333333333333","1","1","50.00","1","1","50.00","1","1","50.00","1","0","100.00","0.04","0.22","17.17","1","1","50.00","0","1","0.00","0","0","-","1","0","100.00","1","0","100.00","0","0","-","0","0","-","100.00","100.00","2.000","0","0","0","1","-","0","1","0","-"
"2026","Ryan Pulock","Isaiah George","NYI","31","0.53333333333333","3","0","100.00","3","0","100.00","3","0","100.00","0","0","-","0.44","0","100.00","1","0","100.00","0","0","-","0","0","-","1","0","100.00","0","0","-","2","0","100.00","0","0","-","0.00","-","0.00","0","0","0","1","-","0","0","0","-"
"2027","Joel Hanley","Oliver Kylington","CGY","9","0.53333333333333","0","1","0.00","0","1","0.00","0","1","0.00","0","1","0.00","0","0.15","0.00","0","1","0.00","0","1","0.00","0","1","0.00","0","0","-","0","0","-","0","0","-","0","0","-","-","0.00","0.00","0","0","0","1","-","0","0","0","-"
"2028","Erik Cernak","Nick Perbix","T.B","189","0.53333333333333","0","0","-","0","0","-","0","0","-","0","0","-","0","0","-","0","0","-","0","0","-","0","0","-","0","0","-","0","0","-","0","0","-","0","0","-","-","-","-","0","0","0","3","-","0","0","0","-"
"2029","Adam Fox","Zac Jones","NYR","75","0.53333333333333","0","0","-","0","0","-","0","0","-","0","0","-","0","0","-","0","0","-","0","0","-","0","0","-","0","0","-","0","0","-","0","0","-","0","0","-","-","-","-","0","0","1","2","0.00","0","0","1","0.00"
"2030","Juuso Valimaki","Nick DeSimone","UTA","7","0.53333333333333","0","0","-","0","0","-","0","0","-","0","0","-","0","0","-","0","0","-","0","0","-","0","0","-","0","0","-","0","0","-","0","0","-","0","0","-","-","-","-","0","0","0","0","-","0","0","0","-"
"2031","Kevin Bahl","Luke Hughes","N.J","84","0.53333333333333","0","1","0.00","0","0","-","0","0","-","0","0","-","0","0","-","0","1","0.00","0","0","-","0","0","-","0","1","0.00","0","0","-","0","0","-","0","0","-","-","-","-","0","0","0","0","-","0","0","0","-"
"2032","Alexander Romanov","Samuel Bolduc","NYI","45","0.53333333333333","0","0","-","0","0","-","0","0","-","0","0","-","0","0","-","0","0","-","0","0","-","0","0","-","0","0","-","0","0","-","0","0","-","0","0","-","-","-","-","0","0","0","2","-","0","0","0","-"
"2033","Anton Stralman","Connor Clifton","BOS","8","0.51666666666667","0","0","-","0","0","-","0","0","-","0","0","-","0","0","-","0","0","-","0","0","-","0","0","-","0","0","-","0","0","-","0","0","-","0","0","-","-","-","-","0","0","0","2","-","0","0","0","-"
"2034","Nick Leddy","Scott Perunovich","STL","54","0.51666666666667","0","0","-","0","0","-","0","0","-","0","0","-","0","0","-","0","0","-","0","0","-","0","0","-","0","0","-","0","0","-","0","0","-","0","0","-","-","-","-","0","0","0","1","-","0","0","0","-"
"2035","Adam Larsson","Brandon Montour","SEA","81","0.51666666666667","0","0","-","0","0","-","0","0","-","0","0","-","0","0","-","0","0","-","0","0","-","0","0","-","0","0","-","0","0","-","0","0","-","0","0","-","-","-","-","0","0","0","1","-","0","0","0","-"
"2036","William Lagesson","Pavel Mintyukov","ANA","5","0.51666666666667","0","0","-","0","0","-","0","0","-","0","0","-","0","0","-","0","0","-","0","0","-","0","0","-","0","0","-","0","0","-","0","0","-","0","0","-","-","-","-","0","0","0","1","-","0","0","0","-"
"2037","Kyle Capobianco","Dylan Samberg","WPG","10","0.51666666666667","0","0","-","0","0","-","0","0","-","0","0","-","0","0","-","0","0","-","0","0","-","0","0","-","0","0","-","0","0","-","0","0","-","0","0","-","-","-","-","0","0","0","1","-","0","0","0","-"
"2038","Calle Rosen","Matthew Kessel","STL","8","0.51666666666667","1","1","50.00","1","0","100.00","1","0","100.00","0","0","-","0.07","0","100.00","1","0","100.00","0","0","-","0","0","-","1","0","100.00","0","0","-","0","1","0.00","0","0","-","0.00","-","0.00","0","0","0","0","-","1","0","0","100.00"
"2039","Nils Lundkvist","Thomas Harley","DAL","94","0.51666666666667","0","1","0.00","0","0","-","0","0","-","0","0","-","0","0","-","0","0","-","0","0","-","0","0","-","0","0","-","0","0","-","0","1","0.00","0","0","-","-","-","-","0","0","1","2","0.00","0","0","1","0.00"
"2040","Spencer Stastney","Jake Livingstone","NSH","5","0.51666666666667","0","3","0.00","0","1","0.00","0","1","0.00","0","0","-","0","0.09","0.00","0","3","0.00","0","0","-","0","0","-","0","3","0.00","0","0","-","0","0","-","0","0","-","-","100.00","1.00","0","0","0","0","-","0","0","0","-"
"2041","Jake Christiansen","Denton Mateychuk","CBJ","31","0.51666666666667","0","1","0.00","0","1","0.00","0","0","-","0","0","-","0","0.09","0.00","0","1","0.00","0","0","-","0","0","-","0","1","0.00","0","0","-","0","0","-","0","0","-","-","-","-","0","0","0","0","-","0","0","0","-"
"2042","Santeri Hatakka","Luke Hughes","N.J","12","0.51666666666667","0","1","0.00","0","1","0.00","0","1","0.00","0","0","-","0","0.04","0.00","0","0","-","0","0","-","0","0","-","0","0","-","0","0","-","0","1","0.00","0","0","-","-","100.00","1.00","0","0","0","0","-","0","0","0","-"
"2043","Brendan Smith","Luke Hughes","N.J","64","0.5","0","0","-","0","0","-","0","0","-","0","0","-","0","0","-","0","0","-","0","0","-","0","0","-","0","0","-","0","0","-","0","0","-","0","0","-","-","-","-","0","0","0","0","-","0","0","0","-"
"2044","Mike Reilly","Connor Clifton","BOS","10","0.5","0","0","-","0","0","-","0","0","-","0","0","-","0","0","-","0","0","-","0","0","-","0","0","-","0","0","-","0","0","-","0","0","-","0","0","-","-","-","-","0","0","0","0","-","0","0","0","-"
"2045","Joel Edmundson","Kyle Burroughs","L.A","26","0.5","0","1","0.00","0","1","0.00","0","1","0.00","0","0","-","0","0.07","0.00","0","0","-","0","0","-","0","0","-","0","0","-","0","0","-","0","2","0.00","0","0","-","-","100.00","1.00","0","0","1","0","0.00","0","0","1","0.00"
"2046","Shayne Gostisbehere","Domenick Fensore","CAR","2","0.5","0","1","0.00","0","1","0.00","0","0","-","0","0","-","0","0.16","0.00","0","0","-","0","0","-","0","0","-","0","0","-","0","0","-","0","1","0.00","0","0","-","-","-","-","0","0","0","3","-","0","0","0","-"
"2047","Seth Jones","Aaron Ekblad","FLA","3","0.5","0","0","-","0","0","-","0","0","-","0","0","-","0","0","-","0","0","-","0","0","-","0","0","-","0","0","-","0","0","-","0","0","-","0","0","-","-","-","-","0","0","0","0","-","0","0","0","-"
"2048","Jake Walman","Ty Emberson","EDM","11","0.5","0","2","0.00","0","1","0.00","0","0","-","0","0","-","0","0.15","0.00","0","1","0.00","0","1","0.00","0","0","-","0","0","-","0","0","-","0","2","0.00","0","0","-","-","-","-","0","0","1","2","0.00","0","0","1","0.00"
"2049","Caleb Jones","Cale Makar","COL","20","0.5","0","2","0.00","0","1","0.00","0","0","-","0","0","-","0","0.1","0.00","0","1","0.00","0","0","-","0","0","-","0","1","0.00","0","0","-","0","2","0.00","0","0","-","-","-","-","0","0","0","0","-","0","0","1","0.00"
"2050","Adam Fox","Urho Vaakanainen","NYR","38","0.5","0","2","0.00","0","1","0.00","0","1","0.00","0","1","0.00","0","0.09","0.00","0","1","0.00","0","0","-","0","0","-","0","1","0.00","0","1","0.00","0","2","0.00","0","0","-","-","0.00","0.00","0","0","1","1","0.00","0","0","1","0.00"
"2051","Frederic Allard","Justin Barron","MTL","2","0.5","0","1","0.00","0","0","-","0","0","-","0","0","-","0","0","-","0","0","-","0","0","-","0","0","-","0","0","-","0","0","-","0","1","0.00","0","0","-","-","-","-","0","0","0","1","-","0","0","0","-"
"2052","Juuso Valimaki","Sean Durzi","UTA","4","0.5","0","1","0.00","0","1","0.00","0","1","0.00","0","0","-","0","0.1","0.00","0","1","0.00","0","0","-","0","0","-","0","1","0.00","0","0","-","0","0","-","0","0","-","-","100.00","1.00","0","0","0","2","-","0","0","0","-"
"2053","Jacob Bernard-Docker","Bowen Byram","BUF","15","0.5","0","1","0.00","0","1","0.00","0","1","0.00","0","1","0.00","0","0.14","0.00","0","1","0.00","0","1","0.00","0","1","0.00","0","0","-","0","0","-","0","0","-","0","0","-","-","0.00","0.00","0","0","0","0","-","0","0","0","-"
"2054","Corey Schueneman","Matthew Kessel","STL","3","0.5","0","0","-","0","0","-","0","0","-","0","0","-","0","0","-","0","0","-","0","0","-","0","0","-","0","0","-","0","0","-","0","0","-","0","0","-","-","-","-","0","0","0","2","-","0","0","0","-"
"2055","Justin Braun","Rasmus Ristolainen","PHI","43","0.48333333333333","1","0","100.00","1","0","100.00","1","0","100.00","0","0","-","0.15","0","100.00","1","0","100.00","1","0","100.00","0","0","-","0","0","-","0","0","-","0","0","-","0","0","-","0.00","-","0.00","0","0","0","12","-","0","0","0","-"
"2056","Michael Stone","Connor Mackey","CGY","8","0.48333333333333","0","0","-","0","0","-","0","0","-","0","0","-","0","0","-","0","0","-","0","0","-","0","0","-","0","0","-","0","0","-","0","0","-","0","0","-","-","-","-","0","0","1","2","0.00","1","0","1","50.00"
"2057","TJ Brodie","Rasmus Sandin","TOR","31","0.48333333333333","0","0","-","0","0","-","0","0","-","0","0","-","0","0","-","0","0","-","0","0","-","0","0","-","0","0","-","0","0","-","0","0","-","0","0","-","-","-","-","0","0","0","1","-","0","0","0","-"
"2058","Dmitry Orlov","Riley Stillman","CAR","4","0.48333333333333","0","0","-","0","0","-","0","0","-","0","0","-","0","0","-","0","0","-","0","0","-","0","0","-","0","0","-","0","0","-","0","0","-","0","0","-","-","-","-","0","0","0","0","-","0","0","0","-"
"2059","Derek Forbort","Parker Wotherspoon","BOS","9","0.48333333333333","0","1","0.00","0","1","0.00","0","1","0.00","0","0","-","0","0.12","0.00","0","1","0.00","0","1","0.00","0","0","-","0","0","-","0","0","-","0","0","-","0","0","-","-","100.00","1.00","0","0","1","3","0.00","0","0","1","0.00"
"2060","Shayne Gostisbehere","Riley Stillman","CAR","5","0.48333333333333","0","1","0.00","0","0","-","0","0","-","0","0","-","0","0","-","0","1","0.00","0","0","-","0","0","-","0","1","0.00","0","0","-","0","0","-","0","0","-","-","-","-","0","0","0","1","-","0","0","0","-"
"2061","Brett Kulak","Travis Dermott","EDM","10","0.48333333333333","0","0","-","0","0","-","0","0","-","0","0","-","0","0","-","0","0","-","0","0","-","0","0","-","0","0","-","0","0","-","0","0","-","0","0","-","-","-","-","0","0","0","1","-","0","0","0","-"
"2062","Ben Hutton","Shea Theodore","VGK","41","0.48333333333333","1","0","100.00","1","0","100.00","1","0","100.00","0","0","-","0.12","0","100.00","1","0","100.00","1","0","100.00","0","0","-","0","0","-","0","0","-","0","0","-","0","0","-","0.00","-","0.00","0","0","0","1","-","0","0","0","-"
"2063","Connor Clifton","Ryan Johnson","BUF","43","0.48333333333333","0","1","0.00","0","1","0.00","0","1","0.00","0","0","-","0","0.05","0.00","0","1","0.00","0","0","-","0","0","-","0","1","0.00","0","0","-","0","0","-","0","0","-","-","100.00","1.00","0","0","0","0","-","0","0","0","-"
"2064","Seth Jones","Uvis Balinskis","FLA","18","0.48333333333333","0","1","0.00","0","1","0.00","0","0","-","0","0","-","0","0.14","0.00","0","1","0.00","0","1","0.00","0","0","-","0","0","-","0","0","-","0","0","-","0","0","-","-","-","-","0","0","0","3","-","0","0","0","-"
"2065","Dennis Cholowski","Simon Nemec","N.J","2","0.48333333333333","0","1","0.00","0","1","0.00","0","1","0.00","0","0","-","0","0.07","0.00","0","1","0.00","0","0","-","0","0","-","0","1","0.00","0","0","-","0","0","-","0","0","-","-","100.00","1.00","0","0","0","2","-","0","0","0","-"
"2066","Radim Simek","Nick Cicek","S.J","5","0.48333333333333","0","0","-","0","0","-","0","0","-","0","0","-","0","0","-","0","0","-","0","0","-","0","0","-","0","0","-","0","0","-","0","0","-","0","0","-","-","-","-","0","0","0","0","-","0","0","0","-"
"2067","Jan Rutta","Ty Emberson","S.J","25","0.48333333333333","0","0","-","0","0","-","0","0","-","0","0","-","0","0","-","0","0","-","0","0","-","0","0","-","0","0","-","0","0","-","0","0","-","0","0","-","-","-","-","0","0","0","1","-","0","0","0","-"
"2068","Alex Goligoski","Brock Faber","MIN","38","0.46666666666667","0","0","-","0","0","-","0","0","-","0","0","-","0","0","-","0","0","-","0","0","-","0","0","-","0","0","-","0","0","-","0","0","-","0","0","-","-","-","-","0","0","0","2","-","0","0","0","-"
"2069","Alec Martinez","Louis Crevier","CHI","19","0.46666666666667","0","0","-","0","0","-","0","0","-","0","0","-","0","0","-","0","0","-","0","0","-","0","0","-","0","0","-","0","0","-","0","1","0.00","0","0","-","-","-","-","0","0","1","0","0.00","0","0","1","0.00"
"2070","Kevin Gravel","Alexandre Carrier","NSH","1","0.46666666666667","0","0","-","0","0","-","0","0","-","0","0","-","0","0","-","0","0","-","0","0","-","0","0","-","0","0","-","0","0","-","0","0","-","0","0","-","-","-","-","0","0","0","1","-","0","0","0","-"
"2071","Brad Hunt","Samuel Girard","COL","47","0.46666666666667","0","0","-","0","0","-","0","0","-","0","0","-","0","0","-","0","0","-","0","0","-","0","0","-","0","0","-","0","0","-","0","0","-","0","0","-","-","-","-","0","0","0","1","-","0","0","0","-"
"2072","Morgan Rielly","Rasmus Sandin","TOR","39","0.46666666666667","0","0","-","0","0","-","0","0","-","0","0","-","0","0","-","0","0","-","0","0","-","0","0","-","0","0","-","0","0","-","0","0","-","0","0","-","-","-","-","0","0","0","2","-","0","0","0","-"
"2073","Brady Skjei","Jordan Oesterle","NSH","15","0.46666666666667","0","0","-","0","0","-","0","0","-","0","0","-","0","0","-","0","0","-","0","0","-","0","0","-","0","0","-","0","0","-","0","0","-","0","0","-","-","-","-","0","0","0","5","-","0","0","0","-"
"2074","Haydn Fleury","Dylan Samberg","WPG","23","0.46666666666667","0","0","-","0","0","-","0","0","-","0","0","-","0","0","-","0","0","-","0","0","-","0","0","-","0","0","-","0","0","-","0","0","-","0","0","-","-","-","-","0","0","0","11","-","0","0","0","-"
"2075","Andreas Englund","Brandt Clarke","L.A","27","0.46666666666667","0","0","-","0","0","-","0","0","-","0","0","-","0","0","-","0","0","-","0","0","-","0","0","-","0","0","-","0","0","-","0","0","-","0","0","-","-","-","-","0","0","0","0","-","0","0","0","-"
"2076","Vince Dunn","Ryker Evans","SEA","67","0.46666666666667","0","2","0.00","0","1","0.00","0","0","-","0","0","-","0","0.11","0.00","0","2","0.00","0","0","-","0","0","-","0","2","0.00","0","0","-","0","0","-","0","0","-","-","-","-","0","0","0","3","-","0","0","0","-"
"2077","Dylan Coghlan","Scott Morrow","CAR","1","0.46666666666667","0","1","0.00","0","1","0.00","0","1","0.00","0","0","-","0","0.11","0.00","0","1","0.00","0","0","-","0","0","-","0","1","0.00","0","0","-","0","0","-","0","0","-","-","100.00","1.00","0","0","0","1","-","0","0","1","0.00"
"2078","Pierre-Olivier Joseph","Owen Pickering","PIT","11","0.46666666666667","0","0","-","0","0","-","0","0","-","0","0","-","0","0","-","0","0","-","0","0","-","0","0","-","0","0","-","0","0","-","0","0","-","0","0","-","-","-","-","0","0","0","2","-","0","0","0","-"
"2079","Erik Johnson","Jacob Bryson","BUF","10","0.45","0","0","-","0","0","-","0","0","-","0","0","-","0","0","-","0","0","-","0","0","-","0","0","-","0","0","-","0","0","-","0","0","-","0","0","-","-","-","-","0","0","0","1","-","0","0","0","-"
"2080","Erik Johnson","Ronnie Attard","PHI","10","0.45","0","1","0.00","0","1","0.00","0","1","0.00","0","0","-","0","0.13","0.00","0","1","0.00","0","1","0.00","0","0","-","0","0","-","0","0","-","0","0","-","0","0","-","-","100.00","1.00","0","0","0","1","-","0","0","0","-"
"2081","Luke Schenn","TJ Brodie","TOR","14","0.45","1","0","100.00","1","0","100.00","1","0","100.00","0","0","-","0","0","100.00","0","0","-","0","0","-","0","0","-","0","0","-","0","0","-","0","0","-","0","0","-","0.00","-","0.00","0","0","0","3","-","0","0","0","-"
"2082","Victor Hedman","Maxwell Crozier","T.B","18","0.45","0","0","-","0","0","-","0","0","-","0","0","-","0","0","-","0","0","-","0","0","-","0","0","-","0","0","-","0","0","-","0","0","-","0","0","-","-","-","-","0","0","0","0","-","0","0","0","-"
"2083","Dmitry Kulikov","Urho Vaakanainen","ANA","23","0.45","0","1","0.00","0","1","0.00","0","1","0.00","0","0","-","0","0.07","0.00","0","0","-","0","0","-","0","0","-","0","0","-","0","0","-","0","1","0.00","0","0","-","-","100.00","1.00","0","0","1","1","0.00","0","0","1","0.00"
"2084","Colin Miller","Thomas Harley","DAL","6","0.45","0","0","-","0","0","-","0","0","-","0","0","-","0","0","-","0","0","-","0","0","-","0","0","-","0","0","-","0","0","-","0","0","-","0","0","-","-","-","-","0","0","0","0","-","0","0","0","-"
"2085","Esa Lindell","Lian Bichsel","DAL","36","0.45","0","0","-","0","0","-","0","0","-","0","0","-","0","0","-","0","0","-","0","0","-","0","0","-","0","0","-","0","0","-","0","0","-","0","0","-","-","-","-","0","0","0","1","-","0","0","0","-"
"2086","Vince Dunn","Josh Mahura","SEA","45","0.45","0","1","0.00","0","1","0.00","0","0","-","0","0","-","0","0.12","0.00","0","1","0.00","0","1","0.00","0","0","-","0","0","-","0","0","-","0","0","-","0","0","-","-","-","-","0","0","0","2","-","0","0","0","-"
"2087","Thomas Chabot","Nikita Zaitsev","OTT","28","0.45","2","0","100.00","2","0","100.00","1","0","100.00","0","0","-","0.38","0","100.00","2","0","100.00","1","0","100.00","0","0","-","1","0","100.00","0","0","-","0","0","-","0","0","-","0.00","-","0.00","0","0","1","4","0.00","0","0","1","0.00"
"2088","Matt Roy","Brandt Clarke","L.A","24","0.45","0","1","0.00","0","1","0.00","0","0","-","0","0","-","0","0.09","0.00","0","1","0.00","0","0","-","0","0","-","0","1","0.00","0","0","-","0","0","-","0","0","-","-","-","-","0","0","0","0","-","0","0","0","-"
"2089","Sean Walker","Brandt Clarke","L.A","5","0.45","0","2","0.00","0","1","0.00","0","1","0.00","0","0","-","0","0.12","0.00","0","1","0.00","0","1","0.00","0","0","-","0","0","-","0","0","-","0","1","0.00","0","0","-","-","100.00","1.00","0","0","0","1","-","0","0","0","-"
"2090","Jeff Petry","Dmitry Kulikov","PIT","6","0.43333333333333","0","2","0.00","0","2","0.00","0","2","0.00","0","1","0.00","0","0.41","0.00","0","2","0.00","0","1","0.00","0","1","0.00","0","1","0.00","0","0","-","0","0","-","0","0","-","-","50.00","0.50","0","0","0","0","-","0","0","0","-"
"2091","Tyson Barrie","Alexandre Carrier","NSH","38","0.43333333333333","0","0","-","0","0","-","0","0","-","0","0","-","0","0","-","0","0","-","0","0","-","0","0","-","0","0","-","0","0","-","0","0","-","0","0","-","-","-","-","0","0","0","3","-","0","0","0","-"
"2092","Matt Irwin","Rasmus Sandin","WSH","15","0.43333333333333","0","0","-","0","0","-","0","0","-","0","0","-","0","0","-","0","0","-","0","0","-","0","0","-","0","0","-","0","0","-","0","0","-","0","0","-","-","-","-","0","0","0","0","-","0","0","0","-"
"2093","Adam Larsson","Gustav Olofsson","SEA","4","0.43333333333333","1","1","50.00","0","0","-","0","0","-","0","0","-","0","0","-","1","0","100.00","0","0","-","0","0","-","1","0","100.00","0","0","-","0","0","-","0","0","-","-","-","-","0","0","0","1","-","0","1","0","-"
"2094","Noah Juulsen","Christian Wolanin","VAN","10","0.43333333333333","0","0","-","0","0","-","0","0","-","0","0","-","0","0","-","0","0","-","0","0","-","0","0","-","0","0","-","0","0","-","0","0","-","0","0","-","-","-","-","0","0","0","1","-","0","0","0","-"
"2095","Filip Hronek","Akito Hirose","VAN","3","0.43333333333333","0","0","-","0","0","-","0","0","-","0","0","-","0","0","-","0","0","-","0","0","-","0","0","-","0","0","-","0","0","-","0","0","-","0","0","-","-","-","-","0","0","0","1","-","0","0","0","-"
"2096","Jacob MacDonald","Cale Makar","COL","29","0.43333333333333","0","1","0.00","0","0","-","0","0","-","0","0","-","0","0","-","0","0","-","0","0","-","0","0","-","0","0","-","0","0","-","0","0","-","0","0","-","-","-","-","0","0","0","1","-","0","0","0","-"
"2097","Conor Timmins","Timothy Liljegren","TOR","35","0.43333333333333","0","2","0.00","0","2","0.00","0","2","0.00","0","0","-","0","0.48","0.00","0","2","0.00","0","2","0.00","0","0","-","0","0","-","0","0","-","0","0","-","0","0","-","-","100.00","1.00","0","0","0","1","-","0","0","0","-"
"2098","Jack Johnson","Alec Regula","CHI","4","0.41666666666667","0","0","-","0","0","-","0","0","-","0","0","-","0","0","-","0","0","-","0","0","-","0","0","-","0","0","-","0","0","-","0","0","-","0","0","-","-","-","-","0","0","0","2","-","0","0","0","-"
"2099","Calvin de Haan","Dylan Coghlan","CAR","8","0.41666666666667","0","0","-","0","0","-","0","0","-","0","0","-","0","0","-","0","0","-","0","0","-","0","0","-","0","0","-","0","0","-","0","0","-","0","0","-","-","-","-","0","1","0","2","-","0","1","0","-"
"2100","Brian Dumoulin","Dennis Cholowski","N.J","6","0.41666666666667","0","0","-","0","0","-","0","0","-","0","0","-","0","0","-","0","0","-","0","0","-","0","0","-","0","0","-","0","0","-","0","0","-","0","0","-","-","-","-","0","0","0","0","-","0","0","0","-"
"2101","Shayne Gostisbehere","Jake Walman","DET","62","0.41666666666667","0","2","0.00","0","2","0.00","0","2","0.00","0","0","-","0","0.19","0.00","0","1","0.00","0","1","0.00","0","0","-","0","0","-","0","0","-","0","1","0.00","0","0","-","-","100.00","1.00","0","0","0","4","-","0","0","0","-"
"2102","Seth Jones","Ian Mitchell","CHI","33","0.41666666666667","0","1","0.00","0","1","0.00","0","0","-","0","0","-","0","0.13","0.00","0","1","0.00","0","1","0.00","0","0","-","0","0","-","0","0","-","0","0","-","0","0","-","-","-","-","0","0","0","0","-","0","1","0","-"
"2103","Nikita Zadorov","Jordan Oesterle","CGY","3","0.41666666666667","0","0","-","0","0","-","0","0","-","0","0","-","0","0","-","0","0","-","0","0","-","0","0","-","0","0","-","0","0","-","0","0","-","0","0","-","-","-","-","0","0","0","0","-","0","0","0","-"
"2104","Kale Clague","Owen Power","BUF","31","0.41666666666667","0","1","0.00","0","1","0.00","0","1","0.00","0","0","-","0","0.07","0.00","0","1","0.00","0","0","-","0","0","-","0","1","0.00","0","0","-","0","0","-","0","0","-","-","100.00","1.00","0","0","1","1","0.00","0","0","1","0.00"
"2105","Hardy Haman Aktell","Rasmus Sandin","WSH","6","0.41666666666667","0","1","0.00","0","1","0.00","0","0","-","0","0","-","0","0.12","0.00","0","1","0.00","0","0","-","0","0","-","0","1","0.00","0","0","-","0","0","-","0","0","-","-","-","-","0","0","0","1","-","0","0","0","-"
"2106","Calle Rosen","Tyler Tucker","STL","18","0.41666666666667","0","1","0.00","0","1","0.00","0","0","-","0","0","-","0","0.07","0.00","0","1","0.00","0","0","-","0","0","-","0","1","0.00","0","0","-","0","0","-","0","0","-","-","-","-","0","0","0","2","-","0","0","0","-"
"2107","Luke Schenn","Nick Blankenburg","NSH","39","0.4","0","0","-","0","0","-","0","0","-","0","0","-","0","0","-","0","0","-","0","0","-","0","0","-","0","0","-","0","0","-","0","0","-","0","0","-","-","-","-","0","0","0","15","-","0","0","0","-"
"2108","Oliver Ekman-Larsson","Noah Juulsen","VAN","2","0.4","0","1","0.00","0","1","0.00","0","1","0.00","0","1","0.00","0","0.04","0.00","0","0","-","0","0","-","0","0","-","0","0","-","0","0","-","0","1","0.00","0","1","0.00","-","0.00","0.00","0","0","0","0","-","0","0","1","0.00"
"2109","Erik Gustafsson","Timothy Liljegren","TOR","7","0.4","0","0","-","0","0","-","0","0","-","0","0","-","0","0","-","0","0","-","0","0","-","0","0","-","0","0","-","0","0","-","0","0","-","0","0","-","-","-","-","0","0","0","2","-","0","0","0","-"
"2110","Zach Werenski","Adam Boqvist","CBJ","31","0.4","0","0","-","0","0","-","0","0","-","0","0","-","0","0","-","0","0","-","0","0","-","0","0","-","0","0","-","0","0","-","0","1","0.00","0","0","-","-","-","-","0","1","1","0","0.00","0","1","1","0.00"
"2111","Ivan Provorov","Adam Boqvist","CBJ","35","0.4","0","1","0.00","0","0","-","0","0","-","0","0","-","0","0","-","0","0","-","0","0","-","0","0","-","0","0","-","0","0","-","0","0","-","0","0","-","-","-","-","0","0","0","0","-","0","0","0","-"
"2112","Matt Roy","Jakob Chychrun","WSH","64","0.4","2","0","100.00","2","0","100.00","1","0","100.00","0","0","-","0.31","0","100.00","2","0","100.00","1","0","100.00","0","0","-","1","0","100.00","0","0","-","0","0","-","0","0","-","0.00","-","0.00","0","0","1","1","0.00","0","0","1","0.00"
"2113","Josh Mahura","Casey Fitzgerald","FLA","4","0.4","0","0","-","0","0","-","0","0","-","0","0","-","0","0","-","0","0","-","0","0","-","0","0","-","0","0","-","0","0","-","0","0","-","0","0","-","-","-","-","0","0","0","1","-","0","0","0","-"
"2114","Jackson LaCombe","Jamie Drysdale","ANA","7","0.4","0","0","-","0","0","-","0","0","-","0","0","-","0","0","-","0","0","-","0","0","-","0","0","-","0","0","-","0","0","-","0","0","-","0","0","-","-","-","-","0","0","0","2","-","0","0","0","-"
"2115","TJ Brodie","Kevin Korchinski","CHI","9","0.38333333333333","0","2","0.00","0","1","0.00","0","0","-","0","0","-","0","0.22","0.00","0","1","0.00","0","1","0.00","0","0","-","0","0","-","0","0","-","0","1","0.00","0","0","-","-","-","-","0","0","0","1","-","0","0","0","-"
"2116","Chris Wideman","Corey Schueneman","MTL","3","0.38333333333333","0","0","-","0","0","-","0","0","-","0","0","-","0","0","-","0","0","-","0","0","-","0","0","-","0","0","-","0","0","-","0","0","-","0","0","-","-","-","-","0","0","0","1","-","0","0","0","-"
"2117","Christopher Tanev","Troy Stecher","CGY","13","0.38333333333333","0","1","0.00","0","1","0.00","0","1","0.00","0","0","-","0","0.06","0.00","0","1","0.00","0","0","-","0","0","-","0","1","0.00","0","0","-","0","0","-","0","0","-","-","100.00","1.00","0","0","0","1","-","0","0","0","-"
"2118","Alex Petrovic","Joel Hanley","DAL","1","0.38333333333333","0","0","-","0","0","-","0","0","-","0","0","-","0","0","-","0","0","-","0","0","-","0","0","-","0","0","-","0","0","-","0","0","-","0","0","-","-","-","-","0","0","0","1","-","0","0","0","-"
"2119","Joel Edmundson","Brandt Clarke","L.A","69","0.38333333333333","1","0","100.00","1","0","100.00","1","0","100.00","0","0","-","0.03","0","100.00","0","0","-","0","0","-","0","0","-","0","0","-","0","0","-","2","0","100.00","0","0","-","0.00","-","0.00","0","1","0","0","-","1","1","0","100.00"
"2120","Robert Hagg","Urho Vaakanainen","ANA","5","0.38333333333333","0","2","0.00","0","1","0.00","0","1","0.00","0","0","-","0","0.09","0.00","0","2","0.00","0","0","-","0","0","-","0","2","0.00","0","0","-","0","0","-","0","0","-","-","100.00","1.00","0","0","0","1","-","0","0","0","-"
"2121","Seth Jones","Ethan Del Mastro","CHI","10","0.38333333333333","0","0","-","0","0","-","0","0","-","0","0","-","0","0","-","0","0","-","0","0","-","0","0","-","0","0","-","0","0","-","0","0","-","0","0","-","-","-","-","0","0","0","2","-","0","0","0","-"
"2122","William Borgen","Josh Mahura","SEA","21","0.38333333333333","0","1","0.00","0","0","-","0","0","-","0","0","-","0","0","-","0","0","-","0","0","-","0","0","-","0","0","-","0","0","-","0","0","-","0","0","-","-","-","-","0","0","0","1","-","0","0","0","-"
"2123","Josh Mahura","Lucas Carlsson","FLA","2","0.38333333333333","0","0","-","0","0","-","0","0","-","0","0","-","0","0","-","0","0","-","0","0","-","0","0","-","0","0","-","0","0","-","0","0","-","0","0","-","-","-","-","0","0","0","0","-","0","0","0","-"
"2124","Adam Boqvist","Scott Perunovich","NYI","7","0.38333333333333","0","1","0.00","0","1","0.00","0","1","0.00","0","0","-","0","0.06","0.00","0","0","-","0","0","-","0","0","-","0","0","-","0","0","-","0","1","0.00","0","0","-","-","100.00","1.00","0","0","0","0","-","0","0","0","-"
"2125","Jack Johnson","Erik Gudbranson","CBJ","5","0.36666666666667","0","2","0.00","0","2","0.00","0","2","0.00","0","0","-","0","0.31","0.00","0","1","0.00","0","1","0.00","0","0","-","0","0","-","0","0","-","0","1","0.00","0","0","-","-","100.00","1.00","0","0","0","1","-","0","0","0","-"
"2126","Tyler Myers","Tucker Poolman","VAN","1","0.36666666666667","0","1","0.00","0","1","0.00","0","1","0.00","0","0","-","0","0.04","0.00","0","0","-","0","0","-","0","0","-","0","0","-","0","0","-","0","1","0.00","0","0","-","-","100.00","1.00","0","0","0","0","-","0","0","1","0.00"
"2127","Justin Schultz","William Borgen","SEA","143","0.36666666666667","1","0","100.00","1","0","100.00","1","0","100.00","0","0","-","0.05","0","100.00","0","0","-","0","0","-","0","0","-","0","0","-","0","0","-","1","0","100.00","0","0","-","0.00","-","0.00","0","0","0","6","-","0","0","0","-"
"2128","Calvin de Haan","Brady Skjei","CAR","52","0.36666666666667","0","0","-","0","0","-","0","0","-","0","0","-","0","0","-","0","0","-","0","0","-","0","0","-","0","0","-","0","0","-","0","0","-","0","0","-","-","-","-","0","0","0","6","-","0","0","0","-"
"2129","Nikita Zadorov","Dennis Gilbert","CGY","35","0.36666666666667","0","1","0.00","0","0","-","0","0","-","0","0","-","0","0","-","0","1","0.00","0","0","-","0","0","-","0","1","0.00","0","0","-","0","0","-","0","0","-","-","-","-","0","0","0","0","-","0","0","0","-"
"2130","Caleb Jones","Bowen Byram","COL","16","0.36666666666667","0","0","-","0","0","-","0","0","-","0","0","-","0","0","-","0","0","-","0","0","-","0","0","-","0","0","-","0","0","-","0","0","-","0","0","-","-","-","-","0","0","0","2","-","0","0","0","-"
"2131","Ryan Lindgren","Keaton Middleton","COL","10","0.36666666666667","0","2","0.00","0","1","0.00","0","1","0.00","0","0","-","0","0.08","0.00","0","1","0.00","0","0","-","0","0","-","0","1","0.00","0","0","-","0","1","0.00","0","0","-","-","100.00","1.00","0","1","0","1","-","0","1","0","-"
"2132","Gavin Bayreuther","Adam Boqvist","CBJ","31","0.36666666666667","1","0","100.00","0","0","-","0","0","-","0","0","-","0","0","-","0","0","-","0","0","-","0","0","-","0","0","-","0","0","-","0","0","-","0","0","-","-","-","-","0","0","0","2","-","0","0","0","-"
"2133","Adam Boqvist","Jake Christiansen","CBJ","3","0.36666666666667","1","0","100.00","1","0","100.00","1","0","100.00","0","0","-","0.06","0","100.00","0","0","-","0","0","-","0","0","-","0","0","-","0","0","-","1","0","100.00","0","0","-","0.00","-","0.00","0","0","0","0","-","0","0","0","-"
"2134","Lawrence Pilut","Ilya Lyubushkin","BUF","8","0.36666666666667","0","0","-","0","0","-","0","0","-","0","0","-","0","0","-","0","0","-","0","0","-","0","0","-","0","0","-","0","0","-","0","0","-","0","0","-","-","-","-","0","0","0","1","-","0","1","0","-"
"2135","Zac Jones","Victor Mancini","NYR","9","0.36666666666667","0","1","0.00","0","1","0.00","0","1","0.00","0","1","0.00","0","0.14","0.00","0","1","0.00","0","1","0.00","0","1","0.00","0","0","-","0","0","-","0","0","-","0","0","-","-","0.00","0.00","0","0","0","0","-","0","0","0","-"
"2136","Luke Schenn","Neal Pionk","WPG","4","0.35","0","1","0.00","0","1","0.00","0","1","0.00","0","0","-","0","0.05","0.00","0","0","-","0","0","-","0","0","-","0","0","-","0","0","-","0","2","0.00","0","0","-","-","100.00","1.00","0","0","1","0","0.00","0","0","1","0.00"
"2137","John Carlson","Erik Gustafsson","WSH","29","0.35","0","1","0.00","0","1","0.00","0","0","-","0","0","-","0","0.14","0.00","0","1","0.00","0","1","0.00","0","0","-","0","0","-","0","0","-","0","0","-","0","0","-","-","-","-","0","0","1","1","0.00","0","0","1","0.00"
"2138","Michael Stone","Troy Stecher","CGY","2","0.35","1","0","100.00","1","0","100.00","1","0","100.00","0","0","-","0.07","0","100.00","1","0","100.00","0","0","-","0","0","-","1","0","100.00","0","0","-","0","0","-","0","0","-","0.00","-","0.00","0","0","0","1","-","0","0","0","-"
"2139","Alex Petrovic","Matt Dumba","DAL","2","0.35","0","1","0.00","0","0","-","0","0","-","0","0","-","0","0","-","0","0","-","0","0","-","0","0","-","0","0","-","0","0","-","0","1","0.00","0","0","-","-","-","-","0","0","0","1","-","0","0","0","-"
"2140","Joel Hanley","Kevin Bahl","CGY","45","0.35","0","0","-","0","0","-","0","0","-","0","0","-","0","0","-","0","0","-","0","0","-","0","0","-","0","0","-","0","0","-","0","0","-","0","0","-","-","-","-","0","0","0","14","-","0","0","0","-"
"2141","Adam Boqvist","Alexander Romanov","NYI","16","0.35","0","0","-","0","0","-","0","0","-","0","0","-","0","0","-","0","0","-","0","0","-","0","0","-","0","0","-","0","0","-","0","0","-","0","0","-","-","-","-","0","0","0","1","-","0","0","0","-"
"2142","Simon Benoit","Jamie Drysdale","ANA","4","0.35","0","0","-","0","0","-","0","0","-","0","0","-","0","0","-","0","0","-","0","0","-","0","0","-","0","0","-","0","0","-","0","0","-","0","0","-","-","-","-","0","0","0","0","-","0","0","0","-"
"2143","Egor Zamula","Jamie Drysdale","PHI","73","0.35","0","0","-","0","0","-","0","0","-","0","0","-","0","0","-","0","0","-","0","0","-","0","0","-","0","0","-","0","0","-","0","0","-","0","0","-","-","-","-","0","1","1","1","0.00","0","1","1","0.00"
"2144","Ian Cole","Callan Foote","T.B","23","0.33333333333333","0","0","-","0","0","-","0","0","-","0","0","-","0","0","-","0","0","-","0","0","-","0","0","-","0","0","-","0","0","-","0","0","-","0","0","-","-","-","-","0","0","0","3","-","0","0","0","-"
"2145","Kevin Shattenkirk","Brandon Carlo","BOS","55","0.33333333333333","0","1","0.00","0","1","0.00","0","1","0.00","0","0","-","0","0.03","0.00","0","0","-","0","0","-","0","0","-","0","0","-","0","0","-","0","2","0.00","0","0","-","-","100.00","1.00","0","0","1","5","0.00","0","0","1","0.00"
"2146","Brendan Smith","Nikita Okhotiuk","N.J","10","0.33333333333333","0","0","-","0","0","-","0","0","-","0","0","-","0","0","-","0","0","-","0","0","-","0","0","-","0","0","-","0","0","-","0","0","-","0","0","-","-","-","-","0","0","0","0","-","0","0","0","-"
"2147","Erik Karlsson","Jack St. Ivany","PIT","33","0.33333333333333","0","2","0.00","0","1","0.00","0","1","0.00","0","1","0.00","0","0.3","0.00","0","2","0.00","0","1","0.00","0","1","0.00","0","1","0.00","0","0","-","0","1","0.00","0","0","-","-","0.00","0.00","0","0","1","4","0.00","0","0","1","0.00"
"2148","Erik Karlsson","Derrick Pouliot","S.J","8","0.33333333333333","0","0","-","0","0","-","0","0","-","0","0","-","0","0","-","0","0","-","0","0","-","0","0","-","0","0","-","0","0","-","0","0","-","0","0","-","-","-","-","0","0","1","0","0.00","0","0","1","0.00"
"2149","Mark Borowiecki","Mattias Ekholm","NSH","4","0.33333333333333","0","2","0.00","0","2","0.00","0","2","0.00","0","0","-","0","0.27","0.00","0","2","0.00","0","2","0.00","0","0","-","0","0","-","0","0","-","0","0","-","0","0","-","-","100.00","1.00","0","0","0","1","-","0","0","0","-"
"2150","Matt Irwin","Gabriel Carlsson","WSH","6","0.33333333333333","0","0","-","0","0","-","0","0","-","0","0","-","0","0","-","0","0","-","0","0","-","0","0","-","0","0","-","0","0","-","0","0","-","0","0","-","-","-","-","0","0","0","1","-","0","0","0","-"
"2151","Olli Maatta","Albert Johansson","DET","3","0.33333333333333","0","0","-","0","0","-","0","0","-","0","0","-","0","0","-","0","0","-","0","0","-","0","0","-","0","0","-","0","0","-","0","0","-","0","0","-","-","-","-","0","0","0","0","-","0","0","0","-"
"2152","Damon Severson","Nick Blankenburg","CBJ","6","0.33333333333333","0","0","-","0","0","-","0","0","-","0","0","-","0","0","-","0","0","-","0","0","-","0","0","-","0","0","-","0","0","-","0","0","-","0","0","-","-","-","-","0","0","0","1","-","0","0","0","-"
"2153","Ryan Pulock","Tony DeAngelo","NYI","27","0.33333333333333","1","0","100.00","1","0","100.00","1","0","100.00","0","0","-","0","0","100.00","0","0","-","0","0","-","0","0","-","0","0","-","0","0","-","0","0","-","0","0","-","0.00","-","0.00","0","0","0","1","-","0","0","0","-"
"2154","Aaron Ekblad","Uvis Balinskis","FLA","54","0.33333333333333","0","0","-","0","0","-","0","0","-","0","0","-","0","0","-","0","0","-","0","0","-","0","0","-","0","0","-","0","0","-","0","0","-","0","0","-","-","-","-","0","0","0","2","-","0","0","0","-"
"2155","Jacob Middleton","Calen Addison","MIN","71","0.33333333333333","2","1","66.67","2","1","66.67","1","1","50.00","0","0","-","0.05","0.03","67.45","0","0","-","0","0","-","0","0","-","0","0","-","0","0","-","2","1","66.67","0","0","-","0.00","100.00","1.000","0","0","0","0","-","0","0","0","-"
"2156","Adam Boqvist","David Jiricek","CBJ","15","0.33333333333333","0","0","-","0","0","-","0","0","-","0","0","-","0","0","-","0","0","-","0","0","-","0","0","-","0","0","-","0","0","-","0","0","-","0","0","-","-","-","-","0","0","0","1","-","0","0","0","-"
"2157","Alex Goligoski","Jonas Brodin","MIN","43","0.31666666666667","2","0","100.00","2","0","100.00","2","0","100.00","0","0","-","0.11","0","100.00","1","0","100.00","1","0","100.00","0","0","-","0","0","-","0","0","-","0","0","-","0","0","-","0.00","-","0.00","0","0","0","4","-","0","0","0","-"
"2158","Tyler Myers","Elias Pettersson","VAN","19","0.31666666666667","1","0","100.00","1","0","100.00","1","0","100.00","0","0","-","0","0","100.00","0","0","-","0","0","-","0","0","-","0","0","-","0","0","-","0","0","-","0","0","-","0.00","-","0.00","0","0","0","0","-","0","0","0","-"
"2159","Michael Stone","Christopher Tanev","CGY","39","0.31666666666667","1","1","50.00","1","1","50.00","1","0","100.00","0","0","-","0.08","0.07","55.89","1","0","100.00","0","0","-","0","0","-","1","0","100.00","0","0","-","0","1","0.00","0","0","-","0.00","-","0.00","0","0","0","5","-","0","0","0","-"
"2160","Chris Wideman","Arber Xhekaj","MTL","29","0.31666666666667","0","0","-","0","0","-","0","0","-","0","0","-","0","0","-","0","0","-","0","0","-","0","0","-","0","0","-","0","0","-","0","0","-","0","0","-","-","-","-","0","2","0","1","-","0","2","0","-"
"2161","Radko Gudas","Gustav Lindstrom","ANA","21","0.31666666666667","0","2","0.00","0","2","0.00","0","2","0.00","0","1","0.00","0","0.58","0.00","0","2","0.00","0","2","0.00","0","1","0.00","0","0","-","0","0","-","0","0","-","0","0","-","-","50.00","0.50","0","0","1","0","0.00","0","0","1","0.00"
"2162","Patrik Nemeth","Jakob Chychrun","ARI","36","0.31666666666667","0","0","-","0","0","-","0","0","-","0","0","-","0","0","-","0","0","-","0","0","-","0","0","-","0","0","-","0","0","-","0","0","-","0","0","-","-","-","-","0","0","0","2","-","0","0","0","-"
"2163","Jon Merrill","David Jiricek","MIN","6","0.31666666666667","0","0","-","0","0","-","0","0","-","0","0","-","0","0","-","0","0","-","0","0","-","0","0","-","0","0","-","0","0","-","0","0","-","0","0","-","-","-","-","0","0","0","0","-","0","0","0","-"
"2164","Derek Forbort","Mike Reilly","BOS","7","0.31666666666667","0","1","0.00","0","0","-","0","0","-","0","0","-","0","0","-","0","0","-","0","0","-","0","0","-","0","0","-","0","0","-","0","1","0.00","0","0","-","-","-","-","0","0","0","1","-","0","0","0","-"
"2165","Dylan McIlrath","Martin Fehervary","WSH","24","0.31666666666667","0","0","-","0","0","-","0","0","-","0","0","-","0","0","-","0","0","-","0","0","-","0","0","-","0","0","-","0","0","-","0","0","-","0","0","-","-","-","-","0","0","0","2","-","0","0","0","-"
"2166","Dylan McIlrath","Jakob Chychrun","WSH","12","0.31666666666667","1","0","100.00","0","0","-","0","0","-","0","0","-","0","0","-","0","0","-","0","0","-","0","0","-","0","0","-","0","0","-","1","0","100.00","0","0","-","-","-","-","0","0","0","0","-","0","0","0","-"
"2167","Dylan DeMelo","Dylan Coghlan","WPG","6","0.31666666666667","0","1","0.00","0","1","0.00","0","1","0.00","0","0","-","0","0.06","0.00","0","1","0.00","0","0","-","0","0","-","0","1","0.00","0","0","-","0","0","-","0","0","-","-","100.00","1.00","0","0","0","2","-","0","0","0","-"
"2168","Shayne Gostisbehere","Conor Timmins","ARI","2","0.31666666666667","1","0","100.00","1","0","100.00","1","0","100.00","0","0","-","0.06","0","100.00","1","0","100.00","0","0","-","0","0","-","1","0","100.00","0","0","-","0","0","-","0","0","-","0.00","-","0.00","0","0","0","0","-","0","0","0","-"
"2169","Noah Hanifin","Troy Stecher","CGY","20","0.31666666666667","0","0","-","0","0","-","0","0","-","0","0","-","0","0","-","0","0","-","0","0","-","0","0","-","0","0","-","0","0","-","0","0","-","0","0","-","-","-","-","0","0","0","1","-","0","0","0","-"
"2170","Noah Hanifin","Ilya Solovyov","CGY","6","0.31666666666667","0","0","-","0","0","-","0","0","-","0","0","-","0","0","-","0","0","-","0","0","-","0","0","-","0","0","-","0","0","-","0","0","-","0","0","-","-","-","-","0","0","0","0","-","0","0","0","-"
"2171","Jakob Chychrun","Martin Fehervary","WSH","73","0.31666666666667","0","1","0.00","0","1","0.00","0","0","-","0","0","-","0","0.06","0.00","0","0","-","0","0","-","0","0","-","0","0","-","0","0","-","0","1","0.00","0","0","-","-","-","-","0","0","0","4","-","0","0","0","-"
"2172","Alex Vlasic","Artyom Levshunov","CHI","18","0.31666666666667","0","0","-","0","0","-","0","0","-","0","0","-","0","0","-","0","0","-","0","0","-","0","0","-","0","0","-","0","0","-","0","0","-","0","0","-","-","-","-","0","0","0","1","-","0","1","0","-"
"2173","Jack Johnson","Sam Malinski","COL","21","0.3","2","0","100.00","2","0","100.00","2","0","100.00","0","0","-","0.3","0","100.00","2","0","100.00","2","0","100.00","0","0","-","0","0","-","0","0","-","0","0","-","0","0","-","0.00","-","0.00","0","0","0","0","-","0","0","0","-"
"2174","Marc Staal","Lucas Carlsson","FLA","2","0.3","2","0","100.00","1","0","100.00","1","0","100.00","0","0","-","0.1","0","100.00","2","0","100.00","1","0","100.00","0","0","-","1","0","100.00","0","0","-","0","0","-","0","0","-","0.00","-","0.00","1","0","0","0","100.00","2","0","0","100.00"
"2175","Ryan McDonagh","Marc Del Gaizo","NSH","4","0.3","0","2","0.00","0","1","0.00","0","0","-","0","0","-","0","0.05","0.00","0","0","-","0","0","-","0","0","-","0","0","-","0","0","-","0","3","0.00","0","0","-","-","-","-","0","0","1","1","0.00","0","0","1","0.00"
"2176","Ryan McDonagh","Darren Raddysh","T.B","73","0.3","0","0","-","0","0","-","0","0","-","0","0","-","0","0","-","0","0","-","0","0","-","0","0","-","0","0","-","0","0","-","0","0","-","0","0","-","-","-","-","0","0","0","0","-","0","0","0","-"
"2177","Justin Schultz","Cale Fleury","SEA","5","0.3","0","0","-","0","0","-","0","0","-","0","0","-","0","0","-","0","0","-","0","0","-","0","0","-","0","0","-","0","0","-","0","0","-","0","0","-","-","-","-","0","0","0","1","-","0","0","0","-"
"2178","Calvin de Haan","Urho Vaakanainen","NYR","3","0.3","0","1","0.00","0","1","0.00","0","0","-","0","0","-","0","0.03","0.00","0","0","-","0","0","-","0","0","-","0","0","-","0","0","-","0","2","0.00","0","0","-","-","-","-","0","0","0","0","-","0","0","1","0.00"
"2179","Dmitry Orlov","Alexander Alexeyev","WSH","7","0.3","0","0","-","0","0","-","0","0","-","0","0","-","0","0","-","0","0","-","0","0","-","0","0","-","0","0","-","0","0","-","0","0","-","0","0","-","-","-","-","0","0","0","0","-","0","0","0","-"
"2180","Jani Hakanpaa","Colin Miller","DAL","79","0.3","0","0","-","0","0","-","0","0","-","0","0","-","0","0","-","0","0","-","0","0","-","0","0","-","0","0","-","0","0","-","0","0","-","0","0","-","-","-","-","0","0","0","3","-","0","0","0","-"
"2181","Joel Edmundson","Jacob Moverare","L.A","42","0.3","0","0","-","0","0","-","0","0","-","0","0","-","0","0","-","0","0","-","0","0","-","0","0","-","0","0","-","0","0","-","0","1","0.00","0","0","-","-","-","-","0","0","0","1","-","0","0","1","0.00"
"2182","Matt Grzelcyk","Pierre-Olivier Joseph","PIT","24","0.3","0","0","-","0","0","-","0","0","-","0","0","-","0","0","-","0","0","-","0","0","-","0","0","-","0","0","-","0","0","-","0","0","-","0","0","-","-","-","-","0","0","0","1","-","0","0","0","-"
"2183","Esa Lindell","Nils Lundkvist","DAL","158","0.3","0","0","-","0","0","-","0","0","-","0","0","-","0","0","-","0","0","-","0","0","-","0","0","-","0","0","-","0","0","-","0","0","-","0","0","-","-","-","-","0","0","0","0","-","0","0","0","-"
"2184","Noah Juulsen","Akito Hirose","VAN","3","0.3","0","0","-","0","0","-","0","0","-","0","0","-","0","0","-","0","0","-","0","0","-","0","0","-","0","0","-","0","0","-","0","0","-","0","0","-","-","-","-","0","0","0","1","-","0","0","0","-"
"2185","Robin Salo","Noah Dobson","NYI","11","0.3","0","0","-","0","0","-","0","0","-","0","0","-","0","0","-","0","0","-","0","0","-","0","0","-","0","0","-","0","0","-","0","0","-","0","0","-","-","-","-","0","0","0","1","-","0","0","0","-"
"2186","Philip Broberg","Matthew Kessel","STL","18","0.3","0","0","-","0","0","-","0","0","-","0","0","-","0","0","-","0","0","-","0","0","-","0","0","-","0","0","-","0","0","-","0","0","-","0","0","-","-","-","-","0","0","0","1","-","0","0","0","-"
"2187","Mark Giordano","Mac Hollowell","TOR","6","0.28333333333333","0","2","0.00","0","2","0.00","0","2","0.00","0","1","0.00","0","0.38","0.00","0","2","0.00","0","1","0.00","0","1","0.00","0","1","0.00","0","0","-","0","0","-","0","0","-","-","50.00","0.50","0","0","0","1","-","0","0","0","-"
"2188","Erik Johnson","Jamie Drysdale","PHI","23","0.28333333333333","0","1","0.00","0","1","0.00","0","1","0.00","0","0","-","0","0.02","0.00","0","0","-","0","0","-","0","0","-","0","0","-","0","0","-","0","0","-","0","0","-","-","100.00","1.00","0","0","0","0","-","0","0","0","-"
"2189","Calvin de Haan","Braden Schneider","NYR","3","0.28333333333333","0","1","0.00","0","1","0.00","0","1","0.00","0","0","-","0","0.05","0.00","0","0","-","0","0","-","0","0","-","0","0","-","0","0","-","0","1","0.00","0","0","-","-","100.00","1.00","0","0","0","1","-","0","0","0","-"
"2190","John Klingberg","Brett Kulak","EDM","11","0.28333333333333","0","0","-","0","0","-","0","0","-","0","0","-","0","0","-","0","0","-","0","0","-","0","0","-","0","0","-","0","0","-","0","0","-","0","0","-","-","-","-","0","0","0","1","-","0","0","0","-"
"2191","Mike Reilly","Matt Grzelcyk","BOS","6","0.28333333333333","1","0","100.00","1","0","100.00","1","0","100.00","0","0","-","0.01","0","100.00","0","0","-","0","0","-","0","0","-","0","0","-","0","0","-","1","0","100.00","0","0","-","0.00","-","0.00","0","0","0","1","-","0","0","0","-"
"2192","Adam Pelech","Scott Perunovich","NYI","10","0.28333333333333","0","0","-","0","0","-","0","0","-","0","0","-","0","0","-","0","0","-","0","0","-","0","0","-","0","0","-","0","0","-","0","0","-","0","0","-","-","-","-","0","0","0","0","-","0","1","0","-"
"2193","Ben Harpur","Adam Fox","NYR","42","0.28333333333333","0","0","-","0","0","-","0","0","-","0","0","-","0","0","-","0","0","-","0","0","-","0","0","-","0","0","-","0","0","-","0","0","-","0","0","-","-","-","-","0","0","0","2","-","0","0","0","-"
"2194","Nikita Zadorov","Henri Jokiharju","BOS","17","0.28333333333333","0","0","-","0","0","-","0","0","-","0","0","-","0","0","-","0","0","-","0","0","-","0","0","-","0","0","-","0","0","-","0","0","-","0","0","-","-","-","-","0","1","0","0","-","0","1","0","-"
"2195","Tony DeAngelo","Scott Perunovich","NYI","11","0.28333333333333","0","2","0.00","0","2","0.00","0","0","-","0","0","-","0","0.33","0.00","0","1","0.00","0","1","0.00","0","0","-","0","0","-","0","0","-","0","1","0.00","0","0","-","-","-","-","0","0","0","0","-","0","0","0","-"
"2196","Zach Whitecloud","Daniil Miromanov","VGK","8","0.28333333333333","0","0","-","0","0","-","0","0","-","0","0","-","0","0","-","0","0","-","0","0","-","0","0","-","0","0","-","0","0","-","0","0","-","0","0","-","-","-","-","0","0","0","0","-","0","0","0","-"
"2197","Michael Kesselring","Victor Soderstrom","ARI","12","0.28333333333333","0","0","-","0","0","-","0","0","-","0","0","-","0","0","-","0","0","-","0","0","-","0","0","-","0","0","-","0","0","-","0","0","-","0","0","-","-","-","-","0","0","0","0","-","0","0","0","-"
"2198","Vladislav Kolyachonok","Maveric Lamoureux","UTA","6","0.28333333333333","0","0","-","0","0","-","0","0","-","0","0","-","0","0","-","0","0","-","0","0","-","0","0","-","0","0","-","0","0","-","0","0","-","0","0","-","-","-","-","0","0","0","1","-","0","0","0","-"
"2199","Alexander Edler","Vladislav Gavrikov","L.A","12","0.26666666666667","0","0","-","0","0","-","0","0","-","0","0","-","0","0","-","0","0","-","0","0","-","0","0","-","0","0","-","0","0","-","0","0","-","0","0","-","-","-","-","0","0","0","1","-","0","0","0","-"
"2200","Tyler Myers","Mark Friedman","VAN","25","0.26666666666667","0","0","-","0","0","-","0","0","-","0","0","-","0","0","-","0","0","-","0","0","-","0","0","-","0","0","-","0","0","-","0","0","-","0","0","-","-","-","-","0","0","0","1","-","0","0","0","-"
"2201","Tyson Barrie","Jordan Gross","NSH","5","0.26666666666667","0","0","-","0","0","-","0","0","-","0","0","-","0","0","-","0","0","-","0","0","-","0","0","-","0","0","-","0","0","-","0","0","-","0","0","-","-","-","-","0","0","0","2","-","0","0","0","-"
"2202","Radko Gudas","Casey Fitzgerald","FLA","4","0.26666666666667","0","1","0.00","0","1","0.00","0","1","0.00","0","1","0.00","0","0.14","0.00","0","1","0.00","0","1","0.00","0","1","0.00","0","0","-","0","0","-","0","0","-","0","0","-","-","0.00","0.00","0","0","0","0","-","0","0","0","-"
"2203","Dylan McIlrath","Alexander Alexeyev","WSH","9","0.26666666666667","0","0","-","0","0","-","0","0","-","0","0","-","0","0","-","0","0","-","0","0","-","0","0","-","0","0","-","0","0","-","0","0","-","0","0","-","-","-","-","0","0","0","2","-","0","0","0","-"
"2204","Josh Manson","Oliver Kylington","COL","8","0.26666666666667","0","1","0.00","0","1","0.00","0","1","0.00","0","0","-","0","0.02","0.00","0","0","-","0","0","-","0","0","-","0","0","-","0","0","-","0","1","0.00","0","0","-","-","100.00","1.00","0","0","1","0","0.00","0","0","1","0.00"
"2205","Dylan DeMelo","Kyle Capobianco","WPG","11","0.26666666666667","0","0","-","0","0","-","0","0","-","0","0","-","0","0","-","0","0","-","0","0","-","0","0","-","0","0","-","0","0","-","0","0","-","0","0","-","-","-","-","0","0","0","0","-","0","0","0","-"
"2206","Jaycob Megna","Niko Mikkola","FLA","7","0.26666666666667","0","0","-","0","0","-","0","0","-","0","0","-","0","0","-","0","0","-","0","0","-","0","0","-","0","0","-","0","0","-","0","0","-","0","0","-","-","-","-","0","0","0","2","-","0","0","0","-"
"2207","Robert Hagg","Jackson LaCombe","ANA","5","0.26666666666667","0","1","0.00","0","1","0.00","0","0","-","0","0","-","0","0.07","0.00","0","1","0.00","0","0","-","0","0","-","0","1","0.00","0","0","-","0","1","0.00","0","0","-","-","-","-","0","0","1","0","0.00","0","0","1","0.00"
"2208","Ethan Bear","Cole McWard","VAN","5","0.26666666666667","0","1","0.00","0","1","0.00","0","0","-","0","0","-","0","0.06","0.00","0","0","-","0","0","-","0","0","-","0","0","-","0","0","-","0","1","0.00","0","0","-","-","-","-","0","0","1","0","0.00","0","0","1","0.00"
"2209","Ivan Provorov","Adam Ginning","PHI","1","0.26666666666667","0","1","0.00","0","1","0.00","0","1","0.00","0","1","0.00","0","0.11","0.00","0","1","0.00","0","1","0.00","0","1","0.00","0","0","-","0","0","-","0","0","-","0","0","-","-","0.00","0.00","0","0","0","0","-","0","0","0","-"
"2210","Timothy Liljegren","Shakir Mukhamadullin","S.J","28","0.26666666666667","0","0","-","0","0","-","0","0","-","0","0","-","0","0","-","0","0","-","0","0","-","0","0","-","0","0","-","0","0","-","0","0","-","0","0","-","-","-","-","0","0","0","4","-","0","0","0","-"
"2211","Calvin de Haan","K'Andre Miller","NYR","3","0.25","0","0","-","0","0","-","0","0","-","0","0","-","0","0","-","0","0","-","0","0","-","0","0","-","0","0","-","0","0","-","0","0","-","0","0","-","-","-","-","0","0","0","1","-","0","0","0","-"
"2212","Matthew Benning","Jacob MacDonald","S.J","29","0.25","0","1","0.00","0","0","-","0","0","-","0","0","-","0","0","-","0","0","-","0","0","-","0","0","-","0","0","-","0","0","-","0","1","0.00","0","0","-","-","-","-","0","1","0","1","-","0","1","0","-"
"2213","Steven Santini","Calle Rosen","STL","4","0.25","0","0","-","0","0","-","0","0","-","0","0","-","0","0","-","0","0","-","0","0","-","0","0","-","0","0","-","0","0","-","0","0","-","0","0","-","-","-","-","0","0","1","1","0.00","0","0","1","0.00"
"2214","Rasmus Andersson","Nick DeSimone","CGY","27","0.25","0","0","-","0","0","-","0","0","-","0","0","-","0","0","-","0","0","-","0","0","-","0","0","-","0","0","-","0","0","-","0","0","-","0","0","-","-","-","-","0","0","0","1","-","0","0","0","-"
"2215","Jakob Chychrun","Maxence Guenette","OTT","7","0.25","0","0","-","0","0","-","0","0","-","0","0","-","0","0","-","0","0","-","0","0","-","0","0","-","0","0","-","0","0","-","0","0","-","0","0","-","-","-","-","0","0","0","0","-","0","0","0","-"
"2216","Cale Makar","John Ludvig","COL","8","0.25","0","0","-","0","0","-","0","0","-","0","0","-","0","0","-","0","0","-","0","0","-","0","0","-","0","0","-","0","0","-","0","0","-","0","0","-","-","-","-","0","0","0","0","-","0","0","0","-"
"2217","Ty Emberson","Calen Addison","S.J","20","0.25","1","0","100.00","1","0","100.00","1","0","100.00","0","0","-","0.07","0","100.00","0","0","-","0","0","-","0","0","-","0","0","-","0","0","-","1","0","100.00","0","0","-","0.00","-","0.00","0","0","0","2","-","0","0","0","-"
"2218","Michael Kesselring","Maveric Lamoureux","UTA","15","0.25","0","1","0.00","0","1","0.00","0","1","0.00","0","1","0.00","0","0.06","0.00","0","0","-","0","0","-","0","0","-","0","0","-","0","0","-","0","1","0.00","0","1","0.00","-","0.00","0.00","0","0","0","1","-","0","0","0","-"
"2219","Kevin Shattenkirk","Ian Mitchell","BOS","7","0.23333333333333","0","0","-","0","0","-","0","0","-","0","0","-","0","0","-","0","0","-","0","0","-","0","0","-","0","0","-","0","0","-","0","0","-","0","0","-","-","-","-","0","0","0","1","-","0","0","0","-"
"2220","Tyson Barrie","Jake Bean","CGY","6","0.23333333333333","0","0","-","0","0","-","0","0","-","0","0","-","0","0","-","0","0","-","0","0","-","0","0","-","0","0","-","0","0","-","0","1","0.00","0","0","-","-","-","-","0","0","0","1","-","0","0","1","0.00"
"2221","Mattias Ekholm","Jordan Gross","NSH","10","0.23333333333333","0","0","-","0","0","-","0","0","-","0","0","-","0","0","-","0","0","-","0","0","-","0","0","-","0","0","-","0","0","-","0","0","-","0","0","-","-","-","-","0","0","0","0","-","0","0","0","-"
"2222","Chris Wideman","Johnathan Kovacevic","MTL","41","0.23333333333333","0","0","-","0","0","-","0","0","-","0","0","-","0","0","-","0","0","-","0","0","-","0","0","-","0","0","-","0","0","-","0","0","-","0","0","-","-","-","-","0","0","0","3","-","0","0","0","-"
"2223","Matt Irwin","Vincent Iorio","WSH","3","0.23333333333333","0","0","-","0","0","-","0","0","-","0","0","-","0","0","-","0","0","-","0","0","-","0","0","-","0","0","-","0","0","-","0","0","-","0","0","-","-","-","-","0","0","0","1","-","0","0","0","-"
"2224","Josh Manson","Jacob MacDonald","COL","14","0.23333333333333","1","0","100.00","1","0","100.00","1","0","100.00","0","0","-","0.12","0","100.00","1","0","100.00","1","0","100.00","0","0","-","0","0","-","0","0","-","0","0","-","0","0","-","0.00","-","0.00","0","0","0","0","-","0","0","0","-"
"2225","Joel Edmundson","Morgan Rielly","TOR","9","0.23333333333333","0","1","0.00","0","1","0.00","0","1","0.00","0","1","0.00","0","0.09","0.00","0","1","0.00","0","0","-","0","0","-","0","1","0.00","0","1","0.00","0","1","0.00","0","0","-","-","0.00","0.00","0","0","1","0","0.00","0","0","1","0.00"
"2226","Brady Skjei","Dante Fabbro","NSH","6","0.23333333333333","1","1","50.00","0","1","0.00","0","1","0.00","0","0","-","0","0.08","0.00","1","1","50.00","1","0","100.00","0","0","-","0","1","0.00","0","0","-","0","0","-","0","0","-","-","100.00","1.00","0","0","0","0","-","0","0","0","-"
"2227","Derrick Pouliot","Mario Ferraro","S.J","8","0.23333333333333","0","0","-","0","0","-","0","0","-","0","0","-","0","0","-","0","0","-","0","0","-","0","0","-","0","0","-","0","0","-","0","0","-","0","0","-","-","-","-","0","0","0","1","-","0","0","0","-"
"2228","Carson Soucy","Elias Pettersson","VAN","9","0.23333333333333","0","0","-","0","0","-","0","0","-","0","0","-","0","0","-","0","0","-","0","0","-","0","0","-","0","0","-","0","0","-","0","0","-","0","0","-","-","-","-","0","0","0","2","-","0","0","0","-"
"2229","Haydn Fleury","Philippe Myers","T.B","7","0.23333333333333","0","0","-","0","0","-","0","0","-","0","0","-","0","0","-","0","0","-","0","0","-","0","0","-","0","0","-","0","0","-","0","0","-","0","0","-","-","-","-","0","0","0","0","-","1","0","0","100.00"
"2230","Thomas Chabot","Dennis Gilbert","OTT","3","0.23333333333333","0","0","-","0","0","-","0","0","-","0","0","-","0","0","-","0","0","-","0","0","-","0","0","-","0","0","-","0","0","-","0","0","-","0","0","-","-","-","-","0","0","0","1","-","0","0","0","-"
"2231","Andrew Peeke","Henri Jokiharju","BOS","18","0.23333333333333","0","0","-","0","0","-","0","0","-","0","0","-","0","0","-","0","0","-","0","0","-","0","0","-","0","0","-","0","0","-","0","0","-","0","0","-","-","-","-","0","0","0","2","-","0","0","0","-"
"2232","Jan Rutta","Jack Thompson","S.J","16","0.23333333333333","0","0","-","0","0","-","0","0","-","0","0","-","0","0","-","0","0","-","0","0","-","0","0","-","0","0","-","0","0","-","0","0","-","0","0","-","-","-","-","0","0","0","1","-","1","0","0","100.00"
"2233","Tim Berni","Jake Christiansen","CBJ","14","0.23333333333333","0","0","-","0","0","-","0","0","-","0","0","-","0","0","-","0","0","-","0","0","-","0","0","-","0","0","-","0","0","-","0","0","-","0","0","-","-","-","-","0","0","0","1","-","0","0","0","-"
"2234","Jake Christiansen","Marcus Bjork","CBJ","20","0.23333333333333","1","0","100.00","1","0","100.00","1","0","100.00","0","0","-","0.11","0","100.00","1","0","100.00","1","0","100.00","0","0","-","0","0","-","0","0","-","0","0","-","0","0","-","0.00","-","0.00","0","0","0","0","-","0","0","0","-"
"2235","Brent Burns","Shayne Gostisbehere","CAR","93","0.21666666666667","0","0","-","0","0","-","0","0","-","0","0","-","0","0","-","0","0","-","0","0","-","0","0","-","0","0","-","0","0","-","0","0","-","0","0","-","-","-","-","0","0","0","0","-","1","0","0","100.00"
"2236","Alex Goligoski","John Klingberg","MIN","13","0.21666666666667","0","0","-","0","0","-","0","0","-","0","0","-","0","0","-","0","0","-","0","0","-","0","0","-","0","0","-","0","0","-","0","0","-","0","0","-","-","-","-","0","0","0","1","-","0","0","0","-"
"2237","Jeff Petry","Pierre-Olivier Joseph","PIT","54","0.21666666666667","0","1","0.00","0","1","0.00","0","1","0.00","0","1","0.00","0","0.08","0.00","0","0","-","0","0","-","0","0","-","0","0","-","0","0","-","0","1","0.00","0","1","0.00","-","0.00","0.00","0","0","0","1","-","0","0","0","-"
"2238","Alec Martinez","Artyom Levshunov","CHI","7","0.21666666666667","0","0","-","0","0","-","0","0","-","0","0","-","0","0","-","0","0","-","0","0","-","0","0","-","0","0","-","0","0","-","0","0","-","0","0","-","-","-","-","0","0","0","2","-","0","0","0","-"
"2239","Alex Pietrangelo","Brayden Pachal","VGK","20","0.21666666666667","0","1","0.00","0","1","0.00","0","0","-","0","0","-","0","0.15","0.00","0","0","-","0","0","-","0","0","-","0","0","-","0","0","-","0","1","0.00","0","0","-","-","-","-","0","0","0","2","-","0","0","0","-"
"2240","Marco Scandella","Calle Rosen","STL","12","0.21666666666667","0","1","0.00","0","1","0.00","0","1","0.00","0","0","-","0","0.05","0.00","0","1","0.00","0","0","-","0","0","-","0","1","0.00","0","0","-","0","0","-","0","0","-","-","100.00","1.00","0","0","0","0","-","1","0","0","100.00"
"2241","Jordie Benn","Conor Timmins","TOR","3","0.21666666666667","0","0","-","0","0","-","0","0","-","0","0","-","0","0","-","0","0","-","0","0","-","0","0","-","0","0","-","0","0","-","0","0","-","0","0","-","-","-","-","0","0","0","2","-","0","0","0","-"
"2242","Chris Wideman","David Savard","MTL","30","0.21666666666667","0","0","-","0","0","-","0","0","-","0","0","-","0","0","-","0","0","-","0","0","-","0","0","-","0","0","-","0","0","-","0","0","-","0","0","-","-","-","-","0","1","0","0","-","0","0","0","-"
"2243","Mike Reilly","Brandon Carlo","BOS","6","0.21666666666667","0","1","0.00","0","1","0.00","0","1","0.00","0","0","-","0","0.13","0.00","0","1","0.00","0","1","0.00","0","0","-","0","0","-","0","0","-","0","0","-","0","0","-","-","100.00","1.00","0","0","0","1","-","0","0","0","-"
"2244","Scott Harrington","Jacob MacDonald","S.J","9","0.21666666666667","0","0","-","0","0","-","0","0","-","0","0","-","0","0","-","0","0","-","0","0","-","0","0","-","0","0","-","0","0","-","0","0","-","0","0","-","-","-","-","0","0","0","0","-","0","0","0","-"
"2245","Carson Soucy","Zac Jones","NYR","10","0.21666666666667","0","0","-","0","0","-","0","0","-","0","0","-","0","0","-","0","0","-","0","0","-","0","0","-","0","0","-","0","0","-","1","0","100.00","0","0","-","-","-","-","0","0","1","0","0.00","1","0","1","50.00"
"2246","Robert Hagg","Gustav Lindstrom","DET","22","0.21666666666667","0","1","0.00","0","1","0.00","0","0","-","0","0","-","0","0.09","0.00","0","1","0.00","0","0","-","0","0","-","0","1","0.00","0","0","-","0","0","-","0","0","-","-","-","-","0","0","0","0","-","0","1","0","-"
"2247","Darnell Nurse","Markus Niemelainen","EDM","23","0.21666666666667","0","1","0.00","0","1","0.00","0","1","0.00","0","1","0.00","0","0.1","0.00","0","1","0.00","0","0","-","0","0","-","0","1","0.00","0","1","0.00","0","0","-","0","0","-","-","0.00","0.00","0","0","0","1","-","0","0","0","-"
"2248","Dennis Gilbert","Brayden Pachal","CGY","3","0.21666666666667","0","0","-","0","0","-","0","0","-","0","0","-","0","0","-","0","0","-","0","0","-","0","0","-","0","0","-","0","0","-","0","0","-","0","0","-","-","-","-","0","0","0","1","-","0","0","0","-"
"2249","Domenick Fensore","Scott Morrow","CAR","2","0.21666666666667","0","0","-","0","0","-","0","0","-","0","0","-","0","0","-","0","0","-","0","0","-","0","0","-","0","0","-","0","0","-","0","0","-","0","0","-","-","-","-","0","0","0","0","-","0","1","0","-"
"2250","Drew Helleson","Olen Zellweger","ANA","38","0.21666666666667","0","0","-","0","0","-","0","0","-","0","0","-","0","0","-","0","0","-","0","0","-","0","0","-","0","0","-","0","0","-","0","0","-","0","0","-","-","-","-","0","0","0","0","-","0","0","0","-"
"2251","Alex Vlasic","Kevin Korchinski","CHI","88","0.21666666666667","0","0","-","0","0","-","0","0","-","0","0","-","0","0","-","0","0","-","0","0","-","0","0","-","0","0","-","0","0","-","0","0","-","0","0","-","-","-","-","0","0","0","0","-","0","0","0","-"
"2252","Jack Johnson","Filip Roos","CHI","15","0.2","0","1","0.00","0","1","0.00","0","1","0.00","0","0","-","0","0.02","0.00","0","0","-","0","0","-","0","0","-","0","0","-","0","0","-","0","1","0.00","0","0","-","-","100.00","1.00","0","0","1","0","0.00","0","0","1","0.00"
"2253","Tyler Myers","Cole McWard","VAN","6","0.2","0","0","-","0","0","-","0","0","-","0","0","-","0","0","-","0","0","-","0","0","-","0","0","-","0","0","-","0","0","-","0","0","-","0","0","-","-","-","-","0","0","0","0","-","0","0","0","-"
"2254","John Klingberg","Simon Benoit","ANA","46","0.2","0","0","-","0","0","-","0","0","-","0","0","-","0","0","-","0","0","-","0","0","-","0","0","-","0","0","-","0","0","-","0","0","-","0","0","-","-","-","-","0","0","0","1","-","0","0","0","-"
"2255","Mike Reilly","Ryan Pulock","NYI","55","0.2","0","0","-","0","0","-","0","0","-","0","0","-","0","0","-","0","0","-","0","0","-","0","0","-","0","0","-","0","0","-","0","0","-","0","0","-","-","-","-","0","0","0","4","-","0","0","0","-"
"2256","Morgan Rielly","Maxime Lajoie","TOR","4","0.2","0","1","0.00","0","1","0.00","0","0","-","0","0","-","0","0.03","0.00","0","0","-","0","0","-","0","0","-","0","0","-","0","0","-","0","1","0.00","0","0","-","-","-","-","0","0","0","1","-","0","0","0","-"
"2257","Jacob Trouba","Victor Mancini","NYR","10","0.2","0","0","-","0","0","-","0","0","-","0","0","-","0","0","-","0","0","-","0","0","-","0","0","-","0","0","-","0","0","-","0","0","-","0","0","-","-","-","-","0","0","0","0","-","0","0","0","-"
"2258","Colton Parayko","Scott Perunovich","STL","78","0.2","1","0","100.00","1","0","100.00","0","0","-","0","0","-","0.03","0","100.00","0","0","-","0","0","-","0","0","-","0","0","-","0","0","-","1","1","50.00","0","0","-","-","-","-","0","0","1","2","0.00","0","0","1","0.00"
"2259","Travis Sanheim","Helge Grans","PHI","6","0.2","0","1","0.00","0","1","0.00","0","1","0.00","0","0","-","0","0.15","0.00","0","1","0.00","0","1","0.00","0","0","-","0","0","-","0","0","-","0","0","-","0","0","-","-","100.00","1.00","0","0","0","1","-","0","0","0","-"
"2260","Tony DeAngelo","Adam Boqvist","NYI","17","0.2","0","0","-","0","0","-","0","0","-","0","0","-","0","0","-","0","0","-","0","0","-","0","0","-","0","0","-","0","0","-","0","0","-","0","0","-","-","-","-","0","0","0","1","-","0","0","0","-"
"2261","Mark Friedman","Quinn Hughes","VAN","28","0.2","0","0","-","0","0","-","0","0","-","0","0","-","0","0","-","0","0","-","0","0","-","0","0","-","0","0","-","0","0","-","0","0","-","0","0","-","-","-","-","0","0","0","1","-","0","0","0","-"
"2262","Travis Dermott","Quinn Hughes","VAN","11","0.2","0","3","0.00","0","3","0.00","0","2","0.00","0","0","-","0","0.64","0.00","0","2","0.00","0","2","0.00","0","0","-","0","0","-","0","0","-","0","1","0.00","0","0","-","-","100.00","1.00","0","0","1","0","0.00","0","0","1","0.00"
"2263","Oliver Kylington","Ryan Lindgren","COL","1","0.2","0","0","-","0","0","-","0","0","-","0","0","-","0","0","-","0","0","-","0","0","-","0","0","-","0","0","-","0","0","-","0","0","-","0","0","-","-","-","-","0","0","0","1","-","0","0","0","-"
"2264","Ryan Shea","Vladislav Kolyachonok","PIT","5","0.2","0","0","-","0","0","-","0","0","-","0","0","-","0","0","-","0","0","-","0","0","-","0","0","-","0","0","-","0","0","-","0","0","-","0","0","-","-","-","-","0","0","0","1","-","0","0","0","-"
"2265","Jalen Chatfield","Maxime Lajoie","CAR","3","0.2","0","0","-","0","0","-","0","0","-","0","0","-","0","0","-","0","0","-","0","0","-","0","0","-","0","0","-","0","0","-","0","0","-","0","0","-","-","-","-","0","0","0","0","-","0","0","0","-"
"2266","Pierre-Olivier Joseph","Jan Rutta","PIT","49","0.2","0","0","-","0","0","-","0","0","-","0","0","-","0","0","-","0","0","-","0","0","-","0","0","-","0","0","-","0","0","-","0","0","-","0","0","-","-","-","-","0","0","0","0","-","0","0","0","-"
"2267","Cale Makar","Sam Malinski","COL","92","0.2","0","0","-","0","0","-","0","0","-","0","0","-","0","0","-","0","0","-","0","0","-","0","0","-","0","0","-","0","0","-","0","0","-","0","0","-","-","-","-","0","0","0","3","-","0","0","0","-"
"2268","Sean Walker","Scott Morrow","CAR","14","0.2","0","0","-","0","0","-","0","0","-","0","0","-","0","0","-","0","0","-","0","0","-","0","0","-","0","0","-","0","0","-","0","0","-","0","0","-","-","-","-","0","0","0","0","-","0","0","0","-"
"2269","Sean Durzi","Tobias Bjornfot","L.A","10","0.2","0","0","-","0","0","-","0","0","-","0","0","-","0","0","-","0","0","-","0","0","-","0","0","-","0","0","-","0","0","-","0","0","-","0","0","-","-","-","-","0","0","0","1","-","0","0","0","-"
"2270","Mattias Samuelsson","Ryan Johnson","BUF","24","0.2","0","0","-","0","0","-","0","0","-","0","0","-","0","0","-","0","0","-","0","0","-","0","0","-","0","0","-","0","0","-","0","0","-","0","0","-","-","-","-","0","0","0","0","-","0","0","0","-"
"2271","Tristan Luneau","Pavel Mintyukov","ANA","12","0.2","1","0","100.00","1","0","100.00","0","0","-","0","0","-","0.05","0","100.00","0","0","-","0","0","-","0","0","-","0","0","-","0","0","-","2","0","100.00","0","0","-","-","-","-","1","0","0","1","100.00","1","0","0","100.00"
"2272","Alec Martinez","Ethan Del Mastro","CHI","19","0.18333333333333","0","0","-","0","0","-","0","0","-","0","0","-","0","0","-","0","0","-","0","0","-","0","0","-","0","0","-","0","0","-","0","0","-","0","0","-","-","-","-","0","0","1","1","0.00","0","0","1","0.00"
"2273","Oliver Ekman-Larsson","Travis Dermott","VAN","10","0.18333333333333","0","0","-","0","0","-","0","0","-","0","0","-","0","0","-","0","0","-","0","0","-","0","0","-","0","0","-","0","0","-","0","0","-","0","0","-","-","-","-","0","0","0","2","-","0","0","0","-"
"2274","Chris Wideman","Mike Matheson","MTL","21","0.18333333333333","0","0","-","0","0","-","0","0","-","0","0","-","0","0","-","0","0","-","0","0","-","0","0","-","0","0","-","0","0","-","0","0","-","0","0","-","-","-","-","0","0","0","1","-","0","0","0","-"
"2275","Dougie Hamilton","Damon Severson","N.J","81","0.18333333333333","1","0","100.00","1","0","100.00","1","0","100.00","0","0","-","0.03","0","100.00","1","0","100.00","0","0","-","0","0","-","1","0","100.00","0","0","-","0","1","0.00","0","0","-","0.00","-","0.00","0","0","1","3","0.00","0","0","1","0.00"
"2276","Kyle Burroughs","Calen Addison","S.J","51","0.18333333333333","0","0","-","0","0","-","0","0","-","0","0","-","0","0","-","0","0","-","0","0","-","0","0","-","0","0","-","0","0","-","0","0","-","0","0","-","-","-","-","0","0","0","3","-","0","0","0","-"
"2277","Dennis Gilbert","Troy Stecher","CGY","5","0.18333333333333","0","0","-","0","0","-","0","0","-","0","0","-","0","0","-","0","0","-","0","0","-","0","0","-","0","0","-","0","0","-","0","0","-","0","0","-","-","-","-","0","0","0","2","-","0","1","0","-"
"2278","Urho Vaakanainen","Zac Jones","NYR","16","0.18333333333333","2","0","100.00","2","0","100.00","1","0","100.00","0","0","-","0.21","0","100.00","1","0","100.00","1","0","100.00","0","0","-","0","0","-","0","0","-","2","0","100.00","0","0","-","0.00","-","0.00","0","0","0","1","-","1","0","0","100.00"
"2279","Jan Rutta","Shakir Mukhamadullin","S.J","13","0.18333333333333","0","1","0.00","0","0","-","0","0","-","0","0","-","0","0","-","0","0","-","0","0","-","0","0","-","0","0","-","0","0","-","0","2","0.00","0","0","-","-","-","-","0","0","0","0","-","0","0","1","0.00"
"2280","Sean Durzi","Michael Kesselring","UTA","30","0.18333333333333","0","0","-","0","0","-","0","0","-","0","0","-","0","0","-","0","0","-","0","0","-","0","0","-","0","0","-","0","0","-","0","0","-","0","0","-","-","-","-","0","0","0","1","-","0","0","0","-"
"2281","Jack Johnson","Jordan Harris","CBJ","16","0.16666666666667","0","0","-","0","0","-","0","0","-","0","0","-","0","0","-","0","0","-","0","0","-","0","0","-","0","0","-","0","0","-","0","0","-","0","0","-","-","-","-","0","0","0","0","-","0","0","0","-"
"2282","Oliver Ekman-Larsson","Guillaume Brisebois","VAN","3","0.16666666666667","0","0","-","0","0","-","0","0","-","0","0","-","0","0","-","0","0","-","0","0","-","0","0","-","0","0","-","0","0","-","0","0","-","0","0","-","-","-","-","0","0","0","2","-","0","0","0","-"
"2283","Christopher Tanev","Dakota Mermis","TOR","3","0.16666666666667","0","0","-","0","0","-","0","0","-","0","0","-","0","0","-","0","0","-","0","0","-","0","0","-","0","0","-","0","0","-","0","0","-","0","0","-","-","-","-","0","0","0","0","-","0","0","0","-"
"2284","Jani Hakanpaa","Nils Lundkvist","DAL","106","0.16666666666667","0","0","-","0","0","-","0","0","-","0","0","-","0","0","-","0","0","-","0","0","-","0","0","-","0","0","-","0","0","-","0","0","-","0","0","-","-","-","-","0","0","0","1","-","0","0","0","-"
"2285","Kurtis MacDermid","Jacob MacDonald","COL","16","0.16666666666667","0","0","-","0","0","-","0","0","-","0","0","-","0","0","-","0","0","-","0","0","-","0","0","-","0","0","-","0","0","-","0","0","-","0","0","-","-","-","-","0","0","0","1","-","0","0","0","-"
"2286","Chad Ruhwedel","Ryan Lindgren","NYR","5","0.16666666666667","0","1","0.00","0","0","-","0","0","-","0","0","-","0","0","-","0","0","-","0","0","-","0","0","-","0","0","-","0","0","-","0","2","0.00","0","0","-","-","-","-","0","0","1","5","0.00","0","0","1","0.00"
"2287","Joshua Brown","Ty Emberson","EDM","10","0.16666666666667","0","0","-","0","0","-","0","0","-","0","0","-","0","0","-","0","0","-","0","0","-","0","0","-","0","0","-","0","0","-","0","0","-","0","0","-","-","-","-","0","0","0","3","-","0","0","0","-"
"2288","Dillon Heatherington","Thomas Chabot","OTT","3","0.16666666666667","0","1","0.00","0","1","0.00","0","1","0.00","0","0","-","0","0.02","0.00","0","0","-","0","0","-","0","0","-","0","0","-","0","0","-","0","1","0.00","0","0","-","-","100.00","1.00","0","0","1","0","0.00","0","0","1","0.00"
"2289","Jordan Oesterle","Spencer Stastney","NSH","8","0.16666666666667","0","0","-","0","0","-","0","0","-","0","0","-","0","0","-","0","0","-","0","0","-","0","0","-","0","0","-","0","0","-","0","0","-","0","0","-","-","-","-","0","0","0","2","-","0","0","0","-"
"2290","Noah Hanifin","Connor Mackey","CGY","9","0.16666666666667","0","0","-","0","0","-","0","0","-","0","0","-","0","0","-","0","0","-","0","0","-","0","0","-","0","0","-","0","0","-","0","0","-","0","0","-","-","-","-","0","0","0","0","-","0","0","0","-"
"2291","Ethan Bear","Jack Rathbone","VAN","7","0.16666666666667","0","0","-","0","0","-","0","0","-","0","0","-","0","0","-","0","0","-","0","0","-","0","0","-","0","0","-","0","0","-","0","0","-","0","0","-","-","-","-","0","0","0","1","-","0","0","0","-"
"2292","Niko Mikkola","Calle Rosen","STL","31","0.16666666666667","1","0","100.00","1","0","100.00","1","0","100.00","0","0","-","0.04","0","100.00","1","0","100.00","0","0","-","0","0","-","1","0","100.00","0","0","-","0","0","-","0","0","-","0.00","-","0.00","0","0","0","2","-","0","0","0","-"
"2293","Adam Fox","Libor Hajek","NYR","16","0.16666666666667","0","0","-","0","0","-","0","0","-","0","0","-","0","0","-","0","0","-","0","0","-","0","0","-","0","0","-","0","0","-","0","0","-","0","0","-","-","-","-","0","0","0","0","-","0","0","0","-"
"2294","Marc Staal","Jamie Drysdale","PHI","9","0.15","0","0","-","0","0","-","0","0","-","0","0","-","0","0","-","0","0","-","0","0","-","0","0","-","0","0","-","0","0","-","0","0","-","0","0","-","-","-","-","0","0","0","2","-","0","0","0","-"
"2295","Kevin Shattenkirk","Drew Helleson","ANA","3","0.15","0","0","-","0","0","-","0","0","-","0","0","-","0","0","-","0","0","-","0","0","-","0","0","-","0","0","-","0","0","-","0","0","-","0","0","-","-","-","-","0","0","0","1","-","0","0","0","-"
"2296","Brendan Smith","Nils Lundkvist","DAL","10","0.15","0","0","-","0","0","-","0","0","-","0","0","-","0","0","-","0","0","-","0","0","-","0","0","-","0","0","-","0","0","-","0","0","-","0","0","-","-","-","-","0","0","0","0","-","0","1","0","-"
"2297","Robert Bortuzzo","Vladislav Kolyachonok","UTA","5","0.15","0","0","-","0","0","-","0","0","-","0","0","-","0","0","-","0","0","-","0","0","-","0","0","-","0","0","-","0","0","-","0","0","-","0","0","-","-","-","-","0","0","0","1","-","0","0","0","-"
"2298","Ryan McDonagh","Mark Borowiecki","NSH","4","0.15","0","0","-","0","0","-","0","0","-","0","0","-","0","0","-","0","0","-","0","0","-","0","0","-","0","0","-","0","0","-","0","0","-","0","0","-","-","-","-","0","0","0","1","-","0","0","0","-"
"2299","Jordie Benn","Rasmus Sandin","TOR","9","0.15","0","0","-","0","0","-","0","0","-","0","0","-","0","0","-","0","0","-","0","0","-","0","0","-","0","0","-","0","0","-","0","0","-","0","0","-","-","-","-","0","0","1","0","0.00","0","0","1","0.00"
"2300","Tyson Barrie","Brayden Pachal","CGY","13","0.15","0","0","-","0","0","-","0","0","-","0","0","-","0","0","-","0","0","-","0","0","-","0","0","-","0","0","-","0","0","-","0","0","-","0","0","-","-","-","-","0","0","0","2","-","0","0","0","-"
"2301","Tyson Barrie","Evan Bouchard","EDM","61","0.15","1","0","100.00","1","0","100.00","1","0","100.00","0","0","-","0","0","100.00","0","0","-","0","0","-","0","0","-","0","0","-","0","0","-","0","0","-","0","0","-","0.00","-","0.00","0","0","0","4","-","0","0","0","-"
"2302","Ben Chiarot","Jordan Oesterle","DET","46","0.15","0","0","-","0","0","-","0","0","-","0","0","-","0","0","-","0","0","-","0","0","-","0","0","-","0","0","-","0","0","-","0","0","-","0","0","-","-","-","-","0","0","0","0","-","0","0","0","-"
"2303","Brad Hunt","Bowen Byram","COL","21","0.15","0","0","-","0","0","-","0","0","-","0","0","-","0","0","-","0","0","-","0","0","-","0","0","-","0","0","-","0","0","-","0","0","-","0","0","-","-","-","-","0","0","0","1","-","0","0","0","-"
"2304","Olli Maatta","Vladislav Kolyachonok","UTA","13","0.15","0","0","-","0","0","-","0","0","-","0","0","-","0","0","-","0","0","-","0","0","-","0","0","-","0","0","-","0","0","-","0","0","-","0","0","-","-","-","-","0","0","0","0","-","0","0","0","-"
"2305","Erik Gustafsson","Moritz Seider","DET","60","0.15","0","0","-","0","0","-","0","0","-","0","0","-","0","0","-","0","0","-","0","0","-","0","0","-","0","0","-","0","0","-","0","0","-","0","0","-","-","-","-","0","0","0","2","-","0","0","0","-"
"2306","Travis Sanheim","Adam Ginning","PHI","11","0.15","0","0","-","0","0","-","0","0","-","0","0","-","0","0","-","0","0","-","0","0","-","0","0","-","0","0","-","0","0","-","0","0","-","0","0","-","-","-","-","0","0","0","3","-","0","0","0","-"
"2307","Tony DeAngelo","Jalen Chatfield","CAR","21","0.15","0","1","0.00","0","1","0.00","0","1","0.00","0","0","-","0","0.02","0.00","0","0","-","0","0","-","0","0","-","0","0","-","0","0","-","0","1","0.00","0","0","-","-","100.00","1.00","0","0","0","1","-","0","0","0","-"
"2308","William Lagesson","Urho Vaakanainen","ANA","6","0.15","1","0","100.00","0","0","-","0","0","-","0","0","-","0","0","-","0","0","-","0","0","-","0","0","-","0","0","-","0","0","-","0","0","-","0","0","-","-","-","-","0","0","0","4","-","0","0","0","-"
"2309","Kyle Capobianco","Neal Pionk","WPG","14","0.15","0","0","-","0","0","-","0","0","-","0","0","-","0","0","-","0","0","-","0","0","-","0","0","-","0","0","-","0","0","-","0","0","-","0","0","-","-","-","-","0","0","1","0","-","0","0","0","-"
"2310","Dennis Gilbert","Henri Jokiharju","BUF","15","0.15","0","0","-","0","0","-","0","0","-","0","0","-","0","0","-","0","0","-","0","0","-","0","0","-","0","0","-","0","0","-","0","0","-","0","0","-","-","-","-","0","0","0","0","-","1","0","0","100.00"
"2311","Jalen Chatfield","Scott Morrow","CAR","12","0.15","0","0","-","0","0","-","0","0","-","0","0","-","0","0","-","0","0","-","0","0","-","0","0","-","0","0","-","0","0","-","0","0","-","0","0","-","-","-","-","0","0","0","1","-","0","0","0","-"
"2312","Miro Heiskanen","Lian Bichsel","DAL","11","0.15","0","0","-","0","0","-","0","0","-","0","0","-","0","0","-","0","0","-","0","0","-","0","0","-","0","0","-","0","0","-","0","0","-","0","0","-","-","-","-","0","0","0","0","-","0","0","0","-"
"2313","Jackson LaCombe","Olen Zellweger","ANA","78","0.15","0","0","-","0","0","-","0","0","-","0","0","-","0","0","-","0","0","-","0","0","-","0","0","-","0","0","-","0","0","-","0","0","-","0","0","-","-","-","-","0","0","0","0","-","0","0","0","-"
"2314","Marc-Edouard Vlasic","Vincent Desharnais","S.J","4","0.13333333333333","0","0","-","0","0","-","0","0","-","0","0","-","0","0","-","0","0","-","0","0","-","0","0","-","0","0","-","0","0","-","0","0","-","0","0","-","-","-","-","0","0","0","1","-","0","0","0","-"
"2315","Kevin Shattenkirk","Charlie McAvoy","BOS","53","0.13333333333333","0","0","-","0","0","-","0","0","-","0","0","-","0","0","-","0","0","-","0","0","-","0","0","-","0","0","-","0","0","-","0","0","-","0","0","-","-","-","-","0","0","0","3","-","0","0","0","-"
"2316","Luke Schenn","Morgan Rielly","TOR","13","0.13333333333333","1","0","100.00","1","0","100.00","1","0","100.00","0","0","-","0","0","100.00","0","0","-","0","0","-","0","0","-","0","0","-","0","0","-","0","0","-","0","0","-","0.00","-","0.00","1","0","0","2","100.00","1","0","0","100.00"
"2317","Dmitry Orlov","Matt Grzelcyk","BOS","20","0.13333333333333","0","0","-","0","0","-","0","0","-","0","0","-","0","0","-","0","0","-","0","0","-","0","0","-","0","0","-","0","0","-","0","0","-","0","0","-","-","-","-","0","0","0","0","-","1","0","0","100.00"
"2318","Ben Chiarot","Gustav Lindstrom","DET","33","0.13333333333333","0","0","-","0","0","-","0","0","-","0","0","-","0","0","-","0","0","-","0","0","-","0","0","-","0","0","-","0","0","-","0","0","-","0","0","-","-","-","-","0","0","0","0","-","0","0","0","-"
"2319","Patrik Nemeth","Victor Soderstrom","ARI","28","0.13333333333333","0","0","-","0","0","-","0","0","-","0","0","-","0","0","-","0","0","-","0","0","-","0","0","-","0","0","-","0","0","-","0","0","-","0","0","-","-","-","-","0","0","0","0","-","0","0","0","-"
"2320","Derek Forbort","Victor Mancini","VAN","14","0.13333333333333","1","0","100.00","1","0","100.00","1","0","100.00","0","0","-","0.12","0","100.00","1","0","100.00","1","0","100.00","0","0","-","0","0","-","0","0","-","0","0","-","0","0","-","0.00","-","0.00","0","1","0","0","-","0","1","0","-"
"2321","Kyle Burroughs","Filip Hronek","VAN","4","0.13333333333333","0","0","-","0","0","-","0","0","-","0","0","-","0","0","-","0","0","-","0","0","-","0","0","-","0","0","-","0","0","-","0","0","-","0","0","-","-","-","-","0","0","0","3","-","0","0","0","-"
"2322","MacKenzie Weegar","Nikita Okhotiuk","CGY","9","0.13333333333333","0","0","-","0","0","-","0","0","-","0","0","-","0","0","-","0","0","-","0","0","-","0","0","-","0","0","-","0","0","-","0","0","-","0","0","-","-","-","-","0","0","0","0","-","0","0","0","-"
"2323","Steven Santini","Niko Mikkola","STL","4","0.13333333333333","0","0","-","0","0","-","0","0","-","0","0","-","0","0","-","0","0","-","0","0","-","0","0","-","0","0","-","0","0","-","0","0","-","0","0","-","-","-","-","0","0","0","1","-","0","0","0","-"
"2324","Gustav Olofsson","Vince Dunn","SEA","3","0.13333333333333","0","0","-","0","0","-","0","0","-","0","0","-","0","0","-","0","0","-","0","0","-","0","0","-","0","0","-","0","0","-","0","0","-","0","0","-","-","-","-","0","0","0","1","-","0","0","0","-"
"2325","Dysin Mayo","Juuso Valimaki","ARI","12","0.13333333333333","0","0","-","0","0","-","0","0","-","0","0","-","0","0","-","0","0","-","0","0","-","0","0","-","0","0","-","0","0","-","0","0","-","0","0","-","-","-","-","0","1","0","1","-","0","1","0","-"
"2326","Ivan Provorov","Jordan Harris","CBJ","33","0.13333333333333","0","0","-","0","0","-","0","0","-","0","0","-","0","0","-","0","0","-","0","0","-","0","0","-","0","0","-","0","0","-","0","0","-","0","0","-","-","-","-","0","0","0","0","-","0","0","0","-"
"2327","Alexandre Carrier","Lane Hutson","MTL","51","0.13333333333333","0","0","-","0","0","-","0","0","-","0","0","-","0","0","-","0","0","-","0","0","-","0","0","-","0","0","-","0","0","-","0","0","-","0","0","-","-","-","-","0","0","0","1","-","0","0","0","-"
"2328","Kale Clague","Mattias Samuelsson","BUF","18","0.13333333333333","0","1","0.00","0","1","0.00","0","1","0.00","0","0","-","0","0.07","0.00","0","1","0.00","0","0","-","0","0","-","0","1","0.00","0","0","-","0","0","-","0","0","-","-","100.00","1.00","0","0","0","1","-","0","0","0","-"
"2329","Kale Clague","Casey Fitzgerald","BUF","11","0.13333333333333","0","1","0.00","0","0","-","0","0","-","0","0","-","0","0","-","0","0","-","0","0","-","0","0","-","0","0","-","0","0","-","0","1","0.00","0","0","-","-","-","-","0","0","0","0","-","0","0","0","-"
"2330","Gustav Lindstrom","Arber Xhekaj","MTL","4","0.13333333333333","0","0","-","0","0","-","0","0","-","0","0","-","0","0","-","0","0","-","0","0","-","0","0","-","0","0","-","0","0","-","0","0","-","0","0","-","-","-","-","0","0","0","0","-","0","0","0","-"
"2331","Nolan Allan","Ethan Del Mastro","CHI","3","0.13333333333333","1","0","100.00","1","0","100.00","1","0","100.00","0","0","-","0.1","0","100.00","1","0","100.00","0","0","-","0","0","-","1","0","100.00","0","0","-","0","0","-","0","0","-","0.00","-","0.00","0","0","0","1","-","1","0","0","100.00"
"2332","Ethan Del Mastro","Artyom Levshunov","CHI","10","0.13333333333333","0","0","-","0","0","-","0","0","-","0","0","-","0","0","-","0","0","-","0","0","-","0","0","-","0","0","-","0","0","-","0","0","-","0","0","-","-","-","-","0","0","0","0","-","0","0","0","-"
"2333","Alex Goligoski","Daemon Hunt","MIN","4","0.11666666666667","0","0","-","0","0","-","0","0","-","0","0","-","0","0","-","0","0","-","0","0","-","0","0","-","0","0","-","0","0","-","0","0","-","0","0","-","-","-","-","0","0","0","1","-","0","0","0","-"
"2334","Marc Staal","Egor Zamula","PHI","23","0.11666666666667","1","0","100.00","1","0","100.00","0","0","-","0","0","-","0.03","0","100.00","0","0","-","0","0","-","0","0","-","0","0","-","0","0","-","1","0","100.00","0","0","-","-","-","-","0","0","0","0","-","0","0","0","-"
"2335","Alex Pietrangelo","Kaedan Korczak","VGK","61","0.11666666666667","1","0","100.00","0","0","-","0","0","-","0","0","-","0","0","-","0","0","-","0","0","-","0","0","-","0","0","-","0","0","-","1","0","100.00","0","0","-","-","-","-","0","0","0","0","-","0","0","0","-"
"2336","Luke Schenn","Justin Holl","TOR","14","0.11666666666667","0","0","-","0","0","-","0","0","-","0","0","-","0","0","-","0","0","-","0","0","-","0","0","-","0","0","-","0","0","-","0","0","-","0","0","-","-","-","-","0","0","0","5","-","0","0","0","-"
"2337","Calvin de Haan","John Ludvig","COL","5","0.11666666666667","0","0","-","0","0","-","0","0","-","0","0","-","0","0","-","0","0","-","0","0","-","0","0","-","0","0","-","0","0","-","0","0","-","0","0","-","-","-","-","0","0","0","1","-","0","0","0","-"
"2338","Brian Dumoulin","Ty Smith","PIT","9","0.11666666666667","0","0","-","0","0","-","0","0","-","0","0","-","0","0","-","0","0","-","0","0","-","0","0","-","0","0","-","0","0","-","0","0","-","0","0","-","-","-","-","0","0","0","0","-","0","0","0","-"
"2339","Jonas Brodin","Daemon Hunt","MIN","8","0.11666666666667","0","0","-","0","0","-","0","0","-","0","0","-","0","0","-","0","0","-","0","0","-","0","0","-","0","0","-","0","0","-","0","0","-","0","0","-","-","-","-","0","0","0","0","-","0","0","0","-"
"2340","Kyle Burroughs","Brandt Clarke","L.A","32","0.11666666666667","0","0","-","0","0","-","0","0","-","0","0","-","0","0","-","0","0","-","0","0","-","0","0","-","0","0","-","0","0","-","0","0","-","0","0","-","-","-","-","0","0","0","0","-","0","0","0","-"
"2341","Robert Hagg","Simon Edvinsson","DET","6","0.11666666666667","0","0","-","0","0","-","0","0","-","0","0","-","0","0","-","0","0","-","0","0","-","0","0","-","0","0","-","0","0","-","0","0","-","0","0","-","-","-","-","0","0","0","0","-","0","0","0","-"
"2342","Gustav Olofsson","Cale Fleury","SEA","2","0.11666666666667","0","0","-","0","0","-","0","0","-","0","0","-","0","0","-","0","0","-","0","0","-","0","0","-","0","0","-","0","0","-","0","0","-","0","0","-","-","-","-","0","0","0","0","-","0","0","0","-"
"2343","Seth Jones","Matt Kiersted","FLA","2","0.11666666666667","1","0","100.00","1","0","100.00","1","0","100.00","0","0","-","0.03","0","100.00","0","0","-","0","0","-","0","0","-","0","0","-","0","0","-","1","0","100.00","0","0","-","0.00","-","0.00","0","0","0","0","-","0","0","0","-"
"2344","Trevor van Riemsdyk","Ethan Bear","WSH","16","0.11666666666667","0","0","-","0","0","-","0","0","-","0","0","-","0","0","-","0","0","-","0","0","-","0","0","-","0","0","-","0","0","-","0","0","-","0","0","-","-","-","-","0","0","0","0","-","0","0","0","-"
"2345","Brandon Montour","Uvis Balinskis","FLA","12","0.11666666666667","0","0","-","0","0","-","0","0","-","0","0","-","0","0","-","0","0","-","0","0","-","0","0","-","0","0","-","0","0","-","0","0","-","0","0","-","-","-","-","0","0","0","2","-","0","0","0","-"
"2346","Zach Werenski","David Jiricek","CBJ","43","0.11666666666667","0","0","-","0","0","-","0","0","-","0","0","-","0","0","-","0","0","-","0","0","-","0","0","-","0","0","-","0","0","-","0","0","-","0","0","-","-","-","-","0","0","0","1","-","0","0","0","-"
"2347","Vladislav Gavrikov","Marcus Bjork","CBJ","26","0.11666666666667","0","0","-","0","0","-","0","0","-","0","0","-","0","0","-","0","0","-","0","0","-","0","0","-","0","0","-","0","0","-","0","0","-","0","0","-","-","-","-","0","0","0","0","-","0","0","0","-"
"2348","Ryan Lindgren","Connor Mackey","NYR","2","0.11666666666667","0","0","-","0","0","-","0","0","-","0","0","-","0","0","-","0","0","-","0","0","-","0","0","-","0","0","-","0","0","-","0","0","-","0","0","-","-","-","-","0","0","0","3","-","0","0","0","-"
"2349","Mario Ferraro","Calen Addison","S.J","57","0.11666666666667","1","0","100.00","1","0","100.00","1","0","100.00","0","0","-","0.17","0","100.00","1","0","100.00","1","0","100.00","0","0","-","0","0","-","0","0","-","0","0","-","0","0","-","0.00","-","0.00","0","0","0","1","-","0","0","0","-"
"2350","Ilya Lyubushkin","Olen Zellweger","ANA","2","0.11666666666667","0","0","-","0","0","-","0","0","-","0","0","-","0","0","-","0","0","-","0","0","-","0","0","-","0","0","-","0","0","-","0","0","-","0","0","-","-","-","-","0","0","0","0","-","0","0","0","-"
"2351","Corey Schueneman","Justin Barron","MTL","7","0.11666666666667","0","0","-","0","0","-","0","0","-","0","0","-","0","0","-","0","0","-","0","0","-","0","0","-","0","0","-","0","0","-","0","0","-","0","0","-","-","-","-","0","1","0","0","-","0","1","0","-"
"2352","Alex Goligoski","Calen Addison","MIN","32","0.1","0","0","-","0","0","-","0","0","-","0","0","-","0","0","-","0","0","-","0","0","-","0","0","-","0","0","-","0","0","-","0","0","-","0","0","-","-","-","-","0","0","0","1","-","0","0","0","-"
"2353","TJ Brodie","Ethan Del Mastro","CHI","8","0.1","0","0","-","0","0","-","0","0","-","0","0","-","0","0","-","0","0","-","0","0","-","0","0","-","0","0","-","0","0","-","0","0","-","0","0","-","-","-","-","0","0","0","0","-","0","0","0","-"
"2354","Brenden Dillon","Ville Heinola","WPG","10","0.1","0","0","-","0","0","-","0","0","-","0","0","-","0","0","-","0","0","-","0","0","-","0","0","-","0","0","-","0","0","-","0","0","-","0","0","-","-","-","-","0","0","0","1","-","0","0","0","-"
"2355","Justin Faulk","Scott Perunovich","STL","59","0.1","0","0","-","0","0","-","0","0","-","0","0","-","0","0","-","0","0","-","0","0","-","0","0","-","0","0","-","0","0","-","0","0","-","0","0","-","-","-","-","0","0","0","0","-","0","0","0","-"
"2356","Scott Mayfield","Samuel Bolduc","NYI","36","0.1","0","0","-","0","0","-","0","0","-","0","0","-","0","0","-","0","0","-","0","0","-","0","0","-","0","0","-","0","0","-","0","0","-","0","0","-","-","-","-","0","0","0","1","-","0","0","0","-"
"2357","Cody Ceci","Timothy Liljegren","S.J","40","0.1","0","0","-","0","0","-","0","0","-","0","0","-","0","0","-","0","0","-","0","0","-","0","0","-","0","0","-","0","0","-","0","0","-","0","0","-","-","-","-","0","0","0","1","-","0","0","0","-"
"2358","Carson Soucy","K'Andre Miller","NYR","14","0.1","0","0","-","0","0","-","0","0","-","0","0","-","0","0","-","0","0","-","0","0","-","0","0","-","0","0","-","0","0","-","0","0","-","0","0","-","-","-","-","0","0","0","2","-","0","0","0","-"
"2359","Joshua Brown","Maksymilian Szuber","ARI","1","0.1","0","0","-","0","0","-","0","0","-","0","0","-","0","0","-","0","0","-","0","0","-","0","0","-","0","0","-","0","0","-","0","0","-","0","0","-","-","-","-","0","0","0","1","-","0","0","0","-"
"2360","Devon Toews","Oliver Kylington","COL","11","0.1","0","0","-","0","0","-","0","0","-","0","0","-","0","0","-","0","0","-","0","0","-","0","0","-","0","0","-","0","0","-","0","0","-","0","0","-","-","-","-","0","0","0","0","-","0","0","0","-"
"2361","Gabriel Carlsson","Rasmus Sandin","WSH","6","0.1","0","0","-","0","0","-","0","0","-","0","0","-","0","0","-","0","0","-","0","0","-","0","0","-","0","0","-","0","0","-","0","0","-","0","0","-","-","-","-","0","0","0","0","-","0","0","0","-"
"2362","Matt Roy","Jordan Spence","L.A","76","0.1","0","0","-","0","0","-","0","0","-","0","0","-","0","0","-","0","0","-","0","0","-","0","0","-","0","0","-","0","0","-","0","0","-","0","0","-","-","-","-","0","0","0","0","-","0","0","0","-"
"2363","Mikhail Sergachev","Vladislav Kolyachonok","UTA","23","0.1","0","0","-","0","0","-","0","0","-","0","0","-","0","0","-","0","0","-","0","0","-","0","0","-","0","0","-","0","0","-","0","0","-","0","0","-","-","-","-","0","0","0","1","-","0","0","0","-"
"2364","Ryan Johnson","Owen Power","BUF","39","0.1","0","0","-","0","0","-","0","0","-","0","0","-","0","0","-","0","0","-","0","0","-","0","0","-","0","0","-","0","0","-","0","1","0.00","0","0","-","-","-","-","0","0","1","2","0.00","0","0","1","0.00"
"2365","Maxwell Crozier","Emil Martinsen Lilleberg","T.B","17","0.1","0","0","-","0","0","-","0","0","-","0","0","-","0","0","-","0","0","-","0","0","-","0","0","-","0","0","-","0","0","-","0","0","-","0","0","-","-","-","-","0","0","0","1","-","0","0","0","-"
"2366","Mark Giordano","Jake Muzzin","TOR","4","0.083333333333333","0","0","-","0","0","-","0","0","-","0","0","-","0","0","-","0","0","-","0","0","-","0","0","-","0","0","-","0","0","-","0","0","-","0","0","-","-","-","-","0","0","0","2","-","0","0","0","-"
"2367","Marc-Edouard Vlasic","Calen Addison","S.J","41","0.083333333333333","0","0","-","0","0","-","0","0","-","0","0","-","0","0","-","0","0","-","0","0","-","0","0","-","0","0","-","0","0","-","0","0","-","0","0","-","-","-","-","0","0","0","0","-","0","1","0","-"
"2368","Luke Schenn","Erik Gustafsson","TOR","5","0.083333333333333","0","0","-","0","0","-","0","0","-","0","0","-","0","0","-","0","0","-","0","0","-","0","0","-","0","0","-","0","0","-","0","0","-","0","0","-","-","-","-","0","0","1","0","0.00","0","0","1","0.00"
"2369","Luke Schenn","Logan Stanley","WPG","10","0.083333333333333","0","2","0.00","0","1","0.00","0","1","0.00","0","1","0.00","0","0.2","0.00","0","2","0.00","0","1","0.00","0","1","0.00","0","1","0.00","0","0","-","0","1","0.00","0","0","-","-","0.00","0.00","0","0","1","0","0.00","0","0","1","0.00"
"2370","Justin Schultz","Ryker Evans","SEA","24","0.083333333333333","0","0","-","0","0","-","0","0","-","0","0","-","0","0","-","0","0","-","0","0","-","0","0","-","0","0","-","0","0","-","0","0","-","0","0","-","-","-","-","0","0","0","1","-","0","0","0","-"
"2371","TJ Brodie","Seth Jones","CHI","36","0.083333333333333","0","0","-","0","0","-","0","0","-","0","0","-","0","0","-","0","0","-","0","0","-","0","0","-","0","0","-","0","0","-","0","0","-","0","0","-","-","-","-","0","0","0","0","-","0","0","0","-"
"2372","Alex Petrovic","Lian Bichsel","DAL","3","0.083333333333333","0","0","-","0","0","-","0","0","-","0","0","-","0","0","-","0","0","-","0","0","-","0","0","-","0","0","-","0","0","-","0","0","-","0","0","-","-","-","-","0","0","0","0","-","0","0","1","0.00"
"2373","Dylan DeMelo","Ville Heinola","WPG","26","0.083333333333333","0","0","-","0","0","-","0","0","-","0","0","-","0","0","-","0","0","-","0","0","-","0","0","-","0","0","-","0","0","-","0","0","-","0","0","-","-","-","-","0","0","0","2","-","0","0","0","-"
"2374","Nate Schmidt","Kyle Capobianco","WPG","7","0.083333333333333","0","0","-","0","0","-","0","0","-","0","0","-","0","0","-","0","0","-","0","0","-","0","0","-","0","0","-","0","0","-","0","0","-","0","0","-","-","-","-","0","0","0","0","-","0","0","0","-"
"2375","Joshua Brown","Michael Kesselring","ARI","44","0.083333333333333","0","0","-","0","0","-","0","0","-","0","0","-","0","0","-","0","0","-","0","0","-","0","0","-","0","0","-","0","0","-","0","0","-","0","0","-","-","-","-","0","0","0","2","-","0","0","0","-"
"2376","Nikita Zadorov","Michael Callahan","BOS","16","0.083333333333333","0","0","-","0","0","-","0","0","-","0","0","-","0","0","-","0","0","-","0","0","-","0","0","-","0","0","-","0","0","-","0","0","-","0","0","-","-","-","-","0","0","0","0","-","0","0","0","-"
"2377","Dakota Mermis","Juuso Valimaki","UTA","1","0.083333333333333","0","0","-","0","0","-","0","0","-","0","0","-","0","0","-","0","0","-","0","0","-","0","0","-","0","0","-","0","0","-","0","0","-","0","0","-","-","-","-","0","0","0","1","-","0","0","0","-"
"2378","Joel Hanley","Jake Bean","CGY","43","0.083333333333333","0","0","-","0","0","-","0","0","-","0","0","-","0","0","-","0","0","-","0","0","-","0","0","-","0","0","-","0","0","-","0","0","-","0","0","-","-","-","-","0","0","0","0","-","0","0","0","-"
"2379","Andreas Englund","Wyatt Kaiser","CHI","3","0.083333333333333","0","0","-","0","0","-","0","0","-","0","0","-","0","0","-","0","0","-","0","0","-","0","0","-","0","0","-","0","0","-","0","0","-","0","0","-","-","-","-","0","0","0","2","-","0","0","0","-"
"2380","Oliver Kylington","Drew Helleson","ANA","6","0.083333333333333","0","0","-","0","0","-","0","0","-","0","0","-","0","0","-","0","0","-","0","0","-","0","0","-","0","0","-","0","0","-","0","0","-","0","0","-","-","-","-","0","0","0","1","-","0","0","0","-"
"2381","Dante Fabbro","Jordan Gross","NSH","14","0.083333333333333","0","0","-","0","0","-","0","0","-","0","0","-","0","0","-","0","0","-","0","0","-","0","0","-","0","0","-","0","0","-","0","0","-","0","0","-","-","-","-","0","0","0","1","-","0","0","0","-"
"2382","Filip Hronek","Gustav Lindstrom","DET","25","0.083333333333333","0","1","0.00","0","1","0.00","0","0","-","0","0","-","0","0.09","0.00","0","1","0.00","0","0","-","0","0","-","0","1","0.00","0","0","-","0","0","-","0","0","-","-","-","-","0","0","0","0","-","0","0","0","-"
"2383","Jacob MacDonald","Calen Addison","S.J","29","0.083333333333333","0","0","-","0","0","-","0","0","-","0","0","-","0","0","-","0","0","-","0","0","-","0","0","-","0","0","-","0","0","-","0","1","0.00","0","0","-","-","-","-","1","0","1","0","50.00","1","0","1","50.00"
"2384","Callan Foote","Kevin Bahl","N.J","4","0.083333333333333","0","0","-","0","0","-","0","0","-","0","0","-","0","0","-","0","0","-","0","0","-","0","0","-","0","0","-","0","0","-","0","0","-","0","0","-","-","-","-","0","0","0","1","-","0","0","0","-"
"2385","Sean Durzi","Brandt Clarke","L.A","8","0.083333333333333","0","0","-","0","0","-","0","0","-","0","0","-","0","0","-","0","0","-","0","0","-","0","0","-","0","0","-","0","0","-","0","0","-","0","0","-","-","-","-","0","0","0","0","-","0","0","0","-"
"2386","Adam Boqvist","Nick Blankenburg","CBJ","28","0.083333333333333","0","0","-","0","0","-","0","0","-","0","0","-","0","0","-","0","0","-","0","0","-","0","0","-","0","0","-","0","0","-","0","0","-","0","0","-","-","-","-","0","0","0","2","-","0","0","0","-"
"2387","Declan Chisholm","David Jiricek","MIN","6","0.083333333333333","0","0","-","0","0","-","0","0","-","0","0","-","0","0","-","0","0","-","0","0","-","0","0","-","0","0","-","0","0","-","0","1","0.00","0","0","-","-","-","-","0","0","1","0","0.00","0","0","1","0.00"
"2388","Ryan Suter","Scott Perunovich","STL","24","0.066666666666667","0","0","-","0","0","-","0","0","-","0","0","-","0","0","-","0","0","-","0","0","-","0","0","-","0","0","-","0","0","-","0","0","-","0","0","-","-","-","-","0","0","0","1","-","0","0","0","-"
"2389","Jack Johnson","Ian Mitchell","CHI","22","0.066666666666667","0","0","-","0","0","-","0","0","-","0","0","-","0","0","-","0","0","-","0","0","-","0","0","-","0","0","-","0","0","-","0","0","-","0","0","-","-","-","-","0","0","0","0","-","0","0","0","-"
"2390","Erik Johnson","Ryan Johnson","BUF","28","0.066666666666667","0","0","-","0","0","-","0","0","-","0","0","-","0","0","-","0","0","-","0","0","-","0","0","-","0","0","-","0","0","-","0","0","-","0","0","-","-","-","-","0","0","0","0","-","0","0","0","-"
"2391","John Carlson","Lucas Johansen","WSH","7","0.066666666666667","0","0","-","0","0","-","0","0","-","0","0","-","0","0","-","0","0","-","0","0","-","0","0","-","0","0","-","0","0","-","0","0","-","0","0","-","-","-","-","0","0","0","0","-","0","0","0","-"
"2392","Marco Scandella","Scott Perunovich","STL","38","0.066666666666667","0","0","-","0","0","-","0","0","-","0","0","-","0","0","-","0","0","-","0","0","-","0","0","-","0","0","-","0","0","-","0","0","-","0","0","-","-","-","-","0","0","0","0","-","0","0","0","-"
"2393","TJ Brodie","John Klingberg","TOR","14","0.066666666666667","0","0","-","0","0","-","0","0","-","0","0","-","0","0","-","0","0","-","0","0","-","0","0","-","0","0","-","0","0","-","0","0","-","0","0","-","-","-","-","0","0","0","0","-","0","0","0","-"
"2394","Dmitry Kulikov","Tobias Bjornfot","FLA","8","0.066666666666667","0","0","-","0","0","-","0","0","-","0","0","-","0","0","-","0","0","-","0","0","-","0","0","-","0","0","-","0","0","-","0","0","-","0","0","-","-","-","-","0","0","0","2","-","0","0","0","-"
"2395","Dmitry Kulikov","Brian Dumoulin","PIT","6","0.066666666666667","0","0","-","0","0","-","0","0","-","0","0","-","0","0","-","0","0","-","0","0","-","0","0","-","0","0","-","0","0","-","0","0","-","0","0","-","-","-","-","0","0","0","3","-","0","0","0","-"
"2396","Tyson Barrie","Vincent Desharnais","EDM","16","0.066666666666667","0","0","-","0","0","-","0","0","-","0","0","-","0","0","-","0","0","-","0","0","-","0","0","-","0","0","-","0","0","-","0","0","-","0","0","-","-","-","-","0","0","0","1","-","0","0","0","-"
"2397","Mattias Ekholm","Joshua Brown","EDM","8","0.066666666666667","0","0","-","0","0","-","0","0","-","0","0","-","0","0","-","0","0","-","0","0","-","0","0","-","0","0","-","0","0","-","0","0","-","0","0","-","-","-","-","0","0","0","0","-","0","0","0","-"
"2398","Christopher Tanev","Jani Hakanpaa","TOR","2","0.066666666666667","0","0","-","0","0","-","0","0","-","0","0","-","0","0","-","0","0","-","0","0","-","0","0","-","0","0","-","0","0","-","0","0","-","0","0","-","-","-","-","0","0","0","1","-","0","0","0","-"
"2399","Joel Edmundson","Corey Schueneman","MTL","3","0.066666666666667","0","0","-","0","0","-","0","0","-","0","0","-","0","0","-","0","0","-","0","0","-","0","0","-","0","0","-","0","0","-","0","0","-","0","0","-","-","-","-","0","0","0","0","-","0","0","0","-"
"2400","Connor Murphy","Sam Rinzel","CHI","8","0.066666666666667","0","0","-","0","0","-","0","0","-","0","0","-","0","0","-","0","0","-","0","0","-","0","0","-","0","0","-","0","0","-","0","0","-","0","0","-","-","-","-","0","0","0","1","-","0","0","0","-"
"2401","Connor Murphy","Alec Regula","CHI","4","0.066666666666667","0","0","-","0","0","-","0","0","-","0","0","-","0","0","-","0","0","-","0","0","-","0","0","-","0","0","-","0","0","-","0","0","-","0","0","-","-","-","-","0","0","0","1","-","0","0","0","-"
"2402","Colin Miller","Nate Schmidt","WPG","1","0.066666666666667","0","0","-","0","0","-","0","0","-","0","0","-","0","0","-","0","0","-","0","0","-","0","0","-","0","0","-","0","0","-","0","0","-","0","0","-","-","-","-","0","0","0","1","-","0","0","0","-"
"2403","Ryan Murray","Cody Ceci","EDM","13","0.066666666666667","0","0","-","0","0","-","0","0","-","0","0","-","0","0","-","0","0","-","0","0","-","0","0","-","0","0","-","0","0","-","0","0","-","0","0","-","-","-","-","0","0","0","2","-","0","0","0","-"
"2404","Matt Dumba","Ilya Lyubushkin","DAL","61","0.066666666666667","0","0","-","0","0","-","0","0","-","0","0","-","0","0","-","0","0","-","0","0","-","0","0","-","0","0","-","0","0","-","0","0","-","0","0","-","-","-","-","0","0","0","2","-","0","0","0","-"
"2405","Matt Dumba","Nils Lundkvist","DAL","22","0.066666666666667","0","0","-","0","0","-","0","0","-","0","0","-","0","0","-","0","0","-","0","0","-","0","0","-","0","0","-","0","0","-","0","0","-","0","0","-","-","-","-","0","0","0","0","-","0","0","0","-"
"2406","Brady Skjei","Tony DeAngelo","CAR","29","0.066666666666667","0","0","-","0","0","-","0","0","-","0","0","-","0","0","-","0","0","-","0","0","-","0","0","-","0","0","-","0","0","-","0","0","-","0","0","-","-","-","-","0","0","0","0","-","0","0","0","-"
"2407","Colton Parayko","Corey Schueneman","STL","4","0.066666666666667","0","0","-","0","0","-","0","0","-","0","0","-","0","0","-","0","0","-","0","0","-","0","0","-","0","0","-","0","0","-","0","0","-","0","0","-","-","-","-","0","0","0","2","-","0","0","0","-"
"2408","Damon Severson","Jordan Harris","CBJ","27","0.066666666666667","0","0","-","0","0","-","0","0","-","0","0","-","0","0","-","0","0","-","0","0","-","0","0","-","0","0","-","0","0","-","0","0","-","0","0","-","-","-","-","0","1","0","0","-","0","1","0","-"
"2409","Connor Clifton","Jacob Bernard-Docker","BUF","15","0.066666666666667","0","0","-","0","0","-","0","0","-","0","0","-","0","0","-","0","0","-","0","0","-","0","0","-","0","0","-","0","0","-","0","0","-","0","0","-","-","-","-","0","0","0","1","-","0","0","0","-"
"2410","Trevor van Riemsdyk","Lucas Johansen","WSH","5","0.066666666666667","0","0","-","0","0","-","0","0","-","0","0","-","0","0","-","0","0","-","0","0","-","0","0","-","0","0","-","0","0","-","0","0","-","0","0","-","-","-","-","0","0","0","0","-","0","0","0","-"
"2411","Marcus Pettersson","Victor Mancini","VAN","16","0.066666666666667","0","0","-","0","0","-","0","0","-","0","0","-","0","0","-","0","0","-","0","0","-","0","0","-","0","0","-","0","0","-","0","0","-","0","0","-","-","-","-","0","1","0","0","-","0","1","0","-"
"2412","Gustav Forsling","Adam Boqvist","FLA","18","0.066666666666667","0","0","-","0","0","-","0","0","-","0","0","-","0","0","-","0","0","-","0","0","-","0","0","-","0","0","-","0","0","-","0","0","-","0","0","-","-","-","-","0","0","0","0","-","0","0","0","-"
"2413","Noah Hanifin","Oliver Kylington","CGY","14","0.066666666666667","0","0","-","0","0","-","0","0","-","0","0","-","0","0","-","0","0","-","0","0","-","0","0","-","0","0","-","0","0","-","0","0","-","0","0","-","-","-","-","0","0","0","1","-","0","0","0","-"
"2414","Rasmus Andersson","Troy Stecher","CGY","20","0.066666666666667","0","0","-","0","0","-","0","0","-","0","0","-","0","0","-","0","0","-","0","0","-","0","0","-","0","0","-","0","0","-","0","0","-","0","0","-","-","-","-","0","0","0","2","-","0","0","0","-"
"2415","Brandon Carlo","Ian Mitchell","BOS","16","0.066666666666667","0","0","-","0","0","-","0","0","-","0","0","-","0","0","-","0","0","-","0","0","-","0","0","-","0","0","-","0","0","-","0","0","-","0","0","-","-","-","-","0","0","0","2","-","0","0","0","-"
"2416","Kyle Capobianco","Logan Stanley","WPG","1","0.066666666666667","0","0","-","0","0","-","0","0","-","0","0","-","0","0","-","0","0","-","0","0","-","0","0","-","0","0","-","0","0","-","0","0","-","0","0","-","-","-","-","0","0","0","0","-","0","0","0","-"
"2417","Ivan Provorov","Egor Zamula","PHI","14","0.066666666666667","1","0","100.00","1","0","100.00","1","0","100.00","0","0","-","0.04","0","100.00","0","0","-","0","0","-","0","0","-","0","0","-","0","0","-","1","0","100.00","0","0","-","0.00","-","0.00","0","0","0","0","-","0","0","0","-"
"2418","John Marino","Michael Kesselring","UTA","35","0.066666666666667","0","1","0.00","0","1","0.00","0","1","0.00","0","1","0.00","0","0.2","0.00","0","0","-","0","0","-","0","0","-","0","0","-","0","0","-","0","1","0.00","0","1","0.00","-","0.00","0.00","0","0","0","0","-","0","0","0","-"
"2419","Alexandre Carrier","Nick Blankenburg","NSH","6","0.066666666666667","0","0","-","0","0","-","0","0","-","0","0","-","0","0","-","0","0","-","0","0","-","0","0","-","0","0","-","0","0","-","0","0","-","0","0","-","-","-","-","0","0","0","3","-","0","0","0","-"
"2420","Vladislav Gavrikov","Adam Boqvist","CBJ","20","0.066666666666667","0","0","-","0","0","-","0","0","-","0","0","-","0","0","-","0","0","-","0","0","-","0","0","-","0","0","-","0","0","-","0","0","-","0","0","-","-","-","-","0","0","0","1","-","0","0","0","-"
"2421","Victor Mete","Mac Hollowell","TOR","5","0.066666666666667","0","0","-","0","0","-","0","0","-","0","0","-","0","0","-","0","0","-","0","0","-","0","0","-","0","0","-","0","0","-","0","0","-","0","0","-","-","-","-","0","0","0","0","-","0","0","0","-"
"2422","Logan Stanley","Ville Heinola","WPG","14","0.066666666666667","0","0","-","0","0","-","0","0","-","0","0","-","0","0","-","0","0","-","0","0","-","0","0","-","0","0","-","0","0","-","0","0","-","0","0","-","-","-","-","0","0","0","0","-","0","0","0","-"
"2423","Nikita Zaitsev","Ian Mitchell","CHI","9","0.066666666666667","0","0","-","0","0","-","0","0","-","0","0","-","0","0","-","0","0","-","0","0","-","0","0","-","0","0","-","0","0","-","0","0","-","0","0","-","-","-","-","0","0","0","1","-","0","0","0","-"
"2424","Urho Vaakanainen","Jamie Drysdale","ANA","7","0.066666666666667","1","0","100.00","1","0","100.00","1","0","100.00","1","0","100.00","0.12","0","100.00","1","0","100.00","1","0","100.00","1","0","100.00","0","0","-","0","0","-","0","0","-","0","0","-","100.00","-","1.00","0","0","0","0","-","0","0","0","-"
"2425","Quinn Hughes","Akito Hirose","VAN","10","0.066666666666667","0","0","-","0","0","-","0","0","-","0","0","-","0","0","-","0","0","-","0","0","-","0","0","-","0","0","-","0","0","-","0","0","-","0","0","-","-","-","-","0","0","0","1","-","0","0","0","-"
"2426","Brayden Pachal","Kaedan Korczak","VGK","8","0.066666666666667","0","0","-","0","0","-","0","0","-","0","0","-","0","0","-","0","0","-","0","0","-","0","0","-","0","0","-","0","0","-","0","0","-","0","0","-","-","-","-","0","0","0","0","-","0","0","0","-"
"2427","Jake Sanderson","Nikolas Matinpalo","OTT","43","0.066666666666667","0","0","-","0","0","-","0","0","-","0","0","-","0","0","-","0","0","-","0","0","-","0","0","-","0","0","-","0","0","-","1","0","100.00","0","0","-","-","-","-","0","0","0","0","-","1","0","0","100.00"
"2428","Ethan Del Mastro","Sam Rinzel","CHI","2","0.066666666666667","0","0","-","0","0","-","0","0","-","0","0","-","0","0","-","0","0","-","0","0","-","0","0","-","0","0","-","0","0","-","0","0","-","0","0","-","-","-","-","0","0","0","0","-","0","0","0","-"
"2429","Ryan Suter","Corey Schueneman","STL","4","0.05","0","0","-","0","0","-","0","0","-","0","0","-","0","0","-","0","0","-","0","0","-","0","0","-","0","0","-","0","0","-","0","0","-","0","0","-","-","-","-","0","0","0","1","-","0","0","0","-"
"2430","Zach Bogosian","Travis Dermott","MIN","9","0.05","0","0","-","0","0","-","0","0","-","0","0","-","0","0","-","0","0","-","0","0","-","0","0","-","0","0","-","0","0","-","0","0","-","0","0","-","-","-","-","0","0","0","0","-","0","0","0","-"
"2431","Tyler Myers","Christian Wolanin","VAN","15","0.05","1","0","100.00","0","0","-","0","0","-","0","0","-","0","0","-","0","0","-","0","0","-","0","0","-","0","0","-","0","0","-","1","0","100.00","0","0","-","-","-","-","0","0","1","0","0.00","0","0","1","0.00"
"2432","Jared Spurgeon","Calen Addison","MIN","60","0.05","0","0","-","0","0","-","0","0","-","0","0","-","0","0","-","0","0","-","0","0","-","0","0","-","0","0","-","0","0","-","0","0","-","0","0","-","-","-","-","0","0","0","1","-","0","0","0","-"
"2433","Calvin de Haan","Zac Jones","NYR","3","0.05","0","0","-","0","0","-","0","0","-","0","0","-","0","0","-","0","0","-","0","0","-","0","0","-","0","0","-","0","0","-","0","0","-","0","0","-","-","-","-","0","0","0","0","-","0","0","0","-"
"2434","Nick Jensen","Jacob Bernard-Docker","OTT","25","0.05","0","0","-","0","0","-","0","0","-","0","0","-","0","0","-","0","0","-","0","0","-","0","0","-","0","0","-","0","0","-","0","0","-","0","0","-","-","-","-","0","0","0","0","-","0","0","0","-"
"2435","Nick Jensen","Lucas Johansen","WSH","8","0.05","0","0","-","0","0","-","0","0","-","0","0","-","0","0","-","0","0","-","0","0","-","0","0","-","0","0","-","0","0","-","0","0","-","0","0","-","-","-","-","0","0","0","0","-","0","0","0","-"
"2436","Christopher Tanev","Jani Hakanpaa","DAL","6","0.05","0","0","-","0","0","-","0","0","-","0","0","-","0","0","-","0","0","-","0","0","-","0","0","-","0","0","-","0","0","-","0","0","-","0","0","-","-","-","-","0","0","0","2","-","0","0","0","-"
"2437","Justin Holl","Erik Gustafsson","DET","53","0.05","0","0","-","0","0","-","0","0","-","0","0","-","0","0","-","0","0","-","0","0","-","0","0","-","0","0","-","0","0","-","0","0","-","0","0","-","-","-","-","0","0","0","0","-","0","0","0","-"
"2438","Justin Holl","Conor Timmins","TOR","24","0.05","0","0","-","0","0","-","0","0","-","0","0","-","0","0","-","0","0","-","0","0","-","0","0","-","0","0","-","0","0","-","0","0","-","0","0","-","-","-","-","0","0","0","1","-","0","0","0","-"
"2439","Connor Murphy","Ian Mitchell","CHI","33","0.05","0","0","-","0","0","-","0","0","-","0","0","-","0","0","-","0","0","-","0","0","-","0","0","-","0","0","-","0","0","-","0","0","-","0","0","-","-","-","-","0","0","0","0","-","0","0","0","-"
"2440","Shayne Gostisbehere","Victor Soderstrom","ARI","4","0.05","0","0","-","0","0","-","0","0","-","0","0","-","0","0","-","0","0","-","0","0","-","0","0","-","0","0","-","0","0","-","0","0","-","0","0","-","-","-","-","0","0","0","0","-","0","0","0","-"
"2441","Jake McCabe","Alec Regula","CHI","3","0.05","0","0","-","0","0","-","0","0","-","0","0","-","0","0","-","0","0","-","0","0","-","0","0","-","0","0","-","0","0","-","0","0","-","0","0","-","-","-","-","0","0","0","1","-","0","0","0","-"
"2442","Erik Gustafsson","Simon Edvinsson","DET","56","0.05","0","0","-","0","0","-","0","0","-","0","0","-","0","0","-","0","0","-","0","0","-","0","0","-","0","0","-","0","0","-","0","0","-","0","0","-","-","-","-","0","0","0","0","-","0","0","0","-"
"2443","Nate Schmidt","Ville Heinola","WPG","4","0.05","0","0","-","0","0","-","0","0","-","0","0","-","0","0","-","0","0","-","0","0","-","0","0","-","0","0","-","0","0","-","0","0","-","0","0","-","-","-","-","0","0","0","0","-","0","0","0","-"
"2444","Chad Ruhwedel","William Borgen","NYR","2","0.05","0","0","-","0","0","-","0","0","-","0","0","-","0","0","-","0","0","-","0","0","-","0","0","-","0","0","-","0","0","-","0","0","-","0","0","-","-","-","-","0","0","0","2","-","0","0","0","-"
"2445","Carson Soucy","Cale Fleury","SEA","11","0.05","0","0","-","0","0","-","0","0","-","0","0","-","0","0","-","0","0","-","0","0","-","0","0","-","0","0","-","0","0","-","0","0","-","0","0","-","-","-","-","0","0","1","0","0.00","0","0","1","0.00"
"2446","Ben Harpur","Niko Mikkola","NYR","21","0.05","0","0","-","0","0","-","0","0","-","0","0","-","0","0","-","0","0","-","0","0","-","0","0","-","0","0","-","0","0","-","0","0","-","0","0","-","-","-","-","0","0","0","0","-","0","0","0","-"
"2447","Joel Hanley","Ilya Solovyov","CGY","4","0.05","0","0","-","0","0","-","0","0","-","0","0","-","0","0","-","0","0","-","0","0","-","0","0","-","0","0","-","0","0","-","0","0","-","0","0","-","-","-","-","0","0","0","2","-","0","0","0","-"
"2448","Andreas Englund","Caleb Jones","CHI","11","0.05","0","0","-","0","0","-","0","0","-","0","0","-","0","0","-","0","0","-","0","0","-","0","0","-","0","0","-","0","0","-","0","0","-","0","0","-","-","-","-","0","0","0","1","-","0","0","0","-"
"2449","Andreas Englund","Ian Mitchell","CHI","5","0.05","0","0","-","0","0","-","0","0","-","0","0","-","0","0","-","0","0","-","0","0","-","0","0","-","0","0","-","0","0","-","0","0","-","0","0","-","-","-","-","0","0","0","1","-","0","0","0","-"
"2450","Jacob Middleton","Daemon Hunt","MIN","13","0.05","0","0","-","0","0","-","0","0","-","0","0","-","0","0","-","0","0","-","0","0","-","0","0","-","0","0","-","0","0","-","0","0","-","0","0","-","-","-","-","0","0","0","0","-","0","0","0","-"
"2451","Travis Dermott","Riley Stillman","VAN","2","0.05","0","0","-","0","0","-","0","0","-","0","0","-","0","0","-","0","0","-","0","0","-","0","0","-","0","0","-","0","0","-","0","0","-","0","0","-","-","-","-","0","0","0","1","-","0","0","0","-"
"2452","Thomas Chabot","Nikolas Matinpalo","OTT","39","0.05","0","0","-","0","0","-","0","0","-","0","0","-","0","0","-","0","0","-","0","0","-","0","0","-","0","0","-","0","0","-","0","0","-","0","0","-","-","-","-","0","0","0","1","-","0","0","0","-"
"2453","Vladislav Gavrikov","Jake Bean","CBJ","14","0.05","0","0","-","0","0","-","0","0","-","0","0","-","0","0","-","0","0","-","0","0","-","0","0","-","0","0","-","0","0","-","0","0","-","0","0","-","-","-","-","0","0","0","0","-","0","0","0","-"
"2454","Philippe Myers","Callan Foote","T.B","4","0.05","0","0","-","0","0","-","0","0","-","0","0","-","0","0","-","0","0","-","0","0","-","0","0","-","0","0","-","0","0","-","0","0","-","0","0","-","-","-","-","0","0","0","1","-","0","0","0","-"
"2455","Andrew Peeke","Ian Mitchell","BOS","15","0.05","0","0","-","0","0","-","0","0","-","0","0","-","0","0","-","0","0","-","0","0","-","0","0","-","0","0","-","0","0","-","0","0","-","0","0","-","-","-","-","0","0","0","0","-","0","0","0","-"
"2456","Riley Stillman","Rasmus Dahlin","BUF","17","0.05","0","0","-","0","0","-","0","0","-","0","0","-","0","0","-","0","0","-","0","0","-","0","0","-","0","0","-","0","0","-","0","0","-","0","0","-","-","-","-","0","0","0","2","-","0","0","0","-"
"2457","Timothy Liljegren","Jan Rutta","S.J","40","0.05","0","0","-","0","0","-","0","0","-","0","0","-","0","0","-","0","0","-","0","0","-","0","0","-","0","0","-","0","0","-","0","0","-","0","0","-","-","-","-","0","0","0","1","-","0","0","0","-"
"2458","Ian Mitchell","Alex Vlasic","CHI","3","0.05","0","0","-","0","0","-","0","0","-","0","0","-","0","0","-","0","0","-","0","0","-","0","0","-","0","0","-","0","0","-","0","0","-","0","0","-","-","-","-","0","0","0","1","-","0","0","0","-"
"2459","Gustav Lindstrom","Moritz Seider","DET","36","0.05","0","0","-","0","0","-","0","0","-","0","0","-","0","0","-","0","0","-","0","0","-","0","0","-","0","0","-","0","0","-","0","0","-","0","0","-","-","-","-","0","0","0","2","-","0","0","0","-"
"2460","K'Andre Miller","Victor Mancini","NYR","14","0.05","0","0","-","0","0","-","0","0","-","0","0","-","0","0","-","0","0","-","0","0","-","0","0","-","0","0","-","0","0","-","0","0","-","0","0","-","-","-","-","0","0","0","0","-","0","0","0","-"
"2461","Alexander Alexeyev","Vincent Iorio","WSH","9","0.05","0","0","-","0","0","-","0","0","-","0","0","-","0","0","-","0","0","-","0","0","-","0","0","-","0","0","-","0","0","-","0","0","-","0","0","-","-","-","-","0","0","0","0","-","0","0","0","-"
"2462","Calen Addison","Nikita Okhotiuk","S.J","30","0.05","0","0","-","0","0","-","0","0","-","0","0","-","0","0","-","0","0","-","0","0","-","0","0","-","0","0","-","0","0","-","0","0","-","0","0","-","-","-","-","0","0","0","2","-","0","0","0","-"
"2463","Spencer Stastney","Adam Wilsby","NSH","1","0.05","0","0","-","0","0","-","0","0","-","0","0","-","0","0","-","0","0","-","0","0","-","0","0","-","0","0","-","0","0","-","0","0","-","0","0","-","-","-","-","0","0","0","0","-","0","0","0","-"
"2464","John Ludvig","Sam Malinski","COL","8","0.05","0","0","-","0","0","-","0","0","-","0","0","-","0","0","-","0","0","-","0","0","-","0","0","-","0","0","-","0","0","-","0","0","-","0","0","-","-","-","-","0","0","0","1","-","0","0","0","-"
"2465","Cam York","Emil Andrae","PHI","33","0.05","0","0","-","0","0","-","0","0","-","0","0","-","0","0","-","0","0","-","0","0","-","0","0","-","0","0","-","0","0","-","0","0","-","0","0","-","-","-","-","0","0","0","1","-","0","0","0","-"
"2466","Matt Kiersted","Uvis Balinskis","FLA","2","0.05","0","0","-","0","0","-","0","0","-","0","0","-","0","0","-","0","0","-","0","0","-","0","0","-","0","0","-","0","0","-","0","0","-","0","0","-","-","-","-","0","0","0","1","-","0","0","0","-"
"2467","Mark Giordano","Rasmus Sandin","TOR","52","0.033333333333333","0","0","-","0","0","-","0","0","-","0","0","-","0","0","-","0","0","-","0","0","-","0","0","-","0","0","-","0","0","-","0","0","-","0","0","-","-","-","-","0","0","0","1","-","0","0","0","-"
"2468","Mark Giordano","Filip Kral","TOR","2","0.033333333333333","0","0","-","0","0","-","0","0","-","0","0","-","0","0","-","0","0","-","0","0","-","0","0","-","0","0","-","0","0","-","0","0","-","0","0","-","-","-","-","0","0","0","0","-","0","0","0","-"
"2469","Mark Giordano","John Klingberg","TOR","14","0.033333333333333","0","0","-","0","0","-","0","0","-","0","0","-","0","0","-","0","0","-","0","0","-","0","0","-","0","0","-","0","0","-","0","0","-","0","0","-","-","-","-","0","0","0","0","-","0","0","0","-"
"2470","Ian Cole","Nick DeSimone","UTA","20","0.033333333333333","0","0","-","0","0","-","0","0","-","0","0","-","0","0","-","0","0","-","0","0","-","0","0","-","0","0","-","0","0","-","0","0","-","0","0","-","-","-","-","0","0","0","0","-","0","0","0","-"
"2471","Kevin Shattenkirk","John Klingberg","ANA","43","0.033333333333333","0","0","-","0","0","-","0","0","-","0","0","-","0","0","-","0","0","-","0","0","-","0","0","-","0","0","-","0","0","-","0","0","-","0","0","-","-","-","-","0","0","0","1","-","0","0","0","-"
"2472","Robert Bortuzzo","Scott Mayfield","NYI","3","0.033333333333333","0","0","-","0","0","-","0","0","-","0","0","-","0","0","-","0","0","-","0","0","-","0","0","-","0","0","-","0","0","-","0","0","-","0","0","-","-","-","-","0","0","0","1","-","0","0","0","-"
"2473","Mattias Ekholm","Travis Dermott","EDM","10","0.033333333333333","0","0","-","0","0","-","0","0","-","0","0","-","0","0","-","0","0","-","0","0","-","0","0","-","0","0","-","0","0","-","0","0","-","0","0","-","-","-","-","0","0","0","1","-","0","0","0","-"
"2474","Ben Chiarot","William Lagesson","DET","6","0.033333333333333","0","0","-","0","0","-","0","0","-","0","0","-","0","0","-","0","0","-","0","0","-","0","0","-","0","0","-","0","0","-","0","0","-","0","0","-","-","-","-","0","0","0","1","-","0","0","0","-"
"2475","Brenden Dillon","Kyle Capobianco","WPG","14","0.033333333333333","0","0","-","0","0","-","0","0","-","0","0","-","0","0","-","0","0","-","0","0","-","0","0","-","0","0","-","0","0","-","0","0","-","0","0","-","-","-","-","0","0","0","0","-","0","0","0","-"
"2476","Radko Gudas","Jamie Drysdale","ANA","6","0.033333333333333","0","0","-","0","0","-","0","0","-","0","0","-","0","0","-","0","0","-","0","0","-","0","0","-","0","0","-","0","0","-","0","0","-","0","0","-","-","-","-","0","0","0","1","-","0","0","0","-"
"2477","Radko Gudas","Tristan Luneau","ANA","12","0.033333333333333","0","0","-","0","0","-","0","0","-","0","0","-","0","0","-","0","0","-","0","0","-","0","0","-","0","0","-","0","0","-","0","0","-","0","0","-","-","-","-","0","0","0","0","-","0","0","0","-"
"2478","Radko Gudas","Matt Kiersted","FLA","10","0.033333333333333","0","0","-","0","0","-","0","0","-","0","0","-","0","0","-","0","0","-","0","0","-","0","0","-","0","0","-","0","0","-","0","0","-","0","0","-","-","-","-","0","0","1","0","0.00","0","0","1","0.00"
"2479","Cam Fowler","Scott Harrington","ANA","17","0.033333333333333","0","0","-","0","0","-","0","0","-","0","0","-","0","0","-","0","0","-","0","0","-","0","0","-","0","0","-","0","0","-","0","0","-","0","0","-","-","-","-","0","0","0","0","-","0","0","0","-"
"2480","Dylan McIlrath","Trevor van Riemsdyk","WSH","25","0.033333333333333","0","0","-","0","0","-","0","0","-","0","0","-","0","0","-","0","0","-","0","0","-","0","0","-","0","0","-","0","0","-","0","0","-","0","0","-","-","-","-","0","0","0","1","-","0","0","0","-"
"2481","Jarred Tinordi","Andreas Englund","CHI","6","0.033333333333333","0","0","-","0","0","-","0","0","-","0","0","-","0","0","-","0","0","-","0","0","-","0","0","-","0","0","-","0","0","-","0","0","-","0","0","-","-","-","-","0","0","0","0","-","0","0","0","-"
"2482","John Klingberg","Timothy Liljegren","TOR","10","0.033333333333333","0","0","-","0","0","-","0","0","-","0","0","-","0","0","-","0","0","-","0","0","-","0","0","-","0","0","-","0","0","-","0","0","-","0","0","-","-","-","-","0","0","0","0","-","0","0","0","-"
"2483","Connor Murphy","Artyom Levshunov","CHI","17","0.033333333333333","0","0","-","0","0","-","0","0","-","0","0","-","0","0","-","0","0","-","0","0","-","0","0","-","0","0","-","0","0","-","0","0","-","0","0","-","-","-","-","0","0","0","0","-","0","0","0","-"
"2484","Cody Ceci","Jack Thompson","S.J","15","0.033333333333333","0","0","-","0","0","-","0","0","-","0","0","-","0","0","-","0","0","-","0","0","-","0","0","-","0","0","-","0","0","-","0","0","-","0","0","-","-","-","-","0","0","0","0","-","0","0","0","-"
"2485","Derrick Pouliot","Nikolai Knyzhov","S.J","8","0.033333333333333","0","0","-","0","0","-","0","0","-","0","0","-","0","0","-","0","0","-","0","0","-","0","0","-","0","0","-","0","0","-","0","0","-","0","0","-","-","-","-","0","0","0","1","-","0","0","0","-"
"2486","Matthew Benning","Nikita Okhotiuk","S.J","5","0.033333333333333","0","0","-","0","0","-","0","0","-","0","0","-","0","0","-","0","0","-","0","0","-","0","0","-","0","0","-","0","0","-","0","0","-","0","0","-","-","-","-","0","0","0","2","-","0","0","0","-"
"2487","Ben Hutton","Daniil Miromanov","VGK","8","0.033333333333333","0","0","-","0","0","-","0","0","-","0","0","-","0","0","-","0","0","-","0","0","-","0","0","-","0","0","-","0","0","-","0","0","-","0","0","-","-","-","-","0","0","0","0","-","0","0","0","-"
"2488","Jaycob Megna","Matt Kiersted","FLA","2","0.033333333333333","0","0","-","0","0","-","0","0","-","0","0","-","0","0","-","0","0","-","0","0","-","0","0","-","0","0","-","0","0","-","0","0","-","0","0","-","-","-","-","0","0","0","1","-","0","0","0","-"
"2489","Kyle Burroughs","Cole McWard","VAN","5","0.033333333333333","0","0","-","0","0","-","0","0","-","0","0","-","0","0","-","0","0","-","0","0","-","0","0","-","0","0","-","0","0","-","0","0","-","0","0","-","-","-","-","0","0","0","0","-","0","0","0","-"
"2490","Carson Soucy","Mark Friedman","VAN","18","0.033333333333333","0","0","-","0","0","-","0","0","-","0","0","-","0","0","-","0","0","-","0","0","-","0","0","-","0","0","-","0","0","-","0","0","-","0","0","-","-","-","-","0","0","0","0","-","0","0","0","-"
"2491","Rasmus Ristolainen","Jamie Drysdale","PHI","60","0.033333333333333","0","0","-","0","0","-","0","0","-","0","0","-","0","0","-","0","0","-","0","0","-","0","0","-","0","0","-","0","0","-","0","0","-","0","0","-","-","-","-","0","0","0","0","-","0","0","0","-"
"2492","Rasmus Ristolainen","Helge Grans","PHI","6","0.033333333333333","0","0","-","0","0","-","0","0","-","0","0","-","0","0","-","0","0","-","0","0","-","0","0","-","0","0","-","0","0","-","0","0","-","0","0","-","-","-","-","0","0","0","0","-","0","0","0","-"
"2493","Ryan Pulock","Samuel Bolduc","NYI","34","0.033333333333333","0","0","-","0","0","-","0","0","-","0","0","-","0","0","-","0","0","-","0","0","-","0","0","-","0","0","-","0","0","-","0","0","-","0","0","-","-","-","-","0","0","0","0","-","0","0","0","-"
"2494","Dakota Mermis","Mikhail Sergachev","UTA","1","0.033333333333333","0","0","-","0","0","-","0","0","-","0","0","-","0","0","-","0","0","-","0","0","-","0","0","-","0","0","-","0","0","-","0","0","-","0","0","-","-","-","-","0","0","1","0","0.00","0","0","1","0.00"
"2495","Jordan Oesterle","Dennis Gilbert","CGY","12","0.033333333333333","0","0","-","0","0","-","0","0","-","0","0","-","0","0","-","0","0","-","0","0","-","0","0","-","0","0","-","0","0","-","0","0","-","0","0","-","-","-","-","0","0","0","1","-","0","0","0","-"
"2496","Travis Sanheim","Louie Belpedio","PHI","12","0.033333333333333","0","0","-","0","0","-","0","0","-","0","0","-","0","0","-","0","0","-","0","0","-","0","0","-","0","0","-","0","0","-","0","0","-","0","0","-","-","-","-","0","0","0","1","-","0","0","0","-"
"2497","Devon Toews","Caleb Jones","COL","25","0.033333333333333","0","0","-","0","0","-","0","0","-","0","0","-","0","0","-","0","0","-","0","0","-","0","0","-","0","0","-","0","0","-","0","0","-","0","0","-","-","-","-","0","0","0","0","-","0","0","0","-"
"2498","Gustav Forsling","Tobias Bjornfot","FLA","14","0.033333333333333","0","0","-","0","0","-","0","0","-","0","0","-","0","0","-","0","0","-","0","0","-","0","0","-","0","0","-","0","0","-","0","0","-","0","0","-","-","-","-","0","0","0","1","-","0","0","0","-"
"2499","Jacob Middleton","Travis Dermott","MIN","5","0.033333333333333","0","0","-","0","0","-","0","0","-","0","0","-","0","0","-","0","0","-","0","0","-","0","0","-","0","0","-","0","0","-","0","0","-","0","0","-","-","-","-","0","0","0","0","-","0","0","0","-"
"2500","Jeremy Lauzon","Marc Del Gaizo","NSH","23","0.033333333333333","0","0","-","0","0","-","0","0","-","0","0","-","0","0","-","0","0","-","0","0","-","0","0","-","0","0","-","0","0","-","0","0","-","0","0","-","-","-","-","0","0","0","1","-","0","0","0","-"
"2501","Jeremy Lauzon","Jordan Gross","NSH","12","0.033333333333333","0","0","-","0","0","-","0","0","-","0","0","-","0","0","-","0","0","-","0","0","-","0","0","-","0","0","-","0","0","-","0","0","-","0","0","-","-","-","-","0","0","0","0","-","0","0","0","-"
"2502","Dennis Gilbert","Nick DeSimone","CGY","10","0.033333333333333","0","0","-","0","0","-","0","0","-","0","0","-","0","0","-","0","0","-","0","0","-","0","0","-","0","0","-","0","0","-","0","0","-","0","0","-","-","-","-","0","0","0","1","-","0","0","0","-"
"2503","Alexandre Carrier","Jayden Struble","MTL","34","0.033333333333333","0","0","-","0","0","-","0","0","-","0","0","-","0","0","-","0","0","-","0","0","-","0","0","-","0","0","-","0","0","-","0","0","-","0","0","-","-","-","-","0","0","0","0","-","0","0","0","-"
"2504","Adam Fox","Connor Mackey","NYR","3","0.033333333333333","0","0","-","0","0","-","0","0","-","0","0","-","0","0","-","0","0","-","0","0","-","0","0","-","0","0","-","0","0","-","0","0","-","0","0","-","-","-","-","0","0","0","0","-","0","0","0","-"
"2505","Samuel Girard","Wyatt Aamodt","COL","2","0.033333333333333","0","0","-","0","0","-","0","0","-","0","0","-","0","0","-","0","0","-","0","0","-","0","0","-","0","0","-","0","0","-","0","0","-","0","0","-","-","-","-","0","0","0","1","-","0","0","0","-"
"2506","Jake Bean","Ilya Solovyov","CGY","2","0.033333333333333","0","0","-","0","0","-","0","0","-","0","0","-","0","0","-","0","0","-","0","0","-","0","0","-","0","0","-","0","0","-","0","0","-","0","0","-","-","-","-","0","0","0","1","-","0","0","0","-"
"2507","Troy Stecher","Vladislav Kolyachonok","ARI","2","0.033333333333333","0","0","-","0","0","-","0","0","-","0","0","-","0","0","-","0","0","-","0","0","-","0","0","-","0","0","-","0","0","-","0","0","-","0","0","-","-","-","-","0","0","0","0","-","0","0","0","-"
"2508","Troy Stecher","Vincent Desharnais","EDM","5","0.033333333333333","0","0","-","0","0","-","0","0","-","0","0","-","0","0","-","0","0","-","0","0","-","0","0","-","0","0","-","0","0","-","0","0","-","0","0","-","-","-","-","0","0","0","1","-","0","0","0","-"
"2509","Nikita Zaitsev","Filip Roos","CHI","6","0.033333333333333","0","0","-","0","0","-","0","0","-","0","0","-","0","0","-","0","0","-","0","0","-","0","0","-","0","0","-","0","0","-","1","0","100.00","0","0","-","-","-","-","1","0","0","0","100.00","1","0","0","100.00"
"2510","Juuso Valimaki","Vladislav Kolyachonok","ARI","6","0.033333333333333","0","0","-","0","0","-","0","0","-","0","0","-","0","0","-","0","0","-","0","0","-","0","0","-","0","0","-","0","0","-","0","0","-","0","0","-","-","-","-","0","0","0","0","-","0","0","0","-"
"2511","Timothy Liljegren","Ilya Lyubushkin","TOR","12","0.033333333333333","0","0","-","0","0","-","0","0","-","0","0","-","0","0","-","0","0","-","0","0","-","0","0","-","0","0","-","0","0","-","0","0","-","0","0","-","-","-","-","0","0","0","1","-","0","0","0","-"
"2512","Johnathan Kovacevic","Corey Schueneman","MTL","7","0.033333333333333","0","0","-","0","0","-","0","0","-","0","0","-","0","0","-","0","0","-","0","0","-","0","0","-","0","0","-","0","0","-","0","0","-","0","0","-","-","-","-","0","0","0","0","-","0","0","0","-"
"2513","Sean Durzi","Maksymilian Szuber","ARI","1","0.033333333333333","0","0","-","0","0","-","0","0","-","0","0","-","0","0","-","0","0","-","0","0","-","0","0","-","0","0","-","0","0","-","0","0","-","0","0","-","-","-","-","0","0","0","0","-","0","0","0","-"
"2514","Kevin Bahl","Zayne Parekh","CGY","1","0.033333333333333","0","0","-","0","0","-","0","0","-","0","0","-","0","0","-","0","0","-","0","0","-","0","0","-","0","0","-","0","0","-","0","0","-","0","0","-","-","-","-","0","0","0","0","-","0","0","0","-"
"2515","Jack St. Ivany","Owen Pickering","PIT","2","0.033333333333333","0","0","-","0","0","-","0","0","-","0","0","-","0","0","-","0","0","-","0","0","-","0","0","-","0","0","-","0","0","-","0","0","-","0","0","-","-","-","-","0","0","0","1","-","0","0","0","-"
"2516","Tobias Bjornfot","Uvis Balinskis","FLA","15","0.033333333333333","0","0","-","0","0","-","0","0","-","0","0","-","0","0","-","0","0","-","0","0","-","0","0","-","0","0","-","0","0","-","0","0","-","0","0","-","-","-","-","0","0","0","1","-","0","0","0","-"
"2517","Jordan Spence","Brandt Clarke","L.A","81","0.033333333333333","0","0","-","0","0","-","0","0","-","0","0","-","0","0","-","0","0","-","0","0","-","0","0","-","0","0","-","0","0","-","1","0","100.00","0","0","-","-","-","-","0","0","0","0","-","1","0","0","100.00"
"2518","Logan Mailloux","Lane Hutson","MTL","8","0.033333333333333","0","0","-","0","0","-","0","0","-","0","0","-","0","0","-","0","0","-","0","0","-","0","0","-","0","0","-","0","0","-","0","0","-","0","0","-","-","-","-","0","0","1","0","0.00","0","0","1","0.00"
"2519","Seamus Casey","Simon Nemec","N.J","9","0.033333333333333","0","0","-","0","0","-","0","0","-","0","0","-","0","0","-","0","0","-","0","0","-","0","0","-","0","0","-","0","0","-","0","0","-","0","0","-","-","-","-","0","0","0","1","-","0","0","0","-"
"2520","Mark Giordano","Victor Mete","TOR","11","0.016666666666667","0","0","-","0","0","-","0","0","-","0","0","-","0","0","-","0","0","-","0","0","-","0","0","-","0","0","-","0","0","-","0","0","-","0","0","-","-","-","-","0","0","0","0","-","0","0","0","-"
"2521","Jack Johnson","David Jiricek","CBJ","5","0.016666666666667","0","0","-","0","0","-","0","0","-","0","0","-","0","0","-","0","0","-","0","0","-","0","0","-","0","0","-","0","0","-","0","0","-","0","0","-","-","-","-","0","0","0","0","-","0","0","0","-"
"2522","Erik Johnson","Sam Malinski","COL","12","0.016666666666667","0","0","-","0","0","-","0","0","-","0","0","-","0","0","-","0","0","-","0","0","-","0","0","-","0","0","-","0","0","-","0","0","-","0","0","-","-","-","-","0","0","0","1","-","0","0","0","-"
"2523","Erik Johnson","Brad Hunt","COL","31","0.016666666666667","0","0","-","0","0","-","0","0","-","0","0","-","0","0","-","0","0","-","0","0","-","0","0","-","0","0","-","0","0","-","0","0","-","0","0","-","-","-","-","0","0","0","1","-","0","0","0","-"
"2524","Kevin Shattenkirk","Jamie Drysdale","ANA","8","0.016666666666667","0","0","-","0","0","-","0","0","-","0","0","-","0","0","-","0","0","-","0","0","-","0","0","-","0","0","-","0","0","-","0","0","-","0","0","-","-","-","-","0","0","0","0","-","0","0","0","-"
"2525","Alec Martinez","Daniil Miromanov","VGK","16","0.016666666666667","0","0","-","0","0","-","0","0","-","0","0","-","0","0","-","0","0","-","0","0","-","0","0","-","0","0","-","0","0","-","0","0","-","0","0","-","-","-","-","0","0","0","0","-","0","0","0","-"
"2526","Nick Holden","Tyler Kleven","OTT","8","0.016666666666667","0","0","-","0","0","-","0","0","-","0","0","-","0","0","-","0","0","-","0","0","-","0","0","-","0","0","-","0","0","-","0","0","-","0","0","-","-","-","-","0","0","0","1","-","0","0","0","-"
"2527","Alex Pietrangelo","Daniil Miromanov","VGK","11","0.016666666666667","0","0","-","0","0","-","0","0","-","0","0","-","0","0","-","0","0","-","0","0","-","0","0","-","0","0","-","0","0","-","0","0","-","0","0","-","-","-","-","0","0","0","1","-","0","0","0","-"
"2528","Tyler Myers","Jack Rathbone","VAN","11","0.016666666666667","0","0","-","0","0","-","0","0","-","0","0","-","0","0","-","0","0","-","0","0","-","0","0","-","0","0","-","0","0","-","0","0","-","0","0","-","-","-","-","0","0","0","0","-","0","0","0","-"
"2529","John Carlson","Dylan McIlrath","WSH","17","0.016666666666667","0","0","-","0","0","-","0","0","-","0","0","-","0","0","-","0","0","-","0","0","-","0","0","-","0","0","-","0","0","-","0","0","-","0","0","-","-","-","-","0","0","0","1","-","0","0","0","-"
"2530","Justin Schultz","Jaycob Megna","SEA","4","0.016666666666667","0","0","-","0","0","-","0","0","-","0","0","-","0","0","-","0","0","-","0","0","-","0","0","-","0","0","-","0","0","-","0","0","-","0","0","-","-","-","-","0","0","0","1","-","0","0","0","-"
"2531","Travis Hamonic","Dennis Gilbert","OTT","4","0.016666666666667","0","0","-","0","0","-","0","0","-","0","0","-","0","0","-","0","0","-","0","0","-","0","0","-","0","0","-","0","0","-","0","0","-","0","0","-","-","-","-","0","0","0","0","-","0","0","0","-"
"2532","TJ Brodie","Conor Timmins","TOR","39","0.016666666666667","0","0","-","0","0","-","0","0","-","0","0","-","0","0","-","0","0","-","0","0","-","0","0","-","0","0","-","0","0","-","0","0","-","0","0","-","-","-","-","0","0","0","0","-","0","0","0","-"
"2533","Jared Spurgeon","Dakota Mermis","MIN","7","0.016666666666667","0","0","-","0","0","-","0","0","-","0","0","-","0","0","-","0","0","-","0","0","-","0","0","-","0","0","-","0","0","-","0","0","-","0","0","-","-","-","-","0","0","0","0","-","0","0","0","-"
"2534","Tyson Barrie","Daniil Miromanov","CGY","7","0.016666666666667","0","0","-","0","0","-","0","0","-","0","0","-","0","0","-","0","0","-","0","0","-","0","0","-","0","0","-","0","0","-","0","0","-","0","0","-","-","-","-","0","0","0","1","-","0","0","0","-"
"2535","Dmitry Orlov","Scott Morrow","CAR","11","0.016666666666667","0","0","-","0","0","-","0","0","-","0","0","-","0","0","-","0","0","-","0","0","-","0","0","-","0","0","-","0","0","-","0","0","-","0","0","-","-","-","-","0","0","0","0","-","0","0","0","-"
"2536","Dmitry Orlov","Dylan Coghlan","CAR","1","0.016666666666667","0","0","-","0","0","-","0","0","-","0","0","-","0","0","-","0","0","-","0","0","-","0","0","-","0","0","-","0","0","-","0","0","-","0","0","-","-","-","-","0","0","0","0","-","0","0","0","-"
"2537","Mattias Ekholm","John Klingberg","EDM","9","0.016666666666667","0","0","-","0","0","-","0","0","-","0","0","-","0","0","-","0","0","-","0","0","-","0","0","-","0","0","-","0","0","-","0","0","-","0","0","-","-","-","-","0","0","0","0","-","0","0","0","-"
"2538","Ben Chiarot","Erik Gustafsson","DET","59","0.016666666666667","0","0","-","0","0","-","0","0","-","0","0","-","0","0","-","0","0","-","0","0","-","0","0","-","0","0","-","0","0","-","0","0","-","0","0","-","-","-","-","0","0","0","0","-","0","0","0","-"
"2539","Nick Jensen","Nikolas Matinpalo","OTT","31","0.016666666666667","0","0","-","0","0","-","0","0","-","0","0","-","0","0","-","0","0","-","0","0","-","0","0","-","0","0","-","0","0","-","0","0","-","0","0","-","-","-","-","0","0","0","0","-","0","0","0","-"
"2540","Justin Holl","Mac Hollowell","TOR","6","0.016666666666667","0","0","-","0","0","-","0","0","-","0","0","-","0","0","-","0","0","-","0","0","-","0","0","-","0","0","-","0","0","-","0","0","-","0","0","-","-","-","-","0","0","0","0","-","0","0","0","-"
"2541","Derek Forbort","Mason Lohrei","BOS","11","0.016666666666667","0","0","-","0","0","-","0","0","-","0","0","-","0","0","-","0","0","-","0","0","-","0","0","-","0","0","-","0","0","-","0","0","-","0","0","-","-","-","-","0","0","0","0","-","0","0","0","-"
"2542","Jarred Tinordi","Ian Mitchell","CHI","13","0.016666666666667","0","0","-","0","0","-","0","0","-","0","0","-","0","0","-","0","0","-","0","0","-","0","0","-","0","0","-","0","0","-","0","0","-","0","0","-","-","-","-","0","0","0","0","-","0","0","0","-"
"2543","Jarred Tinordi","Alec Regula","CHI","4","0.016666666666667","0","0","-","0","0","-","0","0","-","0","0","-","0","0","-","0","0","-","0","0","-","0","0","-","0","0","-","0","0","-","0","0","-","0","0","-","-","-","-","0","0","0","0","-","0","0","0","-"
"2544","Jani Hakanpaa","Jake McCabe","TOR","2","0.016666666666667","0","0","-","0","0","-","0","0","-","0","0","-","0","0","-","0","0","-","0","0","-","0","0","-","0","0","-","0","0","-","0","0","-","0","0","-","-","-","-","0","0","0","1","-","0","0","0","-"
"2545","Kevin Gravel","Justin Barron","NSH","2","0.016666666666667","0","0","-","0","0","-","0","0","-","0","0","-","0","0","-","0","0","-","0","0","-","0","0","-","0","0","-","0","0","-","0","0","-","0","0","-","-","-","-","0","0","0","0","-","0","0","0","-"
"2546","John Klingberg","Nathan Beaulieu","ANA","23","0.016666666666667","0","0","-","0","0","-","0","0","-","0","0","-","0","0","-","0","0","-","0","0","-","0","0","-","0","0","-","0","0","-","0","0","-","0","0","-","-","-","-","0","0","0","1","-","0","0","0","-"
"2547","John Klingberg","Matt Dumba","MIN","16","0.016666666666667","0","0","-","0","0","-","0","0","-","0","0","-","0","0","-","0","0","-","0","0","-","0","0","-","0","0","-","0","0","-","0","0","-","0","0","-","-","-","-","0","0","0","1","-","0","0","0","-"
"2548","Mike Reilly","Adam Pelech","NYI","55","0.016666666666667","0","0","-","0","0","-","0","0","-","0","0","-","0","0","-","0","0","-","0","0","-","0","0","-","0","0","-","0","0","-","0","0","-","0","0","-","-","-","-","0","0","0","0","-","0","0","0","-"
"2549","Scott Harrington","Nathan Beaulieu","ANA","17","0.016666666666667","0","0","-","0","0","-","0","0","-","0","0","-","0","0","-","0","0","-","0","0","-","0","0","-","0","0","-","0","0","-","0","0","-","0","0","-","-","-","-","0","0","0","1","-","0","0","0","-"
"2550","Torey Krug","Scott Perunovich","STL","49","0.016666666666667","0","0","-","0","0","-","0","0","-","0","0","-","0","0","-","0","0","-","0","0","-","0","0","-","0","0","-","0","0","-","0","0","-","0","0","-","-","-","-","0","0","0","0","-","0","0","0","-"
"2551","Brady Skjei","Shayne Gostisbehere","CAR","23","0.016666666666667","0","0","-","0","0","-","0","0","-","0","0","-","0","0","-","0","0","-","0","0","-","0","0","-","0","0","-","0","0","-","0","0","-","0","0","-","-","-","-","0","0","0","0","-","0","0","0","-"
"2552","Olli Maatta","Gustav Lindstrom","DET","32","0.016666666666667","0","0","-","0","0","-","0","0","-","0","0","-","0","0","-","0","0","-","0","0","-","0","0","-","0","0","-","0","0","-","0","0","-","0","0","-","-","-","-","0","0","0","0","-","0","0","0","-"
"2553","Adam Pelech","Samuel Bolduc","NYI","28","0.016666666666667","0","0","-","0","0","-","0","0","-","0","0","-","0","0","-","0","0","-","0","0","-","0","0","-","0","0","-","0","0","-","0","0","-","0","0","-","-","-","-","0","0","0","0","-","0","0","0","-"
"2554","Jaycob Megna","Cale Fleury","SEA","1","0.016666666666667","0","0","-","0","0","-","0","0","-","0","0","-","0","0","-","0","0","-","0","0","-","0","0","-","0","0","-","0","0","-","0","0","-","0","0","-","-","-","-","0","0","0","0","-","0","0","0","-"
"2555","MacKenzie Weegar","Nick DeSimone","CGY","27","0.016666666666667","0","0","-","0","0","-","0","0","-","0","0","-","0","0","-","0","0","-","0","0","-","0","0","-","0","0","-","0","0","-","0","0","-","0","0","-","-","-","-","0","0","0","1","-","0","0","0","-"
"2556","MacKenzie Weegar","Connor Mackey","CGY","9","0.016666666666667","0","0","-","0","0","-","0","0","-","0","0","-","0","0","-","0","0","-","0","0","-","0","0","-","0","0","-","0","0","-","0","0","-","0","0","-","-","-","-","0","0","0","0","-","0","0","0","-"
"2557","Brett Pesce","Tony DeAngelo","CAR","19","0.016666666666667","0","0","-","0","0","-","0","0","-","0","0","-","0","0","-","0","0","-","0","0","-","0","0","-","0","0","-","0","0","-","0","0","-","0","0","-","-","-","-","0","0","0","0","-","0","0","0","-"
"2558","Jordan Oesterle","Ilya Solovyov","CGY","1","0.016666666666667","0","0","-","0","0","-","0","0","-","0","0","-","0","0","-","0","0","-","0","0","-","0","0","-","0","0","-","0","0","-","0","1","0.00","0","0","-","-","-","-","0","0","1","0","0.00","0","0","1","0.00"
"2559","Tony DeAngelo","Scott Morrow","CAR","2","0.016666666666667","0","0","-","0","0","-","0","0","-","0","0","-","0","0","-","0","0","-","0","0","-","0","0","-","0","0","-","0","0","-","0","0","-","0","0","-","-","-","-","0","0","0","0","-","0","0","0","-"
"2560","Tony DeAngelo","Dylan Coghlan","CAR","1","0.016666666666667","0","0","-","0","0","-","0","0","-","0","0","-","0","0","-","0","0","-","0","0","-","0","0","-","0","0","-","0","0","-","0","0","-","0","0","-","-","-","-","0","0","0","1","-","0","0","0","-"
"2561","Tony DeAngelo","Egor Zamula","PHI","13","0.016666666666667","0","0","-","0","0","-","0","0","-","0","0","-","0","0","-","0","0","-","0","0","-","0","0","-","0","0","-","0","0","-","0","0","-","0","0","-","-","-","-","0","0","0","0","-","0","0","0","-"
"2562","Andreas Englund","Isaak Phillips","CHI","2","0.016666666666667","0","0","-","0","0","-","0","0","-","0","0","-","0","0","-","0","0","-","0","0","-","0","0","-","0","0","-","0","0","-","0","0","-","0","0","-","-","-","-","0","0","0","0","-","0","0","0","-"
"2563","Andreas Englund","Alex Vlasic","CHI","2","0.016666666666667","0","0","-","0","0","-","0","0","-","0","0","-","0","0","-","0","0","-","0","0","-","0","0","-","0","0","-","0","0","-","0","0","-","0","0","-","-","-","-","0","0","0","1","-","0","0","0","-"
"2564","Andreas Englund","Jacob MacDonald","COL","20","0.016666666666667","0","0","-","0","0","-","0","0","-","0","0","-","0","0","-","0","0","-","0","0","-","0","0","-","0","0","-","0","0","-","0","0","-","0","0","-","-","-","-","0","0","0","0","-","0","0","0","-"
"2565","William Lagesson","Moritz Seider","DET","7","0.016666666666667","0","0","-","0","0","-","0","0","-","0","0","-","0","0","-","0","0","-","0","0","-","0","0","-","0","0","-","0","0","-","0","0","-","0","0","-","-","-","-","0","0","0","0","-","0","0","0","-"
"2566","Darren Raddysh","Jack Thompson","T.B","1","0.016666666666667","0","0","-","0","0","-","0","0","-","0","0","-","0","0","-","0","0","-","0","0","-","0","0","-","0","0","-","0","0","-","0","0","-","0","0","-","-","-","-","0","0","0","0","-","0","0","0","-"
"2567","Rasmus Andersson","Nikita Okhotiuk","CGY","9","0.016666666666667","0","0","-","0","0","-","0","0","-","0","0","-","0","0","-","0","0","-","0","0","-","0","0","-","0","0","-","0","0","-","0","0","-","0","0","-","-","-","-","0","0","0","0","-","0","0","0","-"
"2568","Caleb Jones","Wyatt Kaiser","CHI","9","0.016666666666667","0","0","-","0","0","-","0","0","-","0","0","-","0","0","-","0","0","-","0","0","-","0","0","-","0","0","-","0","0","-","0","0","-","0","0","-","-","-","-","0","0","0","0","-","0","0","0","-"
"2569","Caleb Jones","Alex Vlasic","CHI","6","0.016666666666667","0","0","-","0","0","-","0","0","-","0","0","-","0","0","-","0","0","-","0","0","-","0","0","-","0","0","-","0","0","-","0","0","-","0","0","-","-","-","-","0","0","0","1","-","0","0","0","-"
"2570","Caleb Jones","Sean Walker","COL","3","0.016666666666667","0","0","-","0","0","-","0","0","-","0","0","-","0","0","-","0","0","-","0","0","-","0","0","-","0","0","-","0","0","-","0","0","-","0","0","-","-","-","-","0","0","0","1","-","0","0","0","-"
"2571","Caleb Jones","Vladislav Gavrikov","L.A","6","0.016666666666667","0","0","-","0","0","-","0","0","-","0","0","-","0","0","-","0","0","-","0","0","-","0","0","-","0","0","-","0","0","-","0","0","-","0","0","-","-","-","-","0","0","0","1","-","0","0","0","-"
"2572","Guillaume Brisebois","Christian Wolanin","VAN","12","0.016666666666667","0","0","-","0","0","-","0","0","-","0","0","-","0","0","-","0","0","-","0","0","-","0","0","-","0","0","-","0","0","-","0","0","-","0","0","-","-","-","-","0","0","0","0","-","0","0","0","-"
"2573","Gabriel Carlsson","Martin Fehervary","WSH","3","0.016666666666667","0","0","-","0","0","-","0","0","-","0","0","-","0","0","-","0","0","-","0","0","-","0","0","-","0","0","-","0","0","-","0","0","-","0","0","-","-","-","-","0","0","0","1","-","0","0","0","-"
"2574","John Marino","Nick DeSimone","N.J","5","0.016666666666667","0","0","-","0","0","-","0","0","-","0","0","-","0","0","-","0","0","-","0","0","-","0","0","-","0","0","-","0","0","-","0","0","-","0","0","-","-","-","-","0","0","0","0","-","0","0","0","-"
"2575","Alexandre Carrier","Adam Wilsby","NSH","6","0.016666666666667","0","0","-","0","0","-","0","0","-","0","0","-","0","0","-","0","0","-","0","0","-","0","0","-","0","0","-","0","0","-","0","0","-","0","0","-","-","-","-","0","0","0","0","-","0","0","0","-"
"2576","Niko Mikkola","Ryan Lindgren","NYR","14","0.016666666666667","0","0","-","0","0","-","0","0","-","0","0","-","0","0","-","0","0","-","0","0","-","0","0","-","0","0","-","0","0","-","0","0","-","0","0","-","-","-","-","0","0","0","0","-","0","0","0","-"
"2577","Ryan Lindgren","Victor Mancini","NYR","10","0.016666666666667","0","0","-","0","0","-","0","0","-","0","0","-","0","0","-","0","0","-","0","0","-","0","0","-","0","0","-","0","0","-","0","0","-","0","0","-","-","-","-","0","0","0","0","-","0","0","0","-"
"2578","Andrew Peeke","Adam Boqvist","CBJ","52","0.016666666666667","0","0","-","0","0","-","0","0","-","0","0","-","0","0","-","0","0","-","0","0","-","0","0","-","0","0","-","0","0","-","0","0","-","0","0","-","-","-","-","0","0","0","0","-","0","0","0","-"
"2579","Riley Stillman","Owen Power","BUF","18","0.016666666666667","0","0","-","0","0","-","0","0","-","0","0","-","0","0","-","0","0","-","0","0","-","0","0","-","0","0","-","0","0","-","0","0","-","0","0","-","-","-","-","0","0","0","1","-","0","0","0","-"
"2580","Riley Stillman","Domenick Fensore","CAR","2","0.016666666666667","0","0","-","0","0","-","0","0","-","0","0","-","0","0","-","0","0","-","0","0","-","0","0","-","0","0","-","0","0","-","0","0","-","0","0","-","-","-","-","0","0","0","0","-","0","0","0","-"
"2581","Samuel Girard","Jack Ahcan","COL","2","0.016666666666667","0","0","-","0","0","-","0","0","-","0","0","-","0","0","-","0","0","-","0","0","-","0","0","-","0","0","-","0","0","-","0","0","-","0","0","-","-","-","-","0","0","0","0","-","0","0","0","-"
"2582","Mikhail Sergachev","Nick DeSimone","UTA","15","0.016666666666667","0","0","-","0","0","-","0","0","-","0","0","-","0","0","-","0","0","-","0","0","-","0","0","-","0","0","-","0","0","-","0","0","-","0","0","-","-","-","-","0","0","0","1","-","0","0","0","-"
"2583","Filip Hronek","Victor Mancini","VAN","16","0.016666666666667","0","0","-","0","0","-","0","0","-","0","0","-","0","0","-","0","0","-","0","0","-","0","0","-","0","0","-","0","0","-","0","0","-","0","0","-","-","-","-","0","0","0","0","-","0","0","0","-"
"2584","Conor Timmins","Ilya Lyubushkin","TOR","6","0.016666666666667","0","0","-","0","0","-","0","0","-","0","0","-","0","0","-","0","0","-","0","0","-","0","0","-","0","0","-","0","0","-","0","0","-","0","0","-","-","-","-","0","0","0","1","-","0","0","0","-"
"2585","Callan Foote","Nick Perbix","T.B","19","0.016666666666667","0","0","-","0","0","-","0","0","-","0","0","-","0","0","-","0","0","-","0","0","-","0","0","-","0","0","-","0","0","-","0","0","-","0","0","-","-","-","-","0","0","0","1","-","0","0","0","-"
"2586","Urho Vaakanainen","Olen Zellweger","ANA","25","0.016666666666667","0","0","-","0","0","-","0","0","-","0","0","-","0","0","-","0","0","-","0","0","-","0","0","-","0","0","-","0","0","-","0","0","-","0","0","-","-","-","-","0","0","0","0","-","0","0","0","-"
"2587","Nick DeSimone","Simon Nemec","N.J","11","0.016666666666667","0","0","-","0","0","-","0","0","-","0","0","-","0","0","-","0","0","-","0","0","-","0","0","-","0","0","-","0","0","-","0","0","-","0","0","-","-","-","-","0","0","0","1","-","0","0","0","-"
"2588","Nick DeSimone","Sean Durzi","UTA","6","0.016666666666667","0","0","-","0","0","-","0","0","-","0","0","-","0","0","-","0","0","-","0","0","-","0","0","-","0","0","-","0","0","-","0","0","-","0","0","-","-","-","-","0","0","0","1","-","0","0","0","-"
"2589","Nick DeSimone","Michael Kesselring","UTA","20","0.016666666666667","0","0","-","0","0","-","0","0","-","0","0","-","0","0","-","0","0","-","0","0","-","0","0","-","0","0","-","0","0","-","0","0","-","0","0","-","-","-","-","0","0","0","0","-","0","0","0","-"
"2590","Neal Pionk","Ville Heinola","WPG","27","0.016666666666667","0","0","-","0","0","-","0","0","-","0","0","-","0","0","-","0","0","-","0","0","-","0","0","-","0","0","-","0","0","-","0","0","-","0","0","-","-","-","-","0","0","0","0","-","0","0","0","-"
"2591","Gustav Lindstrom","Jordan Harris","MTL","3","0.016666666666667","0","0","-","0","0","-","0","0","-","0","0","-","0","0","-","0","0","-","0","0","-","0","0","-","0","0","-","0","0","-","0","0","-","0","0","-","-","-","-","0","0","0","1","-","0","0","0","-"
"2592","Alexander Romanov","Scott Perunovich","NYI","9","0.016666666666667","0","0","-","0","0","-","0","0","-","0","0","-","0","0","-","0","0","-","0","0","-","0","0","-","0","0","-","0","0","-","0","0","-","0","0","-","-","-","-","0","0","0","0","-","0","0","0","-"
"2593","Simon Benoit","Marshall Rifai","TOR","2","0.016666666666667","0","0","-","0","0","-","0","0","-","0","0","-","0","0","-","0","0","-","0","0","-","0","0","-","0","0","-","0","0","-","0","0","-","0","0","-","-","-","-","0","0","0","0","-","0","0","0","-"
"2594","Jimmy Schuldt","Henry Thrun","S.J","2","0.016666666666667","0","0","-","0","0","-","0","0","-","0","0","-","0","0","-","0","0","-","0","0","-","0","0","-","0","0","-","0","0","-","0","0","-","0","0","-","-","-","-","0","0","0","1","-","0","0","0","-"
"2595","Jack Ahcan","Sam Malinski","COL","2","0.016666666666667","0","0","-","0","0","-","0","0","-","0","0","-","0","0","-","0","0","-","0","0","-","0","0","-","0","0","-","0","0","-","0","0","-","0","0","-","-","-","-","0","0","0","1","-","0","0","0","-"
"2596","Nolan Allan","Kevin Korchinski","CHI","9","0.016666666666667","0","0","-","0","0","-","0","0","-","0","0","-","0","0","-","0","0","-","0","0","-","0","0","-","0","0","-","0","0","-","0","0","-","0","0","-","-","-","-","0","0","0","0","-","0","0","0","-"
