"","Player","Team","Position","GP","TOI","CF","CA","CF%","FF","FA","FF%","SF","SA","SF%","GF","GA","GF%","xGF","xGA","xGF%","SCF","SCA","SCF%","HDCF","HDCA","HDCF%","HDGF","HDGA","HDGF%","MDCF","MDCA","MDCF%","MDGF","MDGA","MDGF%","LDCF","LDCA","LDCF%","LDGF","LDGA","LDGF%","On-Ice SH%","On-Ice SV%","PDO","Off. Zone Starts","Neu. Zone Starts","Def. Zone Starts","On The Fly Starts","Off. Zone Start %","Off. Zone Faceoffs","Neu. Zone Faceoffs","Def. Zone Faceoffs","Off. Zone Faceoff %"
"490","Quinn Hughes","MIN, VAN","D","74","1735.1666666667","1911","1622","54.09","1392","1200","53.70","880","794","52.57","97","98","49.74","95.18","85.92","52.56","975","798","54.99","398","361","52.44","53","55","49.07","577","437","56.90","33","25","56.90","1114","947","54.05","10","13","43.48","11.02","87.66","0.987","198","317","193","905","50.64","636","535","490","56.48"
"567","Moritz Seider","DET","D","82","1711.55","1765","1538","53.44","1311","1042","55.72","865","668","56.43","96","79","54.86","93.54","76.93","54.87","801","716","52.80","344","283","54.86","43","36","54.43","457","433","51.35","30","22","57.69","1028","945","52.10","15","15","50.00","11.10","88.17","0.993","140","354","269","1219","34.23","457","572","600","43.24"
"402","Filip Hronek","VAN","D","82","1704.15","1648","1641","50.11","1203","1248","49.08","761","804","48.63","66","89","42.58","81.04","95.78","45.83","784","823","48.79","347","368","48.53","36","37","49.32","437","455","48.99","26","24","52.00","1019","926","52.39","0","19","0.00","8.67","88.93","0.976","221","351","237","1074","48.25","621","501","528","54.05"
"334","Ivan Provorov","CBJ","D","82","1696.6","1681","1701","49.70","1192","1244","48.93","802","793","50.28","85","74","53.46","87.33","80.48","52.04","793","776","50.54","323","323","50.00","35","33","51.47","470","453","50.92","29","22","56.86","941","1069","46.82","16","17","48.48","10.60","90.67","1.013","182","322","258","1032","41.36","494","528","589","45.61"
"652","Brock Faber","MIN","D","80","1694.4666666667","1745","1745","50.00","1281","1235","50.91","859","820","51.16","95","82","53.67","94.07","77.49","54.83","856","797","51.78","363","344","51.34","51","41","55.43","493","453","52.11","29","26","52.73","971","1109","46.68","11","14","44.00","11.06","90.00","1.011","151","342","228","1035","39.84","529","589","596","47.02"
"323","Zach Werenski","CBJ","D","75","1677.6","1898","1650","53.49","1356","1211","52.82","887","784","53.08","96","87","52.46","92.36","79.72","53.67","903","738","55.03","362","314","53.55","41","34","54.67","541","424","56.06","38","22","63.33","1169","1004","53.80","16","23","41.03","10.82","88.90","0.997","241","353","218","893","52.51","660","533","519","55.98"
"924","Matthew Schaefer","NYI","D","82","1661.0666666667","1735","1648","51.29","1271","1181","51.84","852","721","54.16","91","75","54.82","93.33","99.44","48.42","829","785","51.36","371","360","50.75","37","27","57.81","458","425","51.87","33","26","55.93","1034","874","54.19","18","16","52.94","10.68","89.60","1.003","192","313","179","1226","51.75","498","478","415","54.55"
"352","Vladislav Gavrikov","NYR","D","82","1644.6666666667","1552","1535","50.28","1083","1131","48.92","672","753","47.16","65","75","46.43","78.28","78.84","49.82","740","675","52.30","325","263","55.27","28","32","46.67","415","412","50.18","19","29","39.58","969","929","51.05","15","12","55.56","9.67","90.04","0.997","221","401","203","1057","52.12","570","568","522","52.20"
"780","Lane Hutson","MTL","D","82","1637.8166666667","1648","1430","53.54","1189","999","54.34","754","647","53.82","106","69","60.57","88.57","82.41","51.80","835","674","55.33","341","295","53.62","44","37","54.32","494","379","56.59","39","18","68.42","968","750","56.34","22","12","64.71","14.06","89.34","1.034","219","261","122","1159","64.22","554","461","340","61.97"
"255","Travis Sanheim","PHI","D","81","1616.7333333333","1364","1480","47.96","1009","1021","49.70","661","635","51.00","84","73","53.50","79.85","64.64","55.26","702","689","50.47","321","272","54.13","31","30","50.82","381","417","47.74","38","34","52.78","712","883","44.64","10","7","58.82","12.71","88.50","1.012","146","365","262","1233","35.78","391","570","553","41.42"
"229","Josh Morrissey","WPG","D","77","1606.3","1476","1500","49.60","1106","1105","50.02","707","715","49.72","86","75","53.42","76.9","83.23","48.02","762","709","51.80","323","324","49.92","36","46","43.90","439","385","53.28","31","16","65.96","929","840","52.52","15","9","62.50","12.16","89.51","1.017","282","311","167","1125","62.81","650","475","385","62.80"
"375","Jakob Chychrun","WSH","D","80","1593.95","1682","1513","52.64","1226","1112","52.44","772","724","51.60","94","68","58.02","89.55","89.75","49.94","825","757","52.15","369","321","53.48","47","28","62.67","456","436","51.12","27","16","62.79","978","787","55.41","19","15","55.88","12.18","90.61","1.028","209","252","135","999","60.76","559","434","384","59.28"
"593","Philip Broberg","STL","D","81","1588.6","1317","1534","46.19","983","1098","47.24","632","748","45.80","77","65","54.23","76.99","71.51","51.84","682","707","49.10","274","294","48.24","36","35","50.70","408","413","49.70","30","19","61.22","731","945","43.62","10","10","50.00","12.18","91.31","1.035","185","306","258","1123","41.76","420","444","539","43.80"
"598","Jackson LaCombe","ANA","D","82","1586.5333333333","1732","1465","54.18","1273","1078","54.15","852","679","55.65","91","90","50.28","88.99","89.11","49.97","802","748","51.74","369","335","52.41","44","41","51.76","433","413","51.18","25","29","46.30","1009","872","53.64","17","15","53.13","10.68","86.75","0.974","222","364","287","1001","43.61","526","562","538","49.44"
"224","Darnell Nurse","EDM","D","82","1577.8833333333","1466","1591","47.96","1079","1128","48.89","724","708","50.56","61","76","44.53","74.5","72.37","50.73","689","784","46.78","298","297","50.08","26","40","39.39","391","487","44.53","19","19","50.00","885","878","50.20","14","16","46.67","8.43","89.27","0.977","172","327","161","1161","51.65","464","484","420","52.49"
"493","Evan Bouchard","EDM","D","82","1577.7166666667","1721","1384","55.43","1290","1032","55.56","879","678","56.45","110","81","57.59","97.97","83.27","54.05","914","694","56.84","390","293","57.10","52","40","56.52","524","401","56.65","35","26","57.38","986","717","57.90","20","12","62.50","12.51","88.05","1.006","200","293","141","1110","58.65","572","456","345","62.38"
"558","Bowen Byram","BUF","D","82","1566.2","1450","1498","49.19","1105","1104","50.02","703","725","49.23","88","78","53.01","81.82","79.92","50.59","687","712","49.11","295","339","46.53","41","41","50.00","392","373","51.24","31","27","53.45","838","925","47.53","11","6","64.71","12.52","89.24","1.018","189","317","240","1059","44.06","422","476","513","45.13"
"104","Dylan DeMelo","WPG","D","82","1562.85","1384","1427","49.24","1042","1038","50.10","672","677","49.81","72","66","52.17","76.08","69.2","52.37","687","663","50.89","298","302","49.67","33","41","44.59","389","361","51.87","22","18","55.00","858","820","51.13","14","7","66.67","10.71","90.25","1.010","232","336","202","1159","53.46","528","503","415","55.99"
"153","Mike Matheson","MTL","D","78","1553.6166666667","1420","1684","45.75","1044","1198","46.57","674","767","46.77","76","74","50.67","83.21","85.13","49.43","672","809","45.37","264","370","41.64","29","41","41.43","408","439","48.17","29","23","55.77","769","1025","42.87","15","10","60.00","11.28","90.35","1.016","132","346","249","985","34.65","370","522","613","37.64"
"61","Ben Chiarot","DET","D","82","1552.85","1421","1682","45.79","1025","1207","45.92","672","769","46.63","64","74","46.38","72.71","80.1","47.58","617","847","42.14","282","351","44.55","28","38","42.42","335","496","40.31","18","22","45.00","870","964","47.44","13","12","52.00","9.52","90.38","0.999","167","306","234","1187","41.65","455","474","514","46.96"
"478","Sean Walker","CAR","D","81","1548.6333333333","1854","1195","60.81","1301","863","60.12","811","573","58.60","77","76","50.33","91.27","65.58","58.19","873","619","58.51","349","264","56.93","38","41","48.10","524","355","59.61","24","24","50.00","1076","647","62.45","14","7","66.67","9.49","86.74","0.962","248","323","180","1132","57.94","557","514","446","55.53"
"495","Mattias Samuelsson","BUF","D","78","1547.5666666667","1433","1622","46.91","1073","1180","47.63","726","728","49.93","98","64","60.49","81.84","78.41","51.07","675","733","47.94","289","296","49.40","43","30","58.90","386","437","46.90","31","21","59.62","806","991","44.85","18","12","60.00","13.50","91.21","1.047","169","381","249","1001","40.43","426","523","532","44.47"
"174","Jake McCabe","TOR","D","80","1543.0666666667","1267","1632","43.70","936","1176","44.32","638","738","46.37","80","80","50.00","69.74","73.12","48.82","614","816","42.94","270","301","47.29","45","33","57.69","344","515","40.05","16","35","31.37","691","984","41.25","13","12","52.00","12.54","89.16","1.017","129","316","309","1301","29.45","316","487","595","34.69"
"159","Jacob Trouba","ANA","D","81","1542.0333333333","1677","1549","51.98","1224","1117","52.29","796","726","52.30","75","79","48.70","84.17","80.54","51.10","759","784","49.19","334","333","50.07","34","40","45.95","425","451","48.52","23","23","50.00","985","922","51.65","13","14","48.15","9.42","89.12","0.985","185","343","248","1110","42.73","504","527","528","48.84"
"124","Adam Larsson","SEA","D","82","1537.4333333333","1331","1655","44.57","965","1184","44.90","634","736","46.28","65","66","49.62","69.06","78.47","46.81","599","759","44.11","237","338","41.22","33","28","54.10","362","421","46.23","19","20","48.72","802","1031","43.75","10","18","35.71","10.25","91.03","1.013","150","326","238","1008","38.66","434","492","567","43.36"
"296","Rasmus Andersson","CGY, VGK","D","81","1535.5333333333","1491","1511","49.67","1072","1091","49.56","712","709","50.11","74","74","50.00","73.68","73.6","50.03","638","687","48.15","294","283","50.95","31","37","45.59","344","404","45.99","20","23","46.51","977","952","50.65","19","12","61.29","10.39","89.56","1.000","263","354","263","1325","50.00","575","500","526","52.23"
"505","Rasmus Dahlin","BUF","D","77","1531.9333333333","1551","1459","51.53","1149","1073","51.71","780","681","53.39","95","72","56.89","86.99","79.51","52.25","720","684","51.28","318","294","51.96","42","34","55.26","402","390","50.76","31","22","58.49","902","844","51.66","14","11","56.00","12.18","89.43","1.016","209","380","229","1028","47.72","492","542","464","51.46"
"265","Marcus Pettersson","VAN","D","82","1528.8","1194","1570","43.20","870","1131","43.48","548","751","42.19","53","79","40.15","58.3","70.38","45.31","559","742","42.97","245","324","43.06","23","38","37.70","314","418","42.90","20","27","42.55","655","957","40.63","6","14","30.00","9.67","89.48","0.992","126","315","249","1119","33.60","318","457","549","36.68"
"148","Brady Skjei","NSH","D","82","1527.4333333333","1404","1554","47.46","1030","1198","46.23","685","784","46.63","72","83","46.45","76.23","82.24","48.10","669","721","48.13","297","316","48.45","36","47","43.37","372","405","47.88","17","21","44.74","809","993","44.89","16","13","55.17","10.51","89.41","0.999","138","328","233","1110","37.20","406","518","593","40.64"
"302","Vince Dunn","SEA","D","81","1526.5","1409","1628","46.39","1019","1181","46.32","659","727","47.55","63","81","43.75","62.34","92.14","40.35","643","730","46.83","244","326","42.81","33","27","55.00","399","404","49.69","19","23","45.24","903","992","47.65","11","21","34.38","9.56","88.86","0.984","221","328","235","963","48.46","532","475","529","50.14"
"709","Owen Power","BUF","D","81","1525.4333333333","1506","1430","51.29","1114","1078","50.82","711","726","49.48","76","73","51.01","78.09","76.25","50.60","712","671","51.48","310","308","50.16","34","39","46.58","402","363","52.55","30","18","62.50","861","885","49.31","9","12","42.86","10.69","89.94","1.006","214","298","231","1029","48.09","439","429","467","48.45"
"165","Esa Lindell","DAL","D","82","1518.5","1247","1347","48.07","909","919","49.73","605","589","50.67","81","53","60.45","80.42","57.73","58.21","652","611","51.62","286","238","54.58","41","19","68.33","366","373","49.53","28","23","54.90","683","822","45.38","8","10","44.44","13.39","91.00","1.044","144","323","207","987","41.03","390","494","461","45.83"
"282","Gustav Forsling","FLA","D","80","1516.9333333333","1550","1369","53.10","1124","1030","52.18","729","665","52.30","77","85","47.53","82.08","73.72","52.68","714","656","52.12","332","315","51.31","45","42","51.72","382","341","52.84","17","29","36.96","913","767","54.35","8","12","40.00","10.56","87.22","0.978","164","290","210","1149","43.85","488","458","449","52.08"
"513","Noah Dobson","MTL","D","80","1514.0833333333","1470","1601","47.87","1082","1092","49.77","688","717","48.97","81","77","51.27","78.85","88.23","47.19","683","792","46.31","275","354","43.72","30","45","40.00","408","438","48.23","30","21","58.82","902","879","50.65","18","10","64.29","11.77","89.26","1.010","196","340","197","990","49.87","509","513","499","50.50"
"56","Mattias Ekholm","EDM","D","82","1502.9166666667","1643","1296","55.90","1228","967","55.95","816","628","56.51","102","72","58.62","95.48","72.59","56.81","849","631","57.36","372","267","58.22","49","39","55.68","477","364","56.72","30","22","57.69","937","708","56.96","20","8","71.43","12.50","88.54","1.010","196","285","143","1093","57.82","519","435","338","60.56"
"300","Connor McDavid","EDM","C","82","1502.85","1648","1359","54.81","1240","1023","54.79","815","669","54.92","103","83","55.38","100.6","83.42","54.67","891","716","55.44","390","281","58.12","52","38","57.78","501","435","53.53","33","32","50.77","930","681","57.73","13","9","59.09","12.64","87.59","1.002","220","270","122","966","64.33","532","395","296","64.25"
"163","Colton Parayko","STL","D","77","1502.05","1276","1463","46.59","925","1028","47.36","603","682","46.93","58","66","46.77","69.24","61.26","53.06","645","656","49.58","247","256","49.11","27","29","48.21","398","400","49.87","20","24","45.45","702","935","42.88","9","13","40.91","9.62","90.32","0.999","172","305","255","1104","40.28","393","447","551","41.63"
"84","Cam Fowler","STL","D","82","1500.3833333333","1399","1462","48.90","989","1079","47.82","657","696","48.56","65","75","46.43","69","78.1","46.91","663","669","49.77","280","302","48.11","34","36","48.57","383","367","51.07","19","19","50.00","831","884","48.45","8","16","33.33","9.89","89.22","0.991","224","282","221","1132","50.34","500","429","433","53.59"
"169","Adam Pelech","NYI","D","82","1494.5833333333","1500","1365","52.36","1086","987","52.39","685","610","52.90","53","55","49.07","77.81","68.67","53.12","689","673","50.59","276","304","47.59","27","29","48.21","413","369","52.81","17","23","42.50","881","821","51.76","6","3","66.67","7.74","90.98","0.987","147","309","232","1223","38.79","445","479","490","47.59"
"702","J.J. Moser","T.B","D","79","1493.8333333333","1646","1271","56.43","1216","982","55.32","771","643","54.53","93","55","62.84","92.06","65.23","58.53","800","622","56.26","340","259","56.76","43","28","60.56","460","363","55.89","31","19","62.00","945","764","55.30","16","7","69.57","12.06","91.45","1.035","177","286","188","1059","48.49","474","442","428","52.55"
"658","Jamie Drysdale","PHI","D","78","1489.7","1290","1398","47.99","932","1015","47.87","603","661","47.71","65","63","50.78","63.84","67.14","48.74","612","657","48.23","272","260","51.13","32","29","52.46","340","397","46.13","20","21","48.78","762","775","49.58","10","12","45.45","10.78","90.47","1.012","154","265","156","1302","49.68","439","430","377","53.80"
"191","MacKenzie Weegar","CGY, UTA","D","79","1482.5333333333","1592","1468","52.03","1092","1023","51.63","735","685","51.76","54","90","37.50","67.29","76.88","46.68","658","746","46.87","270","315","46.15","22","42","34.38","388","431","47.37","14","29","32.56","978","824","54.27","13","12","52.00","7.35","86.86","0.942","196","351","258","1246","43.17","537","542","490","52.29"
"127","Mark Scheifele","WPG","C","82","1478.85","1448","1425","50.40","1080","1088","49.82","691","747","48.05","96","93","50.79","80.92","86.53","48.32","799","696","53.44","314","328","48.91","37","48","43.53","485","368","56.86","40","27","59.70","814","739","52.41","18","14","56.25","13.89","87.55","1.014","294","240","126","872","70.00","563","348","293","65.77"
"734","Simon Edvinsson","DET","D","72","1477.1","1423","1364","51.06","1051","941","52.76","666","602","52.52","72","63","53.33","74.67","65.18","53.39","633","663","48.84","264","275","48.98","26","34","43.33","369","388","48.75","26","20","56.52","811","815","49.88","14","8","63.64","10.81","89.53","1.003","111","309","216","1092","33.94","357","476","492","42.05"
"336","John Marino","UTA","D","80","1475.4333333333","1454","1231","54.15","1032","910","53.14","642","592","52.03","89","52","63.12","76.8","61.45","55.55","692","576","54.57","327","264","55.33","49","28","63.64","365","312","53.91","27","14","65.85","840","742","53.10","11","10","52.38","13.86","91.22","1.051","191","333","212","1206","47.39","428","465","452","48.64"
"580","Alex Vlasic","CHI","D","81","1474.0333333333","1245","1540","44.70","904","1162","43.76","566","752","42.94","55","75","42.31","55.24","77.22","41.70","583","776","42.90","214","347","38.15","36","37","49.32","369","429","46.24","12","25","32.43","663","920","41.88","6","13","31.58","9.72","90.03","0.997","109","320","247","1078","30.62","292","472","543","34.97"
"232","Nikita Zadorov","BOS","D","81","1469.45","1388","1535","47.49","997","1116","47.18","635","723","46.76","71","52","57.72","70.54","77.29","47.72","634","711","47.14","246","326","43.01","35","24","59.32","388","385","50.19","22","15","59.46","763","911","45.58","13","13","50.00","11.18","92.81","1.040","132","294","225","1117","36.97","377","446","526","41.75"
"54","Dmitry Orlov","S.J","D","82","1468.8166666667","1375","1355","50.37","958","1004","48.83","622","687","47.52","58","84","40.85","66.76","74.47","47.27","700","641","52.20","295","297","49.83","33","39","45.83","405","344","54.07","17","35","32.69","753","811","48.15","8","7","53.33","9.32","87.77","0.971","152","307","210","945","41.99","434","457","475","47.74"
"434","Mikey Anderson","L.A","D","80","1456","1379","1389","49.82","975","1018","48.92","610","656","48.18","59","51","53.64","72.06","61.97","53.76","637","636","50.04","281","259","52.04","30","21","58.82","356","377","48.57","18","16","52.94","735","871","45.77","8","14","36.36","9.67","92.23","1.019","120","297","219","999","35.40","333","472","496","40.17"
"450","Miro Heiskanen","DAL","D","77","1453.9666666667","1275","1266","50.18","915","883","50.89","602","579","50.97","74","62","54.41","77.32","65","54.33","682","582","53.96","281","234","54.56","33","23","58.93","401","348","53.54","28","25","52.83","743","740","50.10","9","8","52.94","12.29","89.29","1.016","210","278","185","930","53.16","508","434","429","54.22"
"298","Jonas Siegenthaler","N.J","D","82","1451.75","1376","1400","49.57","1003","1006","49.93","636","656","49.23","53","64","45.30","70.33","67.19","51.14","622","672","48.07","264","279","48.62","27","33","45.00","358","393","47.67","13","25","34.21","795","831","48.89","10","6","62.50","8.33","90.24","0.986","153","363","231","969","39.84","370","493","470","44.05"
"177","Brett Kulak","COL, EDM, PIT","D","83","1450.9166666667","1295","1360","48.78","933","976","48.87","609","582","51.13","51","56","47.66","64.13","64.53","49.84","563","660","46.03","232","276","45.67","27","24","52.94","331","384","46.29","15","25","37.50","749","733","50.54","7","7","50.00","8.37","90.38","0.988","144","264","144","1058","50.00","361","412","363","49.86"
"512","Kevin Bahl","CGY","D","76","1450.6","1308","1532","46.06","943","1147","45.12","607","754","44.60","62","63","49.60","65.49","77.33","45.86","570","745","43.35","262","331","44.18","30","31","49.18","308","414","42.66","12","22","35.29","777","958","44.78","16","9","64.00","10.21","91.64","1.019","158","302","268","1253","37.09","395","457","565","41.15"
"26","Drew Doughty","L.A","D","72","1449.4","1464","1283","53.29","1039","943","52.42","658","615","51.69","66","59","52.80","75.01","59.94","55.58","669","587","53.26","283","242","53.90","34","21","61.82","386","345","52.80","17","19","47.22","841","776","52.01","12","15","44.44","10.03","90.41","1.004","147","325","206","892","41.64","424","485","460","47.96"
"78","Justin Faulk","DET, STL","D","78","1448.7333333333","1263","1433","46.85","925","1043","47.00","646","678","48.79","63","74","45.99","58.77","71.85","44.99","575","657","46.67","251","266","48.55","26","33","44.07","324","391","45.31","25","19","56.82","767","873","46.77","11","18","37.93","9.75","89.09","0.988","181","294","207","1108","46.65","415","440","422","49.58"
"627","Braden Schneider","NYR","D","82","1446.8166666667","1238","1474","45.65","867","1053","45.16","547","677","44.69","59","65","47.58","56.24","67.64","45.40","579","692","45.55","236","269","46.73","23","29","44.23","343","423","44.78","25","22","53.19","696","828","45.67","11","14","44.00","10.79","90.40","1.012","103","253","186","1183","35.64","313","392","440","41.57"
"683","Artem Zub","OTT","D","81","1446.4666666667","1301","1275","50.50","976","896","52.14","633","563","52.93","72","53","57.60","74.65","57.25","56.59","629","566","52.64","257","253","50.39","37","31","54.41","372","313","54.31","19","15","55.88","710","816","46.53","10","7","58.82","11.37","90.59","1.020","122","314","264","1215","31.61","330","459","572","36.59"
"429","Mario Ferraro","S.J","D","82","1441.6333333333","1200","1494","44.54","861","1058","44.87","595","695","46.12","66","68","49.25","64","66.22","49.15","573","674","45.95","259","286","47.52","31","28","52.54","314","388","44.73","22","23","48.89","654","939","41.05","11","16","40.74","11.09","90.22","1.013","109","278","203","1014","34.94","324","424","499","39.37"
"47","Oliver Ekman-Larsson","TOR","D","78","1440.5333333333","1304","1480","46.84","982","1110","46.94","633","740","46.10","80","84","48.78","63.71","80.19","44.27","647","689","48.43","287","319","47.36","42","34","55.26","360","370","49.32","21","30","41.18","859","844","50.44","17","13","56.67","12.64","88.65","1.013","288","305","225","1180","56.14","582","429","455","56.12"
"723","Brandt Clarke","L.A","D","82","1433.6166666667","1598","1351","54.19","1125","914","55.17","713","574","55.40","69","55","55.65","68.37","62.1","52.40","713","629","53.13","292","258","53.09","37","20","64.91","421","371","53.16","21","21","50.00","1001","750","57.17","11","11","50.00","9.68","90.42","1.001","268","247","139","1035","65.85","556","408","346","61.64"
"295","Noah Hanifin","VGK","D","71","1433.35","1424","1255","53.15","1020","908","52.90","683","570","54.51","62","63","49.60","68.53","60.26","53.21","674","570","54.18","307","234","56.75","31","32","49.21","367","336","52.20","19","18","51.35","878","737","54.37","11","13","45.83","9.08","88.95","0.980","247","296","159","1067","60.84","518","418","351","59.61"
"219","Nathan MacKinnon","COL","C","80","1433.2833333333","1830","1353","57.49","1313","1026","56.14","892","659","57.51","126","59","68.11","100.81","74.82","57.40","956","670","58.79","361","297","54.86","54","30","64.29","595","373","61.47","41","15","73.21","1069","761","58.42","26","9","74.29","14.13","91.05","1.052","317","295","133","920","70.44","655","451","367","64.09"
"908","Macklin Celebrini","S.J","C","82","1429.85","1328","1368","49.26","972","1008","49.09","649","671","49.17","94","78","54.65","68.89","79.73","46.35","716","674","51.51","273","310","46.83","36","33","52.17","443","364","54.89","40","25","61.54","774","745","50.95","16","15","51.61","14.48","88.38","1.029","253","295","125","840","66.93","531","436","374","58.67"
"297","Kyle Connor","WPG","L","82","1422.6166666667","1378","1359","50.35","1027","1030","49.93","654","707","48.05","91","91","50.00","77.06","81.39","48.64","757","659","53.46","295","308","48.92","37","46","44.58","462","351","56.83","38","28","57.58","794","714","52.65","15","13","53.57","13.91","87.13","1.010","302","248","119","856","71.73","564","352","284","66.51"
"398","Mikhail Sergachev","UTA","D","78","1422.0333333333","1522","1348","53.03","1078","975","52.51","716","647","52.53","76","75","50.33","74.26","83.07","47.20","675","655","50.75","280","299","48.36","24","38","38.71","395","356","52.60","31","22","58.49","972","791","55.13","15","11","57.69","10.61","88.41","0.990","216","342","247","1021","46.65","565","502","521","52.03"
"319","Parker Wotherspoon","PIT","D","80","1421.0333333333","1381","1299","51.53","993","963","50.77","652","594","52.33","74","61","54.81","68.98","66.23","51.02","678","651","51.02","297","286","50.94","32","29","52.46","381","365","51.07","27","17","61.36","758","775","49.45","12","15","44.44","11.35","89.73","1.011","138","282","167","935","45.25","412","459","421","49.46"
"356","Matt Roy","WSH","D","79","1415.5333333333","1344","1385","49.25","981","963","50.46","631","632","49.96","66","51","56.41","71.25","64.77","52.38","644","671","48.97","290","279","50.97","32","32","50.00","354","392","47.45","17","12","58.62","716","783","47.77","12","7","63.16","10.46","91.93","1.024","94","218","170","1021","35.61","367","390","427","46.22"
"144","Morgan Rielly","TOR","D","78","1414.9333333333","1408","1505","48.34","1069","1139","48.41","678","783","46.41","75","92","44.91","70.92","74.56","48.75","686","714","49.00","299","298","50.08","38","48","44.19","387","416","48.19","25","25","50.00","930","821","53.11","12","16","42.86","11.06","88.25","0.993","306","292","145","1244","67.85","621","414","329","65.37"
"349","Kirill Kaprizov","MIN","L","78","1413.05","1436","1339","51.75","1070","995","51.82","692","665","50.99","83","71","53.90","79.53","70.16","53.13","735","653","52.95","307","272","53.02","44","36","55.00","428","381","52.90","20","22","47.62","793","771","50.70","12","8","60.00","11.99","89.32","1.013","243","294","125","809","66.03","530","473","373","58.69"
"7","Kris Letang","PIT","D","74","1405.8","1380","1431","49.09","992","1040","48.82","630","666","48.61","74","74","50.00","74.26","79.37","48.33","696","722","49.08","315","317","49.84","38","32","54.29","381","405","48.47","17","26","39.53","807","730","52.50","13","10","56.52","11.75","88.89","1.006","183","216","107","907","63.10","489","378","343","58.77"
"497","K'Andre Miller","CAR","D","72","1404.1833333333","1679","1042","61.71","1189","744","61.51","732","494","59.71","71","67","51.45","79.29","55.57","58.79","799","546","59.41","322","242","57.09","37","42","46.84","477","304","61.08","25","21","54.35","974","558","63.58","9","3","75.00","9.70","86.44","0.961","202","274","155","1036","56.58","495","433","382","56.44"
"484","Zach Whitecloud","CGY, VGK","D","78","1403.6666666667","1299","1382","48.45","920","1004","47.82","591","638","48.09","54","61","46.96","59.04","65.02","47.59","577","691","45.50","251","281","47.18","29","38","43.28","326","410","44.29","13","14","48.15","762","785","49.26","10","9","52.63","9.14","90.44","0.996","150","306","192","1101","43.86","367","437","405","47.54"
"457","Cale Makar","COL","D","75","1402.8666666667","1646","1371","54.56","1177","1024","53.48","777","650","54.45","96","56","63.16","88.75","71.71","55.31","839","643","56.61","318","285","52.74","40","26","60.61","521","358","59.27","30","16","65.22","1008","778","56.44","24","10","70.59","12.36","91.38","1.037","271","275","136","906","66.58","604","445","380","61.38"
"586","Thomas Harley","DAL","D","70","1401.8","1239","1359","47.69","883","973","47.58","594","620","48.93","67","64","51.15","70.46","67.42","51.10","624","657","48.71","288","263","52.27","40","28","58.82","336","394","46.03","16","24","40.00","711","757","48.43","10","7","58.82","11.28","89.68","1.010","150","282","162","883","48.08","399","411","391","50.51"
"189","Nate Schmidt","UTA","D","82","1398.55","1423","1169","54.90","1019","861","54.20","653","559","53.88","81","53","60.45","78.38","59.02","57.05","682","554","55.18","319","259","55.19","44","33","57.14","363","295","55.17","23","13","63.89","806","701","53.48","11","6","64.71","12.40","90.52","1.029","191","330","193","1196","49.74","425","449","405","51.20"
"209","Shea Theodore","VGK","D","70","1397.7666666667","1462","1250","53.91","1060","900","54.08","726","559","56.50","75","56","57.25","73","62.39","53.92","702","592","54.25","298","223","57.20","39","24","61.90","404","369","52.26","18","24","42.86","837","710","54.10","12","4","75.00","10.33","89.98","1.003","199","288","214","1022","48.18","480","416","442","52.06"
"34","Roman Josi","NSH","D","68","1388.3","1405","1389","50.29","1026","1060","49.19","663","691","48.97","71","85","45.51","73.46","77.14","48.78","687","670","50.63","289","277","51.06","37","45","45.12","398","393","50.32","18","21","46.15","832","830","50.06","13","16","44.83","10.71","87.70","0.984","183","279","150","948","54.95","500","458","440","53.19"
"317","Mathew Barzal","NYI","C","81","1387.25","1529","1337","53.35","1127","972","53.69","741","600","55.26","80","64","55.56","81.96","84.7","49.18","752","668","52.96","315","293","51.81","36","26","58.06","437","375","53.82","27","27","50.00","907","675","57.33","14","6","70.00","10.80","89.33","1.001","216","235","124","958","63.53","457","367","301","60.29"
"129","Dougie Hamilton","N.J","D","77","1386.9166666667","1522","1277","54.38","1101","930","54.21","715","594","54.62","60","62","49.18","74.57","65.15","53.37","696","616","53.05","296","245","54.71","27","30","47.37","400","371","51.88","18","22","45.00","894","717","55.49","13","8","61.90","8.39","89.56","0.980","172","345","194","944","46.99","444","473","406","52.24"
"31","Erik Karlsson","PIT","D","75","1378.7833333333","1461","1239","54.11","1054","934","53.02","705","584","54.69","84","70","54.55","72.62","77.82","48.27","745","634","54.02","320","280","53.33","38","29","56.72","425","354","54.56","32","21","60.38","842","724","53.77","11","14","44.00","11.91","88.01","0.999","191","275","171","837","52.76","534","441","409","56.63"
"171","Damon Severson","CBJ","D","71","1373.75","1474","1231","54.49","1073","895","54.52","703","574","55.05","74","57","56.49","75.95","54.35","58.29","725","568","56.07","304","229","57.04","36","24","60.00","421","339","55.39","26","22","54.17","817","767","51.58","11","9","55.00","10.53","90.07","1.006","173","273","202","849","46.13","426","442","461","48.03"
"231","Ryan Pulock","NYI","D","76","1363.55","1214","1436","45.81","891","1017","46.70","585","623","48.43","58","54","51.79","64.63","74.15","46.57","550","691","44.32","245","308","44.30","23","23","50.00","305","383","44.33","21","18","53.85","754","821","47.87","11","12","47.83","9.91","91.33","1.012","164","314","202","1145","44.81","396","468","441","47.31"
"881","Sam Malinski","COL","D","82","1363.3333333333","1659","1165","58.75","1177","835","58.50","780","524","59.82","75","31","70.75","73.67","51.15","59.02","781","503","60.83","310","223","58.16","35","18","66.04","471","280","62.72","25","5","83.33","936","713","56.76","15","8","65.22","9.62","94.08","1.037","171","247","167","1046","50.59","395","396","371","51.57"
"340","Artemi Panarin","L.A, NYR","L","78","1361.9166666667","1517","1230","55.22","1069","888","54.62","667","578","53.57","80","79","50.31","69.47","72.3","49.00","704","610","53.58","271","230","54.09","25","32","43.86","433","380","53.26","34","27","55.74","969","616","61.14","20","10","66.67","11.99","86.33","0.983","298","238","127","966","70.12","545","339","300","64.50"
"675","Wyatt Kaiser","CHI","D","77","1358.4333333333","1085","1315","45.21","812","1011","44.54","516","649","44.29","54","71","43.20","52.9","67.62","43.89","488","658","42.58","214","307","41.07","26","35","42.62","274","351","43.84","19","24","44.19","663","738","47.32","7","11","38.89","10.47","89.06","0.995","154","289","162","1030","48.73","370","422","362","50.55"
"444","Nick Suzuki","MTL","C","82","1357.3166666667","1449","1265","53.39","1080","865","55.53","671","559","54.55","94","57","62.25","84.03","76.14","52.46","692","616","52.91","256","258","49.81","33","29","53.23","436","358","54.91","42","18","70.00","835","695","54.58","15","8","65.22","14.01","89.80","1.038","207","339","175","805","54.19","436","437","382","53.30"
"451","Martin Necas","COL","C","78","1356.2","1664","1299","56.16","1172","971","54.69","785","607","56.39","108","53","67.08","85.07","68.54","55.38","840","641","56.72","318","273","53.81","47","25","65.28","522","368","58.65","36","15","70.59","975","722","57.45","22","8","73.33","13.76","91.27","1.050","262","273","123","902","68.05","565","407","348","61.88"
"712","Luke Hughes","N.J","D","68","1341.5","1434","1202","54.40","1013","890","53.23","654","589","52.61","54","59","47.79","67.77","66.92","50.31","682","618","52.46","283","283","50.00","27","33","45.00","399","335","54.36","19","15","55.88","880","654","57.37","8","9","47.06","8.26","89.98","0.982","208","263","200","790","50.98","506","412","383","56.92"
"568","Cam York","PHI","D","74","1341.2","1093","1250","46.65","800","848","48.54","521","526","49.76","65","63","50.78","58.82","58.59","50.10","552","589","48.38","235","227","50.87","24","29","45.28","317","362","46.69","30","24","55.56","607","718","45.81","10","9","52.63","12.48","88.02","1.005","145","300","191","1119","43.15","364","486","429","45.90"
"447","Jason Robertson","DAL","L","82","1339","1326","1242","51.64","955","897","51.57","645","581","52.61","82","54","60.29","80.44","65.63","55.07","702","569","55.23","302","227","57.09","38","24","61.29","400","342","53.91","31","17","64.58","705","710","49.82","9","4","69.23","12.71","90.71","1.034","193","258","144","948","57.27","362","369","370","49.45"
"55","Brian Dumoulin","L.A","D","82","1336.4166666667","1290","1224","51.31","894","852","51.20","556","549","50.32","40","45","47.06","54.33","54.05","50.13","586","550","51.58","254","241","51.31","21","21","50.00","332","309","51.79","13","14","48.15","716","725","49.69","6","9","40.00","7.19","91.80","0.990","114","240","191","1000","37.38","330","401","407","44.78"
"487","Martin Fehérváry","WSH","D","81","1328.2333333333","1203","1390","46.39","899","946","48.73","582","601","49.20","68","55","55.28","69.09","65.53","51.32","595","668","47.11","265","292","47.58","29","36","44.62","330","376","46.74","22","10","68.75","629","819","43.44","10","8","55.56","11.68","90.85","1.025","74","250","207","988","26.33","253","395","478","34.61"
"257","Tony DeAngelo","NYI","D","76","1325.8833333333","1384","1233","52.88","1010","920","52.33","652","583","52.79","58","60","49.15","60.76","75.29","44.66","639","626","50.51","231","314","42.39","27","32","45.76","408","312","56.67","23","23","50.00","849","675","55.71","8","3","72.73","8.90","89.71","0.986","159","228","163","1053","49.38","459","369","349","56.81"
"859","Adam Fantilli","CBJ","C","82","1325.4333333333","1388","1274","52.14","1009","934","51.93","658","619","51.53","65","74","46.76","70.87","67.65","51.16","678","617","52.36","264","285","48.09","22","29","43.14","414","332","55.50","28","21","57.14","833","662","55.72","12","18","40.00","9.88","88.05","0.979","274","260","100","857","73.26","516","379","265","66.07"
"291","Darren Raddysh","T.B","D","73","1324.3333333333","1522","1135","57.28","1121","863","56.50","715","563","55.95","88","62","58.67","85.4","65.31","56.67","743","545","57.69","344","238","59.11","41","28","59.42","399","307","56.52","28","20","58.33","872","666","56.70","18","7","72.00","12.31","88.99","1.013","159","224","161","918","49.69","445","365","371","54.53"
"727","Wyatt Johnston","DAL","C","82","1319.4333333333","1170","1363","46.19","852","972","46.71","570","667","46.08","67","66","50.38","72.46","72.65","49.93","667","628","51.51","282","262","51.84","39","27","59.09","385","366","51.26","23","20","53.49","612","785","43.81","5","11","31.25","11.75","90.10","1.019","212","242","152","932","58.24","420","369","366","53.44"
"706","Matty Beniers","SEA","C","82","1318.7666666667","1187","1318","47.39","873","963","47.55","562","601","48.32","66","68","49.25","59.05","71.56","45.21","524","566","48.07","210","233","47.40","32","27","54.24","314","333","48.53","17","20","45.95","768","769","49.97","13","14","48.15","11.74","88.69","1.004","249","292","180","883","58.04","427","374","364","53.98"
"346","Ryan Shea","PIT","D","80","1316","1287","1350","48.81","956","982","49.33","613","644","48.77","87","58","60.00","69.91","65.02","51.81","647","649","49.92","289","269","51.79","42","31","57.53","358","380","48.51","30","19","61.22","702","773","47.59","11","8","57.89","14.19","90.99","1.052","109","215","133","980","45.04","334","383","376","47.04"
"1","Brent Burns","COL","D","82","1310.85","1558","1266","55.17","1109","919","54.68","749","585","56.15","83","48","63.36","80.06","57.53","58.19","712","601","54.23","297","235","55.83","36","24","60.00","415","366","53.14","23","9","71.88","891","787","53.10","18","15","54.55","11.08","91.79","1.029","133","262","188","1082","41.43","410","433","468","46.70"
"118","Joel Edmundson","L.A","D","82","1309.7166666667","1335","1344","49.83","952","928","50.64","589","576","50.56","60","48","55.56","62.68","59.18","51.44","578","625","48.05","245","257","48.80","28","20","58.33","333","368","47.50","18","17","51.43","847","786","51.87","12","11","52.17","10.19","91.67","1.019","235","230","152","1022","60.72","494","399","391","55.82"
"906","Zeev Buium","MIN, VAN","D","76","1308.9","1216","1297","48.39","860","983","46.66","570","657","46.45","40","73","35.40","56.65","77.71","42.16","586","649","47.45","262","288","47.64","26","32","44.83","324","361","47.30","8","20","28.57","738","694","51.54","6","16","27.27","7.02","88.89","0.959","196","208","115","959","63.02","474","320","317","59.92"
"262","David Pastrnak","BOS","R","77","1306.25","1241","1295","48.94","883","941","48.41","572","590","49.23","80","67","54.42","63.92","75.25","45.93","585","643","47.64","233","278","45.60","37","30","55.22","352","365","49.09","26","20","56.52","785","733","51.71","16","16","50.00","13.99","88.64","1.026","246","234","140","846","63.73","487","367","389","55.59"
"382","Andrew Peeke","BOS","D","77","1305.7166666667","1221","1347","47.55","851","946","47.36","521","622","45.58","42","55","43.30","54.25","66.52","44.92","549","626","46.72","209","301","40.98","17","32","34.69","340","325","51.13","16","10","61.54","696","785","47.00","8","13","38.10","8.06","91.16","0.992","99","259","191","1039","34.14","309","397","435","41.53"
"437","Nico Hischier","N.J","C","82","1299.45","1447","1203","54.60","1034","889","53.77","679","579","53.97","58","64","47.54","78.39","66.06","54.27","690","576","54.50","319","243","56.76","30","29","50.85","371","333","52.70","15","18","45.45","895","729","55.11","9","11","45.00","8.54","88.95","0.975","232","355","267","757","46.49","481","483","504","48.83"
"160","Filip Forsberg","NSH","L","82","1299.2166666667","1387","1242","52.76","995","955","51.03","626","619","50.28","63","64","49.61","68.51","75.72","47.50","620","601","50.78","265","251","51.36","31","31","50.00","355","350","50.35","19","15","55.88","876","747","53.97","11","14","44.00","10.06","89.66","0.997","214","306","146","961","59.44","464","455","415","52.79"
"268","Brandon Montour","SEA","D","64","1297.3","1233","1315","48.39","914","968","48.57","573","608","48.52","45","66","40.54","57.7","72.45","44.33","550","572","49.02","207","243","46.00","22","29","43.14","343","329","51.04","13","16","44.83","761","769","49.74","9","12","42.86","7.85","89.14","0.970","149","205","142","836","51.20","414","309","361","53.42"
"374","Clayton Keller","UTA","R","82","1292.55","1397","1025","57.68","1021","744","57.85","683","478","58.83","86","62","58.11","71.35","65.43","52.17","683","500","57.73","297","228","56.57","35","32","52.24","386","272","58.66","31","18","63.27","858","546","61.11","16","7","69.57","12.59","87.03","0.996","291","286","130","992","69.12","552","405","280","66.35"
"38","Jared Spurgeon","MIN","D","79","1290.8666666667","1198","1293","48.09","895","912","49.53","567","562","50.22","47","44","51.65","60.46","53.63","52.99","565","607","48.21","239","228","51.18","21","24","46.67","326","379","46.24","10","10","50.00","664","799","45.39","11","7","61.11","8.29","92.17","1.005","111","229","184","1040","37.63","366","395","417","46.74"
"67","Brenden Dillon","N.J","D","82","1285.65","1209","1203","50.12","874","865","50.26","580","555","51.10","50","66","43.10","60.33","55.15","52.24","540","563","48.96","222","241","47.95","20","31","39.22","318","322","49.69","21","23","47.73","715","701","50.49","5","12","29.41","8.62","88.11","0.967","154","218","190","973","44.77","361","331","367","49.59"
"33","John Carlson","ANA, WSH","D","71","1284.65","1479","1197","55.27","1088","886","55.12","688","576","54.43","86","71","54.78","83.51","71.44","53.89","706","601","54.02","315","255","55.26","39","33","54.17","391","346","53.05","21","21","50.00","862","649","57.05","22","8","73.33","12.50","87.67","1.002","155","188","139","950","52.72","437","360","361","54.76"
"442","Gabriel Vilardi","WPG","C","82","1281.6833333333","1229","1242","49.74","928","943","49.60","586","646","47.56","72","79","47.68","65.84","73.66","47.19","658","593","52.60","268","263","50.47","34","41","45.33","390","330","54.17","27","24","52.94","746","658","53.13","10","11","47.62","12.29","87.77","1.001","264","219","133","871","66.50","506","316","268","65.37"
"792","Denton Mateychuk","CBJ","D","75","1279.9833333333","1278","1211","51.35","935","884","51.40","618","560","52.46","63","51","55.26","66.78","56.44","54.20","615","568","51.99","245","236","50.94","27","22","55.10","370","332","52.71","18","17","51.43","713","707","50.21","16","11","59.26","10.19","90.89","1.011","150","250","166","852","47.47","359","385","352","50.49"
"358","Jalen Chatfield","CAR","D","72","1277.9666666667","1430","1051","57.64","1040","795","56.68","637","509","55.58","66","56","54.10","66.12","58.66","52.99","629","538","53.90","256","275","48.21","26","30","46.43","373","263","58.65","27","22","55.10","888","594","59.92","12","4","75.00","10.36","89.00","0.994","189","273","150","954","55.75","443","437","371","54.42"
"155","Cody Ceci","L.A","D","82","1277.6","1274","1232","50.84","858","865","49.80","523","564","48.11","39","54","41.94","61.5","53.61","53.43","615","581","51.42","267","238","52.87","20","26","43.48","348","343","50.36","12","15","44.44","640","742","46.31","5","13","27.78","7.46","90.43","0.979","89","227","190","1020","31.90","265","382","429","38.18"
"370","Charlie McAvoy","BOS","D","69","1275.85","1247","1305","48.86","914","931","49.54","583","592","49.62","84","65","56.38","66.58","71.94","48.06","585","609","48.99","262","269","49.34","41","28","59.42","323","340","48.72","25","19","56.82","770","771","49.97","14","16","46.67","14.41","89.02","1.034","174","268","200","862","46.52","465","422","463","50.11"
"472","Nick Perbix","NSH","D","79","1274.9833333333","1173","1318","47.09","816","1005","44.81","542","668","44.79","49","67","42.24","56.54","62.49","47.50","529","591","47.23","225","259","46.49","24","36","40.00","304","332","47.80","13","21","38.24","699","811","46.29","10","10","50.00","9.04","89.97","0.990","138","245","158","1058","46.62","366","420","436","45.64"
"563","Trevor Zegras","PHI","C","81","1271.7666666667","1183","1183","50.00","878","864","50.40","559","551","50.36","68","64","51.52","64.17","61.74","50.96","628","583","51.86","287","222","56.39","32","26","55.17","341","361","48.58","26","24","52.00","617","629","49.52","9","12","42.86","12.16","88.38","1.005","181","231","128","1000","58.58","375","324","258","59.24"
"263","Adrian Kempe","L.A","R","81","1270.4333333333","1313","1213","51.98","909","860","51.38","571","559","50.53","72","54","57.14","64.41","65.71","49.50","584","600","49.32","221","257","46.23","36","17","67.92","363","343","51.42","21","19","52.50","828","646","56.17","12","12","50.00","12.61","90.34","1.029","253","238","142","881","64.05","481","372","366","56.79"
"400","Tage Thompson","BUF","C","81","1269.3833333333","1282","1274","50.16","949","943","50.16","590","622","48.68","74","75","49.66","70.27","70.9","49.78","587","604","49.29","250","263","48.73","34","37","47.89","337","341","49.71","23","20","53.49","764","727","51.24","10","12","45.45","12.54","87.94","1.005","272","298","186","904","59.39","448","389","355","55.79"
"126","Mika Zibanejad","NYR","C","81","1267.9333333333","1263","1250","50.26","914","933","49.49","586","598","49.49","61","76","44.53","59.65","76.09","43.95","598","574","51.02","246","214","53.48","25","30","45.45","352","360","49.44","19","28","40.43","778","710","52.28","15","11","57.69","10.41","87.29","0.977","233","298","169","908","57.96","445","423","379","54.00"
"641","Alexander Nikishin","CAR","D","81","1266.7","1463","1044","58.36","1016","770","56.89","649","509","56.04","63","47","57.27","69.2","60.42","53.39","677","529","56.14","277","240","53.58","28","19","59.57","400","289","58.06","24","19","55.81","904","551","62.13","11","6","64.71","9.71","90.77","1.005","242","279","113","928","68.17","510","427","275","64.97"
"42","John Tavares","TOR","C","82","1265.8833333333","1207","1294","48.26","911","959","48.72","580","632","47.85","67","88","43.23","68.44","73.54","48.21","600","650","48.00","258","264","49.43","38","36","51.35","342","386","46.98","17","31","35.42","733","704","51.01","9","13","40.91","11.55","86.08","0.976","239","249","190","892","55.71","465","359","391","54.32"
"453","Dylan Samberg","WPG","D","66","1265.5166666667","1157","1116","50.90","858","801","51.72","544","516","51.32","49","47","51.04","58.26","51.79","52.94","551","512","51.83","219","229","48.88","25","19","56.82","332","283","53.98","19","21","47.50","668","663","50.19","5","7","41.67","9.01","90.89","0.999","109","260","193","989","36.09","301","377","364","45.26"
"41","Ryan O'Reilly","NSH","C","81","1262.7","1294","1178","52.35","947","922","50.67","603","607","49.83","70","65","51.85","71.05","72.02","49.66","629","565","52.68","290","252","53.51","39","35","52.70","339","313","51.99","15","18","45.45","776","702","52.50","13","9","59.09","11.61","89.29","1.009","173","327","170","839","50.44","406","463","436","48.22"
"277","Devon Toews","COL","D","68","1260.5333333333","1491","1152","56.41","1061","862","55.17","710","569","55.51","85","47","64.39","83.13","54.85","60.25","757","535","58.59","307","239","56.23","39","27","59.09","450","296","60.32","27","12","69.23","877","692","55.90","18","7","72.00","11.97","91.74","1.037","232","264","131","848","63.91","515","423","372","58.06"
"264","Ivan Barbashev","VGK","L","82","1260.35","1284","1204","51.61","963","849","53.15","641","516","55.40","77","56","57.89","65.99","57.1","53.61","622","570","52.18","269","206","56.63","42","27","60.87","353","364","49.23","19","18","51.35","744","655","53.18","12","10","54.55","12.01","89.15","1.012","252","229","127","882","66.49","474","327","304","60.93"
"599","Jordan Spence","OTT","D","73","1259.3666666667","1432","943","60.29","1049","682","60.60","659","448","59.53","61","45","57.55","71.69","46.98","60.41","705","423","62.50","310","197","61.14","35","28","55.56","395","226","63.61","19","9","67.86","867","531","62.02","7","8","46.67","9.26","89.96","0.992","231","278","104","1039","68.96","493","405","237","67.53"
"305","Timo Meier","N.J","R","77","1259.1833333333","1451","1184","55.07","1043","860","54.81","664","576","53.55","55","70","44.00","76.86","65.5","53.99","678","562","54.68","302","246","55.11","24","37","39.34","376","316","54.34","16","20","44.44","848","721","54.05","11","9","55.00","8.28","87.85","0.961","181","301","210","783","46.29","371","404","429","46.38"
"32","Jordan Eberle","SEA","R","80","1258.2166666667","1156","1225","48.55","857","900","48.78","556","552","50.18","65","57","53.28","60.6","69.73","46.50","513","548","48.35","206","233","46.92","29","19","60.42","307","315","49.36","18","15","54.55","738","693","51.57","14","15","48.28","11.69","89.67","1.014","243","300","159","879","60.45","401","378","318","55.77"
"245","Aaron Ekblad","FLA","D","72","1256.65","1282","1163","52.43","930","875","51.52","599","589","50.42","66","70","48.53","65.9","68.69","48.96","583","561","50.96","271","277","49.45","36","36","50.00","312","284","52.35","15","25","37.50","759","630","54.64","10","8","55.56","11.02","88.12","0.991","160","261","178","998","47.34","418","405","382","52.25"
"653","Quinton Byfield","L.A","R","79","1256.4833333333","1348","1193","53.05","960","868","52.52","587","564","51.00","62","64","49.21","65.09","56.64","53.47","639","555","53.52","268","234","53.39","35","25","58.33","371","321","53.61","17","18","48.57","733","742","49.69","8","17","32.00","10.56","88.65","0.992","149","271","216","880","40.82","355","413","427","45.40"
"105","Nick Seeler","PHI","D","80","1253.3","1130","1199","48.52","820","815","50.15","519","487","51.59","44","47","48.35","58.13","52.22","52.68","523","548","48.83","247","211","53.93","18","26","40.91","276","337","45.02","14","13","51.85","633","678","48.28","8","8","50.00","8.48","90.35","0.988","111","211","146","1252","43.19","315","344","309","50.48"
"643","Jake Sanderson","OTT","D","67","1249.9666666667","1302","1046","55.45","951","721","56.88","603","467","56.36","68","53","56.20","68.13","57.96","54.03","619","483","56.17","260","207","55.67","36","27","57.14","359","276","56.54","16","17","48.48","816","632","56.35","10","8","55.56","11.28","88.65","0.999","207","261","216","971","48.94","465","412","459","50.32"
"808","Juraj Slafkovský","MTL","L","82","1247.3","1287","1292","49.90","968","899","51.85","596","607","49.54","76","65","53.90","73.23","76.67","48.85","604","618","49.43","245","280","46.67","23","32","41.82","359","338","51.51","33","19","63.46","774","697","52.62","16","12","57.14","12.75","89.29","1.020","218","232","144","850","60.22","415","336","331","55.63"
"17","Ian Cole","UTA","D","82","1246.2333333333","1178","1180","49.96","858","800","51.75","517","493","51.19","65","52","55.56","62.93","48.01","56.73","549","537","50.55","237","188","55.76","29","23","55.77","312","349","47.20","17","20","45.95","627","702","47.18","13","9","59.09","12.57","89.45","1.020","117","222","155","1196","43.01","302","346","369","45.01"
"103","Josh Manson","COL","D","79","1244.6666666667","1455","1105","56.84","1049","791","57.01","718","501","58.90","85","44","65.89","75.71","48.52","60.94","670","511","56.73","265","200","56.99","39","20","66.10","405","311","56.56","21","12","63.64","808","716","53.02","18","12","60.00","11.84","91.22","1.031","119","263","183","1067","39.40","346","419","434","44.36"
"645","Alexis Lafrenière","NYR","L","82","1242.45","1256","1097","53.38","896","815","52.37","550","532","50.83","63","64","49.61","60.59","68.61","46.90","618","507","54.93","270","196","57.94","23","26","46.94","348","311","52.81","22","22","50.00","760","614","55.31","14","11","56.00","11.45","87.97","0.994","217","281","139","970","60.96","423","386","321","56.85"
"372","Alex DeBrincat","DET","R","82","1241.45","1345","1226","52.31","1017","838","54.82","688","564","54.95","79","68","53.74","73.5","65.45","52.90","632","598","51.38","263","231","53.24","32","33","49.23","369","367","50.14","26","19","57.78","799","672","54.32","16","9","64.00","11.48","87.94","0.994","186","237","173","939","51.81","407","353","368","52.52"
"516","Rasmus Sandin","WSH","D","73","1237.9","1129","1249","47.48","815","854","48.83","513","549","48.31","60","56","51.72","58.27","54.19","51.81","536","561","48.86","222","232","48.90","28","28","50.00","314","329","48.83","18","18","50.00","643","745","46.33","9","10","47.37","11.70","89.80","1.015","128","225","166","804","43.54","363","360","389","48.27"
"258","Nick Schmaltz","UTA","C","82","1234.6333333333","1285","992","56.43","940","724","56.49","617","470","56.76","78","61","56.12","67.1","61.49","52.18","608","472","56.30","265","221","54.53","32","32","50.00","343","251","57.74","28","16","63.64","809","568","58.75","13","9","59.09","12.64","87.02","0.997","292","273","158","870","64.89","520","392","322","61.76"
"30","Tyler Myers","DAL, VAN","D","73","1234.1666666667","1111","1287","46.33","806","939","46.19","499","594","45.65","41","70","36.94","55.11","59.87","47.93","505","598","45.78","217","267","44.83","23","37","38.33","288","331","46.53","8","24","25.00","618","773","44.43","7","9","43.75","8.22","88.22","0.964","99","237","187","981","34.62","264","363","394","40.12"
"899","Beckett Sennecke","ANA","R","82","1232.85","1377","1244","52.54","1027","934","52.37","644","587","52.32","65","72","47.45","70.58","77.79","47.57","676","625","51.96","309","263","54.02","35","29","54.69","367","362","50.34","18","22","45.00","772","672","53.46","12","14","46.15","10.09","87.73","0.978","194","292","150","904","56.40","415","401","310","57.24"
"397","Jesper Bratt","N.J","L","82","1232.6333333333","1463","1080","57.53","1044","810","56.31","700","518","57.47","65","75","46.43","76.15","63.88","54.38","750","561","57.21","307","242","55.92","28","39","41.79","443","319","58.14","24","21","53.33","841","557","60.16","11","9","55.00","9.29","85.52","0.948","238","251","130","945","64.67","475","346","278","63.08"
"798","Simon Nemec","N.J","D","68","1231.35","1239","1216","50.47","881","867","50.40","572","576","49.83","57","69","45.24","56.14","58.93","48.79","589","592","49.87","224","243","47.97","30","36","45.45","365","349","51.12","22","19","53.66","714","671","51.55","5","9","35.71","9.97","88.02","0.980","155","170","144","857","51.84","356","299","302","54.10"
"664","Alex Laferriere","L.A","R","82","1227.1833333333","1289","1158","52.68","895","850","51.29","556","550","50.27","51","47","52.04","57.59","54.2","51.52","599","530","53.06","237","226","51.19","29","19","60.42","362","304","54.35","14","16","46.67","708","719","49.61","6","11","35.29","9.17","91.45","1.006","159","283","189","837","45.69","351","401","407","46.31"
"646","Dawson Mercer","N.J","C","82","1226.7666666667","1303","1177","52.54","940","841","52.78","596","549","52.05","50","55","47.62","63.52","59.58","51.60","610","554","52.41","256","236","52.03","22","26","45.83","354","318","52.68","14","14","50.00","760","710","51.70","10","10","50.00","8.39","89.98","0.984","173","284","203","810","46.01","370","391","406","47.68"
"630","Lucas Raymond","DET","L","80","1226.55","1221","1139","51.74","890","823","51.96","559","527","51.47","70","66","51.47","61.64","64.33","48.93","566","567","49.96","244","233","51.15","35","26","57.38","322","334","49.09","15","19","44.12","724","671","51.90","11","14","44.00","12.52","87.48","1.000","205","317","198","847","50.87","390","405","424","47.91"
"331","Mitch Marner","VGK","R","81","1223.1333333333","1264","1034","55.00","898","728","55.23","609","453","57.34","71","50","58.68","62.96","57.34","52.34","630","486","56.45","281","191","59.53","38","26","59.38","349","295","54.19","19","14","57.58","747","561","57.11","12","6","66.67","11.66","88.96","1.006","244","219","127","862","65.77","501","314","286","63.66"
"120","Nikita Kucherov","T.B","R","76","1219.1166666667","1438","1115","56.33","1086","849","56.12","698","562","55.40","113","65","63.48","91.24","65.95","58.04","735","560","56.76","318","236","57.40","51","29","63.75","417","324","56.28","41","22","65.08","841","609","58.00","19","6","76.00","16.19","88.43","1.046","239","182","118","941","66.95","461","278","307","60.03"
"348","Niko Mikkola","FLA","D","68","1213.9666666667","1160","1082","51.74","861","815","51.37","534","519","50.71","45","50","47.37","56.09","51.76","52.01","531","500","51.50","230","220","51.11","21","30","41.18","301","280","51.81","14","10","58.33","698","680","50.65","5","10","33.33","8.43","90.37","0.988","154","285","173","950","47.09","354","417","357","49.79"
"480","Charle-Edouard D'Astous","T.B","D","70","1213.2","1181","1034","53.32","830","763","52.10","538","504","51.63","62","65","48.82","60.89","51.48","54.18","598","473","55.84","267","193","58.04","39","23","62.90","331","280","54.17","18","23","43.90","636","628","50.32","5","14","26.32","11.52","87.10","0.986","151","261","136","891","52.61","349","391","309","53.04"
"48","Nazem Kadri","CGY, COL","C","77","1209.8333333333","1311","1179","52.65","907","875","50.90","607","587","50.84","45","73","38.14","62.1","68.9","47.40","619","597","50.90","262","247","51.47","18","27","40.00","357","350","50.50","13","21","38.24","819","624","56.76","12","15","44.44","7.41","87.56","0.950","257","212","128","914","66.75","513","364","290","63.89"
"560","Kaedan Korczak","VGK","D","78","1207.05","1121","1044","51.78","791","715","52.52","500","427","53.94","53","47","53.00","50.91","42.12","54.73","579","484","54.47","251","172","59.34","31","23","57.41","328","312","51.25","16","10","61.54","581","581","50.00","6","14","30.00","10.60","88.99","0.996","130","246","121","1051","51.79","319","350","275","53.70"
"276","Michael Amadio","OTT","R","81","1206.9","1073","1090","49.61","794","748","51.49","512","469","52.19","60","50","54.55","61.4","49.43","55.40","504","490","50.70","227","201","53.04","35","27","56.45","277","289","48.94","13","15","46.43","555","672","45.23","8","8","50.00","11.72","89.34","1.011","128","320","246","979","34.22","202","418","458","30.61"
"523","Kirill Marchenko","CBJ","R","76","1206.2166666667","1294","1140","53.16","954","842","53.12","613","571","51.77","61","51","54.46","63.86","63.93","49.97","625","548","53.28","240","252","48.78","23","23","50.00","385","296","56.53","26","13","66.67","812","607","57.22","10","8","55.56","9.95","91.07","1.010","286","274","106","769","72.96","507","394","258","66.27"
"607","Aliaksei Protas","WSH","C, L","76","1202.8833333333","1285","1115","53.54","958","788","54.87","595","504","54.14","78","60","56.52","73.54","63.9","53.51","635","565","52.92","282","243","53.71","33","33","50.00","353","322","52.30","24","15","61.54","711","625","53.22","16","6","72.73","13.11","88.10","1.012","195","233","190","844","50.65","364","322","397","47.83"
"217","Tyler Bertuzzi","CHI","L","79","1201.8166666667","1130","1223","48.02","835","920","47.58","530","611","46.45","62","76","44.93","56.29","71.3","44.12","558","613","47.65","230","276","45.45","36","37","49.32","328","337","49.32","17","21","44.74","607","658","47.98","8","13","38.10","11.70","87.56","0.993","185","232","157","834","54.09","334","339","351","48.76"
"197","Jake Guentzel","T.B","C","81","1199.75","1295","1107","53.91","940","842","52.75","604","558","51.98","83","68","54.97","70.53","61.69","53.34","677","512","56.94","288","208","58.06","37","24","60.66","389","304","56.13","33","25","56.90","734","635","53.62","10","11","47.62","13.74","87.81","1.016","233","211","134","845","63.49","420","329","311","57.46"
"301","Jack Eichel","VGK","C","74","1199.3333333333","1298","1116","53.77","959","802","54.46","643","493","56.60","86","62","58.11","67.39","58.11","53.70","647","537","54.65","284","186","60.43","48","26","64.86","363","351","50.84","23","22","51.11","739","611","54.74","10","10","50.00","13.37","87.42","1.008","252","222","125","790","66.84","499","320","307","61.91"
"566","Cole Caufield","MTL","R","81","1198.7666666667","1298","1088","54.40","977","752","56.51","614","486","55.82","82","52","61.19","67.67","64.89","51.05","638","545","53.93","238","220","51.97","32","29","52.46","400","325","55.17","37","15","71.15","762","556","57.81","12","6","66.67","13.36","89.30","1.027","218","327","130","793","62.64","422","411","280","60.11"
"27","Steven Stamkos","NSH","C","82","1197.7","1207","1170","50.78","877","903","49.27","540","601","47.33","60","75","44.44","68.85","69.46","49.78","600","542","52.54","271","240","53.03","32","38","45.71","329","302","52.14","15","20","42.86","745","682","52.21","10","13","43.48","11.11","87.52","0.986","200","265","164","893","54.95","416","377","388","51.74"
"649","Tim Stützle","OTT","C","80","1197.2666666667","1277","1058","54.69","927","779","54.34","581","503","53.60","72","66","52.17","62.78","67.03","48.36","635","511","55.41","257","230","52.77","38","37","50.67","378","281","57.36","23","19","54.76","802","535","59.99","10","8","55.56","12.39","86.88","0.993","296","228","77","1013","79.36","476","297","191","71.36"
"230","Alexander Wennberg","S.J","C","80","1196.4","1071","1165","47.90","748","831","47.37","503","553","47.63","56","75","42.75","53.18","64.48","45.20","501","524","48.88","216","234","48.00","30","38","44.12","285","290","49.57","12","19","38.71","617","754","45.00","12","12","50.00","11.13","86.44","0.976","155","275","223","761","41.01","313","362","449","41.08"
"849","Connor Bedard","CHI","C","69","1196.3166666667","1076","1330","44.72","818","1024","44.41","540","682","44.19","64","80","44.44","56.74","77.97","42.12","531","720","42.45","210","335","38.53","37","39","48.68","321","385","45.47","19","25","43.18","653","673","49.25","5","14","26.32","11.85","88.27","1.001","218","259","109","808","66.67","407","361","306","57.08"
"369","Ryan Lindgren","SEA","D","76","1196.1666666667","1015","1269","44.44","715","909","44.03","436","576","43.08","44","47","48.35","50.33","59.43","45.86","446","568","43.98","171","268","38.95","20","26","43.48","275","300","47.83","13","13","50.00","599","782","43.37","8","8","50.00","10.09","91.84","1.019","109","206","181","992","37.59","311","331","421","42.49"
"166","Chandler Stephenson","SEA","C","80","1190.1","996","1444","40.82","719","1060","40.42","464","666","41.06","45","65","40.91","47.47","84.54","35.96","432","674","39.06","155","301","33.99","22","28","44.00","277","373","42.62","13","17","43.33","625","907","40.80","9","14","39.13","9.70","90.24","0.999","176","268","321","791","35.41","305","345","581","34.42"
"131","Jamie Oleksiak","SEA","D","78","1188.6","999","1192","45.60","731","861","45.92","481","550","46.65","52","43","54.74","47.47","49.52","48.94","409","515","44.26","162","212","43.32","23","23","50.00","247","303","44.91","14","9","60.87","611","719","45.94","13","11","54.17","10.81","92.18","1.030","88","215","130","954","40.37","266","332","326","44.93"
"314","Dylan Strome","WSH","C","80","1187.6","1246","1241","50.10","913","899","50.39","564","568","49.82","75","66","53.19","68.19","71.47","48.83","627","618","50.36","275","268","50.64","38","31","55.07","352","350","50.14","19","17","52.78","769","589","56.63","13","10","56.52","13.30","88.38","1.017","306","235","109","812","73.73","504","317","239","67.83"
"115","Scott Mayfield","NYI","D","80","1186.9666666667","963","1159","45.38","707","804","46.79","452","514","46.79","40","55","42.11","51.36","55.14","48.22","463","573","44.69","202","238","45.91","16","23","41.03","261","335","43.79","18","23","43.90","550","597","47.95","4","9","30.77","8.85","89.30","0.981","127","227","121","1093","51.21","290","352","276","51.24"
"313","Travis Konecny","PHI","R","77","1186.0833333333","1085","1203","47.42","788","866","47.64","524","550","48.79","70","53","56.91","60.19","59.9","50.12","540","577","48.34","235","213","52.46","26","25","50.98","305","364","45.59","28","20","58.33","620","674","47.91","12","5","70.59","13.36","90.36","1.037","193","243","164","901","54.06","349","343","332","51.25"
"708","William Eklund","S.J","L","78","1185.9","1164","1113","51.12","822","812","50.31","551","539","50.55","59","84","41.26","56.24","67.69","45.38","562","543","50.86","261","239","52.20","33","41","44.59","301","304","49.75","17","21","44.74","661","625","51.40","9","16","36.00","10.71","84.42","0.951","149","217","175","798","45.99","330","311","357","48.03"
"270","Christian Dvorak","PHI","C","80","1185.15","1039","1194","46.53","770","870","46.95","503","540","48.23","72","57","55.81","61.17","61.7","49.79","523","582","47.33","237","220","51.86","27","22","55.10","286","362","44.14","29","22","56.86","596","671","47.04","9","11","45.00","14.31","89.44","1.038","189","237","188","885","50.13","355","339","371","48.90"
"343","Will Borgen","NYR","D","75","1184.15","999","1191","45.62","694","833","45.45","436","526","45.32","47","48","49.47","45.33","52.11","46.52","472","540","46.64","197","215","47.82","21","24","46.67","275","325","45.83","14","17","45.16","571","680","45.64","11","6","64.71","10.78","90.87","1.017","98","203","189","1112","34.15","287","332","352","44.91"
"721","Matthew Knies","TOR","L","79","1182.9333333333","1007","1335","43.00","742","967","43.42","483","648","42.71","56","81","40.88","54.77","76.6","41.69","536","658","44.89","220","269","44.99","27","38","41.54","316","389","44.82","19","26","42.22","593","736","44.62","6","9","40.00","11.59","87.50","0.991","191","214","145","861","56.85","402","315","370","52.07"
"620","Louis Crevier","CHI","D","78","1182","1013","1189","46.00","756","889","45.96","486","552","46.82","53","59","47.32","47.96","64.51","42.64","462","616","42.86","179","287","38.41","28","36","43.75","283","329","46.24","18","12","60.00","550","698","44.07","4","10","28.57","10.91","89.31","1.002","78","277","247","965","24.00","220","415","491","30.94"
"134","Connor Murphy","CHI, EDM","D","80","1181.2833333333","884","1099","44.58","657","774","45.91","428","486","46.83","45","48","48.39","45.24","48.08","48.48","416","508","45.02","174","205","45.91","20","20","50.00","242","303","44.40","16","17","48.48","480","703","40.57","8","11","42.11","10.51","90.12","1.006","91","234","183","1014","33.21","220","363","389","36.12"
"23","Mikael Backlund","CGY","C","82","1180.3833333333","1166","1187","49.55","844","849","49.85","561","551","50.45","50","47","51.55","57.14","57.63","49.78","488","570","46.12","222","239","48.16","22","20","52.38","266","331","44.56","13","19","40.63","644","798","44.66","11","5","68.75","8.91","91.47","1.004","98","289","307","867","24.20","241","392","566","29.86"
"600","Albert Johansson","DET","D","82","1179.35","1039","1223","45.93","737","868","45.92","458","574","44.38","35","55","38.89","48.48","55","46.85","479","559","46.15","199","232","46.17","21","27","43.75","280","327","46.13","7","19","26.92","621","721","46.27","4","8","33.33","7.64","90.42","0.981","136","202","168","1055","44.74","334","317","363","47.92"
"79","Brock Nelson","COL","C","81","1175.9833333333","1420","1082","56.75","1045","794","56.82","693","505","57.85","75","52","59.06","81.68","57.69","58.61","694","504","57.93","300","218","57.92","35","23","60.34","394","286","57.94","21","8","72.41","805","650","55.33","17","16","51.52","10.82","89.70","1.005","223","242","186","850","54.52","419","379","399","51.22"
"256","Alex Tuch","BUF","R","79","1175.3","1235","1203","50.66","926","881","51.25","579","576","50.13","80","61","56.74","67.49","65.84","50.62","559","570","49.51","248","223","52.65","32","26","55.17","311","347","47.26","26","20","56.52","741","711","51.03","16","11","59.26","13.82","89.41","1.032","251","312","193","770","56.53","408","394","353","53.61"
"690","Emil Heineman","NYI","L","82","1172.3333333333","1165","1136","50.63","828","840","49.64","553","529","51.11","44","54","44.90","55.3","65.9","45.63","524","562","48.25","187","269","41.01","17","27","38.64","337","293","53.49","18","17","51.43","720","634","53.18","7","6","53.85","7.96","89.79","0.977","193","229","155","858","55.46","368","347","323","53.26"
"602","Vasily Podkolzin","EDM","R","82","1171.5166666667","1142","1000","53.31","843","729","53.63","595","465","56.13","63","47","57.27","55.11","52.6","51.16","523","514","50.43","218","209","51.05","26","27","49.06","305","305","50.00","24","15","61.54","711","524","57.57","13","4","76.47","10.59","89.89","1.005","192","304","115","828","62.54","386","388","260","59.75"
"145","Hampus Lindholm","BOS","D","67","1171.4666666667","1139","1125","50.31","819","804","50.46","513","532","49.09","56","52","51.85","58.28","57.26","50.44","518","527","49.57","221","233","48.68","23","21","52.27","297","294","50.25","18","14","56.25","669","672","49.89","13","15","46.43","10.92","90.23","1.011","107","238","171","895","38.49","323","381","381","45.88"
"660","Luke Evangelista","NSH","R","81","1170.4","1353","996","57.60","961","767","55.61","631","508","55.40","60","58","50.85","67.02","56.72","54.16","656","461","58.73","280","195","58.95","34","29","53.97","376","266","58.57","13","16","44.83","767","581","56.90","13","11","54.17","9.51","88.58","0.981","146","247","120","855","54.89","360","384","319","53.02"
"345","Alexandre Carrier","MTL","D","73","1170.0833333333","1049","1195","46.75","743","825","47.39","470","525","47.24","61","60","50.41","60.03","57.73","50.98","493","557","46.95","207","252","45.10","24","32","42.86","286","305","48.39","20","18","52.63","552","676","44.95","13","9","59.09","12.98","88.57","1.016","88","231","159","975","35.63","246","381","374","39.68"
"431","Morgan Geekie","BOS","C","81","1166.7666666667","1130","1193","48.64","794","862","47.95","503","545","48.00","60","57","51.28","56.37","68.22","45.25","511","580","46.84","205","247","45.35","22","21","51.16","306","333","47.89","23","23","50.00","701","653","51.77","14","11","56.00","11.93","89.54","1.015","220","225","140","782","61.11","404","320","336","54.59"
"310","Sebastian Aho","CAR","C","79","1166.3","1474","925","61.44","1089","720","60.20","684","490","58.26","70","67","51.09","72.55","61.76","54.02","685","502","57.71","254","240","51.42","27","38","41.54","431","262","62.19","30","19","61.22","921","475","65.97","12","3","80.00","10.23","86.33","0.966","253","224","116","826","68.56","482","329","274","63.76"
"743","Olen Zellweger","ANA","D","76","1163.8833333333","1327","1172","53.10","964","849","53.17","588","561","51.17","59","58","50.43","59.78","60.98","49.50","609","597","50.50","263","245","51.77","30","32","48.39","346","352","49.57","21","16","56.76","754","626","54.64","8","7","53.33","10.03","89.66","0.997","125","208","113","1027","52.52","359","330","282","56.01"
"386","Logan Stanley","BUF, WPG","D","76","1162.1833333333","1069","1161","47.94","768","867","46.97","471","571","45.20","52","49","51.49","50.77","60.5","45.63","484","553","46.67","203","231","46.77","26","19","57.78","281","322","46.60","9","19","32.14","621","657","48.59","13","11","54.17","11.04","91.42","1.025","113","208","144","924","43.97","266","325","314","45.86"
"659","Mavrik Bourque","DAL","C","82","1161.4166666667","1047","980","51.65","764","718","51.55","519","461","52.96","56","50","52.83","62.36","47.13","56.95","517","444","53.80","240","178","57.42","31","24","56.36","277","266","51.01","12","18","40.00","570","550","50.89","10","5","66.67","10.79","89.15","0.999","115","238","115","887","50.00","238","329","279","46.03"
"597","Pavel Dorofeyev","VGK","R","82","1160.6833333333","1235","961","56.24","844","692","54.95","553","429","56.31","54","53","50.47","55.5","52.89","51.20","592","440","57.36","256","170","60.09","23","26","46.94","336","270","55.45","19","15","55.88","772","527","59.43","11","8","57.89","9.76","87.65","0.974","218","186","124","869","63.74","470","278","253","65.01"
"288","Jake Middleton","MIN","D","75","1159.8","1032","1231","45.60","776","880","46.86","481","553","46.52","47","48","49.47","57.75","50.11","53.54","498","562","46.98","220","209","51.28","21","27","43.75","278","353","44.06","10","15","40.00","551","757","42.13","11","6","64.71","9.77","91.32","1.011","92","184","146","958","38.66","295","338","366","44.63"
"143","Yanni Gourde","T.B","C","82","1159.05","1044","956","52.20","741","693","51.67","456","453","50.17","41","47","46.59","53.2","42.4","55.65","481","415","53.68","215","169","55.99","20","20","50.00","266","246","51.95","15","15","50.00","563","662","45.96","5","11","31.25","8.99","89.62","0.986","140","342","214","732","39.55","247","425","380","39.39"
"46","Brayden Schenn","NYI, STL","C","80","1158.3166666667","1072","1173","47.75","763","864","46.90","495","553","47.23","46","71","39.32","52.54","69.18","43.17","505","512","49.66","195","234","45.45","24","34","41.38","310","278","52.72","18","17","51.43","672","709","48.66","4","15","21.05","9.29","87.16","0.965","220","227","176","838","55.56","404","340","347","53.79"
"746","Jackson Blake","CAR","R","81","1158.0666666667","1376","886","60.83","976","669","59.33","602","453","57.06","60","54","52.63","70.11","54.58","56.23","691","454","60.35","273","205","57.11","35","25","58.33","418","249","62.67","20","18","52.63","747","444","62.72","4","5","44.44","9.97","88.08","0.980","196","221","57","863","77.47","405","331","187","68.41"
"325","Anthony Beauvillier","WSH","L, R","82","1156.6166666667","1149","1202","48.87","848","860","49.65","551","548","50.14","55","48","53.40","62.39","60.67","50.70","554","583","48.72","248","260","48.82","28","27","50.91","306","323","48.65","15","14","51.72","663","636","51.04","8","6","57.14","9.98","91.24","1.012","184","231","140","865","56.79","329","300","286","53.50"
"684","Bobby McMann","SEA, TOR","C","78","1152.95","1083","1233","46.76","798","932","46.13","519","589","46.84","60","63","48.78","51.16","60.86","45.67","475","578","45.11","196","231","45.90","33","23","58.93","279","347","44.57","15","18","45.45","661","712","48.14","9","14","39.13","11.56","89.30","1.009","183","253","177","817","50.83","319","351","372","46.16"
"443","Owen Tippett","PHI","R","81","1150.2833333333","1041","1058","49.60","775","756","50.62","487","476","50.57","57","62","47.90","57.49","52.24","52.40","531","494","51.80","234","196","54.42","24","27","47.06","297","298","49.92","18","23","43.90","551","614","47.30","10","9","52.63","11.70","86.97","0.987","159","257","194","902","45.04","324","364","371","46.62"
"76","Charlie Coyle","CBJ","C","82","1148.55","1150","1152","49.96","843","832","50.33","562","533","51.32","62","57","52.10","61.35","59.38","50.82","537","517","50.95","242","204","54.26","24","23","51.06","295","313","48.52","23","15","60.53","680","748","47.62","14","12","53.85","11.03","89.31","1.003","179","266","269","771","39.96","330","364","509","39.33"
"674","JJ Peterka","UTA","R","82","1148.35","1183","1034","53.36","849","766","52.57","539","491","52.33","54","48","52.94","53.82","58.13","48.07","534","508","51.25","214","201","51.57","22","23","48.89","320","307","51.04","16","18","47.06","716","551","56.51","15","3","83.33","10.02","90.22","1.002","218","256","116","901","65.27","360","342","249","59.11"
"718","Cole Sillinger","CBJ","C","81","1146.4166666667","1127","1151","49.47","825","831","49.82","553","546","50.32","57","55","50.89","57.91","51.26","53.04","525","512","50.63","225","209","51.84","27","23","54.00","300","303","49.75","20","17","54.05","643","708","47.59","8","14","36.36","10.31","89.93","1.002","177","249","179","834","49.72","309","337","386","44.46"
"200","Carter Verhaeghe","FLA","C","77","1144.9666666667","1311","1064","55.20","939","837","52.87","596","541","52.42","63","74","45.99","65.44","71.6","47.75","626","523","54.48","255","249","50.60","37","35","51.39","371","274","57.52","16","21","43.24","751","587","56.13","8","14","36.36","10.57","86.32","0.969","211","246","147","815","58.94","397","343","298","57.12"
"253","Dylan Larkin","DET","C","74","1139.65","1159","1103","51.24","838","784","51.66","538","490","52.33","60","56","51.72","57.84","62.32","48.14","532","543","49.49","218","231","48.55","30","23","56.60","314","312","50.16","12","19","38.71","687","672","50.55","10","9","52.63","11.15","88.57","0.997","177","290","207","762","46.09","348","369","438","44.27"
"559","Matthew Robertson","NYR","D","72","1139.1666666667","1047","1097","48.83","737","777","48.68","452","505","47.23","46","48","48.94","47.56","48.11","49.71","515","503","50.59","200","189","51.41","21","22","48.84","315","314","50.08","15","16","48.39","593","607","49.42","9","10","47.37","10.18","90.50","1.007","80","180","141","1067","36.20","269","302","298","47.44"
"247","Leon Draisaitl","EDM","C","65","1138.8666666667","1206","1023","54.10","919","746","55.20","620","475","56.62","79","64","55.24","64.5","59.93","51.84","595","540","52.42","245","217","53.03","33","31","51.56","350","323","52.01","29","16","64.44","770","523","59.55","14","13","51.85","12.74","86.53","0.993","212","267","134","662","61.27","456","364","274","62.47"
"193","Carson Soucy","NYI, NYR","D","76","1138.6333333333","971","1138","46.04","690","824","45.57","430","526","44.98","38","45","45.78","46.67","51.64","47.47","447","523","46.08","184","226","44.88","17","23","42.50","263","297","46.96","12","14","46.15","559","625","47.21","9","8","52.94","8.84","91.44","1.003","98","216","138","1085","41.53","276","337","293","48.51"
"573","Matt Boldy","MIN","L","76","1138.2833333333","1208","1120","51.89","895","826","52.00","575","520","52.51","70","54","56.45","66.16","61.24","51.93","572","551","50.93","253","233","52.06","40","21","65.57","319","318","50.08","17","16","51.52","685","666","50.70","6","12","33.33","12.17","89.62","1.018","147","229","157","676","48.36","347","341","368","48.53"
"604","Ilya Mikheyev","CHI","R","77","1136.0666666667","912","1143","44.38","686","869","44.12","435","573","43.15","46","48","48.94","45.83","58.81","43.80","407","578","41.32","184","263","41.16","26","26","50.00","223","315","41.45","11","14","44.00","495","703","41.32","8","7","53.33","10.57","91.62","1.022","111","243","206","799","35.02","194","346","450","30.12"
"63","Anders Lee","NYI","L","82","1135.6833333333","1273","1159","52.34","917","844","52.07","593","519","53.33","61","56","52.14","70.6","72.83","49.22","665","569","53.89","294","243","54.75","29","25","53.70","371","326","53.23","21","21","50.00","720","595","54.75","10","5","66.67","10.29","89.21","0.995","194","222","137","841","58.61","404","328","313","56.35"
"52","Brayden McNabb","VGK","D","63","1134.45","1124","1038","51.99","817","708","53.57","535","444","54.65","49","49","50.00","57.39","41.98","57.75","551","492","52.83","227","177","56.19","23","16","58.97","324","315","50.70","16","24","40.00","608","583","51.05","7","9","43.75","9.16","88.96","0.981","163","232","177","896","47.94","341","345","360","48.64"
"665","Will Cuylle","NYR","L","82","1133.3166666667","1090","1087","50.07","731","791","48.03","441","503","46.72","47","56","45.63","50.01","63.93","43.89","516","488","51.39","204","191","51.65","21","23","47.73","312","297","51.23","13","16","44.83","658","638","50.77","11","11","50.00","10.66","88.87","0.995","186","228","170","927","52.25","373","313","362","50.75"
"211","Ryan Hartman","MIN","R","76","1132.4333333333","1200","1179","50.44","866","841","50.73","552","546","50.27","48","48","50.00","62.07","52.98","53.95","612","541","53.08","245","224","52.24","23","34","40.35","367","317","53.65","12","7","63.16","614","729","45.72","10","6","62.50","8.70","91.21","0.999","132","207","142","721","48.18","356","351","376","48.63"
"130","Jonas Brodin","MIN","D","62","1131.5333333333","1089","1136","48.94","816","785","50.97","559","496","52.99","53","36","59.55","56.71","45.08","55.71","487","502","49.24","209","200","51.10","28","21","57.14","278","302","47.93","15","9","62.50","633","707","47.24","9","6","60.00","9.48","92.74","1.022","78","209","145","865","34.98","323","350","366","46.88"
"488","Joel Farabee","CGY","L","82","1130.7833333333","1132","1182","48.92","812","835","49.30","547","556","49.59","44","59","42.72","54.78","57.38","48.84","515","558","48.00","235","227","50.87","26","28","48.15","280","331","45.83","9","14","39.13","711","675","51.30","6","13","31.58","8.04","89.39","0.974","222","248","166","836","57.22","418","345","308","57.58"
"561","Dylan Cozens","OTT","C","82","1130.2333333333","1228","908","57.49","899","652","57.96","575","416","58.02","47","51","47.96","62.66","50.17","55.54","619","379","62.02","265","169","61.06","23","21","52.27","354","210","62.77","17","18","48.57","743","529","58.41","7","10","41.18","8.17","87.74","0.959","273","334","176","853","60.80","423","418","294","59.00"
"694","Mason Lohrei","BOS","D","73","1123.7","1067","1167","47.76","752","839","47.27","486","519","48.36","50","32","60.98","47.15","56.75","45.38","494","534","48.05","201","249","44.67","21","15","58.33","293","285","50.69","19","7","73.08","625","667","48.37","10","10","50.00","10.29","93.83","1.041","121","222","120","934","50.21","318","353","289","52.39"
"543","Simon Benoit","TOR","D","73","1123.5833333333","831","1270","39.55","612","907","40.29","375","585","39.06","33","57","36.67","41.16","55.89","42.41","392","598","39.60","163","250","39.47","17","23","42.50","229","348","39.69","13","22","37.14","435","753","36.62","2","11","15.38","8.80","90.26","0.991","55","249","227","1105","19.50","160","341","403","28.42"
"795","Pavel Mintyukov","ANA","D","73","1123.5333333333","1135","1156","49.54","837","837","50.00","506","529","48.89","48","54","47.06","58.58","59.34","49.68","549","583","48.50","230","248","48.12","21","20","51.22","319","335","48.78","18","23","43.90","628","649","49.18","8","10","44.44","9.49","89.79","0.993","136","225","155","977","46.74","330","358","327","50.23"
"196","Pavel Buchnevich","STL","L","81","1122.6166666667","1055","1047","50.19","767","794","49.14","496","533","48.20","56","65","46.28","55.66","59.96","48.14","527","495","51.57","216","205","51.31","25","29","46.30","311","290","51.75","20","15","57.14","600","626","48.94","8","16","33.33","11.29","87.80","0.991","201","215","174","857","53.60","356","307","317","52.90"
"716","Logan Stankoven","CAR","C","81","1121.5166666667","1352","847","61.48","961","646","59.80","600","425","58.54","62","47","56.88","68.01","51.54","56.89","676","442","60.47","273","202","57.47","34","22","60.71","403","240","62.67","23","18","56.10","737","420","63.70","4","3","57.14","10.33","88.94","0.993","195","216","60","823","76.47","390","320","188","67.47"
"251","Nikolaj Ehlers","CAR","L","82","1121.3333333333","1320","867","60.36","954","612","60.92","621","407","60.41","63","52","54.78","64.41","52.77","54.97","620","433","58.88","242","199","54.88","35","24","59.32","378","234","61.76","17","20","45.95","774","484","61.53","11","3","78.57","10.14","87.22","0.974","227","249","115","799","66.37","432","350","295","59.42"
"909","Sam Dickinson","S.J","D","72","1118.1","998","1086","47.89","710","789","47.36","472","511","48.02","56","61","47.86","45.77","51.37","47.12","482","523","47.96","220","245","47.31","30","35","46.15","262","278","48.52","17","12","58.62","562","625","47.35","9","13","40.91","11.86","88.06","0.999","115","211","134","791","46.18","289","342","330","46.69"
"469","Drake Batherson","OTT","R","79","1118","1187","927","56.15","855","683","55.59","526","431","54.96","51","54","48.57","57.19","54.84","51.05","587","425","58.00","246","189","56.55","29","26","52.73","341","236","59.10","13","13","50.00","754","483","60.95","9","13","40.91","9.70","87.47","0.972","287","231","89","1004","76.33","459","306","200","69.65"
"777","Ryan Greene","CHI","C","81","1113.6","973","1230","44.17","726","946","43.42","480","620","43.64","46","61","42.99","49.92","64.91","43.47","469","649","41.95","184","296","38.33","22","29","43.14","285","353","44.67","17","23","42.50","578","677","46.06","6","9","40.00","9.58","90.16","0.997","202","241","199","781","50.37","352","318","382","47.96"
"316","Brock Boeser","VAN","R","75","1113.4666666667","977","1163","45.65","706","883","44.43","455","572","44.30","39","84","31.71","46.86","67.51","40.97","450","561","44.51","176","248","41.51","13","37","26.00","274","313","46.68","17","25","40.48","617","672","47.87","6","14","30.00","8.57","85.31","0.939","213","221","167","738","56.05","393","305","354","52.61"
"556","Peyton Krebs","BUF","C","82","1109.9833333333","1044","1122","48.20","772","828","48.25","500","510","49.50","61","48","55.96","55.74","54.11","50.75","475","510","48.22","195","211","48.03","29","22","56.86","280","299","48.36","20","19","51.28","589","699","45.73","6","6","50.00","12.20","90.59","1.028","178","284","190","831","48.37","274","359","362","43.08"
"902","Artyom Levshunov","CHI","D","68","1109.6","976","1161","45.67","706","914","43.58","456","617","42.50","37","75","33.04","43.56","66.21","39.68","462","594","43.75","195","293","39.96","25","34","42.37","267","301","47.01","11","28","28.21","594","610","49.34","1","10","9.09","8.11","87.84","0.960","185","198","92","817","66.79","390","290","253","60.65"
"384","Dante Fabbro","CBJ","D","74","1108.9166666667","1046","1194","46.70","729","825","46.91","471","520","47.53","32","48","40.00","48.17","51.48","48.34","470","526","47.19","191","204","48.35","14","16","46.67","279","322","46.42","12","21","36.36","617","708","46.57","4","11","26.67","6.79","90.77","0.976","113","210","151","825","42.80","300","302","337","47.10"
"711","Matt Coronato","CGY","R","80","1106.65","1131","1152","49.54","789","855","47.99","523","572","47.76","39","67","36.79","51.7","66.73","43.66","496","590","45.67","193","265","42.14","15","29","34.09","303","325","48.25","14","22","38.89","703","625","52.94","9","8","52.94","7.46","88.29","0.957","197","234","171","844","53.53","413","336","328","55.74"
"501","Andrei Svechnikov","CAR","R","79","1106.6333333333","1404","911","60.65","1026","715","58.93","641","474","57.49","59","57","50.86","69.72","60.62","53.49","648","500","56.45","250","230","52.08","26","35","42.62","398","270","59.58","23","17","57.50","880","454","65.97","9","1","90.00","9.20","87.97","0.972","236","225","117","845","66.86","451","329","283","61.44"
"747","Ryker Evans","SEA","D","67","1104.1","899","1102","44.93","676","798","45.86","447","528","45.85","52","48","52.00","44.43","51.41","46.36","395","492","44.53","173","203","46.01","26","24","52.00","222","289","43.44","14","13","51.85","516","620","45.42","11","10","52.38","11.63","90.91","1.025","85","182","95","842","47.22","237","303","254","48.27"
"213","J.T. Compher","DET","L","82","1103.65","1005","1190","45.79","731","835","46.68","477","528","47.46","47","60","43.93","48.22","54.21","47.08","441","573","43.49","193","230","45.63","24","32","42.86","248","343","41.96","14","18","43.75","599","723","45.31","6","10","37.50","9.85","88.64","0.985","161","254","199","835","44.72","296","330","402","42.41"
"895","Emmitt Finnie","DET","C","82","1101.75","1044","1069","49.41","750","771","49.31","458","488","48.41","43","52","45.26","51.54","52.7","49.45","450","515","46.63","201","211","48.79","22","25","46.81","249","304","45.03","9","16","36.00","635","630","50.20","8","8","50.00","9.39","89.34","0.987","174","274","165","796","51.33","313","347","351","47.14"
"157","Tomas Hertl","VGK","C","82","1101.1166666667","1204","925","56.55","819","653","55.64","513","405","55.88","53","65","44.92","58.34","53.5","52.16","592","442","57.25","267","171","60.96","27","29","48.21","325","271","54.53","13","25","34.21","749","507","59.63","10","7","58.82","10.33","83.95","0.943","247","213","155","768","61.44","467","298","291","61.61"
"492","Ryan McLeod","BUF","C","81","1100.7","1086","1073","50.30","832","820","50.36","545","553","49.64","76","59","56.30","65.65","61.89","51.47","545","503","52.00","239","226","51.40","33","25","56.90","306","277","52.49","26","23","53.06","618","665","48.17","14","8","63.64","13.94","89.33","1.033","184","233","218","857","45.77","321","325","374","46.19"
"403","Troy Stecher","EDM, TOR","D","64","1099.1833333333","954","1156","45.21","707","876","44.66","455","573","44.26","47","56","45.63","50.58","55.06","47.88","476","564","45.77","208","218","48.83","24","19","55.81","268","346","43.65","15","27","35.71","495","668","42.56","7","10","41.18","10.33","90.23","1.006","98","229","156","1014","38.58","237","325","319","42.63"
"639","Tyler Kleven","OTT","D","70","1097.05","1043","942","52.54","769","661","53.78","493","425","53.70","42","43","49.41","48.41","41.62","53.77","492","417","54.13","215","167","56.28","23","25","47.92","277","250","52.56","13","13","50.00","599","523","53.39","6","5","54.55","8.52","89.88","0.984","139","295","103","993","57.44","288","414","265","52.08"
"441","Elias Pettersson","VAN","C","74","1096.2166666667","1024","1168","46.72","759","846","47.29","484","551","46.76","42","69","37.84","54.17","64.46","45.66","507","556","47.70","236","232","50.43","20","29","40.82","271","324","45.55","16","22","42.11","607","670","47.53","3","10","23.08","8.68","87.48","0.962","226","241","177","749","56.08","409","313","354","53.60"
"715","Dylan Guenther","UTA","R","79","1095.9","1226","1064","53.54","902","770","53.95","561","499","52.92","65","55","54.17","56.63","65.7","46.29","540","495","52.17","240","218","52.40","30","23","56.60","300","277","51.99","23","17","57.50","746","618","54.69","11","10","52.38","11.59","88.98","1.006","181","236","168","879","51.86","374","324","324","53.58"
"574","Jack Hughes","N.J","C","61","1095.5166666667","1247","932","57.23","906","694","56.63","595","447","57.10","63","61","50.81","65.94","55.72","54.20","650","480","57.52","259","206","55.70","22","36","37.93","391","274","58.80","26","18","59.09","677","467","59.18","13","4","76.47","10.59","86.35","0.969","188","150","50","788","78.99","363","226","140","72.17"
"5","Sidney Crosby","PIT","C","68","1094.65","1120","1098","50.50","830","793","51.14","538","497","51.98","71","63","52.99","61.51","63.31","49.28","565","568","49.87","259","243","51.59","34","27","55.74","306","325","48.49","25","21","54.35","697","561","55.41","10","12","45.45","13.20","87.32","1.005","215","315","108","700","66.56","446","428","297","60.03"
"269","Ryan Donato","CHI","C","82","1093.9833333333","973","1053","48.03","723","797","47.57","454","526","46.33","39","54","41.94","41.95","54.54","43.48","419","514","44.91","186","219","45.93","22","23","48.89","233","295","44.13","10","21","32.26","583","622","48.38","7","10","41.18","8.59","89.73","0.983","127","221","158","850","44.56","246","319","332","42.56"
"248","Sam Bennett","FLA","C","76","1090.9","1208","1030","53.98","871","799","52.16","556","520","51.67","66","71","48.18","62.59","65.33","48.93","589","508","53.69","261","235","52.62","35","32","52.24","328","273","54.58","19","24","44.19","690","556","55.38","9","12","42.86","11.87","86.35","0.982","184","252","130","819","58.60","385","374","273","58.51"
"916","Collin Graf","S.J","R","81","1090.5833333333","873","1099","44.27","626","804","43.78","409","527","43.70","53","50","51.46","51.92","52.31","49.81","456","507","47.35","213","229","48.19","29","22","56.86","243","278","46.64","13","18","41.94","466","682","40.59","9","7","56.25","12.96","90.51","1.035","171","217","131","752","56.62","294","294","346","45.94"
"640","Jack Quinn","BUF","R","82","1088.7","1015","1088","48.26","768","828","48.12","507","564","47.34","60","52","53.57","53.18","61.82","46.24","524","518","50.29","220","238","48.03","26","27","49.06","304","280","52.05","24","18","57.14","570","636","47.26","8","6","57.14","11.83","90.78","1.026","203","201","176","875","53.56","309","285","307","50.16"
"407","Brandon Hagel","T.B","L","71","1087.4333333333","1374","981","58.34","996","720","58.04","638","488","56.66","84","51","62.22","88.26","56.39","61.01","702","495","58.65","315","213","59.66","44","20","68.75","387","282","57.85","26","18","59.09","745","551","57.48","13","7","65.00","13.17","89.55","1.027","193","184","139","759","58.13","365","260","303","54.64"
"205","Andrew Copp","DET","C","79","1086.5666666667","1095","1052","51.00","788","722","52.19","536","460","53.82","57","53","51.82","58.44","48.46","54.67","482","499","49.13","215","192","52.83","21","23","47.73","267","307","46.52","21","18","53.85","674","616","52.25","11","8","57.89","10.63","88.48","0.991","175","264","182","782","49.02","354","368","346","50.57"
"162","Matt Grzelcyk","CHI","D","69","1084.3333333333","935","1059","46.89","712","804","46.97","466","549","45.91","46","56","45.10","44.71","58.24","43.43","437","539","44.77","184","236","43.81","23","25","47.92","253","303","45.50","17","20","45.95","582","550","51.41","6","7","46.15","9.87","89.80","0.997","157","204","128","886","55.09","349","314","288","54.79"
"426","Nicolas Hague","NSH","D","62","1083.25","1049","1050","49.98","727","802","47.55","456","532","46.15","41","53","43.62","51.97","50.09","50.92","490","497","49.65","225","199","53.07","20","23","46.51","265","298","47.07","11","21","34.38","590","626","48.52","8","8","50.00","8.99","90.04","0.990","96","205","111","869","46.38","285","332","343","45.38"
"228","Max Domi","TOR","C","80","1080.8166666667","991","1200","45.23","746","901","45.29","495","590","45.62","43","72","37.39","49.06","61.71","44.29","488","580","45.69","222","234","48.68","24","34","41.38","266","346","43.46","13","27","32.50","610","675","47.47","6","8","42.86","8.69","87.80","0.965","188","213","149","828","55.79","366","304","336","52.14"
"95","Bryan Rust","PIT","R","72","1079.8","1074","1120","48.95","796","823","49.17","513","517","49.81","72","69","51.06","58.81","66.41","46.96","534","581","47.89","252","238","51.43","33","30","52.38","282","343","45.12","24","18","57.14","670","583","53.47","13","16","44.83","14.04","86.65","1.007","230","316","133","666","63.36","454","421","309","59.50"
"622","Drew O'Connor","VAN","L","82","1078.6333333333","987","1053","48.38","717","772","48.15","427","493","46.41","40","56","41.67","47.57","53.9","46.88","467","533","46.70","223","236","48.58","22","27","44.90","244","297","45.10","11","17","39.29","586","556","51.31","6","10","37.50","9.37","88.64","0.980","162","233","121","827","57.24","280","315","257","52.14"
"368","Adam Fox","NYR","D","55","1075","1177","928","55.91","820","686","54.45","499","459","52.09","55","48","53.40","62.66","51.24","55.01","576","397","59.20","252","151","62.53","27","23","54.00","324","246","56.84","15","13","53.57","724","576","55.69","9","8","52.94","11.02","89.54","1.006","161","267","147","697","52.27","430","393","333","56.36"
"774","Cutter Gauthier","ANA","L","76","1073.75","1343","1070","55.66","968","777","55.47","608","502","54.77","67","66","50.38","63.9","62.22","50.67","607","560","52.01","246","243","50.31","33","25","56.90","361","317","53.24","21","27","43.75","809","564","58.92","12","9","57.14","11.02","86.85","0.979","179","231","120","822","59.87","399","340","272","59.46"
"312","Tommy Novak","PIT","C","82","1073.5833333333","1088","1031","51.34","811","736","52.42","507","464","52.21","56","53","51.38","57.49","49.79","53.59","601","503","54.44","268","204","56.78","29","19","60.42","333","299","52.69","20","22","47.62","571","529","51.91","7","11","38.89","11.05","88.58","0.996","172","198","85","896","66.93","350","291","189","64.94"
"250","William Nylander","TOR","R","65","1073.0166666667","1032","1102","48.36","782","823","48.72","497","558","47.11","72","80","47.37","58.26","66.67","46.63","512","551","48.17","230","233","49.68","37","31","54.41","282","318","47.00","18","27","40.00","680","574","54.23","14","18","43.75","14.49","85.66","1.002","230","225","119","728","65.90","455","329","289","61.16"
"877","Tom Willander","VAN","D","70","1072.4166666667","826","1095","43.00","595","816","42.17","369","534","40.86","40","62","39.22","37.75","54.13","41.08","379","548","40.88","158","239","39.80","17","37","31.48","221","309","41.70","14","14","50.00","490","608","44.63","9","11","45.00","10.84","88.39","0.992","118","203","133","933","47.01","261","300","291","47.28"
"703","Josh Doan","BUF","R","82","1071.55","1086","1042","51.03","821","785","51.12","525","504","51.02","60","60","50.00","60.16","55.39","52.06","502","461","52.13","237","211","52.90","29","28","50.88","265","250","51.46","19","24","44.19","647","654","49.73","8","4","66.67","11.43","88.10","0.995","220","251","192","825","53.40","353","327","354","49.93"
"62","Erik Haula","NSH","L","81","1069.25","1071","1144","48.35","756","861","46.75","474","561","45.80","42","60","41.18","53.59","56.9","48.50","477","521","47.80","193","203","48.74","18","31","36.73","284","318","47.18","15","19","44.12","656","711","47.99","8","9","47.06","8.86","89.30","0.982","157","228","151","869","50.97","343","325","369","48.17"
"794","Fraser Minten","BOS","C","82","1067.4333333333","1026","1030","49.90","748","732","50.54","472","479","49.63","51","30","62.96","48.43","49.63","49.39","483","459","51.27","202","207","49.39","24","16","60.00","281","252","52.72","16","8","66.67","590","589","50.04","11","5","68.75","10.81","93.74","1.045","153","247","112","797","57.74","297","367","247","54.60"
"182","Connor Brown","N.J","R","75","1064.8166666667","1008","962","51.17","744","709","51.20","481","457","51.28","52","52","50.00","53.07","50.75","51.12","479","479","50.00","185","198","48.30","20","22","47.62","294","281","51.13","22","20","52.38","559","520","51.81","10","7","58.82","10.81","88.62","0.994","143","199","118","799","54.79","272","299","252","51.91"
"207","Andre Burakovsky","CHI","L","75","1064.1333333333","981","1124","46.60","729","865","45.73","480","576","45.45","43","72","37.39","46.24","60.31","43.39","484","587","45.19","180","262","40.72","21","29","42.00","304","325","48.33","18","30","37.50","575","560","50.66","3","10","23.08","8.96","87.50","0.965","203","229","81","794","71.48","347","313","207","62.64"
"633","Justin Sourdif","WSH","C, R","78","1060.6","1009","986","50.58","735","697","51.33","490","452","52.02","53","35","60.23","54.71","48.28","53.12","493","434","53.18","227","196","53.66","30","18","62.50","266","238","52.78","15","8","65.22","517","612","45.79","7","8","46.67","10.82","92.26","1.031","127","228","196","800","39.32","222","296","365","37.82"
"3","Alex Ovechkin","WSH","L","82","1060.1333333333","1143","1080","51.42","820","801","50.59","505","526","48.98","63","57","52.50","61.74","65.14","48.66","561","531","51.37","257","232","52.56","37","26","58.73","304","299","50.41","11","13","45.83","743","493","60.11","10","9","52.63","12.48","89.16","1.016","318","199","6","920","98.15","508","258","85","85.67"
"15","Alex Killorn","ANA","L","82","1059.7666666667","1111","1021","52.11","812","750","51.98","540","469","53.52","49","50","49.49","58.5","57.64","50.37","531","506","51.21","242","221","52.27","25","20","55.56","289","285","50.35","14","22","38.89","598","622","49.02","9","6","60.00","9.07","89.34","0.984","158","239","171","770","48.02","304","339","318","48.87"
"327","Thomas Chabot","OTT","D","57","1058.7666666667","1059","959","52.48","777","686","53.11","501","427","53.99","66","60","52.38","55.47","49.41","52.89","542","435","55.48","236","197","54.50","33","29","53.23","306","238","56.25","22","18","55.00","604","556","52.07","11","12","47.83","13.17","85.95","0.991","125","172","114","880","52.30","306","288","250","55.04"
"333","Jake DeBrusk","VAN","L","81","1056.7666666667","957","1102","46.48","710","824","46.28","458","514","47.12","35","63","35.71","48.04","62.59","43.43","468","532","46.80","215","235","47.78","20","26","43.48","253","297","46.00","12","26","31.58","582","644","47.47","3","4","42.86","7.64","87.74","0.954","217","262","193","734","52.93","363","326","363","50.00"
"481","Sean Durzi","UTA","D","60","1054.7833333333","1159","987","54.01","815","725","52.92","504","476","51.43","45","57","44.12","53.37","54.48","49.48","535","494","51.99","227","220","50.78","13","29","30.95","308","274","52.92","19","19","50.00","683","531","56.26","13","7","65.00","8.93","88.03","0.970","156","211","143","850","52.17","381","316","288","56.95"
"592","Shane Pinto","OTT","C","72","1053.4","942","986","48.86","711","679","51.15","453","412","52.37","55","52","51.40","57.5","48.68","54.16","468","448","51.09","215","185","53.75","33","29","53.23","253","263","49.03","10","15","40.00","493","608","44.78","9","7","56.25","12.14","87.38","0.995","128","283","250","793","33.86","200","365","447","30.91"
"223","Sean Monahan","CBJ","C","78","1052.7333333333","1169","1064","52.35","821","785","51.12","562","493","53.27","54","55","49.54","58.03","57.57","50.20","553","503","52.37","226","221","50.56","27","28","49.09","327","282","53.69","15","13","53.57","662","652","50.38","9","9","50.00","9.61","88.84","0.985","197","232","194","741","50.38","362","327","375","49.12"
"45","Evander Kane","VAN","L","71","1051.7166666667","1004","1129","47.07","726","850","46.07","451","553","44.92","43","60","41.75","50.71","64.14","44.15","460","573","44.53","216","256","45.76","24","25","48.98","244","317","43.49","13","18","41.94","624","610","50.57","5","11","31.25","9.53","89.15","0.987","198","191","140","723","58.58","347","258","297","53.88"
"539","Yegor Sharangovich","CGY","C","78","1051.3666666667","1058","1094","49.16","729","783","48.21","486","540","47.37","39","57","40.63","44.63","58.98","43.07","438","551","44.29","186","239","43.76","18","30","37.50","252","312","44.68","12","14","46.15","648","609","51.55","7","9","43.75","8.02","89.44","0.975","173","198","140","813","55.27","335","282","298","52.92"
"215","Artturi Lehkonen","COL","L","70","1048.95","1235","1023","54.69","881","761","53.65","583","511","53.29","75","38","66.37","64.7","51.02","55.91","636","475","57.25","245","217","53.03","35","21","62.50","391","258","60.25","24","7","77.42","673","606","52.62","13","8","61.90","12.86","92.56","1.054","194","251","109","717","64.03","380","359","286","57.06"
"636","Ridly Greig","OTT","C","77","1048.75","998","944","51.39","737","673","52.27","486","427","53.23","59","48","55.14","56.66","46.16","55.10","461","415","52.63","208","189","52.39","26","27","49.06","253","226","52.82","18","14","56.25","570","579","49.61","11","7","61.11","12.14","88.76","1.009","183","308","238","824","43.47","279","391","397","41.27"
"596","Simon Holmstrom","NYI","R","79","1048.6166666667","1012","1045","49.20","731","759","49.06","457","476","48.98","52","50","50.98","52.12","60.61","46.23","463","528","46.72","198","234","45.83","29","24","54.72","265","294","47.41","14","13","51.85","607","563","51.88","8","10","44.44","11.38","89.50","1.009","174","212","151","800","53.54","312","294","315","49.76"
"448","Morgan Frost","CGY","C","82","1048.05","1002","1015","49.68","723","747","49.18","482","478","50.21","45","59","43.27","46.08","57.39","44.54","461","495","48.22","192","220","46.60","23","33","41.07","269","275","49.45","11","15","42.31","690","515","57.26","10","6","62.50","9.34","87.66","0.970","267","231","126","830","67.94","476","326","237","66.76"
"128","Sean Couturier","PHI","C","78","1046.9333333333","935","954","49.50","670","663","50.26","439","405","52.01","47","50","48.45","50.43","43.45","53.72","467","432","51.95","218","175","55.47","20","23","46.51","249","257","49.21","18","21","46.15","513","591","46.47","5","5","50.00","10.71","87.65","0.984","142","235","226","759","38.59","271","330","417","39.39"
"462","Alex Iafallo","WPG","L","79","1046.8666666667","931","958","49.29","652","688","48.66","409","438","48.29","48","46","51.06","46.38","49.23","48.51","447","443","50.22","184","198","48.17","21","19","52.50","263","245","51.77","14","21","40.00","552","541","50.50","9","6","60.00","11.74","89.50","1.012","185","255","137","720","57.45","316","327","248","56.03"
"12","Claude Giroux","OTT","R","82","1044.5333333333","1039","872","54.37","770","616","55.56","506","389","56.54","64","42","60.38","53.84","54.19","49.84","495","395","55.62","222","176","55.78","41","23","64.06","273","219","55.49","9","11","45.00","627","495","55.88","9","7","56.25","12.65","89.20","1.019","205","261","213","896","49.04","343","340","362","48.65"
"156","Tom Wilson","WSH","R","72","1044.3833333333","1096","941","53.80","812","641","55.88","520","415","55.61","69","50","57.98","65.52","53.69","54.96","550","433","55.95","244","185","56.88","29","19","60.42","306","248","55.23","20","13","60.61","593","561","51.39","16","11","59.26","13.27","87.95","1.012","152","210","176","763","46.34","296","287","369","44.51"
"234","Anthony Mantha","PIT","R","81","1043.2166666667","1009","1034","49.39","735","740","49.83","493","467","51.35","70","57","55.12","54.25","55.5","49.43","516","521","49.76","232","206","52.97","39","21","65.00","284","315","47.41","14","20","41.18","546","506","51.90","16","10","61.54","14.20","87.79","1.020","146","197","50","866","74.49","292","277","152","65.77"
"307","Mikko Rantanen","DAL","R","64","1038.6333333333","914","1061","46.28","646","726","47.08","438","487","47.35","55","49","52.88","55.05","55.44","49.82","512","486","51.30","214","197","52.07","32","16","66.67","298","289","50.77","15","15","50.00","497","621","44.45","7","11","38.89","12.56","89.94","1.025","193","198","116","741","62.46","375","306","288","56.56"
"668","Yan Kuznetsov","CGY","D","57","1038.6","1037","1133","47.79","730","778","48.41","503","512","49.56","35","48","42.17","47.69","53.54","47.11","466","605","43.51","198","224","46.92","17","19","47.22","268","381","41.29","10","23","30.30","606","587","50.80","6","6","50.00","6.96","90.63","0.976","111","245","153","945","42.05","326","358","297","52.33"
"329","Lawson Crouse","UTA","L","81","1037.7833333333","1081","962","52.91","770","697","52.49","510","452","53.01","66","49","57.39","58.7","52.78","52.66","512","467","52.30","234","204","53.42","30","32","48.39","278","263","51.39","24","9","72.73","649","565","53.46","9","8","52.94","12.94","89.16","1.021","199","283","180","793","52.51","369","364","353","51.11"
"326","Jeremy Lauzon","VGK","D","68","1037.2333333333","942","928","50.37","682","661","50.78","435","397","52.28","45","50","47.37","44.94","41.3","52.11","445","444","50.06","202","165","55.04","25","27","48.08","243","279","46.55","11","14","44.00","541","539","50.09","7","9","43.75","10.34","87.41","0.978","121","262","149","885","44.81","299","362","308","49.26"
"107","Vincent Trocheck","NYR","C","67","1036.3833333333","1023","990","50.82","692","746","48.12","406","478","45.93","53","65","44.92","49.83","70.02","41.58","486","487","49.95","198","196","50.25","20","34","37.04","288","291","49.74","19","16","54.29","629","523","54.60","13","8","61.90","13.05","86.40","0.995","159","199","153","778","50.96","340","296","315","51.91"
"855","Leo Carlsson","ANA","C","70","1035.7666666667","1256","946","57.04","928","704","56.86","600","431","58.20","66","62","51.56","62.47","62.69","49.91","595","501","54.29","260","231","52.95","30","32","48.39","335","270","55.37","24","20","54.55","748","470","61.41","11","5","68.75","11.00","85.61","0.966","182","266","88","773","67.41","391","379","200","66.16"
"226","Bo Horvat","NYI","C","68","1033.9333333333","1153","1015","53.18","840","731","53.47","580","446","56.53","63","53","54.31","58.89","68.8","46.12","556","522","51.58","213","239","47.12","25","20","55.56","343","283","54.79","22","22","50.00","690","530","56.56","13","6","68.42","10.86","88.12","0.990","158","195","152","730","50.97","350","301","280","55.56"
"725","Logan Mailloux","STL","D","67","1032.95","896","962","48.22","630","715","46.84","406","452","47.32","41","51","44.57","46.29","50.9","47.63","443","442","50.06","179","212","45.78","22","31","41.51","264","230","53.44","12","10","54.55","508","551","47.97","5","10","33.33","10.10","88.72","0.988","149","227","119","791","55.60","318","296","253","55.69"
"585","Connor McMichael","WSH","C, L","78","1032.8666666667","985","1093","47.40","701","773","47.56","466","516","47.45","61","51","54.46","58.29","54.67","51.60","492","543","47.54","224","244","47.86","34","27","55.74","268","299","47.27","15","11","57.69","518","614","45.76","7","10","41.18","13.09","90.12","1.032","163","275","171","801","48.80","298","354","331","47.38"
"132","J.T. Miller","NYR","C","68","1031.9666666667","1049","1007","51.02","744","737","50.24","465","469","49.79","49","73","40.16","54.33","66.5","44.96","534","469","53.24","225","182","55.28","22","33","40.00","309","287","51.85","16","22","42.11","635","560","53.14","9","12","42.86","10.54","84.43","0.950","182","257","180","766","50.28","380","350","354","51.77"
"6","Anze Kopitar","L.A","C","67","1031.5","1057","966","52.25","744","665","52.80","456","432","51.35","56","35","61.54","50.11","45.97","52.15","457","437","51.12","175","179","49.44","35","12","74.47","282","258","52.22","12","12","50.00","715","547","56.66","7","7","50.00","12.28","91.90","1.042","213","168","133","714","61.56","400","265","314","56.02"
"90","Taylor Hall","CAR","L","80","1027.8666666667","1214","808","60.04","855","613","58.24","531","391","57.59","57","48","54.29","59.42","48.52","55.05","584","425","57.88","249","188","56.98","31","24","56.36","335","237","58.57","18","17","51.43","691","399","63.39","7","3","70.00","10.73","87.72","0.985","193","212","68","796","73.95","379","322","182","67.56"
"440","Eeli Tolvanen","SEA","R","78","1026.15","904","1185","43.27","636","842","43.03","408","538","43.13","38","55","40.86","37.01","60.06","38.13","376","520","41.96","123","228","35.04","14","27","34.15","253","292","46.42","10","12","45.45","586","759","43.57","13","14","48.15","9.31","89.78","0.991","152","203","223","818","40.53","261","273","414","38.67"
"889","Matvei Michkov","PHI","R","81","1024.8166666667","952","920","50.85","689","640","51.84","464","399","53.77","54","49","52.43","48.09","45.2","51.55","465","445","51.10","217","164","56.96","23","19","54.76","248","281","46.88","21","21","50.00","572","458","55.53","9","6","60.00","11.64","87.72","0.994","216","204","73","931","74.74","378","282","187","66.90"
"470","Noah Cates","PHI","L","82","1024.7","831","894","48.17","598","624","48.94","405","373","52.06","55","29","65.48","45.33","38.14","54.31","389","389","50.00","172","161","51.65","18","11","62.07","217","228","48.76","19","11","63.33","481","540","47.11","12","7","63.16","13.58","92.23","1.058","168","260","129","888","56.57","303","365","282","51.79"
"394","Samuel Girard","COL, PIT","D","60","1024.65","1077","924","53.82","759","664","53.34","493","404","54.96","57","41","58.16","50.19","42.16","54.34","523","426","55.11","212","192","52.48","29","21","58.00","311","234","57.06","15","12","55.56","595","555","51.74","13","7","65.00","11.56","89.85","1.014","99","158","133","764","42.67","281","283","288","49.38"
"503","Ty Emberson","EDM","D","72","1024.2333333333","810","936","46.39","592","636","48.21","383","370","50.86","34","35","49.28","37.5","41.01","47.76","373","454","45.10","168","173","49.27","15","14","51.72","205","281","42.18","14","13","51.85","443","542","44.97","5","8","38.46","8.88","90.54","0.994","81","228","156","849","34.18","222","313","297","42.77"
"359","Mason Marchment","CBJ, SEA","L","68","1023.25","1004","938","51.70","710","675","51.26","457","429","51.58","53","34","60.92","51.97","46.49","52.78","492","435","53.07","194","185","51.19","21","14","60.00","298","250","54.38","19","10","65.52","603","519","53.74","11","6","64.71","11.60","92.07","1.037","204","221","93","704","68.69","356","298","211","62.79"
"920","Ivan Demidov","MTL","R","82","1022.5333333333","923","1027","47.33","696","721","49.12","436","481","47.55","63","59","51.64","45.98","60.52","43.17","466","449","50.93","196","206","48.76","26","27","49.06","270","243","52.63","21","18","53.85","550","565","49.33","16","12","57.14","14.45","87.73","1.022","193","169","70","849","73.38","345","262","189","64.61"
"121","Ryan Nugent-Hopkins","EDM","C","72","1021.3166666667","1045","1055","49.76","752","783","48.99","512","483","51.46","53","57","48.18","57.18","58.98","49.22","528","528","50.00","254","203","55.58","29","29","50.00","274","325","45.74","16","22","42.11","600","566","51.46","6","4","60.00","10.35","88.20","0.986","180","196","116","740","60.81","342","269","250","57.77"
"874","Will Smith","S.J","C","69","1020.05","950","985","49.10","706","729","49.20","478","481","49.84","57","49","53.77","44.39","57.47","43.58","493","483","50.51","168","228","42.42","20","23","46.51","325","255","56.03","28","16","63.64","573","529","52.00","9","9","50.00","11.92","89.81","1.017","194","227","87","673","69.04","400","331","246","61.92"
"227","Valeri Nichushkin","COL","R","72","1015.9166666667","1230","927","57.02","888","692","56.20","600","454","56.93","65","50","56.52","68.96","46.81","59.57","572","416","57.89","255","171","59.86","28","22","56.00","317","245","56.41","19","10","65.52","700","572","55.03","16","14","53.33","10.83","88.99","0.998","162","222","147","759","52.43","317","326","321","49.69"
"14","Jonathan Toews","WPG","C","82","1015.5666666667","929","985","48.54","662","719","47.94","417","451","48.04","29","46","38.67","41.15","52.39","43.99","414","478","46.41","182","185","49.59","16","19","45.71","232","293","44.19","6","17","26.09","650","526","55.27","5","6","45.45","6.95","89.80","0.968","225","222","134","767","62.67","377","302","266","58.63"
"299","Pavel Zacha","BOS","C","78","1013.9333333333","969","1031","48.45","724","746","49.25","459","494","48.16","65","55","54.17","47","61.02","43.51","462","496","48.23","184","225","44.99","29","29","50.00","278","271","50.64","23","14","62.16","573","602","48.77","10","11","47.62","14.16","88.87","1.030","144","220","185","711","43.77","311","302","374","45.40"
"367","Auston Matthews","TOR","C","60","1011.8666666667","956","1101","46.48","738","805","47.83","493","537","47.86","64","63","50.39","56.65","62.1","47.70","509","540","48.52","229","237","49.14","34","27","55.74","280","303","48.03","17","14","54.84","573","605","48.64","7","14","33.33","12.98","88.27","1.012","188","226","133","656","58.57","372","317","322","53.60"
"806","Matt Savoie","EDM","C","82","1011.55","974","976","49.95","728","709","50.66","493","441","52.78","52","47","52.53","48.27","48.75","49.76","466","491","48.69","188","205","47.84","24","23","51.06","278","286","49.29","13","16","44.83","600","536","52.82","15","8","65.22","10.55","89.34","0.999","178","223","94","795","65.44","352","299","232","60.27"
"39","Marcus Johansson","MIN","L","75","1011.0333333333","1037","1015","50.54","763","733","51.00","508","469","52.00","61","43","58.65","52.28","45.43","53.50","482","473","50.47","212","178","54.36","30","22","57.69","270","295","47.79","21","10","67.74","595","608","49.46","8","8","50.00","12.01","90.83","1.028","130","227","143","663","47.62","292","317","310","48.50"
"809","Jimmy Snuggerud","STL","R","70","1009.9166666667","949","1032","47.91","673","756","47.10","445","486","47.80","57","39","59.38","51.64","52.79","49.45","493","477","50.82","192","204","48.48","27","19","58.70","301","273","52.44","25","10","71.43","527","625","45.75","4","8","33.33","12.81","91.98","1.048","193","199","148","776","56.60","323","272","292","52.52"
"322","Jack Roslovic","EDM","C","69","1007.8333333333","1058","950","52.69","769","707","52.10","526","423","55.43","47","54","46.53","45.97","50.4","47.70","494","486","50.41","190","204","48.22","15","23","39.47","304","282","51.88","18","19","48.65","656","505","56.50","14","10","58.33","8.94","87.23","0.962","184","217","121","700","60.33","363","288","238","60.40"
"485","Kiefer Sherwood","S.J, VAN","L","72","1007.05","1037","899","53.56","759","668","53.19","472","462","50.54","44","63","41.12","45.87","50.33","47.68","455","433","51.24","195","203","48.99","21","25","45.65","260","230","53.06","11","21","34.38","623","521","54.46","9","12","42.86","9.32","86.36","0.957","142","219","136","713","51.08","265","324","293","47.49"
"637","Seth Jarvis","CAR","C","71","1006.4","1223","811","60.13","917","620","59.66","575","412","58.26","55","56","49.55","63.17","52.89","54.43","540","430","55.67","204","200","50.50","22","31","41.51","336","230","59.36","23","18","56.10","804","427","65.31","9","3","75.00","9.57","86.41","0.960","227","205","103","683","68.79","427","290","244","63.64"
"504","Jack Drury","COL","C","82","1004.1333333333","1138","825","57.97","789","590","57.22","513","371","58.03","45","31","59.21","49.5","35.68","58.11","499","351","58.71","193","136","58.66","19","12","61.29","306","215","58.73","15","11","57.69","668","534","55.57","8","8","50.00","8.77","91.64","1.004","131","211","147","857","47.12","261","303","329","44.24"
"783","Marco Kasper","DET","C","81","992.16666666667","961","992","49.21","716","699","50.60","456","460","49.78","30","50","37.50","49.23","46.46","51.44","448","471","48.75","193","198","49.36","16","25","39.02","255","273","48.30","9","13","40.91","552","581","48.72","4","9","30.77","6.58","89.13","0.957","147","210","143","784","50.69","237","282","308","43.49"
"51","Chris Kreider","ANA","L","75","991.56666666667","1197","930","56.28","874","694","55.74","547","441","55.36","63","64","49.61","59.16","61.51","49.03","557","480","53.71","261","214","54.95","30","33","47.62","296","266","52.67","20","15","57.14","723","495","59.36","11","11","50.00","11.52","85.49","0.970","211","257","106","778","66.56","405","354","241","62.69"
"465","Eetu Luostarinen","FLA","C","73","988.33333333333","957","851","52.93","683","624","52.26","418","388","51.86","52","48","52.00","50.17","46.24","52.04","462","388","54.35","214","178","54.59","27","27","50.00","248","210","54.15","16","13","55.17","546","498","52.30","4","6","40.00","12.44","87.63","1.001","155","289","170","682","47.69","280","379","311","47.38"
"729","Mason McTavish","ANA","C","75","988","1166","1018","53.39","846","758","52.74","517","480","51.86","53","66","44.54","57.06","60.79","48.41","554","538","50.73","245","217","53.03","26","29","47.27","309","321","49.05","13","20","39.39","681","526","56.42","13","14","48.15","10.25","86.25","0.965","184","207","107","732","63.23","371","292","242","60.52"
"676","Marat Khusnutdinov","BOS","C","77","987.5","885","986","47.30","633","726","46.58","407","467","46.57","52","40","56.52","41.47","53.56","43.64","411","469","46.70","163","216","43.01","23","20","53.49","248","253","49.50","19","10","65.52","515","574","47.29","9","10","47.37","12.78","91.43","1.042","167","212","127","744","56.80","299","301","289","50.85"
"376","Sam Steel","DAL","C","73","987.4","803","936","46.18","573","647","46.97","368","423","46.52","41","38","51.90","43.7","43.27","50.25","424","433","49.47","177","172","50.72","21","15","58.33","247","261","48.62","10","15","40.00","458","528","46.45","9","6","60.00","11.14","91.02","1.022","154","220","128","718","54.61","290","303","257","53.02"
"418","Trevor Moore","L.A","L","69","987.3","1057","905","53.87","731","651","52.89","455","410","52.60","41","42","49.40","47.41","39.6","54.49","469","402","53.85","217","166","56.66","20","18","52.63","252","236","51.64","12","13","48.00","608","579","51.22","8","10","44.44","9.01","89.76","0.988","129","234","183","688","41.35","265","336","339","43.87"
"13","Jordan Staal","CAR","C","75","987.01666666667","1113","796","58.30","790","578","57.75","484","375","56.34","50","48","51.02","57","44.73","56.03","497","405","55.10","224","182","55.17","23","26","46.94","273","223","55.04","15","15","50.00","678","471","59.01","11","6","64.71","10.33","87.20","0.975","198","332","204","606","49.25","342","434","388","46.85"
"64","Nick Jensen","OTT","D","61","984.51666666667","873","937","48.23","631","679","48.17","429","429","50.00","51","55","48.11","43.23","44.53","49.26","441","423","51.04","175","181","49.16","25","25","50.00","266","242","52.36","18","21","46.15","479","542","46.91","8","9","47.06","11.89","87.18","0.991","98","191","105","966","48.28","238","297","240","49.79"
"240","Trevor van Riemsdyk","WSH","D","68","982.6","894","977","47.78","636","667","48.81","402","428","48.43","42","38","52.50","49.6","46.83","51.44","443","449","49.66","214","197","52.07","25","19","56.82","229","252","47.61","10","10","50.00","484","565","46.14","7","9","43.75","10.45","91.12","1.016","69","204","129","768","34.85","207","338","288","41.82"
"347","Conor Garland","CBJ, VAN","R","71","979.66666666667","977","1067","47.80","715","781","47.79","468","494","48.65","32","53","37.65","47.74","57.88","45.20","497","506","49.55","196","231","45.90","11","26","29.73","301","275","52.26","15","13","53.57","543","626","46.45","6","10","37.50","6.84","89.27","0.961","161","226","168","629","48.94","272","288","343","44.23"
"738","Oliver Kapanen","MTL","C","82","978.25","814","1084","42.89","613","771","44.29","383","518","42.51","56","51","52.34","44.11","56.58","43.81","408","520","43.97","169","250","40.33","24","25","48.98","239","270","46.95","17","18","48.57","487","591","45.18","12","7","63.16","14.62","90.15","1.048","192","167","95","761","66.90","311","259","231","57.38"
"222","Elias Lindholm","BOS","C","69","977.1","932","1064","46.69","654","764","46.12","411","473","46.49","51","54","48.57","51.14","59.15","46.37","419","502","45.49","178","214","45.41","18","18","50.00","241","288","45.56","19","17","52.78","614","628","49.44","12","17","41.38","12.41","88.58","1.010","207","181","158","650","56.71","377","284","356","51.43"
"99","John Klingberg","S.J","D","56","976.78333333333","931","959","49.26","669","721","48.13","433","490","46.91","53","60","46.90","45.02","52.71","46.07","478","469","50.48","191","196","49.35","32","26","55.17","287","273","51.25","14","21","40.00","511","547","48.30","7","10","41.18","12.24","87.76","1.000","121","187","118","665","50.63","318","286","284","52.82"
"388","Jordan Kyrou","STL","R","72","975.36666666667","967","790","55.04","702","582","54.67","466","398","53.94","46","50","47.92","52.06","40.62","56.17","527","346","60.37","206","142","59.20","23","27","46.00","321","204","61.14","17","11","60.71","544","454","54.51","6","9","40.00","9.87","87.44","0.973","187","212","82","833","69.52","340","289","178","65.64"
"332","Joel Eriksson Ek","MIN","C","70","974.45","999","988","50.28","737","723","50.48","480","458","51.17","59","44","57.28","53.95","53.69","50.12","461","470","49.52","195","202","49.12","30","15","66.67","266","268","49.81","15","15","50.00","589","625","48.52","9","10","47.37","12.29","90.39","1.027","131","237","159","575","45.17","309","351","346","47.18"
"170","Jordan Martinook","CAR","L","77","973.15","1119","777","59.02","775","568","57.71","478","379","55.78","51","48","51.52","54.6","41.15","57.02","494","399","55.32","223","175","56.03","19","25","43.18","271","224","54.75","19","16","54.29","676","455","59.77","12","6","66.67","10.67","87.34","0.980","197","311","186","625","51.44","335","409","353","48.69"
"21","Patrick Kane","DET","R","67","972.33333333333","1056","978","51.92","803","677","54.26","547","458","54.43","54","54","50.00","54.77","51.81","51.39","483","467","50.84","201","176","53.32","21","26","44.68","282","291","49.21","20","14","58.82","657","542","54.80","10","8","55.56","9.87","88.21","0.981","175","198","123","735","58.72","346","282","267","56.44"
"136","Phillip Danault","L.A, MTL","C","75","971.23333333333","929","942","49.65","634","651","49.34","395","406","49.31","37","42","46.84","47.21","51.41","47.87","409","426","48.98","186","208","47.21","14","28","33.33","223","218","50.57","13","10","56.52","553","574","49.07","8","4","66.67","9.37","89.66","0.990","151","201","208","621","42.06","260","301","379","40.69"
"932","Ben Kindel","PIT","C","77","969.8","1026","897","53.35","734","634","53.65","501","400","55.60","41","44","48.24","50.4","47.53","51.46","530","464","53.32","217","184","54.11","16","22","42.11","313","280","52.78","12","12","50.00","541","476","53.20","12","7","63.16","8.18","89.00","0.972","142","204","102","732","58.20","275","272","211","56.58"
"246","Sam Reinhart","FLA","C","64","969.06666666667","955","893","51.68","694","664","51.10","432","426","50.35","42","59","41.58","46.97","60.13","43.85","450","407","52.51","191","189","50.26","17","29","36.96","259","218","54.30","15","19","44.12","592","526","52.95","6","9","40.00","9.72","86.15","0.959","171","225","160","628","51.66","324","319","291","52.68"
"337","Yakov Trenin","MIN","C","82","968.45","841","1013","45.36","625","706","46.96","412","463","47.09","44","32","57.89","45.81","43.88","51.07","421","481","46.67","183","180","50.41","21","12","63.64","238","301","44.16","11","10","52.38","433","597","42.04","11","10","52.38","10.68","93.09","1.038","78","161","140","716","35.78","197","263","329","37.45"
"446","Robert Thomas","STL","C","64","968.4","939","893","51.26","671","661","50.38","448","452","49.78","65","44","59.63","57.46","48.96","53.99","528","419","55.76","209","183","53.32","29","20","59.18","319","236","57.48","24","11","68.57","496","542","47.78","9","11","45.00","14.51","90.27","1.048","201","179","188","666","51.67","350","257","327","51.70"
"873","Axel Sandin-Pellikka","DET","D","68","963.93333333333","947","944","50.08","677","693","49.42","436","435","50.06","33","52","38.82","43.16","48.86","46.90","400","475","45.71","183","216","45.86","17","25","40.48","217","259","45.59","8","15","34.78","612","521","54.02","8","11","42.11","7.57","88.05","0.956","142","180","135","762","51.26","336","277","279","54.63"
"825","Elias Pettersson","VAN","D","70","962.93333333333","760","996","43.28","559","721","43.67","358","453","44.14","31","49","38.75","34.98","51.32","40.53","340","507","40.14","148","221","40.11","13","24","35.14","192","286","40.17","11","18","37.93","447","532","45.66","7","7","50.00","8.66","89.18","0.978","98","205","139","850","41.35","211","288","298","41.45"
"158","Teuvo Teravainen","CHI","C","75","962.85","821","921","47.13","603","693","46.53","381","453","45.68","28","58","32.56","37.07","53.59","40.89","347","459","43.05","146","201","42.07","17","31","35.42","201","258","43.79","6","15","28.57","515","526","49.47","3","9","25.00","7.35","87.20","0.945","144","203","132","723","52.17","267","318","292","47.76"
"466","Fabian Zetterlund","OTT","L","82","958.76666666667","969","866","52.81","706","610","53.65","454","385","54.11","45","44","50.56","46.86","42.43","52.48","468","407","53.49","192","169","53.19","22","21","51.16","276","238","53.70","16","18","47.06","571","483","54.17","7","5","58.33","9.91","88.57","0.985","184","235","85","940","68.40","272","304","203","57.26"
"111","Blake Coleman","CGY","L","69","955.88333333333","964","908","51.50","701","653","51.77","484","423","53.36","51","41","55.43","51.15","43.2","54.21","440","407","51.95","207","172","54.62","27","16","62.79","233","235","49.79","10","15","40.00","514","626","45.09","9","8","52.94","10.54","90.31","1.008","96","241","251","696","27.67","219","337","434","33.54"
"338","Anthony Cirelli","T.B","C","71","955.38333333333","1137","878","56.43","821","654","55.66","538","437","55.18","76","42","64.41","74.39","53.56","58.14","567","433","56.70","259","191","57.56","41","19","68.33","308","242","56.00","21","15","58.33","637","516","55.25","12","1","92.31","14.13","90.39","1.045","181","200","152","666","54.35","326","275","298","52.24"
"339","Evan Rodrigues","FLA","C","69","953.15","1022","827","55.27","746","612","54.93","477","384","55.40","38","54","41.30","49.03","45.32","51.97","464","367","55.84","206","172","54.50","24","31","43.64","258","195","56.95","9","15","37.50","603","513","54.03","3","8","27.27","7.97","85.94","0.939","154","202","126","706","55.00","278","275","250","52.65"
"435","Casey Mittelstadt","BOS","C","71","952.95","916","907","50.25","687","661","50.96","429","440","49.37","61","47","56.48","45.62","49.73","47.85","440","428","50.69","175","200","46.67","27","23","54.00","265","228","53.75","22","11","66.67","533","541","49.63","9","11","45.00","14.22","89.32","1.035","130","195","173","657","42.90","271","271","333","44.87"
"112","Jean-Gabriel Pageau","NYI","C","74","952.4","844","984","46.17","631","720","46.71","390","465","45.61","41","46","47.13","46.62","57.36","44.84","413","475","46.51","183","211","46.45","24","21","53.33","230","264","46.56","10","16","38.46","519","566","47.83","6","8","42.86","10.51","90.11","1.006","168","204","175","701","48.98","295","291","351","45.67"
"719","Mackie Samoskevich","FLA","R","77","950.3","1065","785","57.57","779","591","56.86","453","391","53.67","37","41","47.44","52.05","46.49","52.82","490","362","57.51","222","167","57.07","20","21","48.78","268","195","57.88","12","13","48.00","604","476","55.93","5","5","50.00","8.17","89.51","0.977","150","233","120","765","55.56","273","329","244","52.80"
"549","Jonathan Aspirot","BOS","D","61","950.16666666667","889","952","48.29","661","684","49.14","420","424","49.76","58","30","65.91","44.08","45.67","49.11","396","440","47.37","170","189","47.35","25","14","64.10","226","251","47.38","24","10","70.59","519","576","47.40","7","6","53.85","13.81","92.92","1.067","93","201","144","759","39.24","258","302","316","44.95"
"464","Neal Pionk","WPG","D","51","949.86666666667","922","936","49.62","668","671","49.89","419","441","48.72","40","41","49.38","44.29","50.88","46.53","436","469","48.18","176","209","45.71","21","15","58.33","260","260","50.00","11","16","40.74","567","495","53.39","6","8","42.86","9.55","90.70","1.002","111","185","114","744","49.33","298","276","236","55.81"
"75","Tyler Toffoli","S.J","C","79","948.5","899","960","48.36","637","686","48.15","427","430","49.82","48","56","46.15","40.53","52.25","43.68","424","428","49.77","169","186","47.61","17","25","40.48","255","242","51.31","20","15","57.14","539","601","47.28","11","11","50.00","11.24","86.98","0.982","160","211","132","758","54.79","326","287","307","51.50"
"102","Ondrej Palat","N.J, NYI","L","80","947.23333333333","887","911","49.33","637","638","49.96","431","415","50.95","41","51","44.57","39.92","46.41","46.24","405","435","48.21","160","181","46.92","20","19","51.28","245","254","49.10","10","22","31.25","530","519","50.52","9","8","52.94","9.51","87.71","0.972","157","214","149","789","51.31","273","293","266","50.65"
"88","Zach Hyman","EDM","L","58","947.2","1029","922","52.74","784","688","53.26","514","445","53.60","68","53","56.20","67.93","55.23","55.15","574","473","54.82","277","193","58.94","36","27","57.14","297","280","51.47","17","17","50.00","561","478","53.99","11","7","61.11","13.23","88.09","1.013","156","181","78","679","66.67","324","256","193","62.67"
"154","Zemgus Girgensons","T.B","C","74","946.31666666667","814","817","49.91","586","588","49.91","355","382","48.17","31","30","50.82","42.66","38.98","52.26","384","364","51.34","162","153","51.43","15","14","51.72","222","211","51.27","12","8","60.00","433","574","43.00","3","8","27.27","8.73","92.15","1.009","125","328","197","619","38.82","201","397","341","37.08"
"85","Vladimir Tarasenko","MIN","R","75","945.78333333333","874","1062","45.14","635","728","46.59","417","475","46.75","40","47","45.98","46.4","54.07","46.18","438","489","47.25","183","187","49.46","17","20","45.95","255","302","45.78","13","14","48.15","478","654","42.23","8","10","44.44","9.59","90.11","0.997","128","201","142","648","47.41","313","318","344","47.64"
"243","Frederic Gaudreau","SEA","C","68","940.43333333333","733","1059","40.90","525","740","41.50","335","457","42.30","36","37","49.32","33.9","47.86","41.46","318","466","40.56","122","213","36.42","19","19","50.00","196","253","43.65","8","6","57.14","401","720","35.77","8","11","42.11","10.75","91.90","1.026","96","191","312","659","23.53","165","252","489","25.23"
"628","Connor Zary","CGY","C","74","939.21666666667","893","885","50.22","625","648","49.10","434","414","51.18","35","41","46.05","40.98","44.87","47.73","399","441","47.50","164","192","46.07","17","14","54.84","235","249","48.55","10","19","34.48","500","497","50.15","7","4","63.64","8.06","90.10","0.982","127","193","134","754","48.66","267","279","258","50.86"
"726","Zachary Bolduc","MTL","R","78","937.38333333333","854","884","49.14","612","607","50.21","376","396","48.70","38","41","48.10","44.19","44.95","49.57","427","404","51.38","175","177","49.72","16","19","45.71","252","227","52.61","14","14","50.00","461","487","48.63","8","6","57.14","10.11","89.65","0.998","137","212","127","653","51.89","236","292","258","47.77"
"281","Michael Bunting","DAL, NSH","L","74","935.15","988","905","52.19","693","685","50.29","436","468","48.23","40","62","39.22","46.63","48.5","49.02","438","409","51.71","190","169","52.92","18","31","36.73","248","240","50.82","14","17","45.16","608","536","53.15","7","13","35.00","9.17","86.75","0.959","153","160","86","762","64.02","321","241","229","58.36"
"614","Arseny Gritsyuk","N.J","R","66","932.2","1088","765","58.72","799","559","58.84","517","368","58.42","43","45","48.86","47.83","43.46","52.39","500","375","57.14","184","163","53.03","21","26","44.68","316","212","59.85","16","9","64.00","627","419","59.94","6","7","46.15","8.32","87.77","0.961","125","188","132","700","48.64","268","274","236","53.17"
"412","Michael Carcone","UTA","L","79","929.25","1085","789","57.90","749","585","56.15","443","364","54.89","41","37","52.56","53.31","42.61","55.58","469","378","55.37","220","172","56.12","20","22","47.62","249","206","54.73","11","12","47.83","623","473","56.84","9","3","75.00","9.26","89.84","0.991","134","256","136","776","49.63","239","320","267","47.23"
"221","Seth Jones","FLA","D","52","927.26666666667","939","868","51.96","678","644","51.29","415","417","49.88","43","46","48.31","48.32","53.55","47.43","445","408","52.17","205","184","52.70","26","25","50.98","240","224","51.72","10","11","47.62","547","507","51.90","6","9","40.00","10.36","88.97","0.993","122","228","142","642","46.21","285","331","274","50.98"
"238","Joel Hanley","CGY","D","68","927.18333333333","934","793","54.08","640","557","53.47","432","380","53.20","26","34","43.33","37.61","36.88","50.49","416","365","53.27","143","176","44.83","9","17","34.62","273","189","59.09","14","12","53.85","579","426","57.61","3","5","37.50","6.02","91.05","0.971","117","163","117","983","50.00","306","249","204","60.00"
"797","Frank Nazar","CHI","C","66","927.13333333333","806","960","45.64","599","719","45.45","368","465","44.18","37","59","38.54","35.87","54.8","39.56","381","491","43.69","153","209","42.27","26","29","47.27","228","282","44.71","7","17","29.17","479","517","48.09","4","10","28.57","10.05","87.31","0.974","160","179","144","646","52.63","286","263","295","49.23"
"629","Dylan Holloway","STL","L","59","926.71666666667","893","882","50.31","643","649","49.77","437","443","49.66","59","45","56.73","48.62","45.95","51.41","484","419","53.60","176","180","49.44","28","20","58.33","308","239","56.31","26","14","65.00","503","487","50.81","5","9","35.71","13.50","89.84","1.033","177","173","115","658","60.62","306","245","224","57.74"
"116","Boone Jenner","CBJ","C","67","926.65","1024","969","51.38","681","683","49.93","448","430","51.03","46","42","52.27","49.85","47.54","51.19","477","432","52.48","200","189","51.41","24","17","58.54","277","243","53.27","11","14","44.00","560","563","49.87","8","9","47.06","10.27","90.23","1.005","139","195","148","670","48.43","264","277","290","47.65"
"692","Adam Wilsby","NSH","D","58","925.56666666667","875","839","51.05","625","636","49.56","412","411","50.06","37","37","50.00","42.14","44.73","48.51","393","398","49.68","167","174","48.97","17","22","43.59","226","224","50.22","12","7","63.16","516","524","49.62","8","8","50.00","8.98","91.00","1.000","86","195","124","764","40.95","232","294","303","43.36"
"537","Spencer Stastney","EDM, NSH","D","66","924.01666666667","841","813","50.85","607","583","51.01","392","381","50.71","28","40","41.18","40.37","39.4","50.61","385","420","47.83","181","198","47.76","17","22","43.59","204","222","47.89","7","12","36.84","520","467","52.68","3","6","33.33","7.14","89.50","0.966","109","203","119","825","47.81","266","299","272","49.44"
"577","Drew Helleson","ANA","D","60","923.66666666667","879","915","49.00","647","662","49.43","409","441","48.12","43","50","46.24","42.64","48.01","47.04","423","468","47.47","176","214","45.13","20","24","45.45","247","254","49.30","16","17","48.48","499","499","50.00","6","8","42.86","10.51","88.66","0.992","124","199","129","782","49.01","296","300","261","53.14"
"911","Justin Hryckowian","DAL","C","81","921.78333333333","720","777","48.10","525","542","49.20","361","335","51.87","38","36","51.35","43.16","35.33","54.98","354","339","51.08","179","143","55.59","24","21","53.33","175","196","47.17","7","8","46.67","391","468","45.52","6","6","50.00","10.53","89.25","0.998","87","205","119","753","42.23","177","286","244","42.04"
"456","Ryan Poehling","ANA","C","75","919.2","917","954","49.01","653","678","49.06","405","432","48.39","49","44","52.69","43.29","47.16","47.86","405","475","46.02","179","203","46.86","27","24","52.94","226","272","45.38","12","15","44.44","514","589","46.60","8","5","61.54","12.10","89.81","1.019","127","232","193","700","39.69","234","311","351","40.00"
"65","Nic Dowd","VGK, WSH","C","75","919.01666666667","813","873","48.22","573","604","48.68","354","392","47.45","25","30","45.45","38.46","39.65","49.24","371","405","47.81","158","179","46.88","13","17","43.33","213","226","48.52","5","7","41.67","431","550","43.93","6","6","50.00","7.06","92.35","0.994","71","253","218","682","24.57","136","319","374","26.67"
"648","Anton Lundell","FLA","C","64","918.75","913","818","52.74","672","640","51.22","407","413","49.63","45","55","45.00","46.31","56.55","45.02","412","373","52.48","177","178","49.86","20","26","43.48","235","195","54.65","13","18","41.94","552","491","52.92","6","10","37.50","11.06","86.68","0.977","154","250","167","607","47.98","292","345","300","49.32"
"110","Nick Cousins","OTT","C","81","918.68333333333","845","781","51.97","606","543","52.74","389","316","55.18","36","28","56.25","40.49","34.2","54.21","399","332","54.58","173","141","55.10","18","17","51.43","226","191","54.20","12","6","66.67","441","449","49.55","6","5","54.55","9.25","91.14","1.004","116","233","85","953","57.71","172","297","183","48.45"
"208","Michael McCarron","MIN, NSH","C","79","918.56666666667","796","867","47.87","594","612","49.25","378","394","48.96","25","43","36.76","42.04","38.89","51.95","366","375","49.39","180","154","53.89","10","19","34.48","186","221","45.70","7","17","29.17","412","588","41.20","6","6","50.00","6.61","89.09","0.957","60","213","186","725","24.39","164","300","406","28.77"
"109","Adam Lowry","WPG","C","70","917.9","820","795","50.77","595","593","50.08","375","362","50.88","32","40","44.44","42.09","42.14","49.97","388","388","50.00","166","178","48.26","17","20","45.95","222","210","51.39","7","14","33.33","492","498","49.70","6","5","54.55","8.53","88.95","0.975","128","235","230","669","35.75","228","308","356","39.04"
"308","A.J. Greer","FLA","L","78","914.7","924","759","54.90","665","557","54.42","409","352","53.75","51","37","57.95","45.53","37.43","54.88","437","361","54.76","184","155","54.28","25","25","50.00","253","206","55.12","16","9","64.00","512","433","54.18","9","3","75.00","12.47","89.49","1.020","165","201","103","771","61.57","288","291","222","56.47"
"529","Tyler Tucker","STL","D","69","912.66666666667","809","787","50.69","594","587","50.30","387","362","51.67","45","51","46.88","39.8","37.58","51.44","402","362","52.62","163","164","49.85","17","28","37.78","239","198","54.69","19","11","63.33","434","451","49.04","9","12","42.86","11.63","85.91","0.975","91","197","103","797","46.91","207","281","211","49.52"
"527","Pontus Holmberg","T.B","R","70","912.05","854","720","54.26","610","529","53.56","380","345","52.41","35","34","50.72","42.22","31.57","57.22","401","307","56.64","181","125","59.15","19","15","55.88","220","182","54.73","10","10","50.00","458","524","46.64","5","8","38.46","9.21","90.14","0.994","127","305","175","591","42.05","200","371","315","38.83"
"609","Matias Maccelli","TOR","L","71","910.43333333333","813","920","46.91","622","668","48.22","394","458","46.24","43","64","40.19","41.11","47.37","46.46","418","454","47.94","180","184","49.45","23","30","43.40","238","270","46.85","13","22","37.14","491","494","49.85","7","8","46.67","10.91","86.03","0.969","145","188","91","737","61.44","304","261","216","58.46"
"306","Erik Cernak","T.B","D","61","909.65","782","836","48.33","552","595","48.13","344","390","46.87","43","43","50.00","49.05","34.86","58.45","382","366","51.07","165","144","53.40","24","19","55.81","217","222","49.43","16","11","59.26","424","581","42.19","3","13","18.75","12.50","88.97","1.015","94","245","163","731","36.58","223","327","321","40.99"
"662","Cole Perfetti","WPG","C","68","908.36666666667","905","811","52.74","642","603","51.57","394","374","51.30","35","41","46.05","41.54","40.8","50.45","422","379","52.68","173","163","51.49","21","21","50.00","249","216","53.55","7","11","38.89","583","456","56.11","6","7","46.15","8.88","89.04","0.979","166","198","123","628","57.44","294","251","234","55.68"
"274","Brayden Point","T.B","C","63","907.61666666667","952","840","53.13","692","637","52.07","442","430","50.69","64","47","57.66","46.89","44.54","51.28","486","382","55.99","191","159","54.57","28","21","57.14","295","223","56.95","27","13","67.50","577","513","52.94","9","7","56.25","14.48","89.07","1.035","221","163","94","665","70.16","371","242","231","61.63"
"811","Danila Yurov","MIN","R","73","906.03333333333","777","902","46.28","581","640","47.58","396","444","47.14","38","44","46.34","37.58","37.95","49.75","374","422","46.98","155","148","51.16","18","19","48.65","219","274","44.42","11","18","37.93","439","528","45.40","9","6","60.00","9.60","90.09","0.997","118","166","89","675","57.00","272","279","225","54.73"
"315","Brandon Carlo","TOR","D","55","905.6","795","1056","42.95","598","761","44.00","391","512","43.30","48","47","50.53","41.51","45.39","47.76","360","481","42.81","148","203","42.17","23","22","51.11","212","278","43.27","15","18","45.45","443","626","41.44","6","6","50.00","12.28","90.82","1.031","103","240","137","839","42.92","206","338","295","41.12"
"865","Ryan Leonard","WSH","R","75","904.73333333333","838","949","46.89","612","660","48.11","385","410","48.43","45","36","55.56","41.18","51.98","44.20","398","469","45.91","162","199","44.88","23","15","60.53","236","270","46.64","17","9","65.38","456","512","47.11","5","8","38.46","11.69","91.22","1.029","114","229","129","720","46.91","214","293","249","46.22"
"275","Jake Walman","EDM","D","53","904.11666666667","873","938","48.21","629","665","48.61","427","412","50.89","39","58","40.21","38.09","46.43","45.07","382","493","43.66","167","200","45.50","14","23","37.84","215","293","42.32","15","24","38.46","566","482","54.01","10","10","50.00","9.13","85.92","0.951","119","168","104","695","53.36","305","248","223","57.77"
"138","Rickard Rakell","PIT","R","60","904.08333333333","902","908","49.83","646","669","49.13","423","412","50.66","53","51","50.96","47.21","56.43","45.55","441","452","49.38","212","199","51.58","27","22","55.10","229","253","47.51","18","12","60.00","548","499","52.34","7","12","36.84","12.53","87.62","1.002","185","245","93","573","66.55","380","324","245","60.80"
"342","Kevin Stenlund","UTA","C","80","903.36666666667","791","881","47.31","545","596","47.77","314","386","44.86","28","41","40.58","38.77","42.96","47.44","334","394","45.88","129","177","42.16","9","20","31.03","205","217","48.58","10","12","45.45","470","560","45.63","6","8","42.86","8.92","89.38","0.983","133","223","242","723","35.47","224","293","435","33.99"
"511","Jack McBain","UTA","C","75","902.28333333333","985","864","53.27","670","626","51.70","420","405","50.91","47","38","55.29","53.67","44.31","54.78","452","429","51.31","228","183","55.47","24","20","54.55","224","246","47.66","9","12","42.86","556","510","52.16","11","6","64.71","11.19","90.62","1.018","142","226","161","748","46.86","258","289","305","45.83"
"634","Jake Neighbours","STL","L","69","902.26666666667","800","822","49.32","582","616","48.58","381","388","49.54","46","51","47.42","40.12","44","47.69","402","366","52.34","156","143","52.17","24","20","54.55","246","223","52.45","13","18","41.94","479","490","49.43","8","10","44.44","12.07","86.86","0.989","168","185","132","740","56.00","303","260","243","55.49"
"810","Shane Wright","SEA","C","74","901.01666666667","805","929","46.42","598","645","48.11","391","413","48.63","34","27","55.74","39.32","40.93","48.99","366","392","48.28","153","161","48.73","17","14","54.84","213","231","47.97","10","5","66.67","498","523","48.78","7","7","50.00","8.70","93.46","1.022","211","175","62","770","77.29","327","221","162","66.87"
"655","Emil Andrae","PHI","D","61","900.41666666667","780","791","49.65","550","570","49.11","364","359","50.35","39","24","61.90","38.35","35.51","51.92","377","386","49.41","181","157","53.55","23","10","69.70","196","229","46.12","9","11","45.00","450","434","50.90","6","3","66.67","10.71","93.31","1.040","110","135","77","864","58.82","254","234","201","55.82"
"220","Jonathan Drouin","NYI, STL","L","64","897.48333333333","895","818","52.25","671","590","53.21","430","387","52.63","30","31","49.18","45.99","48.4","48.72","414","411","50.18","152","183","45.37","14","17","45.16","262","228","53.47","12","9","57.14","556","442","55.71","4","3","57.14","6.98","91.99","0.990","150","198","109","654","57.92","281","268","233","54.67"
"324","Nicolas Roy","COL, TOR","C","74","896.5","813","936","46.48","568","670","45.88","355","436","44.88","39","39","50.00","36.97","43.41","45.99","384","425","47.47","149","185","44.61","19","18","51.35","235","240","49.47","12","13","48.00","451","547","45.19","8","4","66.67","10.99","91.06","1.020","88","174","163","742","35.06","175","254","316","35.64"
"570","Bobby Brink","MIN, PHI","R","68","894.71666666667","753","791","48.77","536","540","49.81","351","335","51.17","32","37","46.38","38.08","38.88","49.48","358","360","49.86","155","140","52.54","15","15","50.00","203","220","47.99","16","15","51.61","416","448","48.15","0","6","0.00","9.12","88.96","0.981","120","190","91","724","56.87","248","269","209","54.27"
"286","Victor Olofsson","CGY, COL","L","78","894.55","983","805","54.98","710","586","54.78","484","366","56.94","40","31","56.34","42.45","38.41","52.49","436","362","54.64","168","152","52.50","19","17","52.78","268","210","56.07","13","8","61.90","607","478","55.94","6","5","54.55","8.26","91.53","0.998","153","198","115","758","57.09","287","258","250","53.45"
"587","Nicholas Robertson","TOR","L","78","893.86666666667","773","976","44.20","583","720","44.74","369","475","43.72","38","51","42.70","35.76","48.53","42.43","361","439","45.13","160","187","46.11","20","26","43.48","201","252","44.37","10","16","38.46","456","567","44.57","8","6","57.14","10.30","89.26","0.996","120","186","108","736","52.63","215","266","250","46.24"
"11","Jeff Petry","FLA, MIN","D","67","893.1","872","813","51.75","624","591","51.36","381","369","50.80","32","48","40.00","42.11","38.08","52.51","410","351","53.88","181","138","56.74","17","23","42.50","229","213","51.81","11","14","44.00","484","487","49.85","4","11","26.67","8.40","86.99","0.954","123","188","79","771","60.89","252","329","208","54.78"
"311","Keegan Kolesar","VGK","R","82","892.46666666667","788","797","49.72","561","564","49.87","362","348","50.99","28","43","39.44","38.77","37.09","51.11","363","388","48.34","161","161","50.00","16","16","50.00","202","227","47.09","6","19","24.00","434","452","48.98","4","8","33.33","7.73","87.64","0.954","101","272","151","756","40.08","190","362","275","40.86"
"71","Mats Zuccarello","MIN","R","59","883.8","910","882","50.78","686","635","51.93","441","424","50.98","44","48","47.83","48.19","42.95","52.87","470","406","53.65","190","180","51.35","22","32","40.74","280","226","55.34","13","9","59.09","507","503","50.20","9","5","64.29","9.98","88.68","0.987","150","178","83","551","64.38","349","288","219","61.44"
"167","Shayne Gostisbehere","CAR","D","55","880.58333333333","1021","698","59.39","762","524","59.25","495","323","60.51","55","43","56.12","49.5","43.63","53.15","483","351","57.91","200","163","55.10","25","20","55.56","283","188","60.08","24","19","55.81","642","375","63.13","6","2","75.00","11.11","86.69","0.978","180","179","66","657","73.17","397","298","168","70.27"
"680","Gage Goncalves","T.B","C","74","879.73333333333","825","731","53.02","592","543","52.16","376","351","51.72","61","35","63.54","42.7","31.65","57.43","411","331","55.39","179","119","60.07","35","15","70.00","232","212","52.25","17","17","50.00","455","443","50.67","9","3","75.00","16.22","90.03","1.063","172","199","85","668","66.93","262","267","183","58.88"
"532","Linus Karlsson","VAN","C","79","879.53333333333","836","794","51.29","608","577","51.31","385","382","50.20","40","66","37.74","43.45","42.19","50.74","401","399","50.13","202","172","54.01","20","33","37.74","199","227","46.71","15","20","42.86","447","442","50.28","5","12","29.41","10.39","82.72","0.931","133","187","109","799","54.96","216","234","230","48.43"
"704","Kent Johnson","CBJ","C","76","878.8","920","842","52.21","628","605","50.93","417","366","53.26","35","42","45.45","39.87","38.91","50.61","408","390","51.13","159","174","47.75","15","21","41.67","249","216","53.55","12","14","46.15","541","482","52.88","6","6","50.00","8.39","88.52","0.969","150","180","107","667","58.37","262","250","225","53.80"
"252","Kevin Fiala","L.A","L","56","877.85","910","777","53.94","632","557","53.15","392","351","52.76","30","38","44.12","42","40.16","51.12","426","388","52.33","176","167","51.31","22","19","53.66","250","221","53.08","6","12","33.33","530","420","55.79","2","4","33.33","7.65","89.17","0.968","130","165","103","607","55.79","300","267","237","55.87"
"858","Dalibor Dvorsky","STL","R","71","877.48333333333","745","817","47.70","542","585","48.09","374","385","49.28","32","37","46.38","32.91","39.39","45.52","337","381","46.94","126","168","42.86","13","17","43.33","211","213","49.76","14","12","53.85","478","475","50.16","5","8","38.46","8.56","90.39","0.989","171","197","104","710","62.18","293","250","209","58.37"
"689","Yegor Chinakhov","CBJ, PIT","R","72","875.86666666667","850","860","49.71","616","640","49.04","398","394","50.25","46","45","50.55","40.73","46.73","46.57","417","420","49.82","182","174","51.12","19","17","52.78","235","246","48.86","19","14","57.58","468","459","50.49","8","10","44.44","11.56","88.58","1.001","144","191","74","723","66.06","293","274","187","61.04"
"433","Cody Glass","N.J","C","70","875.58333333333","819","775","51.38","588","554","51.49","386","372","50.92","40","36","52.63","37.92","39.49","48.98","371","376","49.67","149","162","47.91","21","15","58.33","222","214","50.92","12","13","48.00","506","441","53.43","7","7","50.00","10.36","90.32","1.007","159","214","187","646","45.95","272","292","317","46.18"
"100","Mark Stone","VGK","R","60","875.5","964","737","56.67","706","512","57.96","464","322","59.03","66","40","62.26","48.23","37.15","56.49","482","330","59.36","195","121","61.71","38","19","66.67","287","209","57.86","17","13","56.67","545","411","57.01","7","6","53.85","14.22","87.58","1.018","161","174","94","613","63.14","354","264","225","61.14"
"525","Connor Dewar","PIT","C","78","874.28333333333","834","837","49.91","605","600","50.21","378","391","49.15","48","34","58.54","43.4","39.26","52.50","402","372","51.94","177","177","50.00","22","19","53.66","225","195","53.57","16","8","66.67","382","600","38.90","6","7","46.15","12.70","91.30","1.040","37","192","279","647","11.71","98","256","433","18.46"
"677","Ian Moore","ANA","D","67","873.86666666667","853","812","51.23","616","574","51.76","385","342","52.96","26","41","38.81","38.6","38.68","49.95","381","396","49.03","161","151","51.60","9","12","42.86","220","245","47.31","8","19","29.63","498","501","49.85","9","10","47.37","6.75","88.01","0.948","119","177","151","781","44.07","236","263","279","45.83"
"278","Viktor Arvidsson","BOS","L","69","868.53333333333","856","874","49.48","640","626","50.55","406","410","49.75","59","34","63.44","43.39","47.66","47.65","405","412","49.57","168","193","46.54","26","16","61.90","237","219","51.97","21","9","70.00","487","524","48.17","9","7","56.25","14.53","91.71","1.062","132","202","163","598","44.75","243","276","311","43.86"
"828","Noah Laba","NYR","C","74","868.5","731","865","45.80","501","589","45.96","306","383","44.41","30","28","51.72","33.83","38.56","46.73","349","375","48.20","147","160","47.88","19","14","57.58","202","215","48.44","9","5","64.29","411","513","44.48","2","9","18.18","9.80","92.69","1.025","103","164","119","782","46.40","193","245","249","43.67"
"856","Easton Cowan","TOR","R","66","867.53333333333","786","944","45.43","571","711","44.54","355","454","43.88","36","39","48.00","37.18","53.61","40.95","382","436","46.70","152","170","47.20","17","9","65.38","230","266","46.37","9","19","32.14","454","515","46.85","10","8","55.56","10.14","91.41","1.016","119","157","84","690","58.62","240","227","193","55.43"
"350","Troy Terry","ANA","R","61","867.26666666667","1008","809","55.48","756","596","55.92","491","378","56.50","60","52","53.57","50.58","49.44","50.57","483","409","54.15","211","190","52.62","30","29","50.85","272","219","55.40","19","13","59.38","579","450","56.27","9","8","52.94","12.22","86.24","0.985","155","223","105","608","59.62","319","291","229","58.21"
"482","Parker Kelly","COL","C","82","864.9","956","731","56.67","649","503","56.34","435","297","59.43","44","27","61.97","41.63","30.84","57.45","429","314","57.74","171","120","58.76","22","15","59.46","258","194","57.08","12","4","75.00","523","462","53.10","9","8","52.94","10.11","90.91","1.010","104","186","121","790","46.22","204","273","268","43.22"
"804","Sam Rinzel","CHI","D","54","864.8","748","912","45.06","567","694","44.96","346","451","43.41","37","44","45.68","32.13","46","41.12","342","465","42.38","129","200","39.21","19","20","48.72","213","265","44.56","9","18","33.33","461","484","48.78","9","6","60.00","10.69","90.24","1.009","123","174","85","633","59.13","278","259","200","58.16"
"509","Barrett Hayton","UTA","C","67","864.45","865","727","54.33","619","516","54.54","424","328","56.38","40","35","53.33","47.9","35.21","57.64","402","334","54.62","173","142","54.92","15","18","45.45","229","192","54.39","17","13","56.67","476","463","50.69","6","4","60.00","9.43","89.33","0.988","154","217","160","672","49.04","270","270","318","45.92"
"106","Sean Kuraly","BOS","C","82","863.96666666667","874","868","50.17","620","595","51.03","391","367","51.58","33","33","50.00","41.63","42.57","49.44","379","390","49.28","161","180","47.21","17","13","56.67","218","210","50.93","10","10","50.00","452","540","45.56","6","10","37.50","8.44","91.01","0.994","68","196","166","650","29.06","151","293","326","31.66"
"140","Jonathan Marchessault","NSH","R","62","862.26666666667","808","903","47.22","587","701","45.57","366","447","45.02","38","54","41.30","40.76","56.65","41.84","369","426","46.42","172","180","48.86","19","26","42.22","197","246","44.47","12","17","41.38","509","524","49.27","5","9","35.71","10.38","87.92","0.983","139","184","94","653","59.66","292","263","254","53.48"
"416","Tanner Jeannot","BOS","L","77","862.01666666667","845","897","48.51","592","634","48.29","358","403","47.04","29","33","46.77","38.94","45.17","46.29","368","395","48.23","167","194","46.26","15","15","50.00","201","201","50.00","9","7","56.25","481","525","47.81","5","11","31.25","8.10","91.81","0.999","92","235","139","620","39.83","184","325","285","39.23"
"479","Mark Kastelic","BOS","C","82","858.6","814","904","47.38","573","632","47.55","344","394","46.61","32","26","55.17","38.18","43.98","46.47","353","388","47.64","155","190","44.93","16","11","59.26","198","198","50.00","9","9","50.00","462","557","45.34","7","6","53.85","9.30","93.40","1.027","103","242","177","643","36.79","178","336","345","34.03"
"850","Zach Benson","BUF","L","65","857.6","865","789","52.30","634","577","52.35","419","376","52.70","57","31","64.77","50.6","43.54","53.75","413","411","50.12","209","180","53.73","28","19","59.57","204","231","46.90","16","8","66.67","469","428","52.29","10","2","83.33","13.60","91.76","1.054","130","210","137","653","48.69","223","275","247","47.45"
"816","Nick Blankenburg","COL, NSH","D","61","856.73333333333","916","785","53.85","666","591","52.98","411","396","50.93","35","46","43.21","45.84","41.45","52.51","433","374","53.66","215","145","59.72","18","20","47.37","218","229","48.77","8","12","40.00","530","439","54.70","9","13","40.91","8.52","88.38","0.969","75","140","73","795","50.68","244","235","222","52.36"
"800","Liam Ohgren","MIN, VAN","L","69","853.55","666","901","42.50","465","679","40.65","313","440","41.57","24","43","35.82","25.45","44.61","36.32","282","450","38.52","102","185","35.54","10","23","30.30","180","265","40.45","8","15","34.78","400","489","44.99","5","5","50.00","7.67","90.23","0.979","126","177","91","691","58.06","211","235","229","47.95"
"405","Ross Colton","COL","C","73","852.83333333333","1073","764","58.41","787","547","59.00","519","344","60.14","45","35","56.25","50.24","35.92","58.31","504","350","59.02","202","150","57.39","22","15","59.46","302","200","60.16","13","8","61.90","600","475","55.81","8","11","42.11","8.67","89.83","0.985","121","192","140","725","46.36","254","281","297","46.10"
"53","Reilly Smith","VGK","R","69","852.33333333333","815","794","50.65","582","568","50.61","388","346","52.86","32","40","44.44","35.46","38.13","48.19","380","379","50.07","151","160","48.55","15","21","41.67","229","219","51.12","9","7","56.25","455","440","50.84","8","12","40.00","8.25","88.44","0.967","101","194","96","712","51.27","221","277","215","50.69"
"210","Jason Dickinson","CHI, EDM","C","64","852.3","692","780","47.01","526","576","47.73","328","352","48.24","33","44","42.86","33.67","37.78","47.12","313","369","45.89","133","167","44.33","13","20","39.39","180","202","47.12","10","15","40.00","381","533","41.68","10","8","55.56","10.06","87.50","0.976","73","204","228","633","24.25","146","272","402","26.64"
"519","Nils Lundkvist","DAL","D","52","846.41666666667","719","749","48.98","512","526","49.33","335","338","49.78","38","26","59.38","36.8","33.24","52.54","359","340","51.36","159","141","53.00","21","11","65.63","200","199","50.13","12","8","60.00","409","460","47.07","5","6","45.45","11.34","92.31","1.037","87","220","118","615","42.44","211","293","264","44.42"
"287","Jake Evans","MTL","C","68","845.2","705","861","45.02","488","606","44.61","311","375","45.34","29","39","42.65","43.11","40.86","51.34","327","404","44.73","126","178","41.45","10","21","32.26","201","226","47.07","8","8","50.00","362","527","40.72","9","10","47.37","9.32","89.60","0.989","70","196","176","594","28.46","138","292","347","28.45"
"97","Brendan Gallagher","MTL","R","77","844.41666666667","823","811","50.37","578","571","50.30","381","359","51.49","37","35","51.39","42.71","43.83","49.35","373","390","48.89","170","185","47.89","20","23","46.51","203","205","49.75","10","7","58.82","470","437","51.82","6","4","60.00","9.71","90.25","1.000","128","187","118","661","52.03","207","260","240","46.31"
"520","Jacob Bernard-Docker","DET","D","63","842.35","735","896","45.06","519","612","45.89","330","394","45.58","24","24","50.00","32.62","36.3","47.33","347","411","45.78","139","163","46.03","15","14","51.72","208","248","45.61","9","9","50.00","424","535","44.21","0","1","0.00","7.27","93.91","1.012","88","164","127","724","40.93","233","237","278","45.60"
"179","Josh Anderson","MTL","R","72","841.61666666667","736","844","46.58","496","595","45.46","313","354","46.93","34","42","44.74","41.07","43.91","48.33","347","407","46.02","132","197","40.12","11","25","30.56","215","210","50.59","12","12","50.00","389","498","43.86","9","5","64.29","10.86","88.14","0.990","82","190","153","626","34.89","150","286","303","33.11"
"201","Oliver Bjorkstrand","T.B","R","80","839.05","775","748","50.89","534","533","50.05","346","353","49.50","28","37","43.08","33.95","34.44","49.64","336","306","52.34","138","139","49.82","20","13","60.61","198","167","54.25","5","12","29.41","473","466","50.37","3","10","23.08","8.09","89.52","0.976","154","208","103","608","59.92","232","275","187","55.37"
"483","Pius Suter","STL","C","64","834.36666666667","742","787","48.53","562","583","49.08","374","362","50.82","38","27","58.46","43.18","39.84","52.01","346","353","49.50","170","154","52.47","22","13","62.86","176","199","46.93","9","10","47.37","411","479","46.18","5","4","55.56","10.16","92.54","1.027","107","190","136","673","44.03","191","250","262","42.16"
"571","Kaapo Kakko","SEA","R","65","832.53333333333","743","854","46.52","544","627","46.46","356","396","47.34","44","29","60.27","33.32","42.6","43.89","324","400","44.75","128","166","43.54","23","15","60.53","196","234","45.58","16","9","64.00","492","456","51.90","5","4","55.56","12.36","92.68","1.050","197","206","84","664","70.11","304","255","190","61.54"
"122","Gabriel Landeskog","COL","L","60","831.7","978","800","55.01","710","584","54.87","488","386","55.84","61","28","68.54","56.53","38.32","59.60","482","371","56.51","202","167","54.74","29","17","63.04","280","204","57.85","18","7","72.00","574","485","54.20","13","4","76.47","12.50","92.75","1.052","155","168","118","613","56.78","297","258","282","51.30"
"58","Casey Cizikas","NYI","C","81","831.28333333333","708","748","48.63","496","505","49.55","324","314","50.78","24","30","44.44","33.5","32.1","51.06","317","337","48.47","144","148","49.32","9","17","34.62","173","189","47.79","10","8","55.56","409","429","48.81","3","5","37.50","7.41","90.45","0.979","112","206","125","715","47.26","199","287","234","45.96"
"535","Paul Cotter","N.J","L","79","828.53333333333","659","831","44.23","471","599","44.02","296","378","43.92","19","43","30.65","28.91","39.75","42.11","270","395","40.60","118","173","40.55","13","25","34.21","152","222","40.64","4","13","23.53","405","465","46.55","2","4","33.33","6.42","88.62","0.950","129","151","90","714","58.90","216","224","205","51.31"
"93","Mikael Granlund","ANA","C","58","826.11666666667","900","839","51.75","686","610","52.93","449","399","52.95","44","52","45.83","48.52","53.98","47.33","423","401","51.33","203","175","53.70","22","22","50.00","220","226","49.33","14","17","45.16","540","514","51.23","5","9","35.71","9.80","86.97","0.968","129","180","143","570","47.43","277","247","285","49.29"
"273","Warren Foegele","L.A, OTT","L","68","824","772","829","48.22","554","600","48.01","341","382","47.16","28","28","50.00","35.93","35.16","50.54","339","363","48.29","144","138","51.06","10","9","52.63","195","225","46.43","11","10","52.38","459","535","46.18","6","8","42.86","8.21","92.67","1.009","116","175","117","682","49.79","222","256","272","44.94"
"590","Jayden Struble","MTL","D","59","818.61666666667","718","726","49.72","519","522","49.86","310","344","47.40","36","32","52.94","35.22","38.57","47.73","366","343","51.62","134","162","45.27","18","17","51.43","232","181","56.17","14","12","53.85","405","385","51.27","4","3","57.14","11.61","90.70","1.023","91","135","52","688","63.64","219","210","153","58.87"
"491","Brady Tkachuk","OTT","L","60","818.31666666667","998","708","58.50","738","502","59.52","498","320","60.88","47","43","52.22","54.23","40.86","57.03","515","315","62.05","225","139","61.81","23","21","52.27","290","176","62.23","16","13","55.17","612","384","61.45","7","7","50.00","9.44","86.56","0.960","220","246","100","690","68.75","375","306","191","66.25"
"417","Mathieu Olivier","CBJ","R","61","816.18333333333","803","811","49.75","606","567","51.66","397","373","51.56","45","31","59.21","44.1","35.43","55.45","374","351","51.59","180","129","58.25","19","12","61.29","194","222","46.63","14","12","53.85","451","515","46.69","11","6","64.71","11.34","91.69","1.030","106","197","144","580","42.40","198","259","295","40.16"
"2","Corey Perry","L.A, T.B","R","72","815.36666666667","812","802","50.31","561","590","48.74","337","376","47.27","38","33","53.52","38.85","41.93","48.10","379","371","50.53","167","145","53.53","20","15","57.14","212","226","48.40","10","6","62.50","456","442","50.78","7","8","46.67","11.28","91.22","1.025","127","144","56","682","69.40","245","227","175","58.33"
"69","Radko Gudas","ANA","D","56","812.65","913","836","52.20","653","603","51.99","394","377","51.10","34","38","47.22","42.32","39.15","51.94","419","429","49.41","188","172","52.22","18","17","51.43","231","257","47.34","9","17","34.62","493","447","52.45","7","3","70.00","8.63","89.92","0.985","74","167","82","724","47.44","200","244","203","49.63"
"404","Brandon Duhaime","WSH","L, R","82","812.08333333333","671","807","45.40","470","539","46.58","295","328","47.35","20","23","46.51","34.1","34.52","49.69","311","362","46.21","145","142","50.52","9","10","47.37","166","220","43.01","5","8","38.46","328","544","37.61","5","5","50.00","6.78","92.99","0.998","56","213","246","703","18.54","103","282","371","21.73"
"225","Rasmus Ristolainen","PHI","D","44","808.73333333333","679","741","47.82","501","536","48.31","320","323","49.77","40","31","56.34","40.91","33","55.35","338","333","50.37","159","131","54.83","13","11","54.17","179","202","46.98","15","17","46.88","369","459","44.57","6","3","66.67","12.50","90.40","1.029","75","162","121","673","38.27","195","261","270","41.94"
"4","Evgeni Malkin","PIT","C","56","808.26666666667","781","785","49.87","592","583","50.38","403","358","52.96","56","37","60.22","46.02","47.02","49.46","439","405","52.01","199","183","52.09","30","15","66.67","240","222","51.95","17","17","50.00","416","399","51.04","5","4","55.56","13.90","89.66","1.036","137","133","42","678","76.54","296","212","130","69.48"
"380","Trent Frederic","EDM","C","74","807.1","649","736","46.86","480","505","48.73","317","310","50.56","18","33","35.29","32.95","32.62","50.25","305","357","46.07","148","137","51.93","8","12","40.00","157","220","41.64","7","14","33.33","370","412","47.31","3","7","30.00","5.68","89.35","0.950","109","195","121","649","47.39","171","261","223","43.40"
"44","Matt Duchene","DAL","C","57","806.9","689","796","46.40","480","559","46.20","316","365","46.40","49","49","50.00","39","41.54","48.43","340","371","47.82","149","142","51.20","29","16","64.44","191","229","45.48","11","16","40.74","412","437","48.53","7","8","46.67","15.51","86.58","1.021","129","138","83","614","60.85","249","219","192","56.46"
"820","Adam Klapka","CGY","R","79","805.3","738","809","47.71","498","556","47.25","312","367","45.95","25","37","40.32","29.91","42.96","41.04","322","381","45.80","135","161","45.61","11","21","34.38","187","220","45.95","9","10","47.37","409","450","47.61","5","2","71.43","8.01","89.92","0.979","92","158","94","772","49.46","181","226","195","48.14"
"80","Alex Petrovic","DAL","D","54","802.78333333333","649","817","44.27","455","575","44.17","338","379","47.14","35","33","51.47","34.48","37.94","47.61","324","366","46.96","158","152","50.97","22","21","51.16","166","214","43.68","7","7","50.00","337","491","40.70","6","5","54.55","10.36","91.29","1.016","55","147","95","666","36.67","145","215","230","38.67"
"737","Fedor Svechkov","NSH","C","70","801.78333333333","747","755","49.73","518","570","47.61","351","377","48.21","30","37","44.78","34.19","37.83","47.48","352","372","48.62","155","159","49.36","20","20","50.00","197","213","48.05","6","7","46.15","429","429","50.00","4","10","28.57","8.55","90.19","0.987","94","137","53","673","63.95","241","227","195","55.28"
"133","Joel Armia","L.A","R","67","801.76666666667","736","765","49.03","526","539","49.39","343","351","49.42","26","28","48.15","34.83","32.15","52.00","318","338","48.48","123","149","45.22","13","13","50.00","195","189","50.78","7","8","46.67","421","470","47.25","4","7","36.36","7.58","92.02","0.996","109","184","120","622","47.60","210","265","260","44.68"
"907","Berkly Catton","SEA","C","66","797.55","724","814","47.07","546","578","48.58","343","368","48.24","29","37","43.94","32.93","40.12","45.08","324","370","46.69","124","163","43.21","13","19","40.63","200","207","49.14","10","12","45.45","461","428","51.86","6","3","66.67","8.45","89.95","0.984","184","149","41","706","81.78","293","185","123","70.43"
"452","Timothy Liljegren","S.J, WSH","D","47","793.43333333333","618","865","41.67","431","611","41.36","294","385","43.30","33","41","44.59","33.84","39.11","46.39","334","417","44.47","150","168","47.17","18","17","51.43","184","249","42.49","12","14","46.15","302","533","36.17","1","8","11.11","11.22","89.35","1.006","74","162","134","564","35.58","185","252","302","37.99"
"354","Mason Appleton","DET","C","65","792.71666666667","679","786","46.35","475","563","45.76","303","353","46.19","24","29","45.28","32.15","37.48","46.18","286","396","41.94","123","164","42.86","9","15","37.50","163","232","41.27","8","10","44.44","398","439","47.55","6","4","60.00","7.92","91.78","0.997","113","175","124","617","47.68","191","235","239","44.42"
"410","Vincent Desharnais","S.J","D","53","790.05","655","753","46.52","462","532","46.48","306","361","45.88","35","29","54.69","37.54","32.56","53.55","295","327","47.43","133","146","47.67","17","12","58.62","162","181","47.23","11","12","47.83","383","496","43.57","7","5","58.33","11.44","91.97","1.034","61","182","129","592","32.11","166","256","289","36.48"
"884","Uvis Balinskis","FLA","D","54","789.28333333333","737","718","50.65","525","539","49.34","335","320","51.15","30","43","41.10","32.68","39.3","45.40","342","337","50.37","123","151","44.89","14","23","37.84","219","186","54.07","10","13","43.48","419","424","49.70","4","7","36.36","8.96","86.56","0.955","126","181","81","634","60.87","251","287","186","57.44"
"183","Ben Hutton","VGK","D","55","787.45","743","726","50.58","526","506","50.97","336","318","51.38","39","37","51.32","34.15","31.31","52.17","360","337","51.65","157","137","53.40","26","23","53.06","203","200","50.37","8","6","57.14","438","390","52.90","5","8","38.46","11.61","88.36","1.000","121","136","62","684","66.12","259","208","142","64.59"
"239","Conor Sheary","NYR","L","62","783.83333333333","740","746","49.80","510","525","49.28","313","335","48.30","24","25","48.98","32.44","32.22","50.17","356","336","51.45","150","127","54.15","13","11","54.17","206","209","49.64","8","8","50.00","419","438","48.89","3","6","33.33","7.67","92.54","1.002","122","167","108","644","53.04","200","225","231","46.40"
"669","Shakir Mukhamadullin","S.J","D","50","783.55","610","759","44.56","439","539","44.89","311","359","46.42","31","35","46.97","29.44","33.43","46.83","290","328","46.93","129","134","49.05","14","16","46.67","161","194","45.35","11","13","45.83","359","495","42.04","6","6","50.00","9.97","90.25","1.002","75","159","99","584","43.10","194","237","257","43.02"
"755","Emil Lilleberg","T.B","D","50","781.3","709","673","51.30","514","492","51.09","348","323","51.86","42","29","59.15","35.96","31.11","53.61","337","297","53.15","146","130","52.90","26","13","66.67","191","167","53.35","12","13","48.00","421","434","49.24","4","3","57.14","12.07","91.02","1.031","102","176","92","628","52.58","242","263","217","52.72"
"438","Jesper Boqvist","FLA","C","73","780.76666666667","671","729","47.93","484","514","48.50","295","318","48.12","22","33","40.00","32.39","33.78","48.95","291","326","47.16","129","138","48.31","14","17","45.16","162","188","46.29","5","8","38.46","405","427","48.68","3","8","27.27","7.46","89.62","0.971","132","208","102","669","56.41","227","280","201","53.04"
"769","Logan Cooley","UTA","C","54","769.76666666667","804","762","51.34","597","568","51.24","380","366","50.94","45","43","51.14","41.07","50.38","44.91","379","372","50.47","172","150","53.42","24","18","57.14","207","222","48.25","12","16","42.86","488","399","55.02","7","6","53.85","11.84","88.25","1.001","136","151","102","581","57.14","266","206","197","57.45"
"141","Barclay Goodrow","S.J","C","82","767.86666666667","563","793","41.52","382","541","41.39","251","367","40.61","19","37","33.93","29.02","32.81","46.93","264","325","44.82","129","127","50.39","14","11","56.00","135","198","40.54","3","15","16.67","294","528","35.77","2","10","16.67","7.57","89.92","0.975","85","219","131","621","39.35","136","292","293","31.70"
"24","Ryan McDonagh","T.B","D","48","767.1","707","711","49.86","522","505","50.83","318","325","49.46","42","30","58.33","41.39","30.54","57.54","342","316","51.98","145","124","53.90","24","16","60.00","197","192","50.64","13","6","68.42","395","476","45.35","4","8","33.33","13.21","90.77","1.040","84","176","127","571","39.81","199","238","259","43.45"
"150","Scott Laughton","L.A, TOR","C","64","766.63333333333","629","837","42.91","470","584","44.59","299","381","43.97","25","32","43.86","33.82","34.42","49.56","260","364","41.67","120","147","44.94","13","10","56.52","140","217","39.22","7","11","38.89","331","573","36.62","4","8","33.33","8.36","91.60","1.000","44","183","232","645","15.94","98","254","397","19.80"
"377","Brett Howden","VGK","C","58","766.31666666667","698","700","49.93","502","484","50.91","337","305","52.49","31","40","43.66","32.73","32.94","49.84","332","350","48.68","148","130","53.24","19","24","44.19","184","220","45.54","8","11","42.11","398","389","50.57","4","5","44.44","9.20","86.89","0.961","102","228","120","558","45.95","220","307","224","49.55"
"878","Matthew Wood","NSH","R","71","763.96666666667","749","756","49.77","533","587","47.59","347","386","47.34","39","43","47.56","33.41","42.06","44.27","343","357","49.00","136","164","45.33","21","25","45.65","207","193","51.75","13","9","59.09","464","424","52.25","5","9","35.71","11.24","88.86","1.001","133","113","49","648","73.08","254","185","157","61.80"
"378","Beck Malenstyn","BUF","L","81","762.3","632","763","45.30","463","532","46.53","316","313","50.24","25","27","48.08","30.87","33.02","48.32","275","331","45.38","127","142","47.21","16","18","47.06","148","189","43.92","3","6","33.33","328","474","40.90","5","3","62.50","7.91","91.37","0.993","61","256","165","618","26.99","93","308","271","25.55"
"383","Tyson Jost","NSH","C","69","759.48333333333","707","733","49.10","493","545","47.50","336","373","47.39","20","45","30.77","31.47","36.25","46.47","334","341","49.48","138","159","46.46","14","30","31.82","196","182","51.85","3","7","30.00","397","435","47.72","3","8","27.27","5.95","87.94","0.939","73","131","91","649","44.51","182","210","223","44.94"
"74","Jason Zucker","BUF","L","62","759.18333333333","707","733","49.10","549","562","49.41","357","380","48.44","41","42","49.40","38.86","44.74","46.48","365","345","51.41","165","161","50.61","19","17","52.78","200","184","52.08","17","11","60.71","418","432","49.18","4","10","28.57","11.48","88.95","1.004","172","161","127","575","57.53","252","212","225","52.83"
"20","David Perron","DET, OTT","L","65","758.25","666","636","51.15","499","441","53.09","318","297","51.71","32","37","46.38","32.94","28.62","53.51","315","251","55.65","137","101","57.56","10","18","35.71","178","150","54.27","14","8","63.64","386","378","50.52","8","11","42.11","10.06","87.54","0.976","133","179","80","711","62.44","198","228","162","55.00"
"524","Ilya Lyubushkin","DAL","D","53","755","540","742","42.12","394","501","44.02","269","323","45.44","25","25","50.00","28.71","32.43","46.96","253","322","44.00","114","128","47.11","11","10","52.38","139","194","41.74","10","8","55.56","303","453","40.08","3","7","30.00","9.29","92.26","1.016","48","176","92","637","34.29","127","253","222","36.39"
"801","Noah Ostlund","BUF","C","60","754.88333333333","707","686","50.75","524","489","51.73","351","316","52.62","36","26","58.06","31.72","33.27","48.81","309","301","50.66","126","119","51.43","18","11","62.07","183","182","50.14","12","10","54.55","428","399","51.75","5","3","62.50","10.26","91.77","1.020","147","164","90","633","62.03","255","217","183","58.22"
"612","Dmitri Voronkov","CBJ","L","63","750.8","826","738","52.81","599","534","52.87","387","345","52.87","37","37","50.00","39.6","37.87","51.12","382","337","53.13","159","148","51.79","16","17","48.48","223","189","54.13","10","13","43.48","507","417","54.87","11","2","84.62","9.56","89.28","0.988","190","187","75","559","71.70","316","255","176","64.23"
"216","William Carrier","CAR","L","70","746.65","834","566","59.57","569","401","58.66","356","267","57.14","35","30","53.85","35.16","25.5","57.96","371","265","58.33","177","115","60.62","17","13","56.67","194","150","56.40","14","11","56.00","505","343","59.55","4","6","40.00","9.83","88.76","0.986","154","246","134","536","53.47","268","336","244","52.34"
"732","Ryan Winterton","SEA","C","68","745.75","606","752","44.62","450","551","44.96","285","345","45.24","30","30","50.00","31.02","32.42","48.90","280","306","47.78","120","144","45.45","18","13","58.06","160","162","49.69","6","9","40.00","320","498","39.12","6","8","42.86","10.53","91.30","1.018","93","179","140","619","39.91","137","220","238","36.53"
"293","Andrew Mangiapane","CHI, EDM","L","62","745.4","655","677","49.17","456","485","48.46","296","317","48.29","27","48","36.00","28.88","33.97","45.95","300","329","47.69","128","145","46.89","13","29","30.95","172","184","48.31","9","15","37.50","397","391","50.38","5","3","62.50","9.12","84.86","0.940","124","167","92","588","57.41","200","218","197","50.38"
"94","Nino Niederreiter","WPG","R","61","744.91666666667","662","643","50.73","481","458","51.22","322","282","53.31","23","30","43.40","34.06","30.87","52.46","296","312","48.68","135","124","52.12","13","15","46.43","161","188","46.13","4","8","33.33","379","373","50.40","4","7","36.36","7.14","89.36","0.965","88","178","123","563","41.71","154","243","208","42.54"
"413","Justin Brazeau","PIT","R","64","743.38333333333","699","726","49.05","510","526","49.23","333","334","49.93","43","36","54.43","37.5","36.54","50.65","367","369","49.86","164","150","52.23","21","12","63.64","203","219","48.10","10","18","35.71","370","381","49.27","12","6","66.67","12.91","89.22","1.021","111","157","52","626","68.10","205","227","138","59.77"
"494","Isac Lundeström","CBJ","C","68","741.33333333333","578","723","44.43","407","520","43.91","267","318","45.64","26","28","48.15","25.62","30.9","45.33","252","324","43.75","86","122","41.35","14","8","63.64","166","202","45.11","8","8","50.00","331","456","42.06","3","11","21.43","9.74","91.19","1.009","78","161","123","652","38.81","140","224","265","34.57"
"341","Noel Acciari","PIT","C","67","740.46666666667","672","739","47.63","473","506","48.31","297","324","47.83","40","27","59.70","37.07","32.65","53.18","324","320","50.31","149","150","49.83","20","17","54.05","175","170","50.72","11","5","68.75","305","549","35.71","4","5","44.44","13.47","91.67","1.051","39","150","260","520","13.04","81","202","406","16.63"
"872","Calum Ritchie","NYI","C","65","739.33333333333","681","757","47.36","503","558","47.41","325","342","48.73","23","35","39.66","33.37","49.66","40.19","301","321","48.39","135","161","45.61","9","18","33.33","166","160","50.92","9","8","52.94","451","418","51.90","5","5","50.00","7.08","89.77","0.968","135","156","62","612","68.53","254","232","151","62.72"
"199","Anthony Duclair","NYI","L","62","738.98333333333","643","816","44.07","465","588","44.16","300","383","43.92","30","28","51.72","28.33","46.81","37.70","297","399","42.67","124","191","39.37","11","13","45.83","173","208","45.41","15","12","55.56","402","443","47.57","4","3","57.14","10.00","92.69","1.027","131","175","77","559","62.98","230","231","176","56.65"
"847","Max Sasson","VAN","C","66","736.75","654","671","49.36","465","500","48.19","280","332","45.75","25","38","39.68","27.84","35.53","43.94","284","350","44.79","124","154","44.60","15","24","38.46","160","196","44.94","7","6","53.85","375","337","52.67","2","8","20.00","8.93","88.55","0.975","82","170","50","733","62.12","149","218","127","53.99"
"767","Lian Bichsel","DAL","D","50","735.2","574","670","46.14","399","476","45.60","258","321","44.56","28","22","56.00","29.12","31.08","48.38","287","292","49.57","125","135","48.08","16","15","51.61","162","157","50.78","7","3","70.00","285","418","40.54","4","3","57.14","10.85","93.15","1.040","50","140","80","601","38.46","129","196","204","38.74"
"192","Connor Clifton","PIT","D","50","734.88333333333","670","730","47.86","488","487","50.05","302","307","49.59","31","28","52.54","36.29","30.01","54.73","342","330","50.89","161","129","55.52","17","15","53.13","181","201","47.38","8","4","66.67","310","434","41.67","6","9","40.00","10.26","90.88","1.011","34","153","76","553","30.91","118","249","202","36.88"
"631","Marco Rossi","MIN, VAN","C","50","729.78333333333","646","728","47.02","461","550","45.60","308","358","46.25","31","57","35.23","30.82","44.63","40.85","307","362","45.89","133","156","46.02","13","22","37.14","174","206","45.79","13","16","44.83","396","387","50.57","4","12","25.00","10.06","84.08","0.941","134","120","67","519","66.67","249","173","189","56.85"
"713","Aatu Räty","VAN","C","66","727.33333333333","659","715","47.96","471","526","47.24","274","320","46.13","22","27","44.90","29.4","36.65","44.51","304","342","47.06","124","157","44.13","14","16","46.67","180","185","49.32","4","4","50.00","424","435","49.36","3","5","37.50","8.03","91.56","0.996","122","133","200","602","37.89","221","171","309","41.70"
"318","Roope Hintz","DAL","C","53","725.1","691","659","51.19","490","453","51.96","331","293","53.04","48","28","63.16","38.51","30.87","55.51","354","292","54.80","141","110","56.18","20","10","66.67","213","182","53.92","17","11","60.71","407","412","49.69","8","3","72.73","14.50","90.44","1.049","136","173","110","524","55.28","234","245","262","47.18"
"391","Taylor Raddysh","NYR","R","68","724.95","631","729","46.40","428","513","45.48","273","330","45.27","25","22","53.19","25.99","31.75","45.01","269","302","47.11","114","122","48.31","14","9","60.87","155","180","46.27","7","4","63.64","361","447","44.68","4","8","33.33","9.16","93.33","1.025","67","134","102","663","39.64","130","192","213","37.90"
"759","Arber Xhekaj","MTL","D","65","721.83333333333","588","656","47.27","411","455","47.46","243","295","45.17","23","32","41.82","24.73","33.04","42.80","255","319","44.43","99","134","42.49","9","15","37.50","156","185","45.75","9","12","42.86","348","312","52.73","5","5","50.00","9.47","89.15","0.986","64","136","46","633","58.18","170","208","130","56.67"
"506","Oskar Bäck","DAL","C","72","719.73333333333","531","561","48.63","379","378","50.07","257","234","52.34","26","19","57.78","29.19","24.38","54.49","246","241","50.51","124","108","53.45","17","10","62.96","122","133","47.84","5","6","45.45","292","358","44.92","4","3","57.14","10.12","91.88","1.020","58","174","96","621","37.66","114","242","215","34.65"
"869","Gabe Perreault","NYR","R","49","718.06666666667","633","686","47.99","457","532","46.21","310","327","48.67","32","31","50.79","31.42","37.01","45.92","332","323","50.69","139","135","50.73","18","14","56.25","193","188","50.66","8","12","40.00","362","388","48.27","6","5","54.55","10.32","90.52","1.008","121","192","86","507","58.45","215","259","193","52.70"
"176","Jaccob Slavin","CAR","D","39","716.33333333333","755","557","57.55","566","425","57.11","345","286","54.68","37","32","53.62","42.46","29.36","59.12","348","280","55.41","159","133","54.45","20","15","57.14","189","147","56.25","8","14","36.36","434","331","56.73","7","3","70.00","10.72","88.81","0.995","91","154","86","486","51.41","209","235","224","48.27"
"18","James van Riemsdyk","DET","L","72","713.45","692","756","47.79","503","540","48.23","314","352","47.15","23","38","37.70","32.45","40.81","44.29","332","334","49.85","160","132","54.79","16","8","66.67","172","202","45.99","5","14","26.32","408","464","46.79","2","10","16.67","7.32","89.20","0.965","114","145","111","622","50.67","204","202","227","47.33"
"36","Adam Henrique","EDM","C","65","712.71666666667","605","667","47.56","419","432","49.24","270","266","50.37","18","31","36.73","28.68","27.25","51.28","266","288","48.01","119","114","51.07","8","14","36.36","147","174","45.79","5","8","38.46","341","419","44.87","5","9","35.71","6.67","88.35","0.950","92","166","157","519","36.95","158","208","277","36.32"
"123","Jonathan Huberdeau","CGY","L","50","710.36666666667","739","668","52.52","513","497","50.79","364","322","53.06","28","36","43.75","34.28","35.63","49.03","341","344","49.78","139","149","48.26","13","19","40.63","202","195","50.88","6","11","35.29","509","338","60.09","8","2","80.00","7.69","88.82","0.965","184","153","97","529","65.48","355","233","174","67.11"
"623","Cole Smith","NSH, VGK","R","63","709.93333333333","639","604","51.41","465","437","51.55","295","284","50.95","20","29","40.82","36.1","26.9","57.30","325","271","54.53","149","123","54.78","7","16","30.43","176","148","54.32","6","8","42.86","293","409","41.74","6","5","54.55","6.78","89.79","0.966","54","212","146","552","27.00","102","275","275","27.06"
"432","Michael Rasmussen","DET","C","64","707.88333333333","600","758","44.18","416","508","45.02","253","322","44.00","18","29","38.30","29.44","33.97","46.43","281","352","44.39","127","139","47.74","8","15","34.78","154","213","41.96","7","8","46.67","345","448","43.51","3","6","33.33","7.11","90.99","0.981","118","161","125","577","48.56","186","218","237","43.97"
"475","Morgan Barron","WPG","C","65","707.86666666667","622","698","47.12","459","505","47.61","283","319","47.01","27","24","52.94","32.38","32.66","49.79","293","341","46.21","131","148","46.95","16","6","72.73","162","193","45.63","5","12","29.41","336","438","43.41","6","6","50.00","9.54","92.48","1.020","68","177","172","561","28.33","111","238","273","28.91"
"647","Justin Barron","NSH","D","52","707.21666666667","686","655","51.16","481","476","50.26","293","310","48.59","28","30","48.28","34.32","31.62","52.05","323","294","52.35","132","126","51.16","14","18","43.75","191","168","53.20","10","8","55.56","390","408","48.87","4","4","50.00","9.56","90.32","0.999","70","136","78","629","47.30","183","224","211","46.45"
"16","Jamie Benn","DAL","L","60","706.2","583","693","45.69","415","467","47.05","278","299","48.18","40","32","55.56","32.14","34.53","48.20","290","310","48.33","130","124","51.18","19","13","59.38","160","186","46.24","11","12","47.83","351","397","46.93","7","5","58.33","14.39","89.30","1.037","108","148","101","618","51.67","221","231","192","53.51"
"886","Nikolas Matinpalo","OTT","D","50","704.15","584","685","46.02","418","493","45.88","284","305","48.22","24","28","46.15","31.51","27.85","53.08","285","299","48.80","124","118","51.24","12","14","46.15","161","181","47.08","8","9","47.06","309","392","44.08","4","5","44.44","8.45","90.82","0.993","64","173","75","748","46.04","142","263","194","42.26"
"261","Jared McCann","SEA","L","52","701.58333333333","702","700","50.07","552","518","51.59","340","323","51.28","36","38","48.65","40.1","37.44","51.71","324","297","52.17","136","115","54.18","17","13","56.67","188","182","50.81","9","16","36.00","438","405","51.96","7","4","63.64","10.59","88.24","0.988","160","155","84","581","65.57","272","198","182","59.91"
"137","Vladislav Namestnikov","WPG","C","60","697.11666666667","624","644","49.21","445","455","49.44","289","290","49.91","18","31","36.73","30.6","29.96","50.53","277","295","48.43","133","121","52.36","11","16","40.74","144","174","45.28","2","11","15.38","390","380","50.65","3","4","42.86","6.23","89.31","0.955","118","177","89","534","57.00","192","234","179","51.75"
"172","Colton Sissons","VGK","C","66","696.71666666667","600","642","48.31","435","457","48.77","286","272","51.25","15","26","36.59","26.38","27.67","48.80","277","277","50.00","122","105","53.74","10","16","38.46","155","172","47.40","4","6","40.00","327","395","45.29","1","4","20.00","5.24","90.44","0.957","76","186","126","579","37.62","133","243","241","35.56"
"844","Braeden Bowman","VGK","R","54","692.71666666667","648","647","50.04","471","469","50.11","314","279","52.95","34","49","40.96","32.68","30.74","51.53","321","297","51.94","158","115","57.88","22","24","47.83","163","182","47.25","7","14","33.33","370","375","49.66","5","10","33.33","10.83","82.44","0.933","134","128","79","551","62.91","243","191","158","60.60"
"486","Eric Robinson","CAR","L","67","692.38333333333","759","567","57.24","539","408","56.92","337","253","57.12","29","24","54.72","36.61","27.86","56.79","356","262","57.61","174","120","59.18","13","13","50.00","182","142","56.17","8","9","47.06","447","334","57.23","7","1","87.50","8.61","90.51","0.991","151","203","89","466","62.92","278","268","192","59.15"
"632","Kaiden Guhle","MTL","D","39","691.31666666667","579","708","44.99","429","494","46.48","265","321","45.22","27","24","52.94","35.35","33.24","51.54","276","324","46.00","115","135","46.00","10","13","43.48","161","189","46.00","10","5","66.67","310","408","43.18","4","6","40.00","10.19","92.52","1.027","44","119","96","521","31.43","133","194","221","37.57"
"96","Sam Carrick","BUF, NYR","C","73","690.85","618","687","47.36","428","486","46.83","259","305","45.92","25","24","51.02","30.12","29.7","50.35","278","318","46.64","132","131","50.19","14","11","56.00","146","187","43.84","5","8","38.46","321","398","44.65","4","5","44.44","9.65","92.13","1.018","54","157","134","636","28.72","99","205","239","29.29"
"351","Adam Gaudette","S.J","R","66","690.76666666667","564","722","43.86","392","511","43.41","259","348","42.67","28","37","43.08","28.01","31.16","47.34","272","332","45.03","128","141","47.58","18","18","50.00","144","191","42.99","7","10","41.18","301","450","40.08","3","7","30.00","10.81","89.37","1.002","79","156","128","561","38.16","142","220","265","34.89"
"101","Colin Blackwell","DAL","C","70","687.31666666667","532","606","46.75","353","406","46.51","229","252","47.61","23","26","46.94","23.12","27.75","45.45","240","277","46.42","109","109","50.00","15","13","53.57","131","168","43.81","7","11","38.89","296","371","44.38","1","2","33.33","10.04","89.68","0.997","58","152","108","610","34.94","126","220","210","37.50"
"25","Lars Eller","OTT","C","68","683.75","589","654","47.39","407","448","47.60","273","278","49.55","29","24","54.72","25.48","27.99","47.66","286","280","50.53","108","103","51.18","11","12","47.83","178","177","50.14","11","9","55.00","327","441","42.58","7","3","70.00","10.62","91.37","1.020","114","157","162","598","41.30","160","216","278","36.53"
"355","Steven Lorentz","TOR","C","71","683.15","534","717","42.69","400","515","43.72","257","331","43.71","26","31","45.61","26.51","28.88","47.86","224","313","41.71","101","123","45.09","14","10","58.33","123","190","39.30","9","14","39.13","287","473","37.76","3","7","30.00","10.12","90.63","1.008","38","197","136","569","21.84","90","253","252","26.32"
"86","Jaden Schwartz","SEA","L","50","682.91666666667","590","742","44.29","419","536","43.87","269","342","44.03","32","28","53.33","28.42","36.58","43.73","251","327","43.43","89","143","38.36","13","17","43.33","162","184","46.82","10","7","58.82","373","458","44.89","9","3","75.00","11.90","91.81","1.037","128","146","128","480","50.00","186","192","235","44.18"
"152","Olli Määttä","CGY, UTA","D","43","682.63333333333","581","628","48.06","422","448","48.51","280","280","50.00","30","37","44.78","28.66","33.36","46.21","265","293","47.49","124","127","49.40","19","22","46.34","141","166","45.93","6","12","33.33","318","353","47.39","4","3","57.14","10.71","86.79","0.975","62","133","77","583","44.60","173","205","174","49.86"
"181","Vinnie Hinostroza","FLA, MIN","C","65","679.11666666667","593","757","43.93","409","559","42.25","255","360","41.46","25","36","40.98","26.27","40.5","39.35","267","372","41.78","107","172","38.35","7","25","21.88","160","200","44.44","11","5","68.75","327","434","42.97","6","6","50.00","9.80","90.00","0.998","71","123","88","538","44.65","132","189","209","38.71"
"619","Tye Kartye","NYR, SEA","L","64","678.61666666667","589","644","47.77","396","451","46.75","250","313","44.40","30","36","45.45","26.46","29.74","47.08","266","289","47.93","93","125","42.66","13","16","44.83","173","164","51.34","10","12","45.45","313","378","45.30","6","8","42.86","12.00","88.50","1.005","61","165","122","608","33.33","109","217","213","33.85"
"9","Brad Marchand","FLA","L","52","674.35","745","710","51.20","543","562","49.14","348","379","47.87","44","55","44.44","38.88","52.8","42.40","359","340","51.36","168","171","49.56","28","24","53.85","191","169","53.06","7","18","28.00","415","402","50.80","5","11","31.25","12.64","85.49","0.981","107","175","102","523","51.20","224","246","202","52.58"
"151","Mark Jankowski","CAR","L","68","671.03333333333","740","522","58.64","515","347","59.74","316","218","59.18","27","20","57.45","37.11","23.55","61.18","337","236","58.81","162","110","59.56","11","11","50.00","175","126","58.14","11","6","64.71","465","322","59.09","5","3","62.50","8.54","90.83","0.994","166","179","97","482","63.12","274","250","195","58.42"
"474","Alexey Toropchenko","STL","R","65","670.91666666667","462","667","40.92","328","456","41.84","214","278","43.50","17","30","36.17","24.66","29.13","45.85","199","277","41.81","95","130","42.22","9","17","34.62","104","147","41.43","2","7","22.22","246","438","35.96","5","6","45.45","7.94","89.21","0.972","58","191","153","568","27.49","98","231","261","27.30"
"449","Henri Jokiharju","BOS","D","41","667.56666666667","650","656","49.77","474","470","50.21","308","313","49.60","36","34","51.43","30.97","33.76","47.84","303","327","48.10","127","133","48.85","18","11","62.07","176","194","47.57","12","17","41.38","358","380","48.51","6","6","50.00","11.69","89.14","1.008","56","134","99","546","36.13","169","221","222","43.22"
"425","Kailer Yamamoto","UTA","R","59","666.06666666667","617","559","52.47","440","390","53.01","277","245","53.07","37","26","58.73","28.14","25.73","52.23","266","258","50.76","127","95","57.21","17","14","54.84","139","163","46.03","10","9","52.63","350","314","52.71","9","3","75.00","13.36","89.39","1.027","99","157","92","574","51.83","159","207","177","47.32"
"819","Ethen Frank","WSH","C, R","62","664.75","625","695","47.35","453","475","48.81","296","309","48.93","33","24","57.89","34.95","33.14","51.33","320","317","50.24","167","125","57.19","20","13","60.61","153","192","44.35","5","6","45.45","300","410","42.25","8","5","61.54","11.15","92.23","1.034","65","162","143","547","31.25","109","210","224","32.73"
"218","Brett Pesce","N.J","D","37","654.75","627","613","50.56","460","443","50.94","306","291","51.26","18","30","37.50","31.66","31.03","50.50","299","293","50.51","119","144","45.25","6","20","23.08","180","149","54.71","9","7","56.25","374","349","51.73","1","3","25.00","5.88","89.69","0.956","104","135","95","434","52.26","225","202","194","53.70"
"717","Colton Dach","CHI, EDM","C","61","653.66666666667","516","581","47.04","374","431","46.46","224","294","43.24","15","28","34.88","21.21","28.04","43.06","222","260","46.06","87","127","40.65","7","12","36.84","135","133","50.37","7","5","58.33","311","346","47.34","1","11","8.33","6.70","90.48","0.972","69","155","82","587","45.70","135","207","159","45.92"
"562","Alex Turcotte","L.A","C","62","651.93333333333","712","580","55.11","501","410","54.99","325","264","55.18","21","29","42.00","33.96","25.99","56.65","357","275","56.49","167","114","59.43","15","14","51.72","190","161","54.13","3","9","25.00","386","309","55.54","3","6","33.33","6.46","89.02","0.955","93","126","66","590","58.49","207","203","164","55.80"
"530","Jonatan Berggren","DET, STL","R","51","644.41666666667","625","560","52.74","439","435","50.23","293","279","51.22","26","29","47.27","26.71","27.1","49.63","266","270","49.63","105","109","49.07","10","8","55.56","161","161","50.00","8","12","40.00","383","319","54.56","8","9","47.06","8.87","89.61","0.985","107","126","84","509","56.02","198","166","176","52.94"
"661","Hendrix Lapierre","WSH","C","74","643.4","653","551","54.24","456","373","55.01","282","243","53.71","26","24","52.00","33.43","25.98","56.28","320","257","55.46","142","99","58.92","8","15","34.78","178","158","52.98","10","5","66.67","329","307","51.73","8","4","66.67","9.22","90.12","0.993","72","126","71","590","50.35","129","164","125","50.79"
"321","Noah Juulsen","PHI","D","52","641.03333333333","492","586","45.64","353","416","45.90","236","244","49.17","29","26","52.73","23.43","26.69","46.74","251","273","47.90","105","110","48.84","9","10","47.37","146","163","47.25","17","10","62.96","272","332","45.03","3","6","33.33","12.29","89.34","1.016","88","113","59","686","59.86","186","193","139","57.23"
"496","Joe Veleno","MTL","C","61","640.15","519","592","46.71","356","406","46.72","218","266","45.04","18","31","36.73","28.74","27.43","51.17","232","269","46.31","96","120","44.44","5","20","20.00","136","149","47.72","7","8","46.67","302","334","47.48","5","3","62.50","8.26","88.35","0.966","104","128","105","474","49.76","158","173","208","43.17"
"615","Elmer Soderblom","DET, PIT","L","59","640.03333333333","556","624","47.12","395","434","47.65","249","278","47.25","20","21","48.78","28.47","29.71","48.93","276","301","47.83","139","126","52.45","14","11","56.00","137","175","43.91","2","8","20.00","283","371","43.27","4","2","66.67","8.03","92.45","1.005","74","134","113","513","39.57","128","178","209","37.98"
"458","Alexandre Texier","MTL, STL","L","51","634","627","575","52.16","435","414","51.24","268","261","50.66","27","18","60.00","30.4","30.28","50.10","292","299","49.41","123","129","48.81","14","9","60.87","169","170","49.85","8","6","57.14","337","312","51.93","5","2","71.43","10.07","93.10","1.032","81","161","75","453","51.92","152","208","175","46.48"
"57","Marcus Foligno","MIN","L","56","630.78333333333","617","638","49.16","446","440","50.34","289","276","51.15","16","29","35.56","30.24","26.46","53.33","293","282","50.96","118","119","49.79","8","15","34.78","175","163","51.78","3","8","27.27","322","420","43.40","5","6","45.45","5.54","89.49","0.950","50","119","100","471","33.33","131","190","214","37.97"
"283","Dakota Joshua","TOR","C","55","627.1","528","669","44.11","378","489","43.60","238","318","42.81","28","30","48.28","25.61","29.05","46.85","252","289","46.58","110","107","50.69","10","17","37.04","142","182","43.83","11","10","52.38","273","421","39.34","6","2","75.00","11.76","90.57","1.023","36","193","116","523","23.68","101","251","217","31.76"
"552","Blake Lizotte","PIT","C","55","623.06666666667","630","593","51.51","442","418","51.40","275","271","50.37","28","23","54.90","30.88","27.15","53.21","297","272","52.20","130","133","49.43","10","14","41.67","167","139","54.58","8","5","61.54","278","413","40.23","4","4","50.00","10.18","91.51","1.017","16","134","204","477","7.27","56","180","318","14.97"
"125","Ryan Strome","ANA, CGY","C","52","621.2","627","609","50.73","445","451","49.67","289","296","49.40","30","37","44.78","29.06","29.7","49.46","298","297","50.08","123","115","51.68","16","18","47.06","175","182","49.02","10","14","41.67","338","333","50.37","3","4","42.86","10.38","87.50","0.979","104","145","78","517","57.14","192","210","160","54.55"
"842","Andrei Kuzmenko","L.A","L","52","620.08333333333","640","554","53.60","434","395","52.35","286","237","54.68","24","27","47.06","29.23","27.61","51.42","312","254","55.12","139","101","57.92","17","11","60.71","173","153","53.07","3","9","25.00","360","303","54.30","4","5","44.44","8.39","88.61","0.970","86","114","64","448","57.33","193","183","145","57.10"
"142","Luke Glendening","N.J, PHI","C","70","619.3","458","673","40.50","336","459","42.26","218","301","42.00","16","24","40.00","19.81","28.87","40.70","176","280","38.60","85","122","41.06","7","10","41.18","91","158","36.55","5","11","31.25","310","431","41.84","3","3","50.00","7.34","92.03","0.994","110","142","159","542","40.89","167","201","254","39.67"
"544","Cole Reinhardt","FLA, VGK","L","59","618.96666666667","461","581","44.24","335","424","44.14","216","262","45.19","22","24","47.83","20.14","26.77","42.93","187","275","40.48","87","114","43.28","10","12","45.45","100","161","38.31","7","8","46.67","289","327","46.92","5","4","55.56","10.19","90.84","1.010","70","128","73","536","48.95","123","183","152","44.73"
"81","Nick Bjugstad","N.J, STL","C","61","618.73333333333","492","612","44.57","373","436","46.11","231","262","46.86","16","28","36.36","23.87","28.52","45.56","230","288","44.40","102","118","46.36","7","14","33.33","128","170","42.95","6","10","37.50","282","364","43.65","3","4","42.86","6.93","89.31","0.962","82","158","108","493","43.16","142","204","187","43.16"
"204","Nick Paul","T.B","L","51","614.15","550","522","51.31","373","379","49.60","244","257","48.70","18","32","36.00","23.55","23.92","49.61","249","236","51.34","107","98","52.20","12","15","44.44","142","138","50.71","3","11","21.43","333","322","50.84","3","5","37.50","7.38","87.55","0.949","113","136","104","413","52.07","180","194","192","48.39"
"428","Conor Timmins","BUF","D","39","612.73333333333","527","680","43.66","397","488","44.86","251","324","43.65","24","33","42.11","26.84","30.99","46.41","257","309","45.41","111","127","46.64","15","21","41.67","146","182","44.51","8","9","47.06","306","427","41.75","1","2","33.33","9.56","89.81","0.994","71","132","108","509","39.66","164","194","217","43.04"
"117","Brandon Saad","VGK","L","49","610.28333333333","622","589","51.36","449","415","51.97","284","245","53.69","18","25","41.86","28.94","26.09","52.59","293","279","51.22","132","110","54.55","9","14","39.13","161","169","48.79","6","5","54.55","368","339","52.05","3","6","33.33","6.34","89.80","0.961","93","146","79","483","54.07","185","195","165","52.86"
"550","Kyle MacLean","NYI","C","59","609.63333333333","493","557","46.95","363","374","49.25","231","231","50.00","14","20","41.18","24.12","26.21","47.92","222","263","45.77","103","117","46.82","6","10","37.50","119","146","44.91","6","6","50.00","289","296","49.40","2","4","33.33","6.06","91.34","0.974","76","151","76","497","50.00","142","214","152","48.30"
"835","Nikita Grebenkin","PHI","R","55","609.28333333333","504","546","48.00","345","386","47.20","230","238","49.15","20","27","42.55","22.45","26.41","45.94","241","265","47.63","99","117","45.83","6","16","27.27","142","148","48.97","10","7","58.82","267","300","47.09","4","4","50.00","8.70","88.66","0.974","70","165","68","503","50.72","129","206","169","43.29"
"242","Garnet Hathaway","PHI","R","66","608","431","532","44.76","300","350","46.15","180","203","47.00","13","19","40.63","19.31","19.93","49.20","189","221","46.10","90","89","50.28","7","8","46.67","99","132","42.86","3","9","25.00","269","334","44.61","3","2","60.00","7.22","90.64","0.979","71","151","107","551","39.89","125","222","190","39.68"
"29","Luke Schenn","BUF, WPG","D","50","601.86666666667","482","639","43.00","324","465","41.06","200","285","41.24","18","33","35.29","21.02","29.42","41.67","206","310","39.92","81","121","40.10","10","14","41.67","125","189","39.81","4","13","23.53","298","362","45.15","4","6","40.00","9.00","88.42","0.974","54","111","86","546","38.57","128","174","178","41.83"
"235","Ross Johnston","ANA","L","62","601.55","531","579","47.84","367","405","47.54","221","268","45.19","27","27","50.00","24.61","27.68","47.07","242","293","45.23","93","119","43.87","16","15","51.61","149","174","46.13","6","10","37.50","284","338","45.66","5","2","71.43","12.22","89.93","1.021","90","128","120","498","42.86","139","172","210","39.83"
"656","Donovan Sebrango","FLA, OTT","D","42","600.5","559","573","49.38","414","421","49.58","232","281","45.22","27","32","45.76","27.75","29.96","48.09","248","270","47.88","110","126","46.61","11","21","34.38","138","144","48.94","11","7","61.11","308","312","49.68","5","4","55.56","11.64","88.61","1.003","71","127","67","513","51.45","144","208","132","52.17"
"203","Miles Wood","CBJ","L","54","597.63333333333","553","661","45.55","386","493","43.91","247","293","45.74","21","32","39.62","25.26","28.55","46.94","263","294","47.22","105","106","49.76","15","8","65.22","158","188","45.66","4","13","23.53","306","426","41.80","2","10","16.67","8.50","89.08","0.976","73","117","95","510","43.45","141","174","222","38.84"
"867","Oliver Moore","CHI","C","51","588.95","502","562","47.18","381","423","47.39","230","278","45.28","20","35","36.36","22.2","25.97","46.08","242","253","48.89","95","108","46.80","11","15","42.31","147","145","50.34","7","13","35.00","312","310","50.16","2","6","25.00","8.70","87.41","0.961","108","115","75","510","59.02","183","169","147","55.45"
"113","Mike Reilly","CAR","D","42","582.38333333333","686","464","59.65","486","348","58.27","303","236","56.22","27","18","60.00","35.45","24.66","58.98","317","244","56.51","134","100","57.26","13","12","52.00","183","144","55.96","9","5","64.29","397","248","61.55","4","1","80.00","8.91","92.37","1.013","124","163","51","472","70.86","237","243","128","64.93"
"194","Jonny Brodzinski","NYR","C","55","579.16666666667","511","571","47.23","362","411","46.83","226","255","46.99","18","19","48.65","24.48","26.11","48.39","242","253","48.89","106","121","46.70","10","10","50.00","136","132","50.75","6","6","50.00","285","315","47.50","2","3","40.00","7.96","92.55","1.005","65","109","68","543","48.87","132","169","162","44.90"
"764","Declan Carlile","T.B","D","42","573.55","497","507","49.50","332","366","47.56","211","245","46.27","25","20","55.56","21.19","22.02","49.04","243","222","52.26","91","89","50.56","10","6","62.50","152","133","53.33","9","12","42.86","288","307","48.40","5","2","71.43","11.85","91.84","1.037","66","112","56","500","54.10","164","178","129","55.97"
"411","Michael Eyssimont","BOS","C","56","571.98333333333","608","584","51.01","435","421","50.82","285","274","50.98","21","24","46.67","28.34","27.56","50.70","266","253","51.25","116","105","52.49","13","8","61.90","150","148","50.34","5","7","41.67","326","359","47.59","3","8","27.27","7.37","91.24","0.986","74","136","93","470","44.31","125","201","177","41.39"
"536","Cole Koepke","WPG","L","66","571.65","497","576","46.32","365","422","46.38","236","270","46.64","19","19","50.00","22.3","28.58","43.82","216","278","43.72","96","126","43.24","11","5","68.75","120","152","44.12","5","11","31.25","288","355","44.79","3","3","50.00","8.05","92.96","1.010","61","142","100","501","37.89","102","189","176","36.69"
"328","Mathieu Joseph","L.A, STL","R","51","570.18333333333","454","490","48.09","317","332","48.84","204","225","47.55","15","23","39.47","19.96","20.74","49.04","218","209","51.05","91","93","49.46","8","12","40.00","127","116","52.26","4","6","40.00","247","309","44.42","2","5","28.57","7.35","89.78","0.971","70","144","80","491","46.67","118","195","164","41.84"
"28","Zach Bogosian","MIN","D","41","561.76666666667","502","578","46.48","365","429","45.97","234","278","45.70","26","18","59.09","24.87","25.44","49.43","225","290","43.69","103","111","48.13","12","7","63.16","122","179","40.53","4","7","36.36","275","299","47.91","7","4","63.64","11.11","93.53","1.046","41","78","44","504","48.24","134","145","130","50.76"
"461","Nick DeSimone","UTA","D","40","561.4","552","477","53.64","385","328","54.00","239","211","53.11","24","20","54.55","25","19.82","55.78","254","218","53.81","105","83","55.85","13","10","56.52","149","135","52.46","4","8","33.33","316","268","54.11","7","2","77.78","10.04","90.52","1.006","57","114","67","525","45.97","153","168","144","51.52"
"489","Philipp Kurashev","S.J","C","43","560.83333333333","477","552","46.36","316","403","43.95","224","263","46.00","29","28","50.88","19.47","26.92","41.96","238","261","47.70","95","118","44.60","17","15","53.13","143","143","50.00","6","6","50.00","250","335","42.74","6","4","60.00","12.95","89.35","1.023","50","126","82","421","37.88","107","163","190","36.03"
"10","Nick Foligno","CHI, MIN","L","54","560.05","458","492","48.21","331","344","49.04","202","202","50.00","21","22","48.84","20.61","21.82","48.57","208","226","47.93","89","92","49.17","12","8","60.00","119","134","47.04","9","9","50.00","254","310","45.04","0","5","0.00","10.40","89.11","0.995","50","118","106","453","32.05","117","167","199","37.03"
"89","Erik Gudbranson","CBJ","D","37","556.56666666667","432","632","40.60","311","450","40.87","211","280","42.97","26","22","54.17","21.91","30.01","42.20","187","291","39.12","70","130","35.00","11","13","45.83","117","161","42.09","6","5","54.55","245","384","38.95","6","4","60.00","12.32","92.14","1.045","38","110","78","449","32.76","113","163","187","37.67"
"161","Radek Faksa","DAL","C","58","551.7","369","460","44.51","242","304","44.32","160","206","43.72","15","16","48.39","18.72","20.31","47.96","161","202","44.35","88","90","49.44","11","10","52.38","73","112","39.46","3","5","37.50","196","306","39.04","1","1","50.00","9.38","92.23","1.016","34","120","101","505","25.19","78","170","194","28.68"
"164","Oskar Sundqvist","STL","C","52","551.53333333333","369","599","38.12","265","411","39.20","165","254","39.38","19","36","34.55","18.85","25.23","42.76","159","251","38.78","73","110","39.89","8","21","27.59","86","141","37.89","4","8","33.33","209","395","34.60","7","6","53.85","11.52","85.83","0.973","58","143","135","459","30.05","90","184","237","27.52"
"467","Johnathan Kovacevic","N.J","D","34","551.18333333333","522","512","50.48","395","380","50.97","254","245","50.90","25","26","49.02","27.04","26.99","50.04","233","261","47.17","96","107","47.29","7","13","35.00","137","154","47.08","10","9","52.63","314","309","50.40","7","4","63.64","9.84","89.39","0.992","54","95","97","373","35.76","124","164","188","39.74"
"455","Josh Norris","BUF","C","44","551.08333333333","549","523","51.21","433","377","53.46","288","248","53.73","40","26","60.61","33.26","28.11","54.19","261","244","51.68","126","105","54.55","18","14","56.25","135","139","49.27","14","5","73.68","347","344","50.22","7","4","63.64","13.89","89.52","1.034","122","138","114","427","51.69","190","183","212","47.26"
"260","Kasperi Kapanen","EDM","R","41","546.71666666667","452","541","45.52","345","358","49.08","234","218","51.77","24","19","55.81","21.32","23.51","47.55","203","259","43.94","77","103","42.78","7","10","41.18","126","156","44.68","14","4","77.78","272","301","47.47","3","5","37.50","10.26","91.28","1.015","68","130","60","395","53.13","129","171","132","49.43"
"900","Zayne Parekh","CGY","D","37","545.66666666667","546","540","50.28","377","396","48.77","248","284","46.62","17","26","39.53","23.09","29.86","43.60","244","261","48.32","88","99","47.06","8","11","42.11","156","162","49.06","5","6","45.45","371","263","58.52","3","7","30.00","6.85","90.85","0.977","121","70","26","503","82.31","253","114","75","77.13"
"149","Tanner Pearson","BUF, WPG","L","56","542.53333333333","471","569","45.29","351","404","46.49","229","266","46.26","24","15","61.54","22.44","25.1","47.20","211","259","44.89","98","108","47.57","12","6","66.67","113","151","42.80","5","5","50.00","248","362","40.66","6","4","60.00","10.48","94.36","1.048","51","143","117","477","30.36","88","181","199","30.66"
"805","Elias Salomonsson","WPG","D","32","537.26666666667","531","488","52.11","377","373","50.27","234","251","48.25","16","22","42.11","28.66","26.55","51.91","265","219","54.75","108","102","51.43","7","8","46.67","157","117","57.30","6","12","33.33","291","312","48.26","3","2","60.00","6.84","91.24","0.981","52","107","81","455","39.10","163","151","162","50.15"
"366","Luke Kunin","FLA","C","62","533.15","436","535","44.90","310","371","45.52","196","245","44.44","20","26","43.48","19.18","23.82","44.60","179","232","43.55","82","104","44.09","10","17","37.04","97","128","43.11","5","3","62.50","271","307","46.89","5","6","45.45","10.20","89.39","0.996","92","125","69","463","57.14","149","171","154","49.17"
"818","Ben Meyers","SEA","C","52","532.76666666667","443","533","45.39","326","381","46.11","206","259","44.30","22","34","39.29","23.74","22.08","51.81","221","212","51.04","95","93","50.53","11","15","42.31","126","119","51.43","7","9","43.75","199","378","34.49","4","10","28.57","10.68","86.87","0.976","33","145","146","433","18.44","54","175","210","20.45"
"754","Joel Nystrom","CAR","D","38","532.53333333333","611","415","59.55","428","318","57.37","270","213","55.90","25","19","56.82","32.64","20.62","61.29","292","207","58.52","128","85","60.09","11","12","47.83","164","122","57.34","11","6","64.71","376","235","61.54","3","1","75.00","9.26","91.08","1.003","115","124","54","451","68.05","234","196","129","64.46"
"37","Gustav Nyquist","WPG","R","51","530.5","478","527","47.56","346","384","47.40","221","245","47.42","12","20","37.50","21.01","24.97","45.69","202","247","44.99","82","110","42.71","7","9","43.75","120","137","46.69","2","8","20.00","336","290","53.67","3","3","50.00","5.43","91.84","0.973","105","125","52","428","66.88","170","165","124","57.82"
"937","Max Shabanov","NYI","R","44","530.5","472","569","45.34","357","409","46.61","227","267","45.95","24","28","46.15","20.09","31.88","38.65","213","271","44.01","79","117","40.31","9","10","47.37","134","154","46.53","10","13","43.48","299","316","48.62","5","5","50.00","10.57","89.51","1.001","94","98","71","398","56.97","148","151","146","50.34"
"50","Nick Leddy","S.J","D","32","530.08333333333","431","517","45.46","303","381","44.30","202","246","45.09","20","30","40.00","18.36","24.47","42.87","217","257","45.78","90","109","45.23","11","15","42.31","127","148","46.18","7","8","46.67","259","278","48.23","2","7","22.22","9.90","87.80","0.977","78","92","55","363","58.65","174","158","143","54.89"
"468","Jacob Bryson","BUF, WPG","D","50","529.13333333333","463","513","47.44","330","381","46.41","211","259","44.89","22","31","41.51","22.52","22.36","50.17","229","224","50.55","102","86","54.26","13","16","44.83","127","138","47.92","5","12","29.41","251","301","45.47","4","3","57.14","10.43","88.03","0.985","45","123","71","506","38.79","123","176","130","48.62"
"463","David Kampf","VAN, WSH","C","40","529.11666666667","453","493","47.89","337","363","48.14","212","229","48.07","12","26","31.58","20.73","24.39","45.94","212","234","47.53","87","102","46.03","6","9","40.00","125","132","48.64","3","13","18.75","268","328","44.97","3","3","50.00","5.66","88.65","0.943","72","143","125","351","36.55","138","183","223","38.23"
"419","Jeffrey Viel","ANA, BOS","L","45","528.75","614","528","53.77","454","369","55.16","278","231","54.62","24","27","47.06","31.01","27.93","52.62","290","263","52.44","124","115","51.88","8","8","50.00","166","148","52.87","11","14","44.00","328","293","52.82","5","5","50.00","8.63","88.31","0.969","76","148","74","417","50.67","146","190","165","46.95"
"361","Philippe Myers","TOR","D","39","527.66666666667","420","577","42.13","311","416","42.78","187","269","41.01","19","30","38.78","16.98","25.32","40.14","183","274","40.04","68","116","36.96","8","15","34.78","115","158","42.12","9","10","47.37","256","318","44.60","2","5","28.57","10.16","88.85","0.990","54","105","73","506","42.52","106","140","153","40.93"
"72","Calle Jarnkrok","TOR","C","56","526.36666666667","372","555","40.13","273","394","40.93","177","249","41.55","13","29","30.95","15.23","23.59","39.22","152","247","38.10","64","111","36.57","6","12","33.33","88","136","39.29","4","12","25.00","201","361","35.77","2","5","28.57","7.34","88.35","0.957","29","156","112","442","20.57","72","185","204","26.09"
"603","Alex Newhook","MTL","C","42","525.61666666667","416","530","43.97","306","389","44.03","182","251","42.03","33","25","56.90","21.25","27.29","43.78","215","257","45.55","82","106","43.62","14","15","48.28","133","151","46.83","14","6","70.00","251","280","47.27","4","4","50.00","18.13","90.04","1.082","99","101","47","374","67.81","171","149","122","58.36"
"748","Zack Ostapchuk","S.J","C","59","525.3","390","507","43.48","269","341","44.10","172","227","43.11","14","24","36.84","18.94","21.16","47.23","183","213","46.21","83","87","48.82","9","8","52.94","100","126","44.25","4","13","23.53","217","325","40.04","1","3","25.00","8.14","89.43","0.976","60","163","97","434","38.22","101","211","196","34.01"
"508","Ty Dellandrea","S.J","C","46","524.5","381","610","38.45","258","439","37.02","172","287","37.47","14","34","29.17","18.87","27.45","40.73","171","279","38.00","88","110","44.44","10","16","38.46","83","169","32.94","2","10","16.67","212","370","36.43","2","8","20.00","8.14","88.15","0.963","55","100","104","411","34.59","91","134","213","29.93"
"929","Michael Misa","S.J","C","45","523.05","500","512","49.41","355","384","48.04","247","251","49.60","26","28","48.15","24.61","25.55","49.06","234","253","48.05","112","107","51.14","16","12","57.14","122","146","45.52","7","10","41.18","281","291","49.13","3","5","37.50","10.53","88.84","0.994","77","92","61","416","55.80","136","133","146","48.23"
"371","Carl Grundstrom","PHI","R","47","520.88333333333","404","476","45.91","276","333","45.32","165","196","45.71","21","16","56.76","18.51","20.9","46.96","193","220","46.73","79","82","49.07","8","6","57.14","114","138","45.24","9","8","52.94","226","272","45.38","4","2","66.67","12.73","91.84","1.046","63","120","67","443","48.46","116","166","132","46.77"
"364","Brandon Tanev","UTA","L","56","513.65","431","476","47.52","304","326","48.25","182","214","45.96","9","24","27.27","20.12","23.47","46.16","193","223","46.39","85","103","45.21","6","10","37.50","108","120","47.37","1","9","10.00","236","273","46.37","1","5","16.67","4.95","88.79","0.937","72","133","81","512","47.06","112","178","170","39.72"
"294","Frank Vatrano","ANA","R","50","513.23333333333","503","549","47.81","360","402","47.24","242","259","48.30","16","31","34.04","21.16","28.71","42.43","212","283","42.83","86","124","40.95","10","16","38.46","126","159","44.21","4","9","30.77","288","307","48.40","1","6","14.29","6.61","88.03","0.946","80","108","97","418","45.20","137","154","168","44.92"
"546","Brayden Pachal","CGY","D","39","511.95","496","522","48.72","354","363","49.37","235","219","51.76","20","22","47.62","23.05","22.34","50.78","231","231","50.00","106","87","54.92","8","13","38.10","125","144","46.47","8","6","57.14","294","287","50.60","4","3","57.14","8.51","89.95","0.985","56","83","57","569","49.56","155","131","121","56.16"
"613","Max Crozier","T.B","D","35","511.21666666667","486","410","54.24","356","301","54.19","219","206","51.53","22","17","56.41","23.96","20.05","54.44","236","179","56.87","105","83","55.85","11","11","50.00","131","96","57.71","7","6","53.85","284","261","52.11","4","0","100.00","10.05","91.75","1.018","67","91","46","416","59.29","160","131","112","58.82"
"362","Ryan Lomberg","CGY","L","57","510.31666666667","473","520","47.63","328","339","49.18","198","215","47.94","14","18","43.75","17.35","23.52","42.45","198","255","43.71","78","107","42.16","7","10","41.18","120","148","44.78","4","6","40.00","264","274","49.07","3","2","60.00","7.07","91.63","0.987","35","109","53","509","39.77","80","143","120","40.00"
"173","Teddy Blueger","VAN","C","35","508.41666666667","387","507","43.29","283","378","42.81","189","261","42.00","21","37","36.21","19.05","27.07","41.31","178","271","39.64","84","114","42.42","7","20","25.93","94","157","37.45","11","10","52.38","205","295","41.00","3","7","30.00","11.11","85.82","0.969","42","129","101","382","29.37","81","162","204","28.42"
"685","Jeff Malott","L.A","L","58","507.8","549","495","52.59","383","328","53.87","227","216","51.24","18","27","40.00","26.19","20.31","56.33","276","231","54.44","127","90","58.53","6","11","35.29","149","141","51.38","9","9","50.00","261","286","47.71","3","7","30.00","7.93","87.50","0.954","46","105","47","496","49.46","98","157","123","44.34"
"853","Hunter Brzustewicz","CGY","D","34","507.31666666667","443","472","48.42","312","351","47.06","216","225","48.98","21","21","50.00","18.75","23.83","44.03","202","219","47.98","78","101","43.58","12","11","52.17","124","118","51.24","7","8","46.67","255","256","49.90","2","1","66.67","9.72","90.67","1.004","54","101","57","466","48.65","141","153","108","56.63"
"848","Denver Barkey","PHI","C","43","507.06666666667","438","439","49.94","332","293","53.12","216","194","52.68","22","25","46.81","22.59","18.47","55.02","221","202","52.25","99","81","55.00","11","9","55.00","122","121","50.21","7","10","41.18","244","255","48.90","4","6","40.00","10.19","87.11","0.973","67","114","79","409","45.89","134","161","144","48.20"
"280","Danton Heinen","CBJ, PIT","L","46","506.85","482","437","52.45","351","305","53.51","219","188","53.81","23","16","58.97","24.27","16.25","59.89","223","181","55.20","91","74","55.15","10","9","52.63","132","107","55.23","9","3","75.00","265","297","47.15","3","3","50.00","10.50","91.49","1.020","65","110","98","413","39.88","115","140","171","40.21"
"672","Landon Slaggert","CHI","L","53","504.43333333333","346","461","42.87","255","329","43.66","154","207","42.66","13","15","46.43","16.06","23.1","41.01","166","228","42.13","74","106","41.11","5","7","41.67","92","122","42.99","8","6","57.14","185","264","41.20","0","2","0.00","8.44","92.75","1.012","58","131","70","440","45.31","91","174","134","40.44"
"237","Nathan Walker","STL","L","46","502.35","375","476","44.07","278","324","46.18","185","207","47.19","20","30","40.00","18.06","20.88","46.38","171","201","45.97","85","92","48.02","9","17","34.62","86","109","44.10","4","9","30.77","196","302","39.36","6","4","60.00","10.81","85.51","0.963","48","125","89","425","35.04","86","165","167","33.99"
"836","Dominic James","T.B","C","43","493.53333333333","467","407","53.43","322","304","51.44","204","204","50.00","20","16","55.56","21.74","18.68","53.78","233","180","56.42","89","81","52.35","13","5","72.22","144","99","59.26","5","7","41.67","258","241","51.70","1","4","20.00","9.80","92.16","1.020","89","102","52","362","63.12","136","140","101","57.38"
"815","Marc Gatcomb","NYI","C","49","492.51666666667","410","421","49.34","303","286","51.44","196","166","54.14","11","14","44.00","19.74","17","53.72","180","180","50.00","94","77","54.97","6","8","42.86","86","103","45.50","3","4","42.86","248","244","50.41","2","2","50.00","5.61","91.57","0.972","64","129","64","420","50.00","124","186","116","51.67"
"913","Matvei Gridin","CGY","R","37","487.75","433","555","43.83","310","396","43.91","193","261","42.51","19","33","36.54","18.24","29.27","38.40","203","277","42.29","71","110","39.23","8","15","34.78","132","167","44.15","8","11","42.11","291","259","52.91","3","6","33.33","9.84","87.36","0.972","123","105","36","371","77.36","208","145","88","70.27"
"43","Victor Hedman","T.B","D","33","481.81666666667","509","475","51.73","356","361","49.65","226","254","47.08","25","26","49.02","26.41","24.54","51.84","233","227","50.65","100","86","53.76","13","9","59.09","133","141","48.54","6","10","37.50","298","264","53.02","5","3","62.50","11.06","89.76","1.008","49","109","49","400","50.00","145","157","110","56.86"
"852","Gavin Brindley","COL","C","56","473.66666666667","489","422","53.68","340","303","52.88","238","181","56.80","25","20","55.56","21.03","23.1","47.65","221","198","52.74","84","90","48.28","13","11","54.17","137","108","55.92","6","5","54.55","293","246","54.36","6","4","60.00","10.50","88.95","0.995","77","102","55","390","58.33","133","151","129","50.76"
"753","Tyson Kozak","BUF","C","46","473.18333333333","360","534","40.27","252","372","40.38","170","230","42.50","13","15","46.43","17.1","22","43.74","155","239","39.34","69","99","41.07","6","8","42.86","86","140","38.05","4","4","50.00","190","363","34.36","2","2","50.00","7.65","93.48","1.011","48","157","119","362","28.74","74","200","206","26.43"
"605","Joel Kiviranta","COL","L","51","472.83333333333","529","385","57.88","368","269","57.77","241","170","58.64","20","13","60.61","23.33","16.08","59.20","231","158","59.38","88","66","57.14","9","8","52.94","143","92","60.85","7","2","77.78","304","253","54.58","4","3","57.14","8.30","92.35","1.007","63","124","79","433","44.37","109","172","154","41.44"
"249","Haydn Fleury","WPG","D","38","470.53333333333","368","487","43.04","270","372","42.06","170","233","42.18","14","34","29.17","17.52","24.74","41.45","163","249","39.56","74","92","44.58","8","14","36.36","89","157","36.18","4","14","22.22","243","266","47.74","1","6","14.29","8.24","85.41","0.936","46","76","43","434","51.69","106","109","102","50.96"
"864","Nick Lardis","CHI","L","41","460.53333333333","378","436","46.44","281","327","46.22","183","205","47.16","15","33","31.25","16.03","24.32","39.72","182","233","43.86","61","114","34.86","10","20","33.33","121","119","50.42","4","9","30.77","226","215","51.25","1","2","33.33","8.20","83.90","0.921","84","99","50","389","62.69","137","152","96","58.80"
"733","Ville Koivunen","PIT","R","39","460.1","506","379","57.18","348","268","56.49","218","164","57.07","11","20","35.48","22.93","18.61","55.21","240","162","59.70","95","67","58.64","6","10","37.50","145","95","60.42","5","8","38.46","299","224","57.17","0","1","0.00","5.05","87.80","0.929","71","99","33","370","68.27","143","111","74","65.90"
"500","Jesperi Kotkaniemi","CAR","C","42","458.3","457","379","54.67","306","264","53.68","191","177","51.90","20","16","55.56","17.49","18.2","49.01","197","171","53.53","74","78","48.68","10","9","52.63","123","93","56.94","6","6","50.00","303","220","57.93","4","1","80.00","10.47","90.96","1.014","104","116","58","303","64.20","191","161","123","60.83"
"885","Zach Metsa","BUF","D","43","456.76666666667","385","450","46.11","284","328","46.41","189","208","47.61","24","9","72.73","17.39","20.91","45.40","167","211","44.18","76","78","49.35","14","6","70.00","91","133","40.63","8","2","80.00","231","272","45.92","2","1","66.67","12.70","95.67","1.084","53","104","58","353","47.75","115","145","126","47.72"
"557","Kirby Dach","MTL","C","37","453.81666666667","383","434","46.88","274","302","47.57","187","185","50.27","22","23","48.89","18.44","21.06","46.68","173","212","44.94","77","89","46.39","11","8","57.89","96","123","43.84","6","11","35.29","221","226","49.44","5","4","55.56","11.76","87.57","0.993","61","119","56","320","52.14","114","163","120","48.72"
"699","Alex Steeves","BOS","C","43","452.31666666667","428","441","49.25","310","298","50.99","209","207","50.24","22","17","56.41","20.39","19.17","51.54","201","191","51.28","88","73","54.66","12","6","66.67","113","118","48.92","4","5","44.44","224","257","46.57","5","5","50.00","10.53","91.79","1.023","68","118","72","334","48.57","124","157","135","47.88"
"436","Urho Vaakanainen","NYR","D","34","449.36666666667","407","400","50.43","275","291","48.59","162","190","46.02","16","16","50.00","16.15","18.04","47.25","187","188","49.87","69","81","46.00","7","7","50.00","118","107","52.44","8","6","57.14","207","235","46.83","1","3","25.00","9.88","91.58","1.015","19","65","54","457","26.03","69","103","126","35.38"
"807","Reid Schaefer","NSH","L","47","447.88333333333","361","482","42.82","245","346","41.46","158","226","41.15","9","21","30.00","16.41","21.93","42.80","164","226","42.05","82","96","46.07","3","12","20.00","82","130","38.68","1","6","14.29","207","295","41.24","5","3","62.50","5.70","90.71","0.964","50","115","65","371","43.48","109","150","165","39.78"
"551","Nico Sturm","MIN","C","49","447.8","376","491","43.37","288","336","46.15","178","198","47.34","15","16","48.39","23.23","19.41","54.48","184","232","44.23","81","94","46.29","6","8","42.86","103","138","42.74","2","5","28.57","201","295","40.52","5","3","62.50","8.43","91.92","1.003","24","65","95","411","20.17","84","112","179","31.94"
"212","Adam Erne","DAL","L","45","446.45","317","383","45.29","218","261","45.51","137","162","45.82","14","13","51.85","17.29","16.19","51.64","144","170","45.86","79","66","54.48","8","7","53.33","65","104","38.46","5","5","50.00","183","240","43.26","1","1","50.00","10.22","91.98","1.022","45","106","54","416","45.45","87","151","133","39.55"
"365","Matthew Tkachuk","FLA","L","31","445.95","506","381","57.05","367","306","54.53","218","206","51.42","24","27","47.06","27.37","26.88","50.45","241","199","54.77","114","90","55.88","11","14","44.00","127","109","53.81","8","8","50.00","302","191","61.26","3","3","50.00","11.01","86.89","0.979","70","113","62","327","53.03","154","169","111","58.11"
"198","Mattias Janmark","EDM","C","43","444.16666666667","351","426","45.17","247","296","45.49","167","181","47.99","9","18","33.33","18.88","19.63","49.02","170","213","44.39","87","92","48.60","6","9","40.00","83","121","40.69","1","7","12.50","174","224","43.72","2","2","50.00","5.39","90.06","0.954","42","112","75","351","35.90","83","142","141","37.05"
"919","Maxim Tsyplakov","N.J, NYI","R","49","439.96666666667","382","386","49.74","284","268","51.45","174","158","52.41","9","25","26.47","17.24","17.9","49.06","165","194","45.96","68","91","42.77","4","18","18.18","97","103","48.50","4","5","44.44","221","207","51.64","1","2","33.33","5.17","84.18","0.893","62","100","45","378","57.94","111","131","93","54.41"
"565","Nils Hoglander","VAN","L","38","430.05","387","384","50.19","265","290","47.75","168","184","47.73","10","14","41.67","16.9","20.93","44.67","189","195","49.22","78","85","47.85","9","8","52.94","111","110","50.23","1","3","25.00","225","193","53.83","0","3","0.00","5.95","92.39","0.983","77","75","39","377","66.38","129","95","92","58.37"
"522","Michael Kesselring","BUF","D","34","427.6","417","442","48.54","316","312","50.32","191","207","47.99","18","18","50.00","18.23","17.97","50.36","181","192","48.53","80","81","49.69","10","8","55.56","101","111","47.64","2","7","22.22","243","251","49.19","5","3","62.50","9.42","91.30","1.007","40","84","59","381","40.40","120","125","114","51.28"
"757","Zakhar Bardakov","COL","C","60","424.16666666667","435","359","54.79","305","242","55.76","192","152","55.81","17","11","60.71","19.03","14.52","56.73","188","152","55.29","83","62","57.24","9","8","52.94","105","90","53.85","4","2","66.67","260","228","53.28","4","1","80.00","8.85","92.76","1.016","64","83","42","413","60.38","110","115","109","50.23"
"304","Jordan Greenway","BUF","L","40","422.98333333333","335","461","42.09","253","322","44.00","169","203","45.43","9","20","31.03","17.39","20.89","45.43","138","192","41.82","56","83","40.29","4","11","26.67","82","109","42.93","5","5","50.00","196","303","39.28","0","3","0.00","5.33","90.15","0.955","45","132","94","357","32.37","73","161","164","30.80"
"722","Samuel Helenius","L.A","C","53","421.18333333333","376","411","47.78","255","266","48.94","153","171","47.22","11","17","39.29","16.24","16.13","50.16","172","181","48.73","76","75","50.33","1","10","9.09","96","106","47.52","9","4","69.23","185","240","43.53","1","3","25.00","7.19","90.06","0.972","26","81","35","435","42.62","53","128","100","34.64"
"888","Dmitri Simashev","UTA","D","28","416.46666666667","347","392","46.96","264","276","48.89","177","186","48.76","7","18","28.00","17.78","18.65","48.80","157","206","43.25","70","92","43.21","1","8","11.11","87","114","43.28","3","6","33.33","207","213","49.29","3","4","42.86","3.95","90.32","0.943","54","105","50","343","51.92","116","140","114","50.43"
"547","Egor Zamula","CBJ, PHI","D","33","416.33333333333","349","373","48.34","246","260","48.62","165","164","50.15","19","13","59.38","14.63","17.54","45.48","157","187","45.64","57","74","43.51","9","5","64.29","100","113","46.95","8","4","66.67","196","184","51.58","2","4","33.33","11.52","92.07","1.036","41","91","30","370","57.75","103","136","77","57.22"
"395","Pierre-Luc Dubois","WSH","C, L","29","415.98333333333","388","434","47.20","283","293","49.13","187","192","49.34","22","25","46.81","21.29","23.17","47.88","190","194","49.48","74","81","47.74","8","10","44.44","116","113","50.66","9","5","64.29","213","287","42.60","3","9","25.00","11.76","86.98","0.987","71","88","70","300","50.35","118","117","148","44.36"
"707","Scott Morrow","NYR","D","29","411.75","425","412","50.78","290","305","48.74","188","192","49.47","13","17","43.33","20.59","20.11","50.59","211","210","50.12","91","85","51.70","7","10","41.18","120","125","48.98","3","3","50.00","232","212","52.25","2","3","40.00","6.91","91.15","0.981","45","72","44","365","50.56","107","111","108","49.77"
"360","Rodrigo Abols","PHI","C","42","411.55","309","399","43.64","211","269","43.96","131","154","45.96","12","15","44.44","12.91","17.96","41.82","130","195","40.00","54","74","42.19","5","8","38.46","76","121","38.58","6","6","50.00","189","209","47.49","1","1","50.00","9.16","90.26","0.994","31","96","50","370","38.27","80","145","105","43.24"
"309","Jansen Harkins","ANA","C","44","408.4","376","397","48.64","270","285","48.65","165","185","47.14","10","16","38.46","17.5","18.4","48.74","160","199","44.57","73","80","47.71","6","8","42.86","87","119","42.23","1","7","12.50","211","224","48.51","2","1","66.67","6.06","91.35","0.974","58","85","72","376","44.62","100","115","129","43.67"
"666","Tyson Foerster","PHI","R","29","401.6","305","372","45.05","223","246","47.55","150","148","50.34","20","10","66.67","17.93","15.91","52.97","158","165","48.92","67","67","50.00","7","5","58.33","91","98","48.15","11","4","73.33","152","228","40.00","2","1","66.67","13.33","93.24","1.066","51","113","61","306","45.54","86","142","116","42.57"
"454","P.O Joseph","VAN","D","31","396.81666666667","368","385","48.87","282","283","49.91","164","188","46.59","12","28","30.00","17.11","18.19","48.47","170","170","50.00","75","71","51.37","4","10","28.57","95","99","48.97","5","13","27.78","216","234","48.00","3","5","37.50","7.32","85.11","0.924","42","79","33","415","56.00","97","110","85","53.30"
"502","Alec Regula","EDM","D","29","395.5","349","393","47.04","266","272","49.44","178","178","50.00","9","25","26.47","18.71","17.19","52.12","166","205","44.74","79","72","52.32","8","18","30.77","87","133","39.55","0","4","0.00","216","192","52.94","1","3","25.00","5.06","85.96","0.910","38","74","38","334","50.00","107","124","91","54.04"
"545","Jake Christiansen","CBJ","D","40","395.46666666667","385","384","50.07","268","267","50.09","165","172","48.96","8","15","34.78","16.31","17.52","48.21","166","173","48.97","71","76","48.30","4","8","33.33","95","97","49.48","4","5","44.44","215","214","50.12","0","2","0.00","4.85","91.28","0.961","42","62","41","354","50.60","88","96","104","45.83"
"936","Tim Washe","ANA","C","39","394.35","356","383","48.17","259","266","49.33","147","165","47.12","11","17","39.29","17.08","19.21","47.07","158","185","46.06","74","76","49.33","3","11","21.43","84","109","43.52","3","3","50.00","204","251","44.84","4","3","57.14","7.48","89.70","0.972","51","86","112","335","31.29","86","115","185","31.73"
"875","Otto Stenberg","STL","C","32","391.53333333333","326","381","46.11","225","273","45.18","137","179","43.35","12","10","54.55","15.24","16.54","47.95","145","177","45.03","51","72","41.46","5","5","50.00","94","105","47.24","3","3","50.00","186","239","43.76","3","2","60.00","8.76","94.41","1.032","58","81","68","327","46.03","99","110","132","42.86"
"921","Igor Chernyshov","S.J","L","28","389.73333333333","376","346","52.08","284","255","52.69","180","166","52.02","24","22","52.17","18.84","19.34","49.36","215","180","54.43","90","78","53.57","12","10","54.55","125","102","55.07","9","8","52.94","203","179","53.14","3","4","42.86","13.33","86.75","1.001","72","87","29","260","71.29","136","123","98","58.12"
"749","Vincent Iorio","NYR, S.J","D","27","389.4","322","399","44.66","228","292","43.85","147","200","42.36","16","21","43.24","14.95","21.23","41.32","168","201","45.53","76","95","44.44","11","9","55.00","92","106","46.46","3","5","37.50","183","204","47.29","2","7","22.22","10.88","89.50","1.004","43","81","40","300","51.81","98","119","93","51.31"
"8","Ryan Reaves","S.J","R","50","389.01666666667","281","376","42.77","192","268","41.74","127","192","39.81","9","21","30.00","12.61","16.82","42.86","135","165","45.00","68","63","51.91","8","7","53.33","67","102","39.64","1","7","12.50","149","231","39.21","0","7","0.00","7.09","89.06","0.961","50","125","48","316","51.02","75","160","110","40.54"
"635","Jack Finley","STL, T.B","C","44","389","305","342","47.14","214","251","46.02","139","144","49.12","8","7","53.33","16.68","16.03","50.99","132","144","47.83","66","71","48.18","4","4","50.00","66","73","47.48","0","2","0.00","178","258","40.83","3","1","75.00","5.76","95.14","1.009","58","111","118","301","32.95","89","138","185","32.48"
"330","Kyle Capobianco","DAL","D","33","386.76666666667","340","351","49.20","248","247","50.10","163","168","49.24","19","18","51.35","17.78","16.62","51.70","167","171","49.41","80","72","52.63","12","10","54.55","87","99","46.77","3","8","27.27","197","190","50.90","4","0","100.00","11.66","89.29","1.009","45","63","28","377","61.64","98","95","81","54.75"
"862","Lenni Hameenaho","N.J","R","33","386.23333333333","357","378","48.57","273","266","50.65","171","176","49.28","15","17","46.88","14.96","18.13","45.20","156","183","46.02","60","65","48.00","7","4","63.64","96","118","44.86","7","8","46.67","226","216","51.13","1","4","20.00","8.77","90.34","0.991","59","89","82","296","41.84","103","116","146","41.37"
"91","Tyler Seguin","DAL","C","27","385.78333333333","319","388","45.12","228","286","44.36","157","175","47.29","21","10","67.74","15.91","18.99","45.59","162","185","46.69","49","77","38.89","8","4","66.67","113","108","51.13","10","4","71.43","201","218","47.97","3","1","75.00","13.38","94.29","1.077","61","89","80","241","43.26","106","116","140","43.09"
"135","Stefan Noesen","N.J","R","38","383.31666666667","344","373","47.98","241","274","46.80","177","189","48.36","6","18","25.00","16.7","19.02","46.76","139","159","46.64","59","73","44.70","3","10","23.08","80","86","48.19","2","5","28.57","217","220","49.66","1","3","25.00","3.39","90.48","0.939","50","100","53","355","48.54","96","133","100","48.98"
"642","Ozzy Wiesblatt","NSH","C","40","379.35","317","353","47.31","215","265","44.79","142","175","44.79","16","22","42.11","15.43","17.32","47.11","161","154","51.11","76","67","53.15","9","8","52.94","85","87","49.42","5","8","38.46","144","241","37.40","2","6","25.00","11.27","87.43","0.987","31","91","67","303","31.63","61","129","156","28.11"
"233","Curtis Lazar","EDM","C","45","376.11666666667","296","348","45.96","213","254","45.61","139","155","47.28","11","14","44.00","14.74","14.44","50.50","143","161","47.04","71","67","51.45","7","10","41.18","72","94","43.37","3","2","60.00","169","202","45.55","1","2","33.33","7.91","90.97","0.989","48","96","101","328","32.21","79","124","161","32.92"
"688","Ilya Solovyov","COL, PIT","D","30","373.41666666667","412","339","54.86","305","225","57.55","193","160","54.67","20","20","50.00","20.68","15.36","57.37","206","148","58.19","95","68","58.28","10","14","41.67","111","80","58.12","7","5","58.33","213","197","51.95","3","1","75.00","10.36","87.50","0.979","33","84","37","330","47.14","87","126","96","47.54"
"184","Alexander Kerfoot","UTA","C","34","369.73333333333","363","327","52.61","243","226","51.81","128","149","46.21","17","19","47.22","17.08","15.37","52.63","166","140","54.25","56","62","47.46","5","10","33.33","110","78","58.51","6","4","60.00","198","219","47.48","4","4","50.00","13.28","87.25","1.005","58","86","74","334","43.94","89","116","133","40.09"
"735","Isak Rosen","BUF, WPG","R","37","367.76666666667","309","391","44.14","227","268","45.86","137","160","46.13","12","16","42.86","13.52","18.99","41.59","144","171","45.71","47","63","42.73","7","7","50.00","97","108","47.32","4","7","36.36","193","222","46.51","1","1","50.00","8.76","90.00","0.988","61","93","37","318","62.24","107","125","83","56.32"
"638","Daemon Hunt","MIN","D","32","360.93333333333","265","434","37.91","193","303","38.91","118","185","38.94","10","14","41.67","13.02","17.88","42.14","124","191","39.37","51","71","41.80","4","6","40.00","73","120","37.82","4","5","44.44","148","270","35.41","2","3","40.00","8.47","92.43","1.009","33","64","48","327","40.74","79","111","118","40.10"
"430","Cale Fleury","SEA","D","23","353.25","265","377","41.28","204","258","44.16","129","166","43.73","13","12","52.00","12.64","15.13","45.51","117","152","43.49","53","68","43.80","8","7","53.33","64","84","43.24","1","5","16.67","143","244","36.95","4","0","100.00","10.08","92.77","1.028","22","65","42","302","34.38","60","109","113","34.68"
"695","Matthew Kessel","STL","D","29","351.51666666667","263","317","45.34","197","231","46.03","123","151","44.89","12","11","52.17","11.2","13.96","44.52","112","136","45.16","47","62","43.12","3","5","37.50","65","74","46.76","6","4","60.00","172","170","50.29","3","2","60.00","9.76","92.72","1.025","51","74","32","309","61.45","87","104","71","55.06"
"515","Adam Boqvist","NYI","D","28","350.38333333333","292","386","43.07","212","273","43.71","134","183","42.27","9","17","34.62","15.31","18.72","45.00","146","190","43.45","66","85","43.71","4","10","28.57","80","105","43.24","4","6","40.00","183","190","49.06","1","1","50.00","6.72","90.71","0.974","50","64","30","327","62.50","116","107","63","64.80"
"186","Liam O'Brien","UTA","C","38","346.9","299","335","47.16","208","230","47.49","122","152","44.53","6","12","33.33","12.99","16.32","44.33","139","158","46.80","62","70","46.97","2","5","28.57","77","88","46.67","1","5","16.67","172","176","49.43","3","2","60.00","4.92","92.11","0.970","60","91","46","323","56.60","92","117","98","48.42"
"650","Lukas Reichel","BOS, CHI, VAN","L","29","344.96666666667","299","373","44.49","216","282","43.37","132","181","42.17","18","19","48.65","14.04","18.23","43.50","146","168","46.50","53","81","39.55","8","7","53.33","93","87","51.67","8","8","50.00","166","214","43.68","2","4","33.33","13.64","89.50","1.031","46","73","34","292","57.50","85","105","72","54.14"
"526","Declan Chisholm","WSH","D","26","341.56666666667","329","352","48.31","222","252","46.84","147","142","50.87","16","13","55.17","15.82","18.7","45.83","160","167","48.93","67","84","44.37","11","10","52.38","93","83","52.84","4","3","57.14","168","195","46.28","1","0","100.00","10.88","90.85","1.017","19","54","35","283","35.19","67","94","82","44.97"
"87","Jeff Skinner","S.J","L","32","338.11666666667","295","369","44.43","206","277","42.65","145","185","43.94","13","21","38.24","14.13","17.61","44.52","144","160","47.37","68","69","49.64","8","13","38.10","76","91","45.51","3","4","42.86","155","223","41.01","2","3","40.00","8.97","88.65","0.976","43","63","59","280","42.16","74","86","112","39.78"
"751","Jacob Melanson","SEA","R","36","336.81666666667","293","307","48.83","214","215","49.88","132","147","47.31","11","20","35.48","14.26","14.36","49.82","137","126","52.09","67","68","49.63","6","11","35.29","70","58","54.69","2","4","33.33","132","192","40.74","3","5","37.50","8.33","86.39","0.947","21","108","43","307","32.81","40","123","78","33.90"
"40","Kyle Palmieri","NYI","C","25","335.4","332","315","51.31","236","226","51.08","165","146","53.05","14","15","48.28","17.78","19.67","47.47","146","158","48.03","62","77","44.60","7","6","53.85","84","81","50.91","6","7","46.15","208","175","54.31","1","1","50.00","8.48","89.73","0.982","65","62","43","240","60.19","118","91","80","59.60"
"392","Noah Gregor","FLA","L","37","334.65","270","312","46.39","184","212","46.46","115","145","44.23","11","20","35.48","13.29","15.09","46.82","113","142","44.31","48","67","41.74","7","12","36.84","65","75","46.43","0","6","0.00","158","175","47.45","4","2","66.67","9.57","86.21","0.958","59","81","45","292","56.73","101","110","87","53.72"
"385","Joshua Mahura","SEA","D","23","329.93333333333","253","364","41.00","185","256","41.95","119","173","40.75","16","8","66.67","10.77","13.19","44.95","106","135","43.98","41","55","42.71","6","7","46.15","65","80","44.83","5","1","83.33","151","244","38.23","5","0","100.00","13.45","95.38","1.088","32","64","38","299","45.71","74","99","101","42.29"
"35","Travis Hamonic","DET","D","26","329.73333333333","306","370","45.27","220","260","45.83","133","170","43.89","8","19","29.63","13.21","15.05","46.73","127","187","40.45","46","54","46.00","5","8","38.46","81","133","37.85","1","7","12.50","197","198","49.87","1","4","20.00","6.02","88.82","0.948","29","64","45","324","39.19","86","96","107","44.56"
"618","Nikita Nesterenko","ANA","C","29","328.68333333333","313","329","48.75","227","219","50.90","137","151","47.57","12","14","46.15","14.94","13.87","51.85","132","156","45.83","53","63","45.69","7","6","53.85","79","93","45.93","3","5","37.50","183","193","48.67","1","2","33.33","8.76","90.73","0.995","45","86","67","252","40.18","82","108","102","44.57"
"616","Adam Edstrom","NYR","C","35","328.61666666667","299","339","46.87","206","244","45.78","131","174","42.95","12","11","52.17","13.2","15.02","46.77","132","145","47.65","65","57","53.28","5","5","50.00","67","88","43.23","4","2","66.67","167","211","44.18","2","4","33.33","9.16","93.68","1.028","32","65","52","329","38.10","59","83","105","35.98"
"206","Ryan Graves","PIT","D","22","325.05","303","288","51.27","210","181","53.71","132","117","53.01","11","15","42.31","13.19","11.67","53.06","141","126","52.81","56","42","57.14","7","7","50.00","85","84","50.30","2","5","28.57","173","182","48.73","2","3","40.00","8.33","87.18","0.955","16","69","34","262","32.00","67","104","88","43.23"
"890","Daniil But","UTA","L","29","322.13333333333","350","284","55.21","233","198","54.06","149","139","51.74","12","11","52.17","18.72","11.53","61.89","163","131","55.44","83","48","63.36","8","6","57.14","80","83","49.08","1","4","20.00","175","152","53.52","3","1","75.00","8.05","92.09","1.001","49","62","37","275","56.98","101","83","70","59.06"
"840","Victor Mancini","VAN","D","24","319.45","224","372","37.58","157","266","37.12","106","178","37.32","9","21","30.00","10.56","18.39","36.48","106","197","34.98","50","80","38.46","5","10","33.33","56","117","32.37","4","9","30.77","139","183","43.17","0","2","0.00","8.49","88.20","0.967","45","39","32","274","58.44","89","55","82","52.05"
"765","Taylor Ward","L.A","R","36","318.51666666667","326","330","49.70","218","214","50.46","116","145","44.44","11","11","50.00","13.77","12.96","51.52","156","141","52.53","61","56","52.14","4","3","57.14","95","85","52.78","6","3","66.67","150","196","43.35","1","5","16.67","9.48","92.41","1.019","21","67","35","321","37.50","39","96","80","32.77"
"83","Kevin Hayes","PIT","R","28","318.11666666667","293","269","52.14","218","201","52.03","146","129","53.09","16","17","48.48","15.23","13.68","52.69","146","117","55.51","68","52","56.67","10","7","58.82","78","65","54.55","6","3","66.67","159","176","47.46","0","7","0.00","10.96","86.82","0.978","44","71","45","247","49.44","88","95","85","50.87"
"697","Josh Dunne","BUF","C","34","317.1","264","281","48.44","193","196","49.61","130","118","52.42","6","13","31.58","12.64","12.81","49.66","120","110","52.17","59","47","55.66","4","8","33.33","61","63","49.19","1","3","25.00","132","182","42.04","1","2","33.33","4.62","88.98","0.936","21","95","63","267","25.00","29","119","111","20.71"
"399","Nathan Bastian","DAL","R","36","310.35","236","264","47.20","177","185","48.90","114","123","48.10","12","8","60.00","13.18","12.05","52.23","112","120","48.28","61","54","53.04","8","5","61.54","51","66","43.59","4","2","66.67","132","153","46.32","0","1","0.00","10.53","93.50","1.040","33","51","31","308","51.56","59","84","81","42.14"
"49","Dmitry Kulikov","FLA","D","19","309.35","282","266","51.46","213","218","49.42","118","155","43.22","10","15","40.00","12.84","14.42","47.10","119","116","50.64","54","59","47.79","7","6","53.85","65","57","53.28","2","5","28.57","182","168","52.00","1","4","20.00","8.47","90.32","0.988","42","71","47","228","47.19","90","109","87","50.85"
"654","Alexander Holtz","VGK","R","28","307.51666666667","259","310","45.52","178","216","45.18","106","138","43.44","14","15","48.28","12.55","12.56","49.97","119","140","45.95","56","49","53.33","8","7","53.33","63","91","40.91","3","5","37.50","152","173","46.77","3","3","50.00","13.21","89.13","1.023","46","59","32","260","58.97","87","88","80","52.10"
"572","John Beecher","BOS, CGY","C","35","307.36666666667","267","375","41.59","178","247","41.88","116","178","39.46","5","14","26.32","9.9","18.45","34.92","116","177","39.59","43","75","36.44","4","6","40.00","73","102","41.71","1","5","16.67","136","217","38.53","0","2","0.00","4.31","92.13","0.964","18","72","40","311","31.03","44","93","99","30.77"
"534","Jack St. Ivany","PIT","D","20","300.25","280","301","48.19","206","218","48.58","125","135","48.08","15","11","57.69","12.69","13.55","48.36","143","141","50.35","57","55","50.89","6","3","66.67","86","86","50.00","9","6","60.00","147","186","44.14","0","2","0.00","12.00","91.85","1.039","17","61","29","228","36.96","77","94","90","46.11"
"781","David Jiricek","MIN, PHI","D","26","298.71666666667","284","333","46.03","208","246","45.81","135","162","45.45","11","11","50.00","13.58","17.66","43.47","141","169","45.48","58","75","43.61","5","5","50.00","83","94","46.89","4","3","57.14","147","186","44.14","2","2","50.00","8.15","93.21","1.014","26","48","47","260","35.62","71","75","107","39.89"
"518","Curtis Douglas","T.B, VAN","C","43","289.2","235","227","50.87","192","160","54.55","126","107","54.08","7","10","41.18","14.05","9.5","59.66","122","104","53.98","61","36","62.89","3","4","42.86","61","68","47.29","3","3","50.00","128","129","49.81","1","3","25.00","5.56","90.65","0.962","57","94","21","259","73.08","83","122","57","59.29"
"779","Isaac Howard","EDM","L","29","284.85","239","301","44.26","176","207","45.95","118","114","50.86","9","15","37.50","10","12.58","44.29","91","144","38.72","38","51","42.70","4","3","57.14","53","93","36.30","2","5","28.57","162","151","51.76","2","7","22.22","7.63","86.84","0.945","46","50","19","245","70.77","71","69","53","57.26"
"644","Mike Benning","FLA","D","18","284.58333333333","287","268","51.71","202","200","50.25","115","132","46.56","14","17","45.16","14.79","16.45","47.34","145","132","52.35","60","67","47.24","5","8","38.46","85","65","56.67","6","5","54.55","154","147","51.16","3","2","60.00","12.17","87.12","0.993","32","44","35","235","47.76","80","72","75","51.61"
"821","Pavol Regenda","S.J","L","24","281.46666666667","264","265","49.91","182","198","47.89","128","133","49.04","15","19","44.12","14.37","15.36","48.33","131","136","49.06","60","63","48.78","11","5","68.75","71","73","49.31","4","9","30.77","122","164","42.66","0","4","0.00","11.72","85.71","0.974","30","60","44","229","40.54","52","90","99","34.44"
"344","Colton White","N.J","D","23","279.63333333333","223","250","47.15","163","178","47.80","120","120","50.00","10","8","55.56","9.97","10.94","47.68","105","103","50.48","42","45","48.28","6","3","66.67","63","58","52.07","3","3","50.00","135","151","47.20","1","2","33.33","8.33","93.33","1.017","30","55","36","264","45.45","66","80","65","50.38"
"728","Zachary L'Heureux","NSH","L","25","277.46666666667","257","301","46.06","185","214","46.37","114","126","47.50","8","5","61.54","12.36","11.92","50.91","121","118","50.63","48","42","53.33","5","2","71.43","73","76","48.99","2","1","66.67","148","217","40.55","1","2","33.33","7.02","96.03","1.030","27","70","47","217","36.49","68","93","116","36.96"
"793","Rutger McGroarty","PIT","R","24","277.08333333333","287","221","56.50","202","154","56.74","133","100","57.08","12","15","44.44","12.86","12.39","50.93","124","129","49.01","47","52","47.47","4","8","33.33","77","77","50.00","6","5","54.55","175","103","62.95","2","2","50.00","9.02","85.00","0.940","36","66","25","234","59.02","78","78","49","61.42"
"799","Jani Nyman","SEA","R","28","272.55","241","281","46.17","178","203","46.72","119","138","46.30","7","12","36.84","11.17","14.07","44.26","97","125","43.69","43","58","42.57","5","7","41.67","54","67","44.63","1","2","33.33","158","151","51.13","1","3","25.00","5.88","91.30","0.972","62","52","15","252","80.52","93","69","41","69.40"
"857","Nate Danielson","DET","C","28","266.05","249","268","48.16","182","190","48.92","116","127","47.74","6","13","31.58","13.11","13.77","48.78","117","135","46.43","58","57","50.43","4","5","44.44","59","78","43.07","1","4","20.00","147","149","49.66","1","3","25.00","5.17","89.76","0.949","46","68","44","223","51.11","69","95","74","48.25"
"59","Nicolas Deslauriers","CAR, PHI","L","31","263.05","200","213","48.43","140","141","49.82","85","92","48.02","4","7","36.36","8.93","8.66","50.77","90","87","50.85","38","39","49.35","1","5","16.67","52","48","52.00","2","1","66.67","116","130","47.15","1","1","50.00","4.71","92.39","0.971","37","64","33","220","52.86","59","85","61","49.17"
"837","Jared Wright","L.A","R","23","261.98333333333","262","254","50.78","192","168","53.33","128","102","55.65","8","8","50.00","14.26","9.09","61.07","125","103","54.82","73","37","66.36","5","4","55.56","52","66","44.07","2","1","66.67","128","174","42.38","1","3","25.00","6.25","92.16","0.984","15","48","61","251","19.74","41","76","107","27.70"
"606","Cole Schwindt","FLA","R","29","261.5","204","212","49.04","150","149","50.17","92","87","51.40","13","11","54.17","10.72","8.88","54.68","106","91","53.81","43","32","57.33","5","6","45.45","63","59","51.64","5","3","62.50","97","135","41.81","3","2","60.00","14.13","87.36","1.015","47","69","30","221","61.04","67","100","61","52.34"
"279","Sam Lafferty","CHI","C","29","259.73333333333","169","190","47.08","118","147","44.53","78","94","45.35","7","9","43.75","6.13","8.68","41.36","69","80","46.31","31","39","44.29","6","6","50.00","38","41","48.10","1","3","25.00","105","119","46.88","0","0","-","8.97","90.43","0.994","34","55","18","244","65.38","54","76","46","54.00"
"866","Theo Lindstein","STL","D","17","259.65","251","228","52.40","172","163","51.34","125","104","54.59","11","5","68.75","12.69","9.51","57.14","124","105","54.15","48","49","49.48","5","3","62.50","76","56","57.58","4","2","66.67","135","134","50.19","2","0","100.00","8.80","95.19","1.040","32","65","33","214","49.23","68","85","75","47.55"
"531","Alexander Romanov","NYI","D","15","257.73333333333","215","289","42.66","157","214","42.32","101","148","40.56","8","16","33.33","9.04","17.68","33.84","92","156","37.10","32","78","29.09","4","11","26.67","60","78","43.48","1","4","20.00","140","149","48.44","3","1","75.00","7.92","89.19","0.971","28","34","21","219","57.14","93","67","66","58.49"
"595","Tobias Bjornfot","FLA","D","19","257.58333333333","220","219","50.11","150","152","49.67","82","95","46.33","12","11","52.17","11.5","10.2","53.00","103","111","48.13","39","42","48.15","6","6","50.00","64","69","48.12","4","3","57.14","112","120","48.28","2","2","50.00","14.63","88.42","1.031","27","59","27","215","50.00","56","91","65","46.28"
"147","Brendan Gaunce","CBJ","C","25","254.73333333333","242","253","48.89","161","174","48.06","98","112","46.67","9","12","42.86","10.66","10.37","50.70","96","114","45.71","35","36","49.30","3","2","60.00","61","78","43.88","4","9","30.77","136","161","45.79","2","1","66.67","9.18","89.29","0.985","29","52","55","207","34.52","43","70","107","28.67"
"752","Jaroslav Chmelar","NYR","R","28","254.16666666667","217","242","47.28","150","167","47.32","100","108","48.08","8","10","44.44","10.54","10.4","50.34","105","100","51.22","49","40","55.06","5","5","50.00","56","60","48.28","2","4","33.33","119","141","45.77","1","1","50.00","8.00","90.74","0.987","31","58","24","235","56.36","53","80","58","47.75"
"745","Ethan Del Mastro","CHI","D","19","253.58333333333","199","240","45.33","146","176","45.34","97","117","45.33","3","14","17.65","7.09","12.61","35.99","80","133","37.56","30","53","36.14","1","8","11.11","50","80","38.46","2","4","33.33","127","132","49.03","0","2","0.00","3.09","88.03","0.911","15","39","41","226","26.79","47","58","82","36.43"
"244","Tomas Nosek","FLA","L","21","249.28333333333","207","227","47.70","141","171","45.19","73","112","39.46","5","13","27.78","10.74","13.48","44.34","87","119","42.23","34","62","35.42","2","6","25.00","53","57","48.18","1","6","14.29","110","110","50.00","2","1","66.67","6.85","88.39","0.952","37","58","36","186","50.68","67","77","60","52.76"
"77","Tyler Pitlick","MIN","C","32","247.41666666667","200","292","40.65","146","204","41.71","90","123","42.25","4","9","30.77","9.09","10.51","46.38","83","119","41.09","42","49","46.15","3","5","37.50","41","70","36.94","0","3","0.00","110","201","35.37","1","1","50.00","4.44","92.68","0.971","16","46","41","218","28.07","36","66","97","27.07"
"396","Jake Bean","CGY","D","16","246.61666666667","271","220","55.19","193","144","57.27","132","95","58.15","7","14","33.33","12.14","8.65","58.38","126","101","55.51","56","47","54.37","4","6","40.00","70","54","56.45","2","6","25.00","150","134","52.82","1","2","33.33","5.30","85.26","0.906","27","42","31","255","46.55","66","69","55","54.55"
"393","Dennis Cholowski","N.J","D","17","245.86666666667","198","242","45.00","155","173","47.26","99","110","47.37","6","13","31.58","8.81","10.67","45.23","89","107","45.41","35","44","44.30","1","8","11.11","54","63","46.15","3","2","60.00","114","139","45.06","2","3","40.00","6.06","88.18","0.942","24","34","27","217","47.06","46","52","63","42.20"
"424","Zach Aston-Reese","CBJ","C, L","27","245.48333333333","200","233","46.19","138","166","45.39","88","99","47.06","6","7","46.15","8.99","10.43","46.29","88","103","46.07","31","37","45.59","3","3","50.00","57","66","46.34","3","3","50.00","109","158","40.82","0","1","0.00","6.82","92.93","0.997","20","53","43","223","31.75","34","70","97","25.95"
"762","Arshdeep Bains","VAN","L","28","245.45","218","234","48.23","157","167","48.46","101","116","46.54","6","8","42.86","10.61","10.7","49.78","107","114","48.42","52","45","53.61","6","5","54.55","55","69","44.35","0","2","0.00","108","116","48.21","0","1","0.00","5.94","93.10","0.990","31","58","10","246","75.61","49","67","33","59.76"
"254","Sonny Milano","WSH","L","31","242.91666666667","239","215","52.64","175","151","53.68","120","104","53.57","12","10","54.55","13.05","10.39","55.67","133","97","57.83","49","42","53.85","4","6","40.00","84","55","60.43","5","1","83.33","113","118","48.92","3","3","50.00","10.00","90.38","1.004","30","53","19","224","61.22","55","65","40","57.89"
"896","Josh Samanski","EDM","C","24","241.68333333333","190","190","50.00","131","126","50.97","80","74","51.95","11","9","55.00","8.14","7","53.74","95","86","52.49","39","39","50.00","5","8","38.46","56","47","54.37","4","1","80.00","104","111","48.37","2","0","100.00","13.75","87.84","1.016","38","56","31","237","55.07","63","75","58","52.07"
"139","Colin Miller","WPG","D","18","240.45","208","244","46.02","150","182","45.18","92","122","42.99","5","13","27.78","8.03","13.96","36.52","85","139","37.95","31","61","33.70","2","4","33.33","54","78","40.91","3","5","37.50","133","120","52.57","0","4","0.00","5.43","89.34","0.948","21","48","31","206","40.38","64","61","60","51.61"
"22","Evgenii Dadonov","N.J","L","24","239.61666666667","206","276","42.74","141","203","40.99","89","123","41.98","4","10","28.57","8.1","13.13","38.15","94","128","42.34","40","55","42.11","2","6","25.00","54","73","42.52","2","4","33.33","123","148","45.39","0","0","-","4.49","91.87","0.964","42","40","25","218","62.69","64","54","63","50.39"
"259","Robby Fabbri","MIN, STL","C","21","238.5","182","232","43.96","140","168","45.45","93","111","45.59","7","11","38.89","8.56","9.99","46.15","91","108","45.73","37","48","43.53","4","7","36.36","54","60","47.37","3","2","60.00","99","130","43.23","0","2","0.00","7.53","90.09","0.976","24","51","34","202","41.38","45","62","65","40.91"
"473","Ben Jones","MIN","C","28","237.71666666667","191","304","38.59","141","218","39.28","92","140","39.66","4","14","22.22","8.1","12.35","39.61","75","129","36.76","35","60","36.84","4","8","33.33","40","69","36.70","0","3","0.00","107","202","34.63","0","3","0.00","4.35","90.00","0.943","9","38","45","214","16.67","31","59","102","23.31"
"788","Brad Lambert","WPG","C","25","235.73333333333","199","231","46.28","148","166","47.13","93","102","47.69","6","11","35.29","9.07","11.26","44.61","84","124","40.38","34","51","40.00","3","3","50.00","50","73","40.65","3","5","37.50","127","128","49.80","0","3","0.00","6.45","89.22","0.957","33","50","17","216","66.00","55","65","51","51.89"
"272","Juho Lammikko","N.J","C","24","235.28333333333","176","241","42.21","124","174","41.61","88","116","43.14","5","9","35.71","7.51","10.6","41.47","67","103","39.41","30","40","42.86","4","3","57.14","37","63","37.00","0","5","0.00","111","143","43.70","1","1","50.00","5.68","92.24","0.979","29","50","32","210","47.54","59","74","56","51.30"
"720","Ryan Ufko","NSH","D","18","220.06666666667","195","238","45.03","136","180","43.04","90","125","41.86","11","11","50.00","7.78","12.21","38.92","90","108","45.45","36","47","43.37","7","5","58.33","54","61","46.96","2","2","50.00","124","133","48.25","2","4","33.33","12.22","91.20","1.034","22","31","16","202","57.89","67","56","51","56.78"
"533","Martin Pospisil","CGY","C","22","219.9","185","195","48.68","133","148","47.33","91","99","47.89","4","8","33.33","7.39","9.98","42.56","75","91","45.18","23","44","34.33","1","3","25.00","52","47","52.53","3","5","37.50","110","113","49.33","0","0","-","4.40","91.92","0.963","24","54","26","225","48.00","51","76","50","50.50"
"687","Matt Rempe","NYR","C","26","215.65","206","204","50.24","134","148","47.52","76","93","44.97","6","10","37.50","8.6","7.91","52.10","90","92","49.45","43","33","56.58","2","4","33.33","47","59","44.34","4","6","40.00","99","119","45.41","0","0","-","7.89","89.25","0.971","20","43","28","202","41.67","33","59","57","36.67"
"914","Cole Hutson","WSH","D","14","213.1","194","206","48.50","141","144","49.47","80","90","47.06","8","10","44.44","9.82","10.41","48.55","97","93","51.05","36","40","47.37","2","5","28.57","61","53","53.51","5","4","55.56","101","123","45.09","1","1","50.00","10.00","88.89","0.989","19","42","22","163","46.34","65","62","52","55.56"
"188","Scott Sabourin","T.B","R","26","205.66666666667","169","195","46.43","129","148","46.57","84","86","49.41","8","7","53.33","8.9","8.03","52.59","77","95","44.77","39","27","59.09","4","4","50.00","38","68","35.85","3","3","50.00","88","119","42.51","1","0","100.00","9.52","91.86","1.014","20","55","21","200","48.78","36","78","49","42.35"
"915","Jacob Quillan","TOR","C","23","201.5","132","200","39.76","94","147","39.00","59","94","38.56","6","11","35.29","5.87","8.99","39.51","52","94","35.62","25","46","35.21","2","5","28.57","27","48","36.00","2","5","28.57","64","124","34.04","2","1","66.67","10.17","88.30","0.985","7","52","27","190","20.59","30","76","61","32.97"
"834","Alex Bump","PHI","L","17","198.41666666667","154","195","44.13","115","145","44.23","74","82","47.44","9","6","60.00","8.28","7.78","51.54","70","84","45.45","29","27","51.79","3","2","60.00","41","57","41.84","5","4","55.56","99","111","47.14","1","0","100.00","12.16","92.68","1.048","37","46","19","175","66.07","64","65","46","58.18"
"863","Samuel Honzek","CGY","L","18","197.05","203","163","55.46","149","112","57.09","103","77","57.22","10","9","52.63","9.2","5.87","61.05","75","63","54.35","39","30","56.52","4","6","40.00","36","33","52.17","1","2","33.33","125","132","48.64","4","1","80.00","9.71","88.31","0.980","25","52","63","156","28.41","52","72","103","33.55"
"934","David Tomasek","EDM","R","22","196.6","166","187","47.03","119","130","47.79","85","74","53.46","6","10","37.50","7.37","8.45","46.60","62","81","43.36","29","34","46.03","4","5","44.44","33","47","41.25","1","3","25.00","97","102","48.74","1","2","33.33","7.06","86.49","0.935","31","47","20","165","60.78","49","65","45","52.13"
"824","Stephen Halliday","OTT","C","30","196.48333333333","210","161","56.60","146","119","55.09","104","68","60.47","9","6","60.00","9.53","8.45","53.02","101","70","59.06","52","37","58.43","5","6","45.45","49","33","59.76","3","0","100.00","117","89","56.80","1","0","100.00","8.65","91.18","0.998","43","38","18","226","70.49","62","49","42","59.62"
"918","Arttu Hyry","DAL","R","20","191.6","149","177","45.71","111","127","46.64","71","82","46.41","7","7","50.00","7.77","8.45","47.89","64","82","43.84","34","37","47.89","4","3","57.14","30","45","40.00","2","1","66.67","84","112","42.86","1","3","25.00","9.86","91.46","1.013","22","43","29","161","43.14","46","61","67","40.71"
"841","Sandis Vilmanis","FLA","L","19","190.6","177","153","53.64","132","118","52.80","82","67","55.03","7","8","46.67","8.34","7.66","52.12","85","72","54.14","37","26","58.73","3","4","42.86","48","46","51.06","4","4","50.00","103","94","52.28","0","0","-","8.54","88.06","0.966","42","49","14","150","75.00","62","62","33","65.26"
"826","Adam Engstrom","MTL","D","15","190.4","166","162","50.61","120","120","50.00","71","81","46.71","9","7","56.25","8.26","9.17","47.39","80","75","51.61","35","31","53.03","2","2","50.00","45","44","50.56","3","3","50.00","104","82","55.91","4","1","80.00","12.68","91.36","1.040","30","28","14","173","68.18","70","49","34","67.31"
"730","Brennan Othmann","CGY, NYR","L","19","183.83333333333","155","224","40.90","101","156","39.30","63","104","37.72","7","15","31.82","7.16","11.36","38.67","77","111","40.96","34","46","42.50","4","6","40.00","43","65","39.81","3","7","30.00","75","110","40.54","0","2","0.00","11.11","85.58","0.967","21","40","20","192","51.22","36","55","46","43.90"
"119","William Karlsson","VGK","C","14","179.38333333333","185","173","51.68","127","112","53.14","90","73","55.21","5","6","45.45","8.63","6.56","56.83","75","81","48.08","27","30","47.37","2","5","28.57","48","51","48.48","0","0","-","109","94","53.69","1","1","50.00","5.56","91.78","0.973","14","35","30","136","31.82","44","53","55","44.44"
"785","Kevin Korchinski","CHI","D","13","176.41666666667","127","144","46.86","94","109","46.31","57","79","41.91","6","10","37.50","5.56","6.76","45.11","55","68","44.72","24","30","44.44","3","8","27.27","31","38","44.93","3","1","75.00","90","87","50.85","0","1","0.00","10.53","87.34","0.979","26","29","20","159","56.52","60","46","47","56.07"
"787","Jiri Kulich","BUF","C","12","176.23333333333","197","195","50.26","130","136","48.87","88","93","48.62","7","11","38.89","7.96","9.87","44.66","84","94","47.19","28","42","40.00","4","9","30.77","56","52","51.85","3","1","75.00","121","107","53.07","0","1","0.00","7.95","88.17","0.961","35","38","36","135","49.30","66","47","55","54.55"
"608","Juuso Parssinen","NYR","C","20","175.95","129","167","43.58","84","123","40.58","50","83","37.59","7","3","70.00","4.53","6.64","40.54","58","59","49.57","23","23","50.00","4","0","100.00","35","36","49.30","2","1","66.67","72","105","40.68","1","2","33.33","14.00","96.39","1.104","23","32","14","189","62.16","37","46","44","45.68"
"760","Avery Hayes","PIT","R","16","175.88333333333","146","176","45.34","105","125","45.65","61","83","42.36","7","10","41.18","7.88","8.49","48.13","79","81","49.38","36","31","53.73","4","5","44.44","43","50","46.24","3","5","37.50","76","100","43.18","0","0","-","11.48","87.95","0.994","25","42","12","141","67.57","47","57","37","55.95"
"285","Sammy Blais","MTL, TOR","L","21","175.81666666667","138","153","47.42","107","99","51.94","77","69","52.74","8","6","57.14","7.78","7.09","52.33","68","70","49.28","32","28","53.33","4","2","66.67","36","42","46.15","2","1","66.67","75","78","49.02","2","2","50.00","10.39","91.30","1.017","22","43","18","157","55.00","42","62","38","52.50"
"381","Max Jones","EDM","L","21","174.9","161","143","52.96","106","86","55.21","71","52","57.72","8","5","61.54","6.92","4.52","60.47","70","66","51.47","36","19","65.45","7","1","87.50","34","47","41.98","1","2","33.33","92","79","53.80","0","2","0.00","11.27","90.38","1.017","24","51","25","166","48.98","42","66","42","50.00"
"70","Chris Tanev","TOR","D","11","173.66666666667","137","163","45.67","104","117","47.06","73","62","54.07","13","5","72.22","9.54","7.52","55.91","62","82","43.06","29","31","48.33","7","2","77.78","33","51","39.29","2","3","40.00","79","105","42.93","2","0","100.00","17.81","91.94","1.097","16","46","31","168","34.04","36","66","60","37.50"
"927","Anton Frondell","CHI","C","12","169.86666666667","163","212","43.47","121","159","43.21","81","108","42.86","11","12","47.83","8.03","13.73","36.91","75","122","38.07","35","56","38.46","7","7","50.00","40","66","37.74","3","3","50.00","92","109","45.77","1","2","33.33","13.58","88.89","1.025","20","37","19","127","51.28","58","49","57","50.43"
"460","Filip Chytil","VAN","C","12","165.1","162","172","48.50","121","135","47.27","80","85","48.48","5","12","29.41","8.41","8.64","49.34","76","75","50.33","38","32","54.29","4","3","57.14","38","43","46.91","1","6","14.29","113","96","54.07","0","2","0.00","6.25","85.88","0.921","39","38","19","105","67.24","67","47","43","60.91"
"146","Mathew Dumba","PIT","D","11","163.05","147","177","45.37","104","115","47.49","70","73","48.95","5","10","33.33","6.61","6.83","49.17","61","84","42.07","28","29","49.12","2","5","28.57","33","55","37.50","1","4","20.00","89","99","47.34","2","1","66.67","7.14","86.30","0.934","8","27","20","137","28.57","38","48","45","45.78"
"271","Justin Kirkland","CGY","C","20","162.21666666667","162","157","50.78","106","95","52.74","66","62","51.56","6","5","54.55","6.19","5.91","51.13","71","73","49.31","30","22","57.69","3","2","60.00","41","51","44.57","2","2","50.00","84","84","50.00","1","1","50.00","9.09","91.94","1.010","8","30","22","173","26.67","29","45","37","43.94"
"514","Bo Groulx","TOR","C","13","161.41666666667","108","210","33.96","79","159","33.19","50","96","34.25","9","7","56.25","5.34","11.68","31.36","49","104","32.03","23","43","34.85","2","5","28.57","26","61","29.89","4","1","80.00","60","126","32.26","3","1","75.00","18.00","92.71","1.107","12","41","25","122","32.43","25","54","53","32.05"
"904","Michael Brandsegg-Nygård","DET","R","14","160.5","184","133","58.04","123","83","59.71","77","45","63.11","2","7","22.22","7.09","5.48","56.43","73","62","54.07","34","23","59.65","2","3","40.00","39","39","50.00","0","3","0.00","126","82","60.58","0","1","0.00","2.60","84.44","0.870","23","44","27","120","46.00","48","55","52","48.00"
"894","Charles Alexis Legault","CAR","D","12","159.4","163","128","56.01","117","95","55.19","71","67","51.45","7","2","77.78","7.43","7.32","50.38","72","66","52.17","25","30","45.45","2","2","50.00","47","36","56.63","4","0","100.00","97","67","59.15","0","0","-","9.86","97.01","1.069","22","43","17","140","56.41","50","72","39","56.18"
"601","Vladislav Kolyachonok","BOS, DAL","D","13","158.75","138","147","48.42","92","105","46.70","62","68","47.69","5","3","62.50","6.15","5.58","52.43","63","52","54.78","31","19","62.00","3","1","75.00","32","33","49.23","1","1","50.00","87","92","48.60","1","1","50.00","8.06","95.59","1.037","15","24","17","152","46.88","40","30","39","50.63"
"553","Noah Philp","CAR, EDM","C","17","156.53333333333","101","145","41.06","72","101","41.62","53","74","41.73","3","10","23.08","3.94","6.67","37.13","44","72","37.93","16","29","35.56","1","6","14.29","28","43","39.44","1","1","50.00","60","84","41.67","1","3","25.00","5.66","86.49","0.921","16","36","26","129","38.10","25","47","58","30.12"
"19","Brendan Smith","CBJ","D","15","156.01666666667","124","150","45.26","82","106","43.62","57","73","43.85","5","6","45.45","5.43","5.98","47.60","49","73","40.16","20","24","45.45","2","1","66.67","29","49","37.18","2","5","28.57","83","70","54.25","1","0","100.00","8.77","91.78","1.006","24","30","17","144","58.54","43","46","35","55.13"
"507","Filip Hallander","PIT","C","13","154.13333333333","159","171","48.18","105","122","46.26","77","83","48.13","7","4","63.64","8.73","9.12","48.91","86","88","49.43","43","32","57.33","3","1","75.00","43","56","43.43","2","2","50.00","85","92","48.02","2","1","66.67","9.09","95.18","1.043","22","35","18","125","55.00","42","49","43","49.41"
"784","Joakim Kemell","NSH","R","16","147.51666666667","117","187","38.49","82","133","38.14","55","79","41.04","6","5","54.55","4.78","6.91","40.89","52","83","38.52","20","27","42.55","3","4","42.86","32","56","36.36","3","0","100.00","63","125","33.51","0","1","0.00","10.91","93.67","1.046","18","36","27","105","40.00","39","48","66","37.14"
"583","Lassi Thomson","OTT","D","11","143.1","138","125","52.47","103","92","52.82","69","56","55.20","8","4","66.67","7.55","5.07","59.82","61","50","54.95","28","21","57.14","3","3","50.00","33","29","53.23","4","1","80.00","82","80","50.62","1","0","100.00","11.59","92.86","1.045","23","30","14","137","62.16","36","44","38","48.65"
"868","Bradly Nadeau","CAR","L","12","138.6","144","124","53.73","94","87","51.93","51","58","46.79","5","4","55.56","5.47","7.5","42.18","62","61","50.41","17","30","36.17","1","3","25.00","45","31","59.21","3","0","100.00","95","60","61.29","1","0","100.00","9.80","93.10","1.029","24","30","14","107","63.16","50","41","34","59.52"
"766","Owen Beck","MTL","C","15","137.78333333333","122","112","52.14","87","73","54.38","57","50","53.27","5","1","83.33","5.62","5.14","52.23","54","51","51.43","22","23","48.89","1","1","50.00","32","28","53.33","2","0","100.00","73","56","56.59","2","0","100.00","8.77","98.00","1.068","26","28","10","121","72.22","41","37","30","57.75"
"912","Harrison Brunicke","PIT","D","9","137.5","127","133","48.85","89","91","49.44","60","61","49.59","4","8","33.33","6.97","6.65","51.15","66","67","49.62","34","35","49.28","2","4","33.33","32","32","50.00","1","3","25.00","56","74","43.08","1","1","50.00","6.67","86.89","0.936","13","25","9","115","59.09","30","35","30","50.00"
"657","Brett Berard","NYR","L","13","137.03333333333","119","145","45.08","82","91","47.40","43","65","39.81","2","3","40.00","5.81","6.06","48.92","59","58","50.43","24","26","48.00","0","1","0.00","35","32","52.24","2","1","66.67","60","80","42.86","0","1","0.00","4.65","95.38","1.000","10","24","12","151","45.45","21","37","35","37.50"
"406","Joona Koppanen","PIT","L","13","137.03333333333","126","130","49.22","85","91","48.30","46","60","43.40","4","6","40.00","5.52","6.46","46.08","52","64","44.83","25","34","42.37","1","5","16.67","27","30","47.37","1","1","50.00","72","86","45.57","1","0","100.00","8.70","90.00","0.987","11","28","38","109","22.45","20","40","60","25.00"
"236","Dakota Mermis","TOR","D","11","136.38333333333","121","134","47.45","89","95","48.37","57","59","49.14","3","6","33.33","5.88","5.13","53.45","55","57","49.11","24","19","55.81","1","3","25.00","31","38","44.93","1","3","25.00","68","82","45.33","1","0","100.00","5.26","89.83","0.951","12","24","11","154","52.17","31","33","29","51.67"
"73","Justin Holl","STL","D","9","136.18333333333","125","114","52.30","83","86","49.11","57","54","51.35","8","3","72.73","7.06","4.94","58.84","65","49","57.02","25","23","52.08","6","1","85.71","40","26","60.61","1","1","50.00","59","76","43.70","1","1","50.00","14.04","94.44","1.085","11","22","14","116","44.00","29","34","30","49.15"
"846","Parker Ford","WPG","C","15","135.53333333333","104","142","42.28","74","98","43.02","45","58","43.69","4","6","40.00","4.73","7.91","37.41","45","69","39.47","18","36","33.33","3","2","60.00","27","33","45.00","1","3","25.00","58","77","42.96","0","1","0.00","8.89","89.66","0.985","9","24","11","132","45.00","18","34","29","38.30"
"775","Conor Geekie","T.B","C","14","133.2","115","145","44.23","78","111","41.27","57","61","48.31","5","8","38.46","3.84","8.14","32.04","44","75","36.97","19","30","38.78","3","5","37.50","25","45","35.71","0","1","0.00","77","83","48.13","2","1","66.67","8.77","86.89","0.957","26","27","17","116","60.47","43","34","33","56.58"
"931","Porter Martone","PHI","R","9","133.18333333333","123","113","52.12","84","75","52.83","61","45","57.55","8","3","72.73","5.79","5.46","51.46","48","54","47.06","21","20","51.22","4","3","57.14","27","34","44.26","3","0","100.00","77","63","55.00","0","0","-","13.11","93.33","1.064","14","32","15","108","48.28","30","47","33","47.62"
"861","Drew Fortescue","NYR","D","9","131.66666666667","109","133","45.04","78","95","45.09","46","60","43.40","8","4","66.67","4.47","5.96","42.84","54","59","47.79","24","24","50.00","4","3","57.14","30","35","46.15","4","1","80.00","54","75","41.86","0","0","-","17.39","93.33","1.107","11","21","13","112","45.83","26","36","39","40.00"
"401","Jacob Moverare","L.A","D","15","131.38333333333","179","132","57.56","118","83","58.71","72","52","58.06","3","7","30.00","7.55","5.31","58.73","92","57","61.74","44","20","68.75","1","3","25.00","48","37","56.47","2","3","40.00","86","75","53.42","0","1","0.00","4.17","86.54","0.907","15","21","11","123","57.69","38","35","30","55.88"
"445","Jack Studnicka","FLA","C","19","130.98333333333","103","133","43.64","67","93","41.88","43","57","43.00","2","8","20.00","3.34","7.09","32.04","38","67","36.19","13","29","30.95","2","4","33.33","25","38","39.68","0","2","0.00","64","61","51.20","0","2","0.00","4.65","85.96","0.906","28","44","17","118","62.22","39","57","33","54.17"
"548","Logan O'Connor","COL","R","13","130.7","142","108","56.80","107","80","57.22","74","49","60.16","2","3","40.00","6.33","5","55.87","61","50","54.95","27","20","57.45","0","2","0.00","34","30","53.13","1","0","100.00","71","63","52.99","1","1","50.00","2.70","93.88","0.966","14","25","24","111","36.84","21","36","45","31.82"
"790","Jonathan Lekkerimäki","VAN","R","13","129.01666666667","80","153","34.33","53","111","32.32","31","72","30.10","3","5","37.50","2.22","7.37","23.17","32","75","29.91","7","31","18.42","1","2","33.33","25","44","36.23","2","2","50.00","59","75","44.03","0","0","-","9.68","93.06","1.027","21","22","6","120","77.78","39","31","18","68.42"
"555","Nolan Foote","FLA","L","12","127.16666666667","123","122","50.20","82","84","49.40","52","59","46.85","3","7","30.00","6.47","6.18","51.16","52","57","47.71","24","29","45.28","1","4","20.00","28","28","50.00","1","2","33.33","65","65","50.00","1","1","50.00","5.77","88.14","0.939","13","23","24","114","35.14","36","32","38","48.65"
"626","Jack Ahcan","COL","D","11","126.25","152","104","59.38","110","80","57.89","76","46","62.30","6","4","60.00","8.05","5.09","61.25","85","55","60.71","35","22","61.40","4","2","66.67","50","33","60.24","2","1","66.67","70","54","56.45","0","1","0.00","7.89","91.30","0.992","7","29","19","116","26.92","27","39","38","41.54"
"796","Ivan Miroshnichenko","WSH","L","13","125.33333333333","107","126","45.92","79","85","48.17","40","51","43.96","5","4","55.56","5.27","3.84","57.84","43","50","46.24","19","14","57.58","0","3","0.00","24","36","40.00","2","1","66.67","56","77","42.11","3","0","100.00","12.50","92.16","1.047","11","31","16","116","40.74","19","39","34","35.85"
"770","Luca Del Bel Belluz","CBJ","C","14","124.25","101","134","42.98","74","91","44.85","48","57","45.71","2","4","33.33","3.98","5.35","42.68","39","58","40.21","13","22","37.14","1","0","100.00","26","36","41.94","0","2","0.00","59","85","40.97","1","2","33.33","4.17","92.98","0.971","16","21","17","109","48.48","25","25","41","37.88"
"423","Dominik Shine","DET","R","18","122.13333333333","84","142","37.17","65","104","38.46","45","64","41.28","4","4","50.00","4.51","7.02","39.10","36","58","38.30","16","26","38.10","2","2","50.00","20","32","38.46","2","1","66.67","45","82","35.43","0","1","0.00","8.89","93.75","1.026","14","22","11","129","56.00","21","32","27","43.75"
"214","Steven Santini","T.B","D","12","121.75","89","103","46.35","56","78","41.79","39","48","44.83","4","3","57.14","3.44","4.39","43.94","42","41","50.60","14","11","56.00","1","0","100.00","28","30","48.28","3","2","60.00","43","69","38.39","0","1","0.00","10.26","93.75","1.040","14","38","13","95","51.85","24","56","27","47.06"
"822","Adam Sykora","NYR","L","11","121.21666666667","102","120","45.95","67","80","45.58","40","48","45.45","5","5","50.00","4.23","6.18","40.65","50","56","47.17","21","24","46.67","4","4","50.00","29","32","47.54","0","1","0.00","63","61","50.81","1","0","100.00","12.50","89.58","1.021","19","29","18","95","51.35","32","40","26","55.17"
"860","Oscar Fisker Molgaard","SEA","C","13","119.3","109","101","51.90","74","67","52.48","48","41","53.93","2","0","100.00","5.03","3.99","55.74","48","43","52.75","21","18","53.85","2","0","100.00","27","25","51.92","0","0","-","56","70","44.44","0","0","-","4.17","100.00","1.042","22","35","23","92","48.89","28","41","36","43.75"
"92","Dylan McIlrath","WSH","D","13","119","82","111","42.49","56","72","43.75","35","47","42.68","1","2","33.33","4.6","4.25","52.02","40","44","47.62","24","19","55.81","0","2","0.00","16","25","39.02","1","0","100.00","37","73","33.64","0","0","-","2.86","95.74","0.986","7","30","25","97","21.88","21","43","44","32.31"
"521","Jordan Harris","BOS","D","8","114.35","117","95","55.19","87","65","57.24","52","41","55.91","4","4","50.00","4.19","3.59","53.83","52","37","58.43","17","16","51.52","0","3","0.00","35","21","62.50","3","0","100.00","64","59","52.03","1","1","50.00","7.69","90.24","0.979","8","27","9","98","47.06","20","40","30","40.00"
"813","Brian Halonen","N.J","L","15","114.08333333333","75","105","41.67","52","63","45.22","30","38","44.12","3","4","42.86","2.51","4.64","35.06","24","52","31.58","10","22","31.25","1","1","50.00","14","30","31.82","1","3","25.00","49","54","47.57","1","0","100.00","10.00","89.47","0.995","21","25","13","97","61.76","31","32","31","50.00"
"541","John Leonard","DET","L","11","113.63333333333","103","127","44.78","75","89","45.73","44","49","47.31","2","5","28.57","5.14","5.65","47.63","49","61","44.55","21","27","43.75","1","3","25.00","28","34","45.16","1","2","33.33","65","71","47.79","0","0","-","4.55","89.80","0.943","20","21","21","101","48.78","37","27","35","51.39"
"594","Victor Soderstrom","BOS","D","8","108.6","92","123","42.79","64","84","43.24","39","47","45.35","6","3","66.67","3.84","6.31","37.85","42","62","40.38","18","25","41.86","2","1","66.67","24","37","39.34","3","1","75.00","58","67","46.40","1","1","50.00","15.38","93.62","1.090","17","20","11","85","60.71","40","30","27","59.70"
"320","Caleb Jones","PIT","D","7","108.48333333333","95","131","42.04","65","84","43.62","43","50","46.24","4","3","57.14","5.12","5.99","46.11","51","62","45.13","25","34","42.37","2","2","50.00","26","28","48.15","1","1","50.00","42","77","35.29","1","0","100.00","9.30","94.00","1.033","8","16","16","85","33.33","20","27","38","34.48"
"584","Philip Tomasino","PIT","R","9","107.33333333333","91","107","45.96","56","71","44.09","32","50","39.02","1","3","25.00","3.54","4.01","46.91","43","46","48.31","14","16","46.67","0","1","0.00","29","30","49.15","1","1","50.00","55","63","46.61","0","1","0.00","3.13","94.00","0.971","13","21","8","83","61.90","25","28","17","59.52"
"905","Konsta Helenius","BUF","C","9","107.18333333333","112","82","57.73","84","63","57.14","59","48","55.14","5","4","55.56","5.48","4.64","54.15","50","37","57.47","23","21","52.27","3","2","60.00","27","16","62.79","1","1","50.00","58","42","58.00","1","1","50.00","8.47","91.67","1.001","14","25","9","86","60.87","27","28","14","65.85"
"882","Travis Mitchell","NYI","D","9","103.08333333333","65","105","38.24","50","76","39.68","31","47","39.74","3","3","50.00","2.62","4.64","36.11","28","48","36.84","9","20","31.03","1","1","50.00","19","28","40.43","2","1","66.67","47","53","47.00","0","1","0.00","9.68","93.62","1.033","19","34","8","81","70.37","38","42","19","66.67"
"409","Tanner Laczynski","VGK","C","10","99.833333333333","94","97","49.21","65","69","48.51","44","47","48.35","5","5","50.00","3.52","4.07","46.38","38","45","45.78","15","17","46.88","0","3","0.00","23","28","45.10","4","1","80.00","58","59","49.57","1","1","50.00","11.36","89.36","1.007","9","22","11","88","45.00","21","28","27","43.75"
"741","Nikita Chibrikov","WPG","R","11","99.4","78","90","46.43","52","60","46.43","25","36","40.98","4","4","50.00","2.18","3.15","40.95","30","41","42.25","10","11","47.62","1","1","50.00","20","30","40.00","1","0","100.00","57","42","57.58","2","3","40.00","16.00","88.89","1.049","23","25","11","84","67.65","30","29","16","65.22"
"335","Dennis Gilbert","OTT","D","8","99.4","87","91","48.88","66","56","54.10","45","34","56.96","3","3","50.00","5.6","3.91","58.90","45","55","45.00","22","23","48.89","1","1","50.00","23","32","41.82","1","2","33.33","45","45","50.00","1","0","100.00","6.67","91.18","0.978","11","21","9","103","55.00","28","30","26","51.85"
"625","Mitchell Chaffee","T.B","R","11","95.35","90","76","54.22","63","56","52.94","40","35","53.33","1","3","25.00","5.77","3.35","63.28","44","29","60.27","24","14","63.16","1","1","50.00","20","15","57.14","0","1","0.00","47","48","49.47","0","1","0.00","2.50","91.43","0.939","18","25","8","81","69.23","25","33","17","59.52"
"778","Hunter Haight","MIN","C","9","93.25","86","101","45.99","65","70","48.15","48","40","54.55","2","7","22.22","5.49","4.84","53.16","40","55","42.11","17","21","44.74","0","4","0.00","23","34","40.35","1","1","50.00","49","52","48.51","1","2","33.33","4.17","82.50","0.867","13","13","7","84","65.00","31","26","20","60.78"
"581","Marshall Warren","NYI","D","8","89.6","79","77","50.64","57","59","49.14","36","36","50.00","3","3","50.00","4.11","3.75","52.28","43","39","52.44","16","14","53.33","2","0","100.00","27","25","51.92","1","3","25.00","46","45","50.55","0","0","-","8.33","91.67","1.000","19","21","9","81","67.86","31","28","21","59.62"
"724","Tyson Hinds","ANA","D","6","89.366666666667","108","62","63.53","81","47","63.28","50","23","68.49","3","2","60.00","6.34","3.6","63.77","50","32","60.98","21","18","53.85","2","1","66.67","29","14","67.44","0","1","0.00","60","30","66.67","1","0","100.00","6.00","91.30","0.973","9","19","6","77","60.00","29","30","14","67.44"
"651","Sam Colangelo","ANA","R","9","87.566666666667","77","96","44.51","47","76","38.21","28","54","34.15","2","5","28.57","2.65","5.13","34.04","27","50","35.06","9","19","32.14","2","4","33.33","18","31","36.73","0","1","0.00","45","49","47.87","0","0","-","7.14","90.74","0.979","18","14","13","87","58.06","25","26","25","50.00"
"833","Jared Davidson","MTL","C","10","87.116666666667","76","87","46.63","51","60","45.95","33","32","50.77","2","6","25.00","3.45","3.62","48.84","35","39","47.30","10","14","41.67","1","2","33.33","25","25","50.00","1","4","20.00","45","43","51.14","0","0","-","6.06","81.25","0.873","12","17","8","80","60.00","19","22","21","47.50"
"742","Carter Mazur","DET","L","8","84.933333333333","69","83","45.39","47","57","45.19","34","39","46.58","2","5","28.57","3.22","4.64","40.93","30","36","45.45","13","20","39.39","0","3","0.00","17","16","51.52","2","1","66.67","36","51","41.38","0","1","0.00","5.88","87.18","0.931","10","19","20","73","33.33","16","24","25","39.02"
"700","Matt Kiersted","MIN","D","6","82.416666666667","60","90","40.00","44","65","40.37","28","38","42.42","3","3","50.00","3.55","5.15","40.80","31","52","37.35","13","23","36.11","0","3","0.00","18","29","38.30","2","0","100.00","33","49","40.24","0","0","-","10.71","92.11","1.028","15","11","19","58","44.12","26","23","31","45.61"
"459","Cameron Crotty","OTT","D","6","81.283333333333","64","66","49.23","51","54","48.57","35","31","53.03","4","4","50.00","4.19","2.72","60.61","34","30","53.13","18","9","66.67","3","3","50.00","16","21","43.24","0","1","0.00","32","40","44.44","1","0","100.00","11.43","87.10","0.985","6","17","9","86","40.00","13","28","19","40.63"
"168","Mackenzie MacEachern","VAN","L","8","81.15","66","88","42.86","46","65","41.44","27","37","42.19","5","5","50.00","2.12","4.16","33.77","22","39","36.07","11","22","33.33","3","4","42.86","11","17","39.29","2","1","66.67","47","53","47.00","0","0","-","18.52","86.49","1.050","12","19","14","78","46.15","15","25","25","37.50"
"681","Ethan Cardwell","S.J","R","7","79.933333333333","67","87","43.51","43","69","38.39","24","45","34.78","2","5","28.57","2.89","5.13","36.01","32","45","41.56","9","23","28.13","0","4","0.00","23","22","51.11","1","1","50.00","28","48","36.84","1","0","100.00","8.33","88.89","0.972","7","10","13","76","35.00","17","15","29","36.96"
"187","Kurtis MacDermid","OTT","L","19","79.2","51","98","34.23","40","67","37.38","18","39","31.58","1","6","14.29","2.14","4.2","33.80","18","38","32.14","8","17","32.00","0","3","0.00","10","21","32.26","1","3","25.00","38","55","40.86","0","0","-","5.56","84.62","0.902","25","28","4","92","86.21","29","35","14","67.44"
"427","Jonah Gadjovich","FLA","L","10","78.683333333333","66","80","45.21","36","52","40.91","23","31","42.59","3","1","75.00","2.58","2.2","53.94","29","31","48.33","13","9","59.09","2","1","66.67","16","22","42.11","0","0","-","36","57","38.71","1","0","100.00","13.04","96.77","1.098","11","18","14","65","44.00","23","23","31","42.59"
"827","Marek Alscher","FLA","D","4","74.966666666667","64","55","53.78","46","39","54.12","31","25","55.36","6","2","75.00","3.53","2.7","56.63","30","28","51.72","11","10","52.38","2","0","100.00","19","18","51.35","4","2","66.67","30","30","50.00","0","0","-","19.35","92.00","1.114","7","17","10","61","41.18","19","22","18","51.35"
"758","Taylor Makar","COL","L","12","74.516666666667","74","72","50.68","50","53","48.54","30","33","47.62","1","1","50.00","2.87","3.96","41.97","32","42","43.24","12","19","38.71","1","1","50.00","20","23","46.51","0","0","-","44","33","57.14","0","0","-","3.33","96.97","1.003","14","16","6","77","70.00","19","23","13","59.38"
"789","Maveric Lamoureux","UTA","D","5","73.266666666667","66","77","46.15","48","50","48.98","28","33","45.90","5","1","83.33","2.44","3.19","43.35","27","36","42.86","11","12","47.83","1","1","50.00","16","24","40.00","1","0","100.00","39","37","51.32","3","0","100.00","17.86","96.97","1.148","5","6","6","80","45.45","11","13","14","44.00"
"175","Dominic Toninato","CHI","C","8","73.233333333333","69","53","56.56","47","40","54.02","31","23","57.41","1","1","50.00","2.69","2.22","54.78","25","28","47.17","11","9","55.00","0","0","-","14","19","42.42","1","1","50.00","40","29","57.97","0","0","-","3.23","95.65","0.989","11","12","9","72","55.00","17","16","17","50.00"
"617","Andre Lee","L.A","L","7","71.866666666667","66","52","55.93","40","38","51.28","24","24","50.00","2","4","33.33","2.83","2.31","55.04","34","29","53.97","18","12","60.00","1","1","50.00","16","17","48.48","1","3","25.00","29","26","52.73","0","0","-","8.33","83.33","0.917","9","11","9","62","50.00","18","18","16","52.94"
"290","Hayden Hodgson","OTT","R","10","70.133333333333","66","67","49.62","44","55","44.44","31","35","46.97","2","4","33.33","3.27","3.54","48.01","31","32","49.21","12","20","37.50","1","4","20.00","19","12","61.29","1","0","100.00","35","38","47.95","0","0","-","6.45","88.57","0.950","9","15","3","79","75.00","13","18","13","50.00"
"538","Angus Crookshank","N.J","C","8","68.85","50","78","39.06","34","53","39.08","18","35","33.96","2","1","66.67","1.25","3.64","25.55","11","32","25.58","5","14","26.32","1","0","100.00","6","18","25.00","1","1","50.00","40","44","47.62","0","0","-","11.11","97.14","1.083","11","6","10","63","52.38","20","10","23","46.51"
"471","Olle Lycksell","OTT","R","7","68.65","55","71","43.65","34","47","41.98","27","34","44.26","3","5","37.50","1.81","2.62","40.78","31","35","46.97","9","11","45.00","2","2","50.00","22","24","47.83","1","2","33.33","25","37","40.32","0","1","0.00","11.11","85.29","0.964","12","13","1","68","92.31","14","17","6","70.00"
"267","Nicolas Aube-Kubel","MIN","R","6","68.6","65","84","43.62","48","60","44.44","34","43","44.16","2","2","50.00","3.06","3.52","46.47","34","34","50.00","14","13","51.85","1","1","50.00","20","21","48.78","0","0","-","35","46","43.21","1","1","50.00","5.88","95.35","1.012","6","11","12","54","33.33","21","15","16","56.76"
"517","Adam Ginning","PHI","D","5","67.783333333333","37","70","34.58","23","55","29.49","12","34","26.09","2","2","50.00","1.48","2.76","34.92","20","29","40.82","6","8","42.86","0","0","-","14","21","40.00","2","2","50.00","21","49","30.00","0","0","-","16.67","94.12","1.108","6","11","5","65","54.55","15","19","16","48.39"
"845","Ivan Ivan","COL","C","9","65.916666666667","56","59","48.70","42","38","52.50","25","23","52.08","2","1","66.67","2.27","1.7","57.10","19","19","50.00","8","7","53.33","1","0","100.00","11","12","47.83","0","1","0.00","39","42","48.15","1","0","100.00","8.00","95.65","1.037","8","17","7","65","53.33","11","25","13","45.83"
"893","Ty Mueller","VAN","C","6","65.133333333333","47","55","46.08","34","43","44.16","21","30","41.18","2","1","66.67","2.35","2.44","49.11","25","22","53.19","13","12","52.00","2","1","66.67","12","10","54.55","0","0","-","28","34","45.16","0","0","-","9.52","96.67","1.062","12","13","8","53","60.00","20","17","17","54.05"
"832","Ludvig Jansson","FLA","D","4","65.083333333333","52","69","42.98","40","47","45.98","26","27","49.06","5","3","62.50","4.11","3.18","56.41","22","35","38.60","9","12","42.86","2","1","66.67","13","23","36.11","1","1","50.00","30","38","44.12","2","1","66.67","19.23","88.89","1.081","11","14","10","46","52.38","19","22","22","46.34"
"582","Ville Heinola","WPG","D","5","64.733333333333","72","52","58.06","55","40","57.89","37","24","60.66","2","2","50.00","4.05","2.83","58.90","38","26","59.38","14","14","50.00","2","1","66.67","24","12","66.67","0","0","-","44","31","58.67","0","1","0.00","5.41","91.67","0.971","11","15","12","49","47.83","22","19","18","55.00"
"903","Sacha Boisvert","CHI","C","7","64.716666666667","40","54","42.55","30","39","43.48","17","26","39.53","2","3","40.00","1.68","2.36","41.50","19","27","41.30","10","11","47.62","0","2","0.00","9","16","36.00","1","1","50.00","25","32","43.86","1","0","100.00","11.76","88.46","1.002","7","22","5","56","58.33","12","27","13","48.00"
"876","Aydar Suniev","CGY","L","6","60.516666666667","47","53","47.00","32","40","44.44","25","24","51.02","2","2","50.00","1.92","3.09","38.30","21","26","44.68","7","11","38.89","0","2","0.00","14","15","48.28","0","0","-","24","31","43.64","2","0","100.00","8.00","91.67","0.997","10","12","4","60","71.43","18","19","13","58.06"
"938","Tyson Gross","CGY","C","6","60.383333333333","38","70","35.19","31","56","35.63","24","38","38.71","3","5","37.50","2.2","5.97","26.90","21","38","35.59","9","22","29.03","2","4","33.33","12","16","42.86","0","0","-","15","38","28.30","1","1","50.00","12.50","86.84","0.993","6","9","15","61","28.57","11","13","24","31.43"
"499","Michael Callahan","BOS","D","5","58.633333333333","56","41","57.73","45","24","65.22","34","18","65.38","3","4","42.86","3.02","1.9","61.38","25","22","53.19","11","10","52.38","2","2","50.00","14","12","53.85","1","2","33.33","32","24","57.14","0","0","-","8.82","77.78","0.866","3","15","10","54","23.08","14","24","15","48.28"
"579","Henry Thrun","TOR","D","4","57.816666666667","37","53","41.11","28","37","43.08","21","23","47.73","1","2","33.33","1.38","2.83","32.70","18","27","40.00","5","10","33.33","1","0","100.00","13","17","43.33","0","1","0.00","21","32","39.62","0","1","0.00","4.76","91.30","0.961","5","11","12","48","29.41","11","15","24","31.43"
"408","Michael Pezzetta","TOR","L","9","57.716666666667","37","58","38.95","31","43","41.89","17","23","42.50","0","4","0.00","1.69","1.94","46.57","15","26","36.59","7","7","50.00","0","0","-","8","19","29.63","0","4","0.00","19","34","35.85","0","0","-","0.00","82.61","0.826","0","22","7","59","0.00","6","34","11","35.29"
"763","Marc McLaughlin","N.J","C","7","57.083333333333","34","62","35.42","22","41","34.92","7","26","21.21","1","3","25.00","1.09","3.51","23.61","11","28","28.21","6","13","31.58","1","2","33.33","5","15","25.00","0","1","0.00","19","37","33.93","0","0","-","14.29","88.46","1.027","6","10","6","51","50.00","13","12","16","44.83"
"917","Mikulas Hovorka","FLA","D","4","54.583333333333","42","51","45.16","28","36","43.75","20","22","47.62","3","4","42.86","1.83","2","47.86","22","22","50.00","5","12","29.41","1","3","25.00","17","10","62.96","2","1","66.67","18","26","40.91","0","0","-","15.00","81.82","0.968","8","14","4","48","66.67","14","22","11","56.00"
"922","Ilya Protas","WSH","L","4","53.85","48","52","48.00","32","38","45.71","22","24","47.83","3","2","60.00","3.32","2.76","54.56","29","27","51.79","11","13","45.83","2","1","66.67","18","14","56.25","1","1","50.00","25","30","45.45","0","0","-","13.64","91.67","1.053","5","8","13","44","27.78","17","11","26","39.53"
"682","Rory Kerins","CGY","C","4","53.333333333333","56","64","46.67","38","46","45.24","29","30","49.15","0","1","0.00","2.43","2.74","47.07","29","30","49.15","11","8","57.89","0","0","-","18","22","45.00","0","1","0.00","28","33","45.90","0","0","-","0.00","96.67","0.967","6","13","7","40","46.15","17","16","13","56.67"
"776","Isaiah George","NYI","D","4","52.65","29","56","34.12","23","37","38.33","18","25","41.86","3","2","60.00","1.34","2.68","33.22","12","23","34.29","4","11","26.67","2","2","50.00","8","12","40.00","0","0","-","22","30","42.31","1","0","100.00","16.67","92.00","1.087","2","11","11","48","15.38","7","19","21","25.00"
"673","William Villeneuve","TOR","D","3","51.983333333333","39","45","46.43","31","32","49.21","16","21","43.24","1","0","100.00","1.39","2.4","36.68","14","21","40.00","6","12","33.33","0","0","-","8","9","47.06","1","0","100.00","33","29","53.23","0","0","-","6.25","100.00","1.063","8","12","8","38","50.00","20","19","15","57.14"
"898","Carter Yakemchuk","OTT","D","4","51.266666666667","50","63","44.25","37","46","44.58","17","28","37.78","2","3","40.00","2.31","3.35","40.75","22","27","44.90","10","13","43.48","0","3","0.00","12","14","46.15","2","0","100.00","34","32","51.52","0","0","-","11.76","89.29","1.011","21","9","2","48","91.30","25","11","6","80.65"
"476","Skyler Brind'Amour","CAR","C","4","51.216666666667","48","42","53.33","26","37","41.27","9","24","27.27","0","2","0.00","1.94","2.64","42.36","21","22","48.84","6","9","40.00","0","1","0.00","15","13","53.57","0","1","0.00","26","22","54.17","0","0","-","0.00","91.67","0.917","10","11","6","39","62.50","20","15","10","66.67"
"373","Patrik Laine","MTL","L","5","50.833333333333","34","57","37.36","17","36","32.08","8","24","25.00","1","4","20.00","1.08","3.33","24.51","16","25","39.02","6","9","40.00","1","2","33.33","10","16","38.46","0","1","0.00","18","31","36.73","0","1","0.00","12.50","83.33","0.958","3","7","6","44","33.33","5","13","15","25.00"
"771","Jack Devine","FLA","R","6","50.016666666667","48","45","51.61","34","32","51.52","20","20","50.00","0","3","0.00","1.81","1.73","51.14","14","17","45.16","7","10","41.18","0","2","0.00","7","7","50.00","0","0","-","30","25","54.55","0","1","0.00","0.00","85.00","0.850","13","19","2","40","86.67","17","20","4","80.95"
"554","Brett Leason","WSH","R","6","49.5","44","27","61.97","33","23","58.93","15","17","46.88","0","2","0.00","1.98","1.86","51.57","18","9","66.67","4","7","36.36","0","2","0.00","14","2","87.50","0","0","-","31","23","57.41","0","0","-","0.00","88.24","0.882","5","8","11","44","31.25","13","13","19","40.63"
"686","Mikael Pyyhtia","CBJ","L","5","49.4","61","42","59.22","42","29","59.15","20","16","55.56","1","2","33.33","2.34","1.66","58.56","24","18","57.14","9","8","52.94","0","1","0.00","15","10","60.00","1","0","100.00","40","34","54.05","0","1","0.00","5.00","87.50","0.925","5","10","9","40","35.71","12","10","20","37.50"
"782","Aleksanteri Kaskimaki","STL","C","5","49.283333333333","37","48","43.53","28","33","45.90","21","23","47.73","1","7","12.50","1.13","2.79","28.87","11","25","30.56","3","14","17.65","0","6","0.00","8","11","42.11","1","1","50.00","30","22","57.69","0","0","-","4.76","69.57","0.743","8","7","7","49","53.33","18","10","12","60.00"
"802","Owen Pickering","PIT","D","4","48.216666666667","44","50","46.81","32","38","45.71","25","26","49.02","2","5","28.57","1.95","2.53","43.60","22","23","48.89","8","12","40.00","1","3","25.00","14","11","56.00","0","1","0.00","23","31","42.59","1","1","50.00","8.00","80.77","0.888","5","13","8","43","38.46","13","18","13","50.00"
"390","Riley Stillman","EDM","D","4","48.133333333333","31","45","40.79","23","38","37.70","17","24","41.46","2","1","66.67","1.54","2.9","34.65","18","25","41.86","6","11","35.29","2","1","66.67","12","14","46.15","0","0","-","14","24","36.84","0","0","-","11.76","95.83","1.076","3","11","12","47","20.00","9","16","17","34.62"
"933","Luke Haymes","TOR","C","4","48.116666666667","40","39","50.63","34","28","54.84","19","20","48.72","2","4","33.33","1.53","1.59","49.08","15","18","45.45","8","4","66.67","0","2","0.00","7","14","33.33","0","2","0.00","29","24","54.72","2","0","100.00","10.53","80.00","0.905","4","10","4","44","50.00","9","12","7","56.25"
"831","Abram Wiebe","CGY","D","4","48.083333333333","39","55","41.49","28","44","38.89","19","29","39.58","1","1","50.00","1.83","3.75","32.79","19","38","33.33","8","21","27.59","1","1","50.00","11","17","39.29","0","0","-","21","22","48.84","0","0","-","5.26","96.55","1.018","11","7","6","45","64.71","23","10","11","67.65"
"892","Florian Xhekaj","MTL","L","5","47.983333333333","29","48","37.66","18","32","36.00","13","19","40.63","1","2","33.33","0.97","1.64","36.98","13","24","35.14","4","7","36.36","0","2","0.00","9","17","34.62","0","0","-","18","23","43.90","1","0","100.00","7.69","89.47","0.972","8","17","6","32","57.14","10","21","13","43.48"
"786","Kirill Kudryavtsev","VAN","D","3","46.816666666667","32","44","42.11","26","32","44.83","20","18","52.63","3","1","75.00","2.05","2.24","47.86","15","25","37.50","9","14","39.13","2","0","100.00","6","11","35.29","0","1","0.00","17","18","48.57","1","0","100.00","15.00","94.44","1.094","5","8","7","39","41.67","12","11","13","48.00"
"439","Jonas Rondbjerg","VGK","R","4","46.666666666667","38","40","48.72","29","31","48.33","20","19","51.28","2","4","33.33","2.3","1.84","55.46","19","22","46.34","11","7","61.11","2","0","100.00","8","15","34.78","0","1","0.00","21","20","51.22","0","3","0.00","10.00","78.95","0.889","8","12","3","42","72.73","11","16","8","57.89"
"854","Luca Cagnoni","S.J","D","3","45.733333333333","31","40","43.66","22","28","44.00","15","16","48.39","2","2","50.00","1.64","1.41","53.68","14","16","46.67","3","5","37.50","0","0","-","11","11","50.00","2","1","66.67","24","27","47.06","0","1","0.00","13.33","87.50","1.008","7","6","2","35","77.78","20","8","14","58.82"
"415","Matt Luff","STL","R","5","44.933333333333","35","40","46.67","26","31","45.61","18","22","45.00","1","3","25.00","1.32","1.66","44.29","20","15","57.14","6","7","46.15","0","2","0.00","14","8","63.64","1","1","50.00","19","23","45.24","0","0","-","5.56","86.36","0.919","7","8","6","46","53.85","12","12","9","57.14"
"414","Dylan Coghlan","VGK","D","3","44.816666666667","45","45","50.00","32","33","49.23","20","18","52.63","3","2","60.00","2.03","2.2","48.01","20","23","46.51","9","9","50.00","2","1","66.67","11","14","44.00","1","0","100.00","30","23","56.60","0","1","0.00","15.00","88.89","1.039","11","9","3","36","78.57","19","12","8","70.37"
"357","Lane Pederson","PHI","C","5","44.316666666667","22","44","33.33","12","31","27.91","6","15","28.57","1","1","50.00","0.59","1.78","24.97","6","15","28.57","4","8","33.33","1","1","50.00","2","7","22.22","0","0","-","13","27","32.50","0","0","-","16.67","93.33","1.100","4","9","4","42","50.00","7","14","10","41.18"
"589","Jakob Pelletier","T.B","L","5","43.916666666667","33","28","54.10","24","21","53.33","14","14","50.00","0","1","0.00","1.07","1.36","43.92","13","9","59.09","5","5","50.00","0","0","-","8","4","66.67","0","0","-","28","17","62.22","0","1","0.00","0.00","92.86","0.929","14","13","8","35","63.64","21","18","11","65.63"
"843","Xavier Parent","N.J","C","5","42.8","37","56","39.78","26","40","39.39","14","27","34.15","1","2","33.33","0.95","2.86","24.87","9","24","27.27","3","11","21.43","1","1","50.00","6","13","31.58","0","1","0.00","33","27","55.00","0","0","-","7.14","92.59","0.997","5","3","6","42","45.45","13","6","14","48.15"
"887","Wilmer Skoog","FLA","C","3","42.3","33","39","45.83","29","25","53.70","16","14","53.33","3","0","100.00","2.08","1.75","54.35","14","20","41.18","4","9","30.77","0","0","-","10","11","47.62","2","0","100.00","20","23","46.51","1","0","100.00","18.75","100.00","1.188","3","11","9","32","25.00","5","13","11","31.25"
"744","Ty Murchison","PHI","D","3","42.133333333333","22","27","44.90","16","16","50.00","8","9","47.06","2","1","66.67","0.96","0.74","56.66","11","15","42.31","4","4","50.00","1","0","100.00","7","11","38.89","1","1","50.00","14","12","53.85","0","0","-","25.00","88.89","1.139","9","10","5","33","64.29","15","14","13","53.57"
"185","Jaycob Megna","VGK","D","4","41.633333333333","27","33","45.00","21","28","42.86","12","14","46.15","0","5","0.00","1.21","2.71","30.93","14","21","40.00","5","12","29.41","0","4","0.00","9","9","50.00","0","0","-","15","17","46.88","0","1","0.00","0.00","64.29","0.643","2","5","7","39","22.22","6","9","11","35.29"
"379","Riley Tufte","BOS","L","4","41.55","45","59","43.27","38","40","48.72","28","18","60.87","0","1","0.00","2.14","2.35","47.76","19","25","43.18","8","9","47.06","0","1","0.00","11","16","40.74","0","0","-","21","39","35.00","0","0","-","0.00","94.44","0.944","1","7","6","36","14.29","5","10","16","23.81"
"883","Cole McWard","NYI","D","3","41.2","25","53","32.05","23","37","38.33","18","27","40.00","3","2","60.00","1.35","2.69","33.35","12","24","33.33","7","13","35.00","1","2","33.33","5","11","31.25","2","0","100.00","14","27","34.15","0","0","-","16.67","92.59","1.093","2","8","4","33","33.33","4","13","9","30.77"
"812","Danil Zhilkin","WPG","C","6","40.666666666667","16","47","25.40","13","29","30.95","11","16","40.74","3","0","100.00","0.77","1.49","34.08","6","19","24.00","3","9","25.00","2","0","100.00","3","10","23.08","0","0","-","7","28","20.00","1","0","100.00","27.27","100.00","1.273","2","7","4","46","33.33","6","12","11","35.29"
"870","Luca Pinelli","CBJ","C","3","39.183333333333","39","38","50.65","29","28","50.88","22","21","51.16","1","2","33.33","2.4","2.24","51.65","27","20","57.45","12","11","52.17","1","2","33.33","15","9","62.50","0","0","-","14","15","48.28","0","0","-","4.55","90.48","0.950","7","7","3","30","70.00","10","10","6","62.50"
"624","Connor Mackey","NYR","D","3","37.7","29","29","50.00","23","24","48.94","12","17","41.38","0","3","0.00","1.12","1.28","46.60","11","14","44.00","5","5","50.00","0","1","0.00","6","9","40.00","0","1","0.00","20","19","51.28","0","0","-","0.00","82.35","0.824","0","7","6","37","0.00","6","8","14","30.00"
"610","Matěj  Blümel","BOS","R","4","37.466666666667","31","39","44.29","24","27","47.06","18","16","52.94","0","2","0.00","1.27","2.15","37.04","15","17","46.88","4","8","33.33","0","2","0.00","11","9","55.00","0","0","-","18","27","40.00","0","0","-","0.00","87.50","0.875","5","6","9","24","35.71","12","9","18","40.00"
"768","Seamus Casey","N.J","D","2","36.016666666667","34","30","53.13","20","26","43.48","12","20","37.50","0","3","0.00","0.77","1.26","38.17","13","15","46.43","0","6","0.00","0","1","0.00","13","9","59.09","0","2","0.00","24","16","60.00","0","0","-","0.00","85.00","0.850","10","7","4","27","71.43","22","8","7","75.86"
"422","Justin Danforth","BUF","R","4","35.833333333333","27","40","40.30","15","27","35.71","9","19","32.14","0","2","0.00","0.65","1.62","28.75","6","18","25.00","4","7","36.36","0","1","0.00","2","11","15.38","0","1","0.00","21","22","48.84","0","0","-","0.00","89.47","0.895","8","6","7","36","53.33","15","7","12","55.56"
"897","Connor Clattenburg","EDM","C","5","35.483333333333","31","36","46.27","24","25","48.98","17","17","50.00","1","0","100.00","1.89","0.98","65.91","11","9","55.00","8","2","80.00","1","0","100.00","3","7","30.00","0","0","-","18","24","42.86","0","0","-","5.88","100.00","1.059","1","9","0","39","100.00","3","11","6","33.33"
"901","Jett Luchanko","PHI","C","4","35.266666666667","20","25","44.44","15","16","48.39","10","11","47.62","0","3","0.00","1.09","1.26","46.20","13","11","54.17","5","7","41.67","0","3","0.00","8","4","66.67","0","0","-","11","14","44.00","0","0","-","0.00","72.73","0.727","4","7","1","32","80.00","9","11","3","75.00"
"178","Erik Gustafsson","DET","D","2","35.216666666667","32","32","50.00","24","23","51.06","13","12","52.00","0","2","0.00","1.45","1.83","44.25","16","11","59.26","6","7","46.15","0","1","0.00","10","4","71.43","0","1","0.00","22","20","52.38","0","0","-","0.00","83.33","0.833","7","6","6","24","53.85","18","10","8","69.23"
"923","Kai Uchacz","VGK","C","3","34.55","21","30","41.18","17","17","50.00","12","13","48.00","1","2","33.33","0.97","0.88","52.45","11","12","47.83","6","3","66.67","1","0","100.00","5","9","35.71","0","1","0.00","15","18","45.45","0","1","0.00","8.33","84.62","0.929","5","6","4","32","55.56","9","12","6","60.00"
"939","Viking Gustafsson-Nyberg","MIN","D","2","34.133333333333","21","33","38.89","17","27","38.64","11","16","40.74","3","2","60.00","2.14","1.96","52.22","15","17","46.88","7","6","53.85","1","1","50.00","8","11","42.11","2","1","66.67","11","23","32.35","0","0","-","27.27","87.50","1.148","4","5","7","23","36.36","10","12","15","40.00"
"803","Matthew Poitras","BOS","C","3","34.083333333333","34","32","51.52","23","23","50.00","19","15","55.88","1","0","100.00","1.31","2.04","39.25","17","11","60.71","7","9","43.75","1","0","100.00","10","2","83.33","0","0","-","16","22","42.11","0","0","-","5.26","100.00","1.053","6","12","5","22","54.55","8","14","12","40.00"
"621","Jacob Gaucher","PHI","C","4","33.033333333333","29","26","52.73","21","15","58.33","16","9","64.00","0","1","0.00","0.96","1.21","44.10","11","14","44.00","5","7","41.67","0","1","0.00","6","7","46.15","0","0","-","21","12","63.64","0","0","-","0.00","88.89","0.889","6","5","3","29","66.67","10","9","7","58.82"
"935","Quinn Hutson","EDM","R","4","31.983333333333","28","45","38.36","14","30","31.82","9","20","31.03","1","2","33.33","1.09","2.02","35.13","10","22","31.25","4","10","28.57","1","1","50.00","6","12","33.33","0","0","-","18","19","48.65","0","1","0.00","11.11","90.00","1.011","7","6","1","35","87.50","9","7","5","64.29"
"387","Boris Katchouk","T.B","L","3","31.616666666667","33","23","58.93","25","17","59.52","15","10","60.00","1","1","50.00","2.31","1.95","54.20","20","8","71.43","12","1","92.31","1","0","100.00","8","7","53.33","0","0","-","13","14","48.15","0","1","0.00","6.67","90.00","0.967","9","8","3","22","75.00","12","9","4","75.00"
"389","Keaton Middleton","COL","D","3","31.6","17","21","44.74","8","18","30.77","5","11","31.25","1","2","33.33","0.64","1.75","26.87","6","16","27.27","3","10","23.08","0","2","0.00","3","6","33.33","1","0","100.00","4","9","30.77","0","0","-","20.00","81.82","1.018","1","6","4","25","20.00","2","12","7","22.22"
"540","Hugh McGing","STL","L","3","31.316666666667","22","33","40.00","17","25","40.48","10","20","33.33","2","2","50.00","0.8","1.81","30.72","8","13","38.10","2","8","20.00","0","2","0.00","6","5","54.55","2","0","100.00","17","19","47.22","0","0","-","20.00","90.00","1.100","4","10","2","32","66.67","8","13","6","57.14"
"477","Sheldon Dries","DET","C","5","31.216666666667","15","38","28.30","12","27","30.77","7","17","29.17","0","0","-","0.57","1.89","23.01","4","13","23.53","3","10","23.08","0","0","-","1","3","25.00","0","0","-","11","25","30.56","0","0","-","0.00","100.00","1.000","4","4","5","33","44.44","5","6","8","38.46"
"190","Anton Blidh","NYR","L","4","30.816666666667","21","34","38.18","17","22","43.59","10","10","50.00","1","0","100.00","1.44","1.24","53.70","8","14","36.36","6","5","54.55","1","0","100.00","2","9","18.18","0","0","-","11","23","32.35","0","0","-","10.00","100.00","1.100","3","5","4","35","42.86","5","8","9","35.71"
"750","Topias Vilen","N.J","D","2","30.633333333333","26","21","55.32","15","18","45.45","10","12","45.45","1","0","100.00","1.21","1.22","49.79","11","10","52.38","3","4","42.86","1","0","100.00","8","6","57.14","0","0","-","15","14","51.72","0","0","-","10.00","100.00","1.100","3","5","4","21","42.86","5","10","8","38.46"
"880","Jason Polin","COL","R","4","30.316666666667","30","18","62.50","19","10","65.52","9","4","69.23","1","0","100.00","1.2","0.28","81.33","17","6","73.91","6","2","75.00","1","0","100.00","11","4","73.33","0","0","-","20","15","57.14","0","0","-","11.11","100.00","1.111","9","6","4","27","69.23","12","7","9","57.14"
"930","Brady Martin","NSH","C","3","29.7","21","28","42.86","17","20","45.95","8","18","30.77","2","2","50.00","1.29","1.07","54.64","13","12","52.00","4","3","57.14","1","2","33.33","9","9","50.00","0","0","-","11","19","36.67","1","0","100.00","25.00","88.89","1.139","11","7","0","16","100.00","13","12","8","61.90"
"928","James Hagens","BOS","C","2","29.1","23","26","46.94","18","17","51.43","10","9","52.63","1","0","100.00","0.72","0.62","53.83","7","12","36.84","2","4","33.33","0","0","-","5","8","38.46","0","0","-","20","16","55.56","1","0","100.00","10.00","100.00","1.100","4","13","2","18","66.67","9","15","8","52.94"
"731","Joshua Roy","MTL","R","3","29.016666666667","28","21","57.14","18","14","56.25","15","12","55.56","1","1","50.00","1.19","0.97","54.92","11","9","55.00","3","5","37.50","1","1","50.00","8","4","66.67","0","0","-","16","10","61.54","0","0","-","6.67","91.67","0.983","4","9","5","15","44.44","5","13","9","35.71"
"663","Brendan Brisson","NYR","C","3","29","25","20","55.56","19","10","65.52","13","10","56.52","1","2","33.33","1.16","0.76","60.57","9","6","60.00","5","3","62.50","1","0","100.00","4","3","57.14","0","0","-","16","12","57.14","0","2","0.00","7.69","80.00","0.877","5","5","4","23","55.56","6","7","8","42.86"
"925","Braeden Cootes","VAN","C","3","28.916666666667","16","43","27.12","12","30","28.57","7","20","25.93","0","2","0.00","0.28","2.53","9.93","4","23","14.81","0","10","0.00","0","0","-","4","13","23.53","0","1","0.00","13","20","39.39","0","1","0.00","0.00","90.00","0.900","3","5","2","30","60.00","7","6","5","58.33"
"679","Isaak Phillips","WPG","D","3","28.433333333333","16","27","37.21","8","19","29.63","6","9","40.00","0","0","-","0.34","0.67","33.99","3","10","23.08","0","2","0.00","0","0","-","3","8","27.27","0","0","-","14","23","37.84","0","0","-","0.00","100.00","1.000","5","4","7","24","41.67","7","4","9","43.75"
"701","Walker Duehr","WPG","R","3","28.2","22","26","45.83","16","22","42.11","9","14","39.13","0","1","0.00","1.02","1","50.54","9","10","47.37","4","4","50.00","0","0","-","5","6","45.45","0","0","-","18","19","48.65","0","1","0.00","0.00","92.86","0.929","5","7","2","29","71.43","10","9","6","62.50"
"879","Brayden Yager","WPG","C","3","27.5","21","27","43.75","18","20","47.37","9","15","37.50","1","1","50.00","0.94","0.9","51.25","11","10","52.38","3","2","60.00","0","0","-","8","8","50.00","1","0","100.00","10","15","40.00","0","1","0.00","11.11","93.33","1.044","3","8","1","26","75.00","5","8","4","55.56"
"195","John Hayden","SEA","C","3","27.016666666667","13","27","32.50","9","17","34.62","5","12","29.41","0","1","0.00","0.43","0.95","31.07","3","10","23.08","0","3","0.00","0","0","-","3","7","30.00","0","1","0.00","8","16","33.33","0","0","-","0.00","91.67","0.917","1","12","4","21","20.00","1","14","8","11.11"
"292","Dryden Hunt","CGY","L","3","26.8","23","30","43.40","17","17","50.00","11","11","50.00","0","3","0.00","1.34","0.86","60.89","12","10","54.55","6","3","66.67","0","1","0.00","6","7","46.15","0","2","0.00","12","25","32.43","0","0","-","0.00","72.73","0.727","3","2","6","24","33.33","5","3","14","26.32"
"588","Sam Poulin","PIT","R","2","26.483333333333","28","24","53.85","20","11","64.52","11","8","57.89","0","2","0.00","0.87","0.64","57.50","14","12","53.85","2","2","50.00","0","0","-","12","10","54.55","0","2","0.00","18","13","58.06","0","0","-","0.00","75.00","0.750","2","3","4","20","33.33","6","5","9","40.00"
"528","Josiah Slavin","CAR","L","2","26.416666666667","26","19","57.78","18","15","54.55","7","9","43.75","1","0","100.00","1.76","1.17","60.06","14","9","60.87","4","4","50.00","1","0","100.00","10","5","66.67","0","0","-","13","12","52.00","0","0","-","14.29","100.00","1.143","2","5","2","25","50.00","7","8","5","58.33"
"266","Andreas Englund","NSH","D","3","26.4","30","14","68.18","23","11","67.65","10","8","55.56","0","1","0.00","1.68","0.84","66.53","12","7","63.16","6","3","66.67","0","0","-","6","4","60.00","0","0","-","15","12","55.56","0","1","0.00","0.00","87.50","0.875","2","8","4","23","33.33","6","12","8","42.86"
"871","David Reinbacher","MTL","D","2","26.283333333333","19","19","50.00","11","14","44.00","8","12","40.00","1","1","50.00","0.77","0.92","45.58","8","9","47.06","5","5","50.00","0","1","0.00","3","4","42.86","1","0","100.00","15","8","65.22","0","0","-","12.50","91.67","1.042","2","3","1","30","66.67","9","5","3","75.00"
"578","Ryan Johnson","BUF","D","3","26.183333333333","24","34","41.38","18","23","43.90","11","15","42.31","1","1","50.00","1.69","1.52","52.68","13","16","44.83","11","8","57.89","1","1","50.00","2","8","20.00","0","0","-","7","16","30.43","0","0","-","9.09","93.33","1.024","1","6","6","19","14.29","3","7","9","25.00"
"60","Garrett Wilson","PHI","L","3","26.033333333333","12","23","34.29","10","17","37.04","8","12","40.00","1","1","50.00","0.92","0.97","48.55","4","12","25.00","4","4","50.00","0","0","-","0","8","0.00","0","1","0.00","10","14","41.67","1","0","100.00","12.50","91.67","1.042","5","8","3","23","62.50","6","9","5","54.55"
"498","Patrick Giles","S.J","R","3","25.45","19","26","42.22","10","18","35.71","9","10","47.37","1","0","100.00","0.58","1.49","27.97","8","9","47.06","3","5","37.50","1","0","100.00","5","4","55.56","0","0","-","9","21","30.00","0","0","-","11.11","100.00","1.111","2","4","7","23","22.22","4","5","12","25.00"
"761","Tristen Nielsen","COL","C","4","25.216666666667","21","19","52.50","15","11","57.69","8","5","61.54","1","0","100.00","0.52","0.4","56.49","9","9","50.00","2","3","40.00","1","0","100.00","7","6","53.85","0","0","-","12","9","57.14","0","0","-","12.50","100.00","1.125","3","5","2","28","60.00","6","5","5","54.55"
"284","Dysin Mayo","CBJ","D","3","25.2","34","14","70.83","27","11","71.05","17","7","70.83","2","1","66.67","1.51","1.02","59.62","16","7","69.57","7","3","70.00","1","0","100.00","9","4","69.23","1","1","50.00","22","7","75.86","0","0","-","11.76","85.71","0.975","9","5","1","22","90.00","10","7","5","66.67"
"910","Sam Morton","CGY","C","3","24.116666666667","21","24","46.67","14","17","45.16","10","11","47.62","0","1","0.00","0.83","0.82","50.24","8","9","47.06","2","1","66.67","0","0","-","6","8","42.86","0","0","-","7","15","31.82","0","1","0.00","0.00","90.91","0.909","0","10","1","20","0.00","1","15","3","25.00"
"667","Roby Jarventie","EDM","L","3","23.483333333333","20","18","52.63","12","7","63.16","9","4","69.23","0","1","0.00","0.79","0.35","69.64","8","6","57.14","4","0","100.00","0","0","-","4","6","40.00","0","0","-","14","11","56.00","0","1","0.00","0.00","75.00","0.750","6","6","3","24","66.67","9","9","4","69.23"
"773","Nathan Gaucher","ANA","C","3","23.216666666667","19","22","46.34","18","16","52.94","10","5","66.67","0","1","0.00","0.69","1.89","26.75","6","17","26.09","2","9","18.18","0","1","0.00","4","8","33.33","0","0","-","16","9","64.00","0","0","-","0.00","80.00","0.800","6","8","5","16","54.55","9","11","7","56.25"
"671","Maxim Groshev","T.B","D","2","22.95","16","37","30.19","13","28","31.71","10","21","32.26","1","0","100.00","1.01","3.03","25.01","10","19","34.48","3","12","20.00","1","0","100.00","7","7","50.00","0","0","-","5","22","18.52","0","0","-","10.00","100.00","1.100","0","4","7","18","0.00","2","5","13","13.33"
"940","Jake Livanavage","PIT","D","1","22.366666666667","12","24","33.33","10","19","34.48","6","13","31.58","1","3","25.00","0.86","2.24","27.76","7","14","33.33","6","4","60.00","1","1","50.00","1","10","9.09","0","2","0.00","6","12","33.33","0","0","-","16.67","76.92","0.936","0","7","0","14","-","2","9","6","25.00"
"353","Cameron Hughes","DAL","C","3","21.95","11","23","32.35","8","15","34.78","5","10","33.33","2","0","100.00","0.72","0.93","43.81","7","8","46.67","3","3","50.00","1","0","100.00","4","5","44.44","1","0","100.00","5","18","21.74","0","0","-","40.00","100.00","1.400","0","5","3","21","0.00","2","6","7","22.22"
"736","William Stromgren","CGY","L","3","21.866666666667","14","26","35.00","12","18","40.00","8","13","38.10","0","1","0.00","0.44","1.53","22.36","6","14","30.00","1","4","20.00","0","0","-","5","10","33.33","0","0","-","6","14","30.00","0","1","0.00","0.00","92.31","0.923","1","5","0","26","100.00","2","7","2","50.00"
"82","Derek Forbort","VAN","D","2","21.833333333333","7","20","25.93","5","13","27.78","4","8","33.33","1","1","50.00","0.26","1.17","18.39","5","11","31.25","1","4","20.00","0","0","-","4","7","36.36","1","0","100.00","3","11","21.43","0","1","0.00","25.00","87.50","1.125","4","5","2","19","66.67","6","6","6","50.00"
"839","David Spacek","MIN","D","2","21.416666666667","10","42","19.23","10","27","27.03","6","16","27.27","1","2","33.33","0.4","1.14","26.16","4","19","17.39","1","4","20.00","1","1","50.00","3","15","16.67","0","1","0.00","10","29","25.64","0","0","-","16.67","87.50","1.042","2","4","5","17","28.57","6","7","10","37.50"
"740","Justin Robidas","CAR","C","2","21.366666666667","23","18","56.10","15","13","53.57","10","6","62.50","1","1","50.00","0.53","0.44","54.71","9","6","60.00","2","1","66.67","0","0","-","7","5","58.33","0","1","0.00","15","13","53.57","1","0","100.00","10.00","83.33","0.933","6","9","2","12","75.00","10","11","7","58.82"
"670","Bogdan Trineyev","WSH","R","2","20.583333333333","23","14","62.16","19","10","65.52","13","7","65.00","0","0","-","0.79","0.6","57.07","9","5","64.29","3","0","100.00","0","0","-","6","5","54.55","0","0","-","13","11","54.17","0","0","-","0.00","100.00","1.000","1","7","3","18","25.00","4","9","4","50.00"
"202","Mason Geertsen","BUF","L","5","20.533333333333","14","18","43.75","10","11","47.62","7","9","43.75","0","1","0.00","0.46","0.9","33.58","2","11","15.38","2","4","33.33","0","1","0.00","0","7","0.00","0","0","-","10","9","52.63","0","0","-","0.00","88.89","0.889","2","6","5","20","28.57","5","6","7","41.67"
"696","Ryan Tverberg","TOR","C","2","19.733333333333","12","18","40.00","10","13","43.48","6","4","60.00","1","0","100.00","0.58","0.55","51.01","4","4","50.00","1","2","33.33","1","0","100.00","3","2","60.00","0","0","-","9","13","40.91","0","0","-","16.67","100.00","1.167","1","7","1","18","50.00","4","11","2","66.67"
"421","Zack MacEwen","N.J","R","3","19","23","7","76.67","17","4","80.95","8","3","72.73","0","0","-","0.97","0.11","89.84","8","1","88.89","4","0","100.00","0","0","-","4","1","80.00","0","0","-","13","4","76.47","0","0","-","0.00","100.00","1.000","3","0","0","23","100.00","9","1","2","81.82"
"575","Arthur Kaliyev","OTT","R","2","18.9","30","24","55.56","20","18","52.63","13","14","48.15","0","0","-","1.45","1.53","48.56","13","13","50.00","8","8","50.00","0","0","-","5","5","50.00","0","0","-","17","14","54.84","0","0","-","0.00","100.00","1.000","5","4","2","13","71.43","6","5","6","50.00"
"576","Domenick Fensore","CAR","D","1","18.283333333333","9","23","28.13","6","16","27.27","3","11","21.43","0","2","0.00","0.23","1.72","11.73","4","12","25.00","1","9","10.00","0","2","0.00","3","3","50.00","0","0","-","8","11","42.11","0","0","-","0.00","81.82","0.818","4","8","1","11","80.00","6","12","5","54.55"
"693","Nils Aman","VAN","C","2","17.316666666667","15","23","39.47","12","8","60.00","6","5","54.55","1","1","50.00","0.59","0.51","53.67","8","11","42.11","3","3","50.00","0","0","-","5","8","38.46","1","1","50.00","8","11","42.11","0","0","-","16.67","80.00","0.967","2","1","0","20","100.00","2","1","2","50.00"
"698","Daniil Miromanov","CGY","D","1","17.216666666667","9","24","27.27","6","18","25.00","4","10","28.57","2","2","50.00","0.21","0.82","20.47","3","10","23.08","1","4","20.00","1","1","50.00","2","6","25.00","0","1","0.00","5","20","20.00","1","0","100.00","50.00","80.00","1.300","1","3","7","18","12.50","2","5","12","14.29"
"569","Simon Lundmark","T.B","D","1","16.75","11","16","40.74","10","12","45.45","7","9","43.75","1","0","100.00","0.41","0.64","39.09","4","7","36.36","2","2","50.00","0","0","-","2","5","28.57","0","0","-","9","7","56.25","0","0","-","14.29","100.00","1.143","3","5","0","16","100.00","6","7","4","60.00"
"823","Kenny Connors","L.A","C","2","16.533333333333","22","24","47.83","18","15","54.55","13","6","68.42","0","0","-","1.31","0.84","61.00","9","15","37.50","8","3","72.73","0","0","-","1","12","7.69","0","0","-","9","12","42.86","0","0","-","0.00","100.00","1.000","3","2","3","16","50.00","4","2","5","44.44"
"98","Kevin Gravel","NSH","D","1","15.866666666667","7","22","24.14","6","15","28.57","5","9","35.71","1","1","50.00","0.33","1.01","24.80","4","8","33.33","2","4","33.33","0","0","-","2","4","33.33","1","0","100.00","3","16","15.79","0","1","0.00","20.00","88.89","1.089","1","3","2","13","33.33","4","6","7","36.36"
"289","Bokondji Imama","PIT","L","2","15.283333333333","19","12","61.29","15","10","60.00","7","7","50.00","0","0","-","0.73","0.37","66.39","10","5","66.67","3","2","60.00","0","0","-","7","3","70.00","0","0","-","11","8","57.89","0","0","-","0.00","100.00","1.000","2","3","4","11","33.33","5","4","5","50.00"
"678","Ronan Seeley","CAR","D","1","14.55","12","15","44.44","9","10","47.37","6","8","42.86","1","1","50.00","0.88","0.67","56.71","6","8","42.86","2","2","50.00","0","1","0.00","4","6","40.00","1","0","100.00","7","6","53.85","0","0","-","16.67","87.50","1.042","3","3","1","10","75.00","4","4","2","66.67"
"851","Oliver Bonk","PHI","D","1","14.45","11","14","44.00","9","12","42.86","7","7","50.00","3","2","60.00","0.45","0.7","39.31","4","3","57.14","2","3","40.00","2","2","50.00","2","0","100.00","0","0","-","8","10","44.44","1","0","100.00","42.86","71.43","1.143","4","1","0","18","100.00","4","2","1","80.00"
"66","Justin Dowling","NYR","C","2","14.383333333333","9","18","33.33","7","13","35.00","4","9","30.77","0","1","0.00","0.48","0.75","39.25","4","6","40.00","2","5","28.57","0","1","0.00","2","1","66.67","0","0","-","4","10","28.57","0","0","-","0.00","88.89","0.889","0","2","3","19","0.00","0","2","4","0.00"
"241","Jordan Oesterle","NSH","D","1","14.083333333333","11","14","44.00","8","12","40.00","5","8","38.46","0","1","0.00","0.73","0.52","58.48","10","6","62.50","4","2","66.67","0","0","-","6","4","60.00","0","1","0.00","3","7","30.00","0","0","-","0.00","87.50","0.875","2","3","0","13","100.00","3","3","1","75.00"
"838","Hunter McDonald","PHI","D","1","14","11","12","47.83","9","10","47.37","8","5","61.54","3","0","100.00","0.41","0.43","48.68","3","2","60.00","2","1","66.67","2","0","100.00","1","1","50.00","0","0","-","8","9","47.06","1","0","100.00","37.50","100.00","1.375","3","0","0","22","100.00","4","1","1","80.00"
"772","Jorian Donovan","OTT","D","2","13.95","7","24","22.58","4","21","16.00","3","11","21.43","0","0","-","0.42","1.05","28.35","3","10","23.08","2","4","33.33","0","0","-","1","6","14.29","0","0","-","3","14","17.65","0","0","-","0.00","100.00","1.000","0","2","0","17","-","1","2","0","100.00"
"420","Alex Barré-Boulet","COL","C","2","13.9","19","6","76.00","12","4","75.00","3","2","60.00","0","0","-","0.58","0.16","77.87","8","2","80.00","4","2","66.67","0","0","-","4","0","100.00","0","0","-","16","3","84.21","0","0","-","0.00","100.00","1.000","5","4","0","13","100.00","6","5","0","100.00"
"891","Felix Unger Sorum","CAR","R","1","13.766666666667","6","10","37.50","6","6","50.00","4","4","50.00","1","0","100.00","0.27","0.38","40.98","3","5","37.50","1","1","50.00","0","0","-","2","4","33.33","1","0","100.00","4","7","36.36","0","0","-","25.00","100.00","1.250","1","1","1","12","50.00","2","5","3","40.00"
"926","Victor Eklund","NYI","R","1","13.016666666667","12","8","60.00","10","7","58.82","7","2","77.78","1","1","50.00","0.59","0.35","62.84","5","4","55.56","2","1","66.67","1","0","100.00","3","3","50.00","0","1","0.00","7","6","53.85","0","0","-","14.29","50.00","0.643","2","3","2","9","50.00","2","4","5","28.57"
"180","Matthew Benning","TOR","D","1","12.35","9","14","39.13","6","7","46.15","5","5","50.00","0","0","-","0.79","0.18","81.52","5","5","50.00","3","1","75.00","0","0","-","2","4","33.33","0","0","-","4","10","28.57","0","0","-","0.00","100.00","1.000","0","4","2","14","0.00","1","5","4","20.00"
"830","Angus Booth","L.A","D","1","12.3","7","17","29.17","6","10","37.50","4","6","40.00","1","0","100.00","0.43","0.67","38.98","4","6","40.00","3","5","37.50","1","0","100.00","1","1","50.00","0","0","-","2","12","14.29","0","0","-","25.00","100.00","1.250","1","2","4","13","20.00","1","2","8","11.11"
"68","Andrew Agozzino","UTA","L","2","12.266666666667","5","14","26.32","5","8","38.46","3","5","37.50","0","0","-","0.46","0.51","47.09","3","6","33.33","1","2","33.33","0","0","-","2","4","33.33","0","0","-","3","9","25.00","0","0","-","0.00","100.00","1.000","3","2","0","15","100.00","3","3","3","50.00"
"710","Xavier Bourgault","OTT","R","2","11.916666666667","15","9","62.50","12","8","60.00","7","5","58.33","1","2","33.33","1.39","0.51","73.06","9","5","64.29","8","2","80.00","1","1","50.00","1","3","25.00","0","1","0.00","5","4","55.56","0","0","-","14.29","60.00","0.743","2","2","0","14","100.00","3","2","0","100.00"
"791","Tristan Luneau","ANA","D","1","11.616666666667","23","7","76.67","15","5","75.00","9","2","81.82","2","0","100.00","0.92","0.39","70.47","8","4","66.67","2","3","40.00","1","0","100.00","6","1","85.71","0","0","-","16","3","84.21","1","0","100.00","22.22","100.00","1.222","2","2","2","10","50.00","5","5","3","62.50"
"714","Tristan Broz","PIT","C","1","11.5","7","15","31.82","4","12","25.00","3","9","25.00","0","1","0.00","0.11","0.66","13.93","4","5","44.44","0","3","0.00","0","1","0.00","4","2","66.67","0","0","-","4","10","28.57","0","0","-","0.00","88.89","0.889","2","1","0","12","100.00","4","2","1","80.00"
"510","Liam Foudy","NYI","C","1","11.283333333333","6","10","37.50","2","9","18.18","2","6","25.00","0","0","-","0.06","0.75","6.89","2","5","28.57","0","2","0.00","0","0","-","2","3","40.00","0","0","-","5","5","50.00","0","0","-","0.00","100.00","1.000","0","0","1","13","0.00","1","1","2","33.33"
"542","Rafael Harvey-Pinard","PIT","L","1","11.016666666667","7","7","50.00","6","6","50.00","4","5","44.44","1","0","100.00","0.34","0.59","36.77","3","4","42.86","3","3","50.00","1","0","100.00","0","1","0.00","0","0","-","6","4","60.00","0","0","-","25.00","100.00","1.250","2","6","2","6","50.00","2","7","4","33.33"
"829","Cole O'Hara","NSH","R","1","11.016666666667","6","15","28.57","2","10","16.67","2","8","20.00","1","0","100.00","0.16","0.32","33.47","5","3","62.50","0","0","-","0","0","-","5","3","62.50","1","0","100.00","3","10","23.08","0","0","-","50.00","100.00","1.500","0","5","3","6","0.00","3","5","7","30.00"
"611","Hunter Skinner","STL","D","1","10.75","5","9","35.71","4","7","36.36","4","5","44.44","2","1","66.67","0.25","0.49","33.58","3","4","42.86","1","2","33.33","0","0","-","2","2","50.00","1","1","50.00","2","4","33.33","1","0","100.00","50.00","80.00","1.300","1","4","0","11","100.00","1","6","0","100.00"
"817","Georgii Merkulov","BOS","C","1","10.583333333333","9","13","40.91","7","11","38.89","3","6","33.33","0","1","0.00","0.56","0.52","51.66","4","5","44.44","2","2","50.00","0","0","-","2","3","40.00","0","1","0.00","4","8","33.33","0","0","-","0.00","83.33","0.833","2","2","0","10","100.00","3","3","1","75.00"
"363","Kevin Rooney","UTA","C","1","9.7333333333333","8","6","57.14","6","5","54.55","4","3","57.14","1","0","100.00","0.25","0.18","57.79","4","3","57.14","1","2","33.33","0","0","-","3","1","75.00","1","0","100.00","4","8","33.33","0","0","-","25.00","100.00","1.250","3","0","3","8","50.00","3","2","6","33.33"
"814","Marshall Rifai","TOR","D","1","9.6666666666667","10","16","38.46","5","12","29.41","4","8","33.33","1","1","50.00","0.2","0.6","25.46","4","7","36.36","2","3","40.00","0","0","-","2","4","33.33","1","1","50.00","5","9","35.71","0","0","-","25.00","87.50","1.125","1","0","1","12","50.00","1","0","2","33.33"
"114","Joseph LaBate","VAN","C","1","9.5333333333333","10","14","41.67","7","8","46.67","3","4","42.86","0","1","0.00","0.45","0.43","51.38","5","5","50.00","3","3","50.00","0","0","-","2","2","50.00","0","1","0.00","5","9","35.71","0","0","-","0.00","75.00","0.750","1","1","0","14","100.00","1","1","2","33.33"
"739","Carson Lambos","MIN","D","1","9.0333333333333","11","7","61.11","9","3","75.00","6","3","66.67","1","0","100.00","0.45","0.11","80.70","8","3","72.73","2","0","100.00","1","0","100.00","6","3","66.67","0","0","-","5","4","55.56","0","0","-","16.67","100.00","1.167","0","2","2","11","0.00","3","2","2","60.00"
"705","Dylan Duke","T.B","L","1","8.6833333333333","5","9","35.71","3","9","25.00","2","6","25.00","0","1","0.00","0.18","0.96","15.85","1","6","14.29","1","5","16.67","0","0","-","0","1","0.00","0","0","-","7","3","70.00","0","1","0.00","0.00","83.33","0.833","4","0","1","8","80.00","5","0","1","83.33"
"564","Raphael Lavoie","VGK","C","1","8.5666666666667","11","7","61.11","5","7","41.67","2","4","33.33","0","0","-","0.21","0.55","27.60","3","3","50.00","1","1","50.00","0","0","-","2","2","50.00","0","0","-","8","5","61.54","0","0","-","0.00","100.00","1.000","3","1","1","7","75.00","3","3","2","60.00"
"591","Nathan Légaré","N.J","R","1","8.25","4","14","22.22","2","7","22.22","1","7","12.50","0","0","-","0.03","0.54","6.08","1","6","14.29","0","2","0.00","0","0","-","1","4","20.00","0","0","-","4","8","33.33","0","0","-","0.00","100.00","1.000","2","2","0","6","100.00","3","5","1","75.00"
"108","T.J. Tynan","COL","C","1","8.2166666666667","9","17","34.62","5","14","26.32","4","7","36.36","1","0","100.00","0.26","1.03","20.08","2","7","22.22","1","5","16.67","0","0","-","1","2","33.33","0","0","-","8","11","42.11","1","0","100.00","25.00","100.00","1.250","0","0","2","10","0.00","4","1","6","40.00"
"756","Shane Lachance","N.J","L","1","7.4166666666667","4","12","25.00","4","7","36.36","2","6","25.00","0","0","-","0.18","0.38","32.31","1","5","16.67","0","2","0.00","0","0","-","1","3","25.00","0","0","-","4","7","36.36","0","0","-","0.00","100.00","1.000","2","2","0","6","100.00","3","3","1","75.00"
"303","Anthony Richard","PHI","C","1","7.1333333333333","4","6","40.00","3","4","42.86","3","4","42.86","0","0","-","0.11","0.31","26.16","2","5","28.57","0","3","0.00","0","0","-","2","2","50.00","0","0","-","3","2","60.00","0","0","-","0.00","100.00","1.000","1","0","1","8","50.00","1","0","1","50.00"
"691","Trevor Kuntar","BUF","C","1","5.2","2","12","14.29","1","11","8.33","0","7","0.00","0","1","0.00","0.09","0.89","9.50","1","7","12.50","1","3","25.00","0","1","0.00","0","4","0.00","0","0","-","1","5","16.67","0","0","-","-","85.71","0.86","0","0","1","7","0.00","0","0","1","0.00"