"","Player","Player 2","Team","GP","TOI","CF","CA","CF%","FF","FA","FF%","SF","SA","SF%","GF","GA","GF%","xGF","xGA","xGF%","SCF","SCA","SCF%","HDCF","HDCA","HDCF%","HDGF","HDGA","HDGF%","MDCF","MDCA","MDCF%","MDGF","MDGA","MDGF%","LDCF","LDCA","LDCF%","LDGF","LDGA","LDGF%","On-Ice SH%","On-Ice SV%","PDO","Off. Zone Starts","Neu. Zone Starts","Def. Zone Starts","On The Fly Starts","Off. Zone Start %","Off. Zone Faceoffs","Neu. Zone Faceoffs","Def. Zone Faceoffs","Off. Zone Faceoff %"
"1","Esa Lindell","Miro Heiskanen","DAL","77","218.48333333333","38","355","9.67","35","273","11.36","29","171","14.50","2","27","6.90","2.35","35.37","6.22","12","219","5.19","10","107","8.55","1","14","6.67","2","112","1.75","0","7","0.00","11","253","4.17","1","6","14.29","6.90","84.21","0.911","0","17","113","3","0.00","8","27","219","3.52"
"2","Brady Skjei","Nick Perbix","NSH","79","191.9","44","295","12.98","38","238","13.77","28","161","14.81","4","23","14.81","2.92","29.2","9.09","16","201","7.37","5","114","4.20","3","13","18.75","11","87","11.22","1","6","14.29","19","204","8.52","0","4","0.00","14.29","85.71","1.000","1","22","135","55","0.74","8","35","233","3.32"
"3","Ian Cole","Mikhail Sergachev","UTA","78","185.35","41","351","10.46","37","267","12.17","27","164","14.14","2","22","8.33","1.64","30.8","5.06","14","201","6.51","8","97","7.62","2","11","15.38","6","104","5.45","0","5","0.00","9","265","3.28","0","6","0.00","7.41","86.59","0.940","0","18","132","30","0.00","4","29","233","1.69"
"4","Travis Sanheim","Cam York","PHI","74","181.96666666667","37","308","10.72","34","227","13.03","31","149","17.22","2","26","7.14","1.88","24.47","7.13","10","187","5.08","5","75","6.25","1","10","9.09","5","112","4.27","0","9","0.00","12","226","5.04","1","7","12.50","6.45","82.55","0.890","2","23","114","40","1.72","6","37","222","2.63"
"5","Mike Matheson","Alexandre Carrier","MTL","70","176","35","335","9.46","33","245","11.87","26","173","13.07","1","32","3.03","2.14","28.71","6.93","13","207","5.91","7","78","8.24","0","10","0.00","6","129","4.44","1","11","8.33","10","226","4.24","0","11","0.00","3.85","81.50","0.853","0","14","109","9","0.00","4","23","226","1.74"
"6","Aaron Ekblad","Gustav Forsling","FLA","71","175.4","33","314","9.51","27","233","10.38","18","148","10.84","0","23","0.00","2.06","26.64","7.19","19","179","9.60","9","79","10.23","0","9","0.00","10","100","9.09","0","6","0.00","12","242","4.72","0","8","0.00","0.00","84.46","0.845","1","20","122","37","0.81","3","28","176","1.68"
"7","Jake Sanderson","Artem Zub","OTT","66","168.45","22","255","7.94","20","188","9.62","17","135","11.18","3","28","9.68","2.56","20.81","10.93","13","142","8.39","10","52","16.13","3","11","21.43","3","90","3.23","0","10","0.00","4","195","2.01","0","7","0.00","17.65","79.26","0.969","3","19","122","34","2.40","7","31","212","3.20"
"8","Adam Pelech","Ryan Pulock","NYI","76","167.15","36","338","9.63","33","264","11.11","24","193","11.06","5","27","15.63","2.16","34.39","5.92","16","219","6.81","6","110","5.17","2","9","18.18","10","109","8.40","2","13","13.33","8","204","3.77","1","5","16.67","20.83","86.01","1.068","1","18","115","34","0.86","5","27","200","2.44"
"9","Adam Larsson","Ryan Lindgren","SEA","76","152.06666666667","19","295","6.05","18","215","7.73","18","133","11.92","1","26","3.70","0.63","23.54","2.59","4","178","2.20","1","61","1.61","0","11","0.00","3","117","2.50","0","7","0.00","4","244","1.61","0","8","0.00","5.56","80.45","0.860","0","12","109","11","0.00","2","19","197","1.01"
"10","Connor Murphy","Alex Vlasic","CHI","59","148.48333333333","24","228","9.52","23","177","11.50","13","118","9.92","1","16","5.88","1.43","21.36","6.26","11","139","7.33","5","74","6.33","0","11","0.00","6","65","8.45","1","3","25.00","11","189","5.50","0","2","0.00","7.69","86.44","0.941","0","18","111","15","0.00","8","29","173","4.42"
"11","Vincent Desharnais","Mario Ferraro","S.J","53","148.1","18","275","6.14","18","204","8.11","13","142","8.39","1","14","6.67","1.45","23.55","5.79","8","162","4.71","6","68","8.11","1","5","16.67","2","94","2.08","0","5","0.00","5","206","2.37","0","4","0.00","7.69","90.14","0.978","0","6","99","3","0.00","3","15","165","1.79"
"12","Colton Parayko","Philip Broberg","STL","76","129.83333333333","26","230","10.16","22","185","10.63","17","131","11.49","2","18","10.00","1.5","18.4","7.55","8","142","5.33","3","52","5.45","1","13","7.14","5","90","5.26","0","3","0.00","11","162","6.36","0","2","0.00","11.76","86.26","0.980","1","20","93","32","1.06","6","25","144","4.00"
"13","Mattias Ekholm","Evan Bouchard","EDM","82","125.2","29","232","11.11","23","181","11.27","20","123","13.99","2","16","11.11","1.1","22.27","4.73","10","159","5.92","4","68","5.56","1","10","9.09","6","91","6.19","1","3","25.00","9","146","5.81","0","3","0.00","10.00","86.99","0.970","2","12","115","51","1.71","4","17","153","2.55"
"14","Vladislav Gavrikov","Braden Schneider","NYR","82","124.73333333333","23","219","9.50","21","184","10.24","18","123","12.77","1","13","7.14","0.8","21.25","3.61","6","141","4.08","2","72","2.70","1","10","9.09","4","69","5.48","0","1","0.00","8","148","5.13","0","2","0.00","5.56","89.43","0.950","1","15","84","34","1.18","5","24","132","3.65"
"15","Erik Karlsson","Parker Wotherspoon","PIT","75","120.78333333333","16","214","6.96","15","166","8.29","10","94","9.62","1","11","8.33","0.74","15.94","4.44","6","132","4.35","2","52","3.70","1","4","20.00","4","80","4.76","0","2","0.00","6","150","3.85","0","5","0.00","10.00","88.30","0.983","1","13","77","35","1.28","4","23","128","3.03"
"16","Brent Burns","Josh Manson","COL","79","111.01666666667","21","190","9.95","20","146","12.05","16","93","14.68","1","11","8.33","1.62","15.24","9.59","13","114","10.24","4","51","7.27","1","6","14.29","9","63","12.50","0","4","0.00","6","130","4.41","0","1","0.00","6.25","88.17","0.944","1","10","83","21","1.19","5","14","110","4.35"
"17","Jake McCabe","Brandon Carlo","TOR","53","111","30","224","11.81","26","169","13.33","24","109","18.05","2","16","11.11","1.65","17.55","8.61","14","136","9.33","6","58","9.38","0","6","0.00","8","78","9.30","2","8","20.00","8","158","4.82","0","2","0.00","8.33","85.32","0.937","3","9","78","24","3.70","6","14","133","4.32"
"18","Joel Edmundson","Mikey Anderson","L.A","80","107.93333333333","17","173","8.95","15","141","9.62","11","104","9.57","0","21","0.00","1.21","15.07","7.41","5","102","4.67","3","51","5.56","0","10","0.00","2","51","3.77","0","6","0.00","6","152","3.80","0","5","0.00","0.00","79.81","0.798","0","9","83","35","0.00","2","11","138","1.43"
"19","John Carlson","Martin Fehervary","WSH","54","107.51666666667","17","217","7.26","15","166","8.29","11","104","9.57","0","17","0.00","0.71","17.93","3.83","5","109","4.39","2","42","4.55","0","8","0.00","3","67","4.29","0","2","0.00","6","184","3.16","0","7","0.00","0.00","83.65","0.837","0","14","66","21","0.00","6","22","118","4.84"
"20","Ryan McDonagh","Erik Cernak","T.B","43","106.98333333333","22","202","9.82","19","152","11.11","17","110","13.39","1","10","9.09","1.28","16.75","7.08","13","110","10.57","3","47","6.00","1","6","14.29","10","63","13.70","0","2","0.00","7","173","3.89","0","2","0.00","5.88","90.91","0.968","2","16","88","22","2.22","4","23","131","2.96"
"21","Tyler Myers","Marcus Pettersson","VAN","57","106.28333333333","23","187","10.95","22","143","13.33","14","97","12.61","4","20","16.67","2.05","18.19","10.12","15","129","10.42","5","64","7.25","1","8","11.11","10","65","13.33","3","8","27.27","8","122","6.15","0","4","0.00","28.57","79.38","1.080","1","12","76","24","1.30","3","19","124","2.36"
"22","Mike Matheson","Noah Dobson","MTL","77","104.88333333333","36","191","15.86","30","144","17.24","23","95","19.49","4","8","33.33","2.96","17.44","14.51","17","120","12.41","5","57","8.06","0","5","0.00","12","63","16.00","3","2","60.00","8","106","7.02","0","1","0.00","17.39","91.58","1.090","0","5","34","13","0.00","5","10","71","6.58"
"23","Rasmus Andersson","Kevin Bahl","CGY","47","103.95","25","177","12.38","22","138","13.75","14","92","13.21","1","10","9.09","2.25","14.37","13.56","10","114","8.06","4","40","9.09","1","7","12.50","6","74","7.50","0","2","0.00","8","124","6.06","0","1","0.00","7.14","89.13","0.963","1","13","79","31","1.25","4","20","123","3.15"
"24","Jacob Trouba","Pavel Mintyukov","ANA","72","102.4","23","204","10.13","21","156","11.86","17","95","15.18","1","15","6.25","1.32","19.72","6.28","9","118","7.09","4","66","5.71","1","8","11.11","5","52","8.77","0","4","0.00","8","155","4.91","0","3","0.00","5.88","84.21","0.901","2","11","73","17","2.67","5","18","129","3.73"
"25","Matt Roy","Martin Fehervary","WSH","79","101.6","24","201","10.67","22","159","12.15","21","97","17.80","2","10","16.67","1.86","17.8","9.47","9","110","7.56","4","44","8.33","1","1","50.00","5","66","7.04","0","5","0.00","6","152","3.80","0","4","0.00","9.52","89.69","0.992","0","9","61","42","0.00","1","12","116","0.85"
"26","Nikita Zadorov","Charlie McAvoy","BOS","68","97.5","19","166","10.27","19","138","12.10","15","94","13.76","0","16","0.00","0.99","16.62","5.61","8","98","7.55","4","57","6.56","0","5","0.00","4","41","8.89","0","7","0.00","4","128","3.03","0","4","0.00","0.00","82.98","0.830","0","18","77","18","0.00","2","26","111","1.77"
"27","Jacob Trouba","Jackson LaCombe","ANA","81","97.05","36","191","15.86","31","149","17.22","28","102","21.54","1","20","4.76","3.1","17.35","15.17","21","120","14.89","12","56","17.65","1","13","7.14","9","64","12.33","0","4","0.00","10","154","6.10","0","3","0.00","3.57","80.39","0.840","1","12","83","20","1.19","6","15","120","4.76"
"28","Jacob Middleton","Brock Faber","MIN","73","94.966666666667","22","176","11.11","20","135","12.90","18","94","16.07","3","12","20.00","1.54","13.94","9.96","9","104","7.96","3","31","8.82","0","7","0.00","6","73","7.59","2","5","28.57","3","133","2.21","0","0","-","16.67","87.23","1.039","0","12","72","20","0.00","2","19","124","1.59"
"29","Marcus Pettersson","Filip Hronek","VAN","82","94.633333333333","18","161","10.06","16","125","11.35","12","79","13.19","2","16","11.11","1.21","13.8","8.05","11","100","9.91","3","44","6.38","0","12","0.00","8","56","12.50","1","3","25.00","2","114","1.72","0","1","0.00","16.67","79.75","0.964","3","7","52","25","5.45","6","16","104","5.45"
"30","Devon Toews","Cale Makar","COL","61","94.05","21","146","12.57","16","110","12.70","12","72","14.29","1","8","11.11","1.04","12.35","7.78","9","82","9.89","7","39","15.22","1","2","33.33","2","43","4.44","0","3","0.00","4","119","3.25","0","3","0.00","8.33","88.89","0.972","0","7","76","12","0.00","1","13","110","0.90"
"31","Conor Timmins","Mattias Samuelsson","BUF","36","90.266666666667","13","176","6.88","11","130","7.80","9","90","9.09","0","13","0.00","0.58","13.84","4.04","5","98","4.85","1","39","2.50","0","4","0.00","4","59","6.35","0","6","0.00","6","145","3.97","0","3","0.00","0.00","85.56","0.856","0","14","67","6","0.00","1","21","114","0.87"
"32","Erik Gudbranson","Ivan Provorov","CBJ","37","88.35","17","181","8.59","15","144","9.43","13","88","12.87","2","13","13.33","0.77","18.03","4.11","9","111","7.50","3","65","4.41","0","5","0.00","6","46","11.54","2","4","33.33","3","121","2.42","0","4","0.00","15.38","85.23","1.006","2","7","55","11","3.51","2","18","101","1.94"
"33","Dylan DeMelo","Dylan Samberg","WPG","66","88.216666666667","16","181","8.12","15","142","9.55","13","85","13.27","1","12","7.69","1.41","17.99","7.25","8","118","6.35","4","48","7.69","1","4","20.00","4","70","5.41","0","5","0.00","5","125","3.85","0","3","0.00","7.69","85.88","0.936","0","12","63","38","0.00","2","15","108","1.82"
"34","Jaccob Slavin","Jalen Chatfield","CAR","38","84.983333333333","23","121","15.97","22","89","19.82","15","54","21.74","2","10","16.67","1.61","10.18","13.66","13","78","14.29","5","36","12.20","0","6","0.00","8","42","16.00","1","2","33.33","6","98","5.77","0","2","0.00","13.33","81.48","0.948","2","13","76","10","2.56","6","18","106","5.36"
"35","Dougie Hamilton","Jonas Siegenthaler","N.J","77","84.483333333333","26","125","17.22","21","91","18.75","17","61","21.79","2","9","18.18","1.7","9.35","15.35","14","65","17.72","6","32","15.79","2","5","28.57","8","33","19.51","0","3","0.00","10","90","10.00","0","1","0.00","11.76","85.25","0.970","4","4","59","38","6.35","5","11","66","7.04"
"36","Sean Walker","K'Andre Miller","CAR","72","82.466666666667","27","114","19.15","23","88","20.72","17","62","21.52","2","10","16.67","2.67","11.26","19.16","14","73","16.09","5","44","10.20","1","8","11.11","9","29","23.68","0","2","0.00","8","74","9.76","0","0","-","11.76","83.87","0.956","0","9","48","35","0.00","1","20","69","1.43"
"37","Louis Crevier","Wyatt Kaiser","CHI","73","81.066666666667","18","130","12.16","16","102","13.56","14","68","17.07","0","7","0.00","0.86","12.78","6.31","6","80","6.98","2","43","4.44","0","6","0.00","4","37","9.76","0","0","-","6","74","7.50","0","1","0.00","0.00","89.71","0.897","0","8","29","47","0.00","4","21","53","7.02"
"38","Ivan Provorov","Denton Mateychuk","CBJ","75","80.216666666667","15","162","8.47","13","118","9.92","11","80","12.09","1","15","6.25","0.78","12.94","5.69","11","87","11.22","2","39","4.88","0","4","0.00","9","48","15.79","1","6","14.29","2","123","1.60","0","5","0.00","9.09","81.25","0.903","2","8","35","6","5.41","3","10","95","3.06"
"39","Nate Schmidt","John Marino","UTA","80","79.916666666667","11","137","7.43","8","104","7.14","6","68","8.11","2","6","25.00","0.92","12.6","6.80","6","75","7.41","2","37","5.13","0","3","0.00","4","38","9.52","1","2","33.33","5","73","6.41","0","1","0.00","33.33","91.18","1.245","2","5","19","76","9.52","4","10","24","14.29"
"40","Hampus Lindholm","Charlie McAvoy","BOS","55","78.65","17","135","11.18","13","109","10.66","11","80","12.09","0","9","0.00","0.69","14.71","4.47","8","100","7.41","3","42","6.67","0","4","0.00","5","58","7.94","0","5","0.00","6","75","7.41","0","0","-","0.00","88.75","0.888","1","14","64","23","1.54","6","20","99","5.71"
"41","Brian Dumoulin","Cody Ceci","L.A","82","77.55","19","105","15.32","18","83","17.82","16","61","20.78","4","6","40.00","1.15","9.81","10.52","9","59","13.24","5","28","15.15","3","3","50.00","4","31","11.43","1","0","100.00","3","68","4.23","0","3","0.00","25.00","90.16","1.152","1","4","46","47","2.13","4","9","55","6.78"
"42","Brenden Dillon","Brett Pesce","N.J","37","75.583333333333","8","142","5.33","8","103","7.21","6","71","7.79","1","3","25.00","0.5","11.95","3.99","5","93","5.10","3","40","6.98","1","2","33.33","2","53","3.64","0","1","0.00","1","106","0.93","0","0","-","16.67","95.77","1.124","0","2","65","18","0.00","1","4","101","0.98"
"43","Jonas Brodin","Brock Faber","MIN","61","75.05","20","134","12.99","19","102","15.70","19","71","21.11","2","9","18.18","0.57","10.78","5.04","4","77","4.94","1","34","2.86","1","4","20.00","3","43","6.52","1","4","20.00","5","94","5.05","0","1","0.00","10.53","87.32","0.979","0","6","46","20","0.00","2","13","85","2.30"
"44","Joel Edmundson","Cody Ceci","L.A","82","73.55","12","124","8.82","12","100","10.71","10","76","11.63","1","12","7.69","0.92","11.7","7.27","5","76","6.17","4","32","11.11","1","4","20.00","1","44","2.22","0","6","0.00","4","95","4.04","0","2","0.00","10.00","84.21","0.942","1","6","60","34","1.64","1","10","85","1.16"
"45","Moritz Seider","Simon Edvinsson","DET","72","73.433333333333","14","140","9.09","12","100","10.71","10","61","14.08","1","12","7.69","0.65","11.43","5.35","5","70","6.67","3","24","11.11","0","5","0.00","2","46","4.17","1","3","25.00","5","113","4.24","0","4","0.00","10.00","80.33","0.903","0","4","63","29","0.00","3","7","79","3.66"
"46","Connor Clifton","Ryan Shea","PIT","49","71.25","17","130","11.56","14","98","12.50","11","61","15.28","0","12","0.00","0.7","10","6.55","8","75","9.64","1","28","3.45","0","5","0.00","7","47","12.96","0","4","0.00","6","99","5.71","0","3","0.00","0.00","80.33","0.803","0","7","49","12","0.00","3","9","83","3.49"
"47","Seth Jones","Niko Mikkola","FLA","42","69.85","22","82","21.15","18","58","23.68","16","34","32.00","2","5","28.57","1.81","5.24","25.69","12","36","25.00","5","14","26.32","0","4","0.00","7","22","24.14","2","0","100.00","10","77","11.49","0","1","0.00","12.50","85.29","0.978","2","8","47","34","4.08","4","14","59","6.35"
"48","Nikita Zadorov","Andrew Peeke","BOS","76","66.833333333333","19","120","13.67","16","91","14.95","13","63","17.11","0","12","0.00","1.04","9.35","10.02","5","67","6.94","3","29","9.38","0","6","0.00","2","38","5.00","0","1","0.00","8","85","8.60","0","5","0.00","0.00","80.95","0.810","0","5","37","32","0.00","0","7","63","0.00"
"49","Dylan Samberg","Neal Pionk","WPG","35","61.616666666667","12","105","10.26","11","81","11.96","10","48","17.24","2","8","20.00","0.58","10.3","5.36","4","66","5.71","2","31","6.06","2","3","40.00","2","35","5.41","0","4","0.00","2","77","2.53","0","1","0.00","20.00","83.33","1.033","0","5","41","5","0.00","1","8","71","1.39"
"50","Hampus Lindholm","Andrew Peeke","BOS","62","61.166666666667","5","91","5.21","4","76","5.00","4","54","6.90","0","8","0.00","0.13","7.52","1.72","1","54","1.82","0","24","0.00","0","5","0.00","1","30","3.23","0","1","0.00","2","69","2.82","0","2","0.00","0.00","85.19","0.852","1","6","36","33","2.70","2","7","60","3.23"
"51","Brayden McNabb","Shea Theodore","VGK","55","61.15","13","93","12.26","12","68","15.00","9","41","18.00","1","6","14.29","1.2","7.64","13.54","8","46","14.81","5","21","19.23","1","2","33.33","3","25","10.71","0","3","0.00","1","76","1.30","0","1","0.00","11.11","85.37","0.965","0","8","51","15","0.00","3","11","69","4.17"
"52","Drew Doughty","Mikey Anderson","L.A","70","61.083333333333","18","86","17.31","18","66","21.43","12","45","21.05","1","13","7.14","1.74","8.63","16.77","8","57","12.31","6","33","15.38","1","7","12.50","2","24","7.69","0","3","0.00","10","50","16.67","0","3","0.00","8.33","71.11","0.794","3","8","35","36","7.89","4","14","50","7.41"
"53","Mattias Samuelsson","Bowen Byram","BUF","78","60.3","11","141","7.24","10","108","8.47","8","80","9.09","3","10","23.08","0.78","15.76","4.69","4","90","4.26","4","52","7.14","2","6","25.00","0","38","0.00","0","2","0.00","4","93","4.12","1","2","33.33","37.50","87.50","1.250","0","7","48","11","0.00","0","14","75","0.00"
"54","Brayden McNabb","Jeremy Lauzon","VGK","49","60.016666666667","10","102","8.93","9","71","11.25","7","41","14.58","1","8","11.11","1.23","7.29","14.45","3","57","5.00","1","18","5.26","0","5","0.00","2","39","4.88","1","1","50.00","3","84","3.45","0","2","0.00","14.29","80.49","0.948","1","2","45","15","2.17","2","5","72","2.70"
"55","Alex Vlasic","Louis Crevier","CHI","78","59.65","11","101","9.82","11","82","11.83","8","50","13.79","3","4","42.86","2.59","10.39","19.95","6","66","8.33","4","34","10.53","2","2","50.00","2","32","5.88","1","2","33.33","4","75","5.06","0","0","-","37.50","92.00","1.295","1","4","43","14","2.27","2","8","68","2.86"
"56","Jake McCabe","Troy Stecher","TOR","56","58.733333333333","6","111","5.13","6","91","6.19","6","64","8.57","1","6","14.29","0.26","10.77","2.38","4","69","5.48","1","37","2.63","0","4","0.00","3","32","8.57","1","1","50.00","2","74","2.63","0","1","0.00","16.67","90.63","1.073","0","6","36","10","0.00","3","12","70","4.11"
"57","Mario Ferraro","Timothy Liljegren","S.J","43","55.866666666667","9","96","8.57","9","73","10.98","5","49","9.26","0","10","0.00","0.49","7.08","6.53","5","43","10.42","2","20","9.09","0","4","0.00","3","23","11.54","0","2","0.00","1","89","1.11","0","4","0.00","0.00","79.59","0.796","0","6","33","7","0.00","1","8","65","1.52"
"58","Janis Moser","Emil Martinsen Lilleberg","T.B","47","54.533333333333","10","95","9.52","9","77","10.47","8","46","14.81","1","6","14.29","0.84","8.13","9.34","7","53","11.67","2","22","8.33","1","2","33.33","5","31","13.89","0","3","0.00","4","68","5.56","0","1","0.00","12.50","86.96","0.995","0","5","21","23","0.00","4","11","46","8.00"
"59","Ben Chiarot","Jacob Bernard-Docker","DET","63","54.5","14","112","11.11","12","86","12.24","10","54","15.63","0","6","0.00","0.91","7.4","10.99","9","66","12.00","2","15","11.76","0","3","0.00","7","51","12.07","0","2","0.00","2","74","2.63","0","1","0.00","0.00","88.89","0.889","0","6","37","10","0.00","1","8","55","1.79"
"60","MacKenzie Weegar","Yan Kuznetsov","CGY","46","54.1","16","73","17.98","12","61","16.44","9","44","16.98","0","2","0.00","0.79","5.57","12.45","5","41","10.87","2","15","11.76","0","1","0.00","3","26","10.34","0","1","0.00","8","46","14.81","0","0","-","0.00","95.45","0.955","1","7","19","39","5.00","4","10","32","11.11"
"61","Zach Whitecloud","Kevin Bahl","CGY","26","53.666666666667","16","92","14.81","14","74","15.91","9","53","14.52","1","9","10.00","1.04","8.57","10.80","9","61","12.86","5","22","18.52","1","5","16.67","4","39","9.30","0","4","0.00","3","63","4.55","0","0","-","11.11","83.02","0.941","0","6","37","13","0.00","2","9","61","3.17"
"62","Kris Letang","Ryan Shea","PIT","72","52.983333333333","15","76","16.48","12","55","17.91","8","36","18.18","0","5","0.00","0.44","4.24","9.32","4","39","9.30","2","9","18.18","0","3","0.00","2","30","6.25","0","0","-","4","54","6.90","0","2","0.00","0.00","86.11","0.861","0","3","16","25","0.00","2","7","27","6.90"
"63","Brenden Dillon","Luke Hughes","N.J","68","49.9","13","102","11.30","10","81","10.99","8","51","13.56","1","9","10.00","0.9","10.15","8.12","7","65","9.72","2","32","5.88","0","7","0.00","5","33","13.16","0","0","-","3","68","4.23","0","2","0.00","12.50","82.35","0.949","0","4","43","15","0.00","1","10","62","1.59"
"64","William Borgen","Matthew Robertson","NYR","65","49.533333333333","11","89","11.00","9","69","11.54","8","49","14.04","1","6","14.29","0.7","7.02","9.05","4","48","7.69","4","25","13.79","1","5","16.67","0","23","0.00","0","1","0.00","6","59","9.23","0","0","-","12.50","87.76","1.003","2","4","27","22","6.90","4","7","36","10.00"
"65","Justin Faulk","Tyler Tucker","STL","56","49.3","8","86","8.51","8","70","10.26","7","48","12.73","2","16","11.11","0.51","6.63","7.20","3","53","5.36","1","19","5.00","1","7","12.50","2","34","5.56","1","4","20.00","5","46","9.80","0","5","0.00","28.57","66.67","0.952","1","3","26","29","3.70","2","5","29","6.45"
"66","Nick Seeler","Noah Juulsen","PHI","50","48.35","7","74","8.64","7","64","9.86","7","35","16.67","0","7","0.00","0.29","5.8","4.71","1","40","2.44","0","12","0.00","0","0","-","1","28","3.45","0","5","0.00","3","43","6.52","0","2","0.00","0.00","80.00","0.800","0","1","13","47","0.00","3","1","14","17.65"
"67","Ivan Provorov","Dante Fabbro","CBJ","74","47.933333333333","6","96","5.88","5","71","6.58","5","44","10.20","0","3","0.00","0.26","7.52","3.37","2","55","3.51","1","24","4.00","0","1","0.00","1","31","3.13","0","0","-","4","62","6.06","0","2","0.00","0.00","93.18","0.932","0","3","16","22","0.00","1","7","34","2.86"
"68","Jared Spurgeon","Jacob Middleton","MIN","72","47.666666666667","8","104","7.14","7","83","7.78","6","57","9.52","0","5","0.00","0.25","8.42","2.86","1","54","1.82","1","26","3.70","0","2","0.00","0","28","0.00","0","2","0.00","4","65","5.80","0","1","0.00","0.00","91.23","0.912","0","4","24","26","0.00","2","7","36","5.26"
"69","Scott Mayfield","Matthew Schaefer","NYI","80","46.85","13","89","12.75","12","68","15.00","11","42","20.75","2","4","33.33","0.95","8.35","10.18","8","53","13.11","5","28","15.15","1","1","50.00","3","25","10.71","1","2","33.33","3","49","5.77","0","1","0.00","18.18","90.48","1.087","0","5","17","25","0.00","0","8","23","0.00"
"70","Adam Larsson","Jamie Oleksiak","SEA","78","45.75","2","109","1.80","1","85","1.16","1","57","1.72","0","12","0.00","0.02","9.33","0.23","0","66","0.00","0","30","0.00","0","7","0.00","0","36","0.00","0","2","0.00","1","75","1.32","0","3","0.00","0.00","78.95","0.789","0","6","34","7","0.00","0","6","57","0.00"
"71","Trevor van Riemsdyk","Rasmus Sandin","WSH","59","45.116666666667","10","83","10.75","9","56","13.85","9","39","18.75","1","5","16.67","0.75","5.57","11.81","4","36","10.00","3","17","15.00","1","3","25.00","1","19","5.00","0","1","0.00","4","59","6.35","0","1","0.00","11.11","87.18","0.983","0","4","18","19","0.00","3","7","25","10.71"
"72","Cam Fowler","Colton Parayko","STL","77","45.1","1","79","1.25","0","58","0.00","0","35","0.00","0","2","0.00","0","5.9","0.00","0","43","0.00","0","15","0.00","0","2","0.00","0","28","0.00","0","0","-","1","58","1.69","0","0","-","-","94.29","0.94","1","8","32","28","3.03","1","13","39","2.50"
"73","Trevor van Riemsdyk","Matt Roy","WSH","65","44.916666666667","15","82","15.46","12","64","15.79","11","44","20.00","1","6","14.29","0.82","6.72","10.84","9","42","17.65","3","21","12.50","0","4","0.00","6","21","22.22","1","0","100.00","4","52","7.14","0","2","0.00","9.09","86.36","0.955","0","3","20","34","0.00","1","7","29","3.33"
"74","Noah Hanifin","Rasmus Andersson","VGK","32","44.883333333333","11","72","13.25","11","57","16.18","9","39","18.75","3","4","42.86","1.37","6.72","16.92","8","43","15.69","5","19","20.83","1","2","33.33","3","24","11.11","2","1","66.67","2","44","4.35","0","1","0.00","33.33","89.74","1.231","0","4","20","35","0.00","2","6","31","6.06"
"75","Nick Seeler","Travis Sanheim","PHI","79","44.166666666667","15","87","14.71","15","68","18.07","11","47","18.97","1","4","20.00","0.81","8.32","8.86","7","50","12.28","3","24","11.11","0","4","0.00","4","26","13.33","1","0","100.00","2","54","3.57","0","0","-","9.09","91.49","1.006","0","2","27","47","0.00","0","3","46","0.00"
"76","Ian Cole","Nate Schmidt","UTA","82","44.1","5","79","5.95","5","59","7.81","3","35","7.89","0","9","0.00","0.18","6.02","2.87","0","50","0.00","0","14","0.00","0","5","0.00","0","36","0.00","0","3","0.00","3","52","5.45","0","1","0.00","0.00","74.29","0.743","0","5","24","23","0.00","1","6","43","2.27"
"77","Nick Seeler","Rasmus Ristolainen","PHI","42","43.35","14","54","20.59","11","37","22.92","7","27","20.59","1","3","25.00","1.68","4.02","29.48","8","31","20.51","4","11","26.67","0","0","-","4","20","16.67","0","1","0.00","7","35","16.67","1","2","33.33","14.29","88.89","1.032","0","2","9","30","0.00","3","2","16","15.79"
"78","Esa Lindell","Ilya Lyubushkin","DAL","53","42.933333333333","6","69","8.00","4","50","7.41","3","37","7.50","0","3","0.00","0.17","5","3.31","2","43","4.44","1","16","5.88","0","1","0.00","1","27","3.57","0","2","0.00","2","39","4.88","0","0","-","0.00","91.89","0.919","0","0","9","1","0.00","1","1","29","3.33"
"79","Noah Hanifin","Zach Whitecloud","VGK","37","41.983333333333","5","78","6.02","4","53","7.02","4","43","8.51","0","4","0.00","0.19","5.11","3.62","2","42","4.55","1","12","7.69","0","1","0.00","1","30","3.23","0","2","0.00","1","46","2.13","0","1","0.00","0.00","90.70","0.907","1","2","20","17","4.76","2","4","27","6.90"
"80","Bowen Byram","Owen Power","BUF","81","40.95","9","68","11.69","9","51","15.00","8","32","20.00","1","1","50.00","1.15","5","18.66","6","35","14.63","4","20","16.67","1","0","100.00","2","15","11.76","0","0","-","1","45","2.17","0","1","0.00","12.50","96.88","1.094","1","3","12","39","7.69","2","4","16","11.11"
"81","William Borgen","Vladislav Gavrikov","NYR","75","40.85","8","85","8.60","6","67","8.22","5","44","10.20","2","6","25.00","0.73","7.75","8.56","1","47","2.08","0","17","0.00","0","4","0.00","1","30","3.23","1","1","50.00","2","59","3.28","0","1","0.00","40.00","86.36","1.264","0","2","25","40","0.00","1","3","36","2.70"
"82","Dylan DeMelo","Neal Pionk","WPG","51","40.383333333333","12","80","13.04","12","61","16.44","9","41","18.00","0","6","0.00","0.68","6.07","10.05","4","51","7.27","2","23","8.00","0","4","0.00","2","28","6.67","0","1","0.00","3","57","5.00","0","1","0.00","0.00","85.37","0.854","0","7","27","26","0.00","0","9","50","0.00"
"83","Carson Soucy","William Borgen","NYR","39","39.866666666667","5","78","6.02","4","59","6.35","3","39","7.14","1","4","20.00","0.35","6.71","5.00","4","38","9.52","2","22","8.33","0","2","0.00","2","16","11.11","1","1","50.00","2","56","3.45","0","1","0.00","33.33","89.74","1.231","1","3","28","14","3.45","3","5","37","7.50"
"84","Filip Hronek","Elias Pettersson","VAN","70","39.833333333333","8","59","11.94","7","48","12.73","6","25","19.35","0","5","0.00","0.49","6.04","7.44","3","42","6.67","0","21","0.00","0","2","0.00","3","21","12.50","0","2","0.00","4","21","16.00","0","1","0.00","0.00","80.00","0.800","0","0","7","29","0.00","3","3","13","18.75"
"85","Esa Lindell","Thomas Harley","DAL","70","39.616666666667","8","72","10.00","8","60","11.76","6","41","12.77","0","8","0.00","0.27","6.51","3.98","1","39","2.50","0","18","0.00","0","3","0.00","1","21","4.55","0","3","0.00","6","54","10.00","0","1","0.00","0.00","80.49","0.805","1","2","13","6","7.14","2","4","31","6.06"
"86","Tyler Myers","Filip Hronek","VAN","57","38","16","61","20.78","15","52","22.39","8","40","16.67","1","9","10.00","1.76","5.18","25.35","8","37","17.78","4","10","28.57","0","2","0.00","4","27","12.90","0","4","0.00","7","43","14.00","0","3","0.00","12.50","77.50","0.900","0","6","21","24","0.00","5","11","34","12.82"
"87","Victor Hedman","Janis Moser","T.B","31","37.95","6","47","11.32","4","37","9.76","3","28","9.68","0","2","0.00","0.46","5.17","8.11","3","32","8.57","1","18","5.26","0","1","0.00","2","14","12.50","0","1","0.00","1","23","4.17","0","0","-","0.00","92.86","0.929","1","1","10","38","9.09","2","2","14","12.50"
"88","Ty Emberson","Spencer Stastney","EDM","31","37.483333333333","5","67","6.94","5","52","8.77","3","33","8.33","0","5","0.00","0.38","5.97","5.97","4","46","8.00","0","21","0.00","0","2","0.00","4","25","13.79","0","1","0.00","1","31","3.13","0","2","0.00","0.00","84.85","0.848","1","4","18","21","5.26","1","6","21","4.55"
"89","Nicolas Hague","Nick Blankenburg","NSH","43","37.1","12","38","24.00","11","30","26.83","9","26","25.71","1","5","16.67","0.9","3.72","19.49","4","28","12.50","2","14","12.50","0","4","0.00","2","14","12.50","1","1","50.00","4","15","21.05","0","0","-","11.11","80.77","0.919","0","3","5","32","0.00","2","7","10","16.67"
"90","Matt Roy","Rasmus Sandin","WSH","71","36.7","7","62","10.14","6","46","11.54","5","36","12.20","0","6","0.00","0.26","5.14","4.74","2","38","5.00","2","20","9.09","0","2","0.00","0","18","0.00","0","2","0.00","1","36","2.70","0","2","0.00","0.00","83.33","0.833","0","0","15","21","0.00","0","1","21","0.00"
"91","Connor Murphy","Darnell Nurse","EDM","20","36.683333333333","14","85","14.14","13","64","16.88","10","43","18.87","0","5","0.00","1.29","7.6","14.47","10","52","16.13","5","20","20.00","0","3","0.00","5","32","13.51","0","1","0.00","2","54","3.57","0","1","0.00","0.00","88.37","0.884","1","2","29","10","3.33","2","4","40","4.76"
"92","Philip Broberg","Logan Mailloux","STL","66","35.866666666667","4","65","5.80","2","55","3.51","2","35","5.41","1","5","16.67","0.09","6.47","1.31","2","43","4.44","0","17","0.00","0","1","0.00","2","26","7.14","1","3","25.00","0","41","0.00","0","1","0.00","50.00","85.71","1.357","0","5","26","14","0.00","0","5","35","0.00"
"93","Erik Cernak","Janis Moser","T.B","58","35.8","5","72","6.49","4","59","6.35","4","37","9.76","0","6","0.00","0.45","7.51","5.65","2","52","3.70","1","23","4.17","0","3","0.00","1","29","3.33","0","3","0.00","2","52","3.70","0","0","-","0.00","83.78","0.838","0","2","30","17","0.00","1","7","52","1.89"
"94","Jamie Oleksiak","Ryker Evans","SEA","63","35.316666666667","4","57","6.56","4","50","7.41","4","35","10.26","0","4","0.00","0.51","6.24","7.54","2","40","4.76","1","21","4.55","0","3","0.00","1","19","5.00","0","1","0.00","1","26","3.70","0","0","-","0.00","88.57","0.886","1","6","6","34","14.29","3","8","14","17.65"
"95","Mattias Samuelsson","Owen Power","BUF","77","34.6","8","63","11.27","7","40","14.89","6","26","18.75","4","7","36.36","1.36","4.4","23.64","5","35","12.50","4","11","26.67","4","3","57.14","1","24","4.00","0","2","0.00","1","43","2.27","0","2","0.00","66.67","73.08","1.397","0","1","13","18","0.00","0","3","32","0.00"
"96","Jared Spurgeon","Jonas Brodin","MIN","59","34.116666666667","5","64","7.25","4","43","8.51","4","26","13.33","0","0","-","0.13","4.21","3.08","0","37","0.00","0","15","0.00","0","0","-","0","22","0.00","0","0","-","3","35","7.89","0","0","-","0.00","100.00","1.000","0","1","9","28","0.00","2","4","15","11.76"
"97","Sean Walker","Alexander Nikishin","CAR","80","34.05","12","48","20.00","11","38","22.45","8","28","22.22","2","4","33.33","0.96","4.17","18.73","7","26","21.21","3","10","23.08","0","1","0.00","4","16","20.00","1","2","33.33","6","38","13.64","1","1","50.00","25.00","85.71","1.107","1","3","17","20","5.56","3","4","27","10.00"
"98","Troy Stecher","Simon Benoit","TOR","50","34","6","68","8.11","5","55","8.33","4","41","8.89","0","2","0.00","0.21","5.96","3.42","2","44","4.35","0","18","0.00","0","1","0.00","2","26","7.14","0","1","0.00","4","29","12.12","0","0","-","0.00","95.12","0.951","2","2","10","29","16.67","3","3","13","18.75"
"99","Tyler Kleven","Nikolas Matinpalo","OTT","38","33.7","6","57","9.52","6","49","10.91","4","32","11.11","2","2","50.00","0.76","5.17","12.83","6","34","15.00","3","10","23.08","1","1","50.00","3","24","11.11","1","1","50.00","0","33","0.00","0","0","-","50.00","93.75","1.438","0","2","7","29","0.00","0","6","22","0.00"
"100","Zach Werenski","Dante Fabbro","CBJ","68","33.316666666667","14","58","19.44","12","47","20.34","12","30","28.57","0","4","0.00","0.73","5.17","12.39","7","35","16.67","1","17","5.56","0","3","0.00","6","18","25.00","0","1","0.00","5","34","12.82","0","0","-","0.00","86.67","0.867","1","2","12","25","7.69","2","3","14","12.50"
"101","Brett Kulak","Ty Emberson","EDM","26","32.816666666667","6","63","8.70","6","41","12.77","4","25","13.79","0","3","0.00","0.24","4.33","5.24","1","44","2.22","1","12","7.69","0","1","0.00","0","32","0.00","0","2","0.00","3","32","8.57","0","0","-","0.00","88.00","0.880","0","5","21","23","0.00","0","5","24","0.00"
"102","Roman Josi","Nicolas Hague","NSH","50","32.55","12","35","25.53","11","25","30.56","9","19","32.14","1","1","50.00","0.81","2.93","21.70","5","20","20.00","1","9","10.00","0","0","-","4","11","26.67","1","0","100.00","1","22","4.35","0","1","0.00","11.11","94.74","1.058","0","2","9","24","0.00","1","6","15","6.25"
"103","Brenden Dillon","Johnathan Kovacevic","N.J","34","31.783333333333","9","57","13.64","9","40","18.37","7","26","21.21","1","5","16.67","0.69","4.9","12.33","6","36","14.29","4","17","19.05","1","2","33.33","2","19","9.52","0","3","0.00","2","30","6.25","0","0","-","14.29","80.77","0.951","1","3","22","8","4.35","2","6","31","6.06"
"104","Thomas Chabot","Tyler Kleven","OTT","50","31.4","10","37","21.28","9","30","23.08","7","23","23.33","0","4","0.00","0.86","3.89","18.18","7","28","20.00","5","14","26.32","0","2","0.00","2","14","12.50","0","1","0.00","3","16","15.79","0","1","0.00","0.00","82.61","0.826","0","3","11","18","0.00","3","6","19","13.64"
"105","Hampus Lindholm","Nikita Zadorov","BOS","66","30.85","7","47","12.96","5","35","12.50","5","25","16.67","0","4","0.00","0.65","3.76","14.72","4","27","12.90","3","8","27.27","0","2","0.00","1","19","5.00","0","1","0.00","4","41","8.89","0","1","0.00","0.00","84.00","0.840","0","3","24","29","0.00","2","4","34","5.56"
"106","Drew Helleson","Pavel Mintyukov","ANA","51","30.316666666667","8","39","17.02","7","31","18.42","5","20","20.00","2","4","33.33","0.36","2.7","11.88","5","21","19.23","2","7","22.22","2","1","66.67","3","14","17.65","0","2","0.00","1","26","3.70","0","1","0.00","40.00","80.00","1.200","0","1","12","14","0.00","0","4","16","0.00"
"107","Brady Skjei","Nick Blankenburg","NSH","49","30.016666666667","3","35","7.89","3","27","10.00","3","16","15.79","0","0","-","0.04","3.11","1.18","0","26","0.00","0","16","0.00","0","0","-","0","10","0.00","0","0","-","1","20","4.76","0","0","-","0.00","100.00","1.000","0","5","7","12","0.00","1","9","18","5.26"
"108","MacKenzie Weegar","Joel Hanley","CGY","57","29.933333333333","11","58","15.94","10","44","18.52","9","33","21.43","1","7","12.50","0.66","4.46","12.97","6","35","14.63","3","18","14.29","0","5","0.00","3","17","15.00","1","2","33.33","4","27","12.90","0","0","-","11.11","78.79","0.899","0","1","11","29","0.00","2","4","12","14.29"
"109","Gustav Forsling","Niko Mikkola","FLA","67","29.933333333333","11","33","25.00","10","28","26.32","8","21","27.59","2","3","40.00","1.2","3.06","28.22","9","25","26.47","6","13","31.58","2","3","40.00","3","12","20.00","0","0","-","4","11","26.67","0","0","-","25.00","85.71","1.107","0","3","6","12","0.00","2","6","20","9.09"
"110","Darnell Nurse","Jake Walman","EDM","53","29.716666666667","4","57","6.56","4","48","7.69","2","32","5.88","1","7","12.50","0.25","6.07","3.96","4","36","10.00","0","19","0.00","0","3","0.00","4","17","19.05","1","2","33.33","0","28","0.00","0","2","0.00","50.00","78.13","1.281","0","3","13","27","0.00","0","6","17","0.00"
"111","Ryan McDonagh","Janis Moser","T.B","46","29.666666666667","5","41","10.87","5","34","12.82","3","23","11.54","1","4","20.00","0.62","3.4","15.35","2","23","8.00","1","11","8.33","0","2","0.00","1","12","7.69","0","1","0.00","1","29","3.33","0","1","0.00","33.33","82.61","1.159","0","2","15","21","0.00","0","5","27","0.00"
"112","Jalen Chatfield","K'Andre Miller","CAR","64","29.35","15","38","28.30","15","28","34.88","14","16","46.67","3","3","50.00","1.9","3.42","35.67","12","30","28.57","10","12","45.45","3","2","60.00","2","18","10.00","0","1","0.00","2","19","9.52","0","0","-","21.43","81.25","1.027","0","2","18","23","0.00","0","5","24","0.00"
"113","Shea Theodore","Jeremy Lauzon","VGK","56","28.233333333333","6","43","12.24","5","26","16.13","3","17","15.00","1","3","25.00","0.69","2.51","21.64","5","21","19.23","2","9","18.18","0","0","-","3","12","20.00","1","1","50.00","0","33","0.00","0","2","0.00","33.33","82.35","1.157","0","5","19","21","0.00","1","7","28","3.45"
"114","Brandon Carlo","Simon Benoit","TOR","50","27.833333333333","5","46","9.80","5","31","13.89","3","21","12.50","1","1","50.00","0.41","3.43","10.63","2","23","8.00","1","9","10.00","0","1","0.00","1","14","6.67","1","0","100.00","1","31","3.13","0","0","-","33.33","95.24","1.286","0","2","18","16","0.00","0","4","25","0.00"
"115","Andrew Peeke","Jonathan Aspirot","BOS","56","27.116666666667","7","48","12.73","5","40","11.11","4","26","13.33","1","5","16.67","0.51","4.67","9.79","4","28","12.50","3","15","16.67","1","3","25.00","1","13","7.14","0","1","0.00","2","22","8.33","0","1","0.00","25.00","80.77","1.058","0","0","4","22","0.00","0","1","6","0.00"
"116","Ben Chiarot","Moritz Seider","DET","82","27.016666666667","2","63","3.08","2","41","4.65","1","29","3.33","0","3","0.00","0.13","3.96","3.10","1","29","3.33","1","10","9.09","0","0","-","0","19","0.00","0","1","0.00","1","49","2.00","0","2","0.00","0.00","89.66","0.897","0","1","21","15","0.00","0","2","29","0.00"
"117","Jacob Bernard-Docker","Albert Johansson","DET","63","25.9","4","41","8.89","3","35","7.89","2","23","8.00","0","5","0.00","0.25","3.89","5.99","2","21","8.70","0","12","0.00","0","3","0.00","2","9","18.18","0","1","0.00","2","31","6.06","0","1","0.00","0.00","78.26","0.783","0","2","17","15","0.00","3","3","24","11.11"
"118","Scott Mayfield","Carson Soucy","NYI","30","25.616666666667","4","33","10.81","3","26","10.34","2","18","10.00","0","1","0.00","0.29","3.08","8.55","1","19","5.00","1","8","11.11","0","0","-","0","11","0.00","0","1","0.00","3","19","13.64","0","0","-","0.00","94.44","0.944","0","2","7","10","0.00","1","6","11","8.33"
"119","Parker Wotherspoon","Ryan Shea","PIT","78","25.466666666667","11","42","20.75","11","33","25.00","8","19","29.63","1","4","20.00","1.16","3.05","27.54","6","27","18.18","0","6","0.00","0","1","0.00","6","21","22.22","1","1","50.00","2","28","6.67","0","2","0.00","12.50","78.95","0.914","1","5","17","19","5.56","1","7","26","3.70"
"120","Darren Raddysh","Janis Moser","T.B","70","25.45","10","34","22.73","8","22","26.67","7","14","33.33","0","1","0.00","0.54","2.7","16.71","4","18","18.18","0","6","0.00","0","1","0.00","4","12","25.00","0","0","-","7","27","20.59","0","0","-","0.00","92.86","0.929","2","5","12","24","14.29","4","7","17","19.05"
"121","Brady Skjei","Nicolas Hague","NSH","62","25.016666666667","3","35","7.89","3","29","9.38","3","27","10.00","0","3","0.00","0.23","4","5.45","2","24","7.69","0","14","0.00","0","2","0.00","2","10","16.67","0","1","0.00","1","20","4.76","0","0","-","0.00","88.89","0.889","0","2","13","20","0.00","0","5","25","0.00"
"122","Rasmus Dahlin","Owen Power","BUF","76","24.933333333333","4","38","9.52","3","26","10.34","2","18","10.00","0","2","0.00","0.11","2.46","4.37","1","18","5.26","0","5","0.00","0","1","0.00","1","13","7.14","0","1","0.00","1","24","4.00","0","0","-","0.00","88.89","0.889","0","1","6","35","0.00","0","3","9","0.00"
"123","Brent Burns","Devon Toews","COL","68","24.833333333333","6","45","11.76","6","35","14.63","6","24","20.00","0","2","0.00","0.07","3.99","1.76","1","27","3.57","0","11","0.00","0","0","-","1","16","5.88","0","0","-","0","32","0.00","0","2","0.00","0.00","91.67","0.917","0","3","13","40","0.00","0","5","25","0.00"
"124","Justin Faulk","Cam Fowler","STL","61","24.616666666667","8","48","14.29","7","33","17.50","5","16","23.81","1","4","20.00","0.64","3.38","16.00","5","25","16.67","2","10","16.67","1","2","33.33","3","15","16.67","0","2","0.00","4","29","12.12","0","0","-","20.00","75.00","0.950","1","3","11","12","8.33","2","7","13","13.33"
"125","Vladislav Gavrikov","Matthew Robertson","NYR","72","24.45","4","50","7.41","4","34","10.53","3","25","10.71","0","3","0.00","0.37","4.67","7.43","3","31","8.82","3","12","20.00","0","2","0.00","0","19","0.00","0","1","0.00","0","28","0.00","0","0","-","0.00","88.00","0.880","1","2","12","28","7.69","1","2","15","6.25"
"126","Dmitry Orlov","Timothy Liljegren","S.J","43","24.266666666667","4","62","6.06","4","48","7.69","3","31","8.82","0","4","0.00","0.38","5.57","6.40","3","40","6.98","2","20","9.09","0","2","0.00","1","20","4.76","0","2","0.00","1","35","2.78","0","0","-","0.00","87.10","0.871","0","1","11","16","0.00","0","1","21","0.00"
"127","Jamie Oleksiak","Ryan Lindgren","SEA","72","23.483333333333","4","47","7.84","3","29","9.38","2","20","9.09","0","5","0.00","0.03","3.13","0.89","0","23","0.00","0","10","0.00","0","2","0.00","0","13","0.00","0","3","0.00","3","37","7.50","0","0","-","0.00","75.00","0.750","0","0","19","24","0.00","1","0","30","3.23"
"128","Jake McCabe","Simon Benoit","TOR","71","23.4","4","34","10.53","4","26","13.33","4","17","19.05","0","1","0.00","0.4","2.78","12.53","4","18","18.18","0","9","0.00","0","0","-","4","9","30.77","0","0","-","1","25","3.85","0","1","0.00","0.00","94.12","0.941","0","1","15","22","0.00","1","3","21","4.55"
"129","Nick Jensen","Thomas Chabot","OTT","46","23.266666666667","9","30","23.08","8","25","24.24","8","20","28.57","1","5","16.67","0.67","2.83","19.24","7","20","25.93","3","9","25.00","1","3","25.00","4","11","26.67","0","2","0.00","0","12","0.00","0","0","-","12.50","75.00","0.875","0","3","8","17","0.00","0","3","8","0.00"
"130","Olli Maatta","Zach Whitecloud","CGY","18","22.966666666667","5","42","10.64","4","32","11.11","2","22","8.33","0","2","0.00","0.33","4.93","6.19","2","29","6.45","1","13","7.14","0","2","0.00","1","16","5.88","0","0","-","4","24","14.29","0","0","-","0.00","90.91","0.909","0","2","9","14","0.00","2","3","21","8.70"
"131","Mario Ferraro","Shakir Mukhamadullin","S.J","50","22.966666666667","2","54","3.57","1","40","2.44","1","21","4.55","0","2","0.00","0.04","3.56","1.10","1","30","3.23","0","16","0.00","0","2","0.00","1","14","6.67","0","0","-","1","34","2.86","0","0","-","0.00","90.48","0.905","0","0","12","1","0.00","0","3","20","0.00"
"132","Christopher Tanev","Jake McCabe","TOR","11","22.933333333333","1","43","2.27","1","37","2.63","1","28","3.45","0","2","0.00","0.04","5.41","0.81","1","31","3.13","0","14","0.00","0","1","0.00","1","17","5.56","0","1","0.00","1","26","3.70","0","0","-","0.00","92.86","0.929","0","0","26","8","0.00","1","2","28","3.45"
"133","Philippe Myers","Simon Benoit","TOR","31","22.916666666667","7","44","13.73","6","36","14.29","4","29","12.12","0","4","0.00","0.32","4.19","7.10","3","24","11.11","1","15","6.25","0","1","0.00","2","9","18.18","0","1","0.00","3","27","10.00","0","2","0.00","0.00","86.21","0.862","1","1","10","19","9.09","1","2","14","6.67"
"134","Scott Mayfield","Adam Pelech","NYI","80","22.783333333333","7","23","23.33","7","20","25.93","6","15","28.57","1","1","50.00","0.45","1.86","19.48","5","14","26.32","2","6","25.00","1","0","100.00","3","8","27.27","0","0","-","0","17","0.00","0","1","0.00","16.67","93.33","1.100","0","0","12","46","0.00","0","3","19","0.00"
"135","Jeff Petry","Niko Mikkola","FLA","58","22.65","6","29","17.14","4","22","15.38","3","16","15.79","0","3","0.00","0.29","2.41","10.85","4","14","22.22","1","10","9.09","0","1","0.00","3","4","42.86","0","2","0.00","3","20","13.04","0","0","-","0.00","81.25","0.813","0","1","9","25","0.00","1","3","12","7.69"
"136","Tyler Kleven","Artem Zub","OTT","69","22.65","8","26","23.53","8","20","28.57","8","16","33.33","0","3","0.00","0.75","2.38","23.91","3","14","17.65","3","7","30.00","0","1","0.00","0","7","0.00","0","1","0.00","1","15","6.25","0","1","0.00","0.00","81.25","0.813","0","4","12","27","0.00","0","8","18","0.00"
"137","Dylan DeMelo","Josh Morrissey","WPG","77","22.583333333333","7","38","15.56","6","29","17.14","1","22","4.35","0","5","0.00","0.89","3.31","21.25","4","19","17.39","3","8","27.27","0","4","0.00","1","11","8.33","0","1","0.00","3","30","9.09","0","0","-","0.00","77.27","0.773","0","3","13","20","0.00","2","5","19","9.52"
"138","Nate Schmidt","Mikhail Sergachev","UTA","78","22.533333333333","2","38","5.00","2","30","6.25","1","24","4.00","0","3","0.00","0.07","3.37","1.99","0","20","0.00","0","9","0.00","0","2","0.00","0","11","0.00","0","0","-","1","37","2.63","0","1","0.00","0.00","87.50","0.875","0","3","20","25","0.00","0","4","29","0.00"
"139","Thomas Chabot","Artem Zub","OTT","57","22.516666666667","3","38","7.32","3","27","10.00","3","22","12.00","0","3","0.00","0.17","2.67","5.89","1","22","4.35","0","11","0.00","0","1","0.00","1","11","8.33","0","1","0.00","0","24","0.00","0","1","0.00","0.00","86.36","0.864","0","1","8","28","0.00","0","2","24","0.00"
"140","Noah Dobson","Kaiden Guhle","MTL","37","22.3","5","22","18.52","4","12","25.00","4","7","36.36","0","0","-","0.52","1.56","25.13","4","14","22.22","3","4","42.86","0","0","-","1","10","9.09","0","0","-","2","10","16.67","0","0","-","0.00","100.00","1.000","1","2","6","26","14.29","1","5","6","14.29"
"141","Morgan Rielly","Simon Benoit","TOR","69","22.15","8","38","17.39","8","30","21.05","6","19","24.00","1","4","20.00","0.59","2.84","17.15","4","25","13.79","2","7","22.22","1","1","50.00","2","18","10.00","0","3","0.00","2","15","11.76","0","0","-","16.67","78.95","0.956","0","0","3","24","0.00","0","0","3","0.00"
"142","Radko Gudas","Olen Zellweger","ANA","53","21.616666666667","6","37","13.95","5","30","14.29","4","19","17.39","1","5","16.67","0.57","2.83","16.73","4","20","16.67","3","8","27.27","1","1","50.00","1","12","7.69","0","2","0.00","1","23","4.17","0","2","0.00","25.00","73.68","0.987","0","2","6","17","0.00","0","2","9","0.00"
"143","Ben Chiarot","Albert Johansson","DET","82","21.533333333333","5","38","11.63","5","30","14.29","5","20","20.00","1","6","14.29","0.34","2.84","10.76","3","27","10.00","2","6","25.00","1","2","33.33","1","21","4.55","0","2","0.00","4","22","15.38","0","2","0.00","20.00","70.00","0.900","1","2","10","17","9.09","3","3","16","15.79"
"144","Nick Perbix","Nick Blankenburg","NSH","46","21.45","4","29","12.12","4","24","14.29","4","14","22.22","0","1","0.00","0.28","3.18","8.17","1","25","3.85","1","13","7.14","0","0","-","0","12","0.00","0","1","0.00","2","12","14.29","0","0","-","0.00","92.86","0.929","0","3","6","24","0.00","1","5","14","6.67"
"145","Radko Gudas","Drew Helleson","ANA","39","21.316666666667","5","32","13.51","4","20","16.67","3","14","17.65","1","1","50.00","0.36","1.94","15.80","2","14","12.50","2","5","28.57","1","1","50.00","0","9","0.00","0","0","-","3","25","10.71","0","0","-","33.33","92.86","1.262","0","1","8","17","0.00","1","2","11","8.33"
"146","Moritz Seider","Albert Johansson","DET","82","21.3","3","38","7.32","3","30","9.09","2","15","11.76","0","3","0.00","0.21","3.99","4.93","2","28","6.67","0","12","0.00","0","2","0.00","2","16","11.11","0","1","0.00","1","20","4.76","0","0","-","0.00","80.00","0.800","0","2","14","18","0.00","0","2","18","0.00"
"147","Josh Manson","Devon Toews","COL","66","21","7","44","13.73","5","33","13.16","4","20","16.67","0","5","0.00","0.28","4.71","5.65","3","32","8.57","1","17","5.56","0","4","0.00","2","15","11.76","0","1","0.00","4","30","11.76","0","0","-","0.00","75.00","0.750","1","2","17","8","5.56","1","2","25","3.85"
"148","Nicolas Hague","Nick Perbix","NSH","59","20.65","3","32","8.57","2","28","6.67","2","21","8.70","0","1","0.00","0.32","3.21","9.11","3","19","13.64","1","12","7.69","0","1","0.00","2","7","22.22","0","0","-","1","17","5.56","0","0","-","0.00","95.24","0.952","0","2","13","28","0.00","2","5","16","11.11"
"149","Carson Soucy","Braden Schneider","NYR","46","20.616666666667","5","37","11.90","4","27","12.90","2","19","9.52","0","2","0.00","0.31","2.95","9.45","2","20","9.09","1","8","11.11","0","0","-","1","12","7.69","0","2","0.00","2","25","7.41","0","0","-","0.00","89.47","0.895","0","0","13","13","0.00","0","1","18","0.00"
"150","Brayden McNabb","Zach Whitecloud","VGK","38","20.3","3","25","10.71","2","15","11.76","2","12","14.29","0","1","0.00","0.1","1.39","6.45","1","18","5.26","0","4","0.00","0","0","-","1","14","6.67","0","1","0.00","2","13","13.33","0","0","-","0.00","91.67","0.917","0","1","10","11","0.00","1","2","15","6.25"
"151","Radko Gudas","Jackson LaCombe","ANA","56","20.3","7","25","21.88","7","19","26.92","6","11","35.29","0","3","0.00","0.49","1.95","20.02","2","20","9.09","2","5","28.57","0","0","-","0","15","0.00","0","2","0.00","2","14","12.50","0","1","0.00","0.00","72.73","0.727","0","2","6","18","0.00","1","3","14","6.67"
"152","Ilya Lyubushkin","Thomas Harley","DAL","48","20.3","5","33","13.16","5","24","17.24","3","15","16.67","1","3","25.00","0.25","2.91","7.92","2","23","8.00","1","11","8.33","1","2","33.33","1","12","7.69","0","1","0.00","4","12","25.00","0","0","-","33.33","80.00","1.133","1","1","7","17","12.50","2","2","8","20.00"
"153","Travis Hamonic","Albert Johansson","DET","26","20.083333333333","3","38","7.32","3","26","10.34","3","18","14.29","0","2","0.00","0.04","2.79","1.46","0","22","0.00","0","11","0.00","0","2","0.00","0","11","0.00","0","0","-","2","18","10.00","0","0","-","0.00","88.89","0.889","0","4","9","12","0.00","2","5","12","14.29"
"154","Ryan Pulock","Matthew Schaefer","NYI","76","19.95","9","36","20.00","9","28","24.32","8","20","28.57","0","1","0.00","0.55","3.19","14.80","3","26","10.34","2","12","14.29","0","1","0.00","1","14","6.67","0","0","-","4","17","19.05","0","0","-","0.00","95.00","0.950","0","7","11","13","0.00","0","7","16","0.00"
"155","Radko Gudas","Pavel Mintyukov","ANA","51","19.733333333333","3","28","9.68","2","19","9.52","2","15","11.76","0","2","0.00","0.08","2.12","3.77","1","18","5.26","0","7","0.00","0","2","0.00","1","11","8.33","0","0","-","0","15","0.00","0","0","-","0.00","86.67","0.867","0","1","4","25","0.00","0","3","9","0.00"
"156","Jalen Chatfield","Alexander Nikishin","CAR","71","19.733333333333","2","30","6.25","2","21","8.70","1","15","6.25","0","2","0.00","0.07","3.22","2.10","1","22","4.35","0","11","0.00","0","0","-","1","11","8.33","0","1","0.00","0","13","0.00","0","1","0.00","0.00","86.67","0.867","0","1","7","17","0.00","1","4","11","8.33"
"157","Seth Jones","Gustav Forsling","FLA","51","19.65","10","32","23.81","9","28","24.32","4","21","16.00","0","5","0.00","1.16","3.73","23.79","6","18","25.00","3","12","20.00","0","3","0.00","3","6","33.33","0","1","0.00","6","19","24.00","0","1","0.00","0.00","76.19","0.762","1","1","10","21","9.09","3","3","15","16.67"
"158","Maxwell Crozier","Declan Carlile","T.B","24","19.65","3","21","12.50","2","16","11.11","2","12","14.29","0","3","0.00","0.1","1.85","5.15","1","13","7.14","0","10","0.00","0","2","0.00","1","3","25.00","0","1","0.00","2","10","16.67","0","0","-","0.00","75.00","0.750","0","2","3","14","0.00","0","4","4","0.00"
"159","Conor Timmins","Owen Power","BUF","38","19.583333333333","4","43","8.51","3","32","8.57","3","24","11.11","1","1","50.00","0.18","3.05","5.47","2","24","7.69","0","12","0.00","0","1","0.00","2","12","14.29","1","0","100.00","1","35","2.78","0","0","-","33.33","95.83","1.292","0","2","13","19","0.00","0","2","23","0.00"
"160","Rasmus Ristolainen","Travis Sanheim","PHI","44","19.35","4","36","10.00","4","28","12.50","4","16","20.00","1","3","25.00","0.29","2.94","9.08","2","19","9.52","1","9","10.00","0","0","-","1","10","9.09","1","1","50.00","1","21","4.55","0","2","0.00","25.00","81.25","1.063","0","3","8","29","0.00","0","4","12","0.00"
"161","Matthew Robertson","Braden Schneider","NYR","72","19.333333333333","5","39","11.36","5","26","16.13","4","20","16.67","0","4","0.00","0.15","3.03","4.64","1","24","4.00","1","11","8.33","0","2","0.00","0","13","0.00","0","0","-","0","21","0.00","0","2","0.00","0.00","80.00","0.800","0","3","13","23","0.00","0","3","16","0.00"
"162","Mike Matheson","Kaiden Guhle","MTL","38","19.266666666667","10","37","21.28","10","31","24.39","8","19","29.63","2","3","40.00","0.64","4.04","13.63","4","24","14.29","2","11","15.38","1","1","50.00","2","13","13.33","0","2","0.00","2","18","10.00","0","0","-","25.00","84.21","1.092","0","1","6","5","0.00","0","3","11","0.00"
"163","Roman Josi","Adam Wilsby","NSH","50","19.2","1","30","3.23","1","21","4.55","1","16","5.88","0","2","0.00","0.05","2.49","2.00","0","20","0.00","0","11","0.00","0","0","-","0","9","0.00","0","2","0.00","1","11","8.33","0","0","-","0.00","87.50","0.875","0","2","4","22","0.00","1","2","4","20.00"
"164","Scott Mayfield","Alexander Romanov","NYI","13","18.9","6","26","18.75","6","19","24.00","6","12","33.33","1","0","100.00","0.25","3.07","7.53","2","16","11.11","0","11","0.00","0","0","-","2","5","28.57","1","0","100.00","2","11","15.38","0","0","-","16.67","100.00","1.167","0","1","4","17","0.00","0","2","5","0.00"
"165","Darnell Nurse","Alec Regula","EDM","29","18.85","8","35","18.60","8","25","24.24","5","15","25.00","0","3","0.00","0.44","2.86","13.21","5","23","17.86","2","6","25.00","0","2","0.00","3","17","15.00","0","1","0.00","1","19","5.00","0","0","-","0.00","80.00","0.800","0","3","9","15","0.00","1","3","12","7.69"
"166","Connor Murphy","Wyatt Kaiser","CHI","57","18.833333333333","3","26","10.34","2","20","9.09","2","11","15.38","1","1","50.00","0.44","1.97","18.19","2","22","8.33","1","10","9.09","1","0","100.00","1","12","7.69","0","1","0.00","1","8","11.11","0","0","-","50.00","90.91","1.409","0","1","4","27","0.00","0","1","7","0.00"
"167","Zach Werenski","Ivan Provorov","CBJ","75","18.766666666667","2","21","8.70","2","18","10.00","2","10","16.67","1","2","33.33","0.23","1.65","12.19","1","10","9.09","1","5","16.67","1","1","50.00","0","5","0.00","0","0","-","1","10","9.09","0","1","0.00","50.00","80.00","1.300","0","1","4","34","0.00","0","1","9","0.00"
"168","Mario Ferraro","Vincent Iorio","S.J","21","18.666666666667","2","33","5.71","1","24","4.00","1","16","5.88","0","1","0.00","0","2.27","0.18","0","21","0.00","0","11","0.00","0","1","0.00","0","10","0.00","0","0","-","0","21","0.00","0","0","-","0.00","93.75","0.938","0","0","7","3","0.00","0","0","17","0.00"
"169","William Borgen","Braden Schneider","NYR","75","18.616666666667","5","41","10.87","5","34","12.82","2","24","7.69","0","4","0.00","0.65","4.4","12.90","3","29","9.38","1","15","6.25","0","2","0.00","2","14","12.50","0","1","0.00","1","21","4.55","0","1","0.00","0.00","83.33","0.833","0","2","16","23","0.00","0","3","24","0.00"
"170","Jacob Trouba","Olen Zellweger","ANA","75","18.45","7","27","20.59","5","19","20.83","5","14","26.32","2","0","100.00","0.22","2.47","8.02","4","16","20.00","0","9","0.00","0","0","-","4","7","36.36","2","0","100.00","1","18","5.26","0","0","-","40.00","100.00","1.400","0","3","7","16","0.00","1","5","13","7.14"
"171","Ian Cole","John Marino","UTA","80","18.35","3","22","12.00","2","20","9.09","2","14","12.50","1","3","25.00","0.02","2.33","0.96","0","13","0.00","0","8","0.00","0","2","0.00","0","5","0.00","0","1","0.00","0","10","0.00","0","0","-","50.00","78.57","1.286","0","1","3","42","0.00","0","1","5","0.00"
"172","Ian Moore","Pavel Mintyukov","ANA","58","18.333333333333","4","31","11.43","3","25","10.71","2","15","11.76","0","1","0.00","0.14","2.97","4.43","1","19","5.00","0","11","0.00","0","0","-","1","8","11.11","0","1","0.00","2","18","10.00","0","0","-","0.00","93.33","0.933","0","3","8","16","0.00","1","3","10","9.09"
"173","Connor Clifton","Parker Wotherspoon","PIT","48","18.016666666667","9","34","20.93","8","23","25.81","6","11","35.29","1","2","33.33","2.16","2.42","47.21","5","16","23.81","3","4","42.86","1","1","50.00","2","12","14.29","0","0","-","1","25","3.85","0","1","0.00","16.67","81.82","0.985","0","0","11","10","0.00","0","1","17","0.00"
"174","Zach Bogosian","Jared Spurgeon","MIN","40","17.616666666667","1","40","2.44","1","33","2.94","1","24","4.00","0","2","0.00","0.26","4.54","5.34","1","26","3.70","1","10","9.09","0","0","-","0","16","0.00","0","1","0.00","0","18","0.00","0","1","0.00","0.00","91.67","0.917","0","2","6","11","0.00","0","3","10","0.00"
"175","Alexandre Carrier","Kaiden Guhle","MTL","33","17.616666666667","1","34","2.86","1","28","3.45","1","19","5.00","0","3","0.00","0.1","3.81","2.56","1","19","5.00","0","10","0.00","0","1","0.00","1","9","10.00","0","1","0.00","0","17","0.00","0","1","0.00","0.00","84.21","0.842","0","1","6","14","0.00","0","1","10","0.00"
"176","Drew Doughty","Brian Dumoulin","L.A","72","17.583333333333","7","20","25.93","5","19","20.83","5","13","27.78","0","2","0.00","0.62","2.16","22.36","3","12","20.00","1","6","14.29","0","0","-","2","6","25.00","0","1","0.00","4","12","25.00","0","1","0.00","0.00","84.62","0.846","1","4","4","20","20.00","2","7","7","22.22"
"177","Wyatt Kaiser","Artyom Levshunov","CHI","63","17.316666666667","3","32","8.57","2","31","6.06","2","21","8.70","0","1","0.00","0.15","5.09","2.77","1","26","3.70","1","19","5.00","0","1","0.00","0","7","0.00","0","0","-","2","9","18.18","0","0","-","0.00","95.24","0.952","0","1","5","8","0.00","0","3","7","0.00"
"178","Vladislav Gavrikov","Adam Fox","NYR","55","17.183333333333","7","30","18.92","6","25","19.35","6","18","25.00","1","3","25.00","0.48","2.51","16.03","3","19","13.64","2","8","20.00","1","2","33.33","1","11","8.33","0","1","0.00","3","26","10.34","0","0","-","16.67","83.33","1.000","0","3","13","13","0.00","1","6","26","3.70"
"179","Albert Johansson","Simon Edvinsson","DET","72","17.183333333333","5","37","11.90","4","24","14.29","4","12","25.00","2","3","40.00","0.39","2.35","14.10","4","16","20.00","2","5","28.57","1","2","33.33","2","11","15.38","1","0","100.00","1","24","4.00","0","1","0.00","50.00","75.00","1.250","0","0","7","29","0.00","1","0","7","12.50"
"180","Luke Schenn","Dylan DeMelo","WPG","46","17.066666666667","7","24","22.58","5","17","22.73","2","12","14.29","0","4","0.00","0.6","2.29","20.89","5","16","23.81","2","6","25.00","0","1","0.00","3","10","23.08","0","2","0.00","2","11","15.38","0","1","0.00","0.00","66.67","0.667","0","0","4","27","0.00","0","0","6","0.00"
"181","Jared Spurgeon","Daemon Hunt","MIN","30","17.05","3","27","10.00","3","19","13.64","3","15","16.67","0","5","0.00","0.04","2.26","1.84","0","17","0.00","0","7","0.00","0","3","0.00","0","10","0.00","0","1","0.00","1","13","7.14","0","1","0.00","0.00","66.67","0.667","0","1","3","14","0.00","2","3","4","33.33"
"182","Mike Reilly","Jalen Chatfield","CAR","32","17.05","8","34","19.05","7","28","20.00","6","20","23.08","0","2","0.00","0.35","3.09","10.26","3","27","10.00","1","10","9.09","0","1","0.00","2","17","10.53","0","1","0.00","3","10","23.08","0","0","-","0.00","90.00","0.900","0","4","8","11","0.00","1","7","11","8.33"
"183","Maxwell Crozier","Janis Moser","T.B","32","16.983333333333","3","32","8.57","2","25","7.41","2","17","10.53","1","2","33.33","0.08","3.09","2.59","1","22","4.35","0","14","0.00","0","1","0.00","1","8","11.11","1","1","50.00","1","18","5.26","0","0","-","50.00","88.24","1.382","0","0","8","26","0.00","1","1","12","7.69"
"184","Nate Schmidt","MacKenzie Weegar","UTA","19","16.933333333333","7","19","26.92","6","17","26.09","5","12","29.41","1","0","100.00","0.55","1.7","24.43","2","12","14.29","2","5","28.57","1","0","100.00","0","7","0.00","0","0","-","5","10","33.33","0","0","-","20.00","100.00","1.200","0","2","2","11","0.00","1","5","5","16.67"
"185","Rasmus Dahlin","Bowen Byram","BUF","77","16.933333333333","6","17","26.09","5","12","29.41","4","9","30.77","1","0","100.00","0.47","0.87","35.32","2","9","18.18","2","3","40.00","0","0","-","0","6","0.00","0","0","-","2","13","13.33","1","0","100.00","25.00","100.00","1.250","0","1","6","21","0.00","2","3","8","20.00"
"186","Justin Faulk","Philip Broberg","STL","60","16.866666666667","12","28","30.00","9","27","25.00","8","17","32.00","0","2","0.00","0.45","2.67","14.51","5","19","20.83","3","7","30.00","0","2","0.00","2","12","14.29","0","0","-","4","17","19.05","0","0","-","0.00","88.24","0.882","0","2","12","22","0.00","5","2","15","25.00"
"187","Brenden Dillon","Jonas Siegenthaler","N.J","82","16.716666666667","6","38","13.64","6","28","17.65","3","22","12.00","0","6","0.00","0.35","3.19","9.84","3","26","10.34","3","8","27.27","0","1","0.00","0","18","0.00","0","3","0.00","2","17","10.53","0","2","0.00","0.00","72.73","0.727","0","0","6","27","0.00","0","0","8","0.00"
"188","Jared Spurgeon","Brock Faber","MIN","78","16.65","1","35","2.78","1","30","3.23","1","26","3.70","1","2","33.33","0.06","4.1","1.51","1","24","4.00","0","14","0.00","0","1","0.00","1","10","9.09","1","1","50.00","0","25","0.00","0","0","-","100.00","92.31","1.923","0","0","8","46","0.00","1","1","24","4.00"
"189","Ben Chiarot","Justin Faulk","DET","17","16.583333333333","1","42","2.33","1","32","3.03","0","20","0.00","0","4","0.00","0.09","3.54","2.40","1","23","4.17","0","11","0.00","0","2","0.00","1","12","7.69","0","2","0.00","0","27","0.00","0","0","-","-","80.00","0.80","0","3","10","6","0.00","1","4","15","6.25"
"190","Aaron Ekblad","Niko Mikkola","FLA","66","16.55","5","27","15.63","5","19","20.83","4","11","26.67","0","2","0.00","0.48","2.42","16.63","2","14","12.50","2","5","28.57","0","2","0.00","0","9","0.00","0","0","-","3","20","13.04","0","0","-","0.00","81.82","0.818","0","1","4","24","0.00","2","1","19","9.52"
"191","Luke Schenn","Haydn Fleury","WPG","15","16.533333333333","7","30","18.92","7","23","23.33","6","19","24.00","2","4","33.33","0.62","3.3","15.90","4","18","18.18","3","7","30.00","2","2","50.00","1","11","8.33","0","2","0.00","3","17","15.00","0","0","-","33.33","78.95","1.123","2","0","8","9","20.00","4","2","13","23.53"
"192","Damon Severson","Zach Werenski","CBJ","64","16.466666666667","7","24","22.58","7","17","29.17","6","14","30.00","1","1","50.00","0.39","1.47","21.12","5","16","23.81","0","3","0.00","0","0","-","5","13","27.78","1","0","100.00","0","14","0.00","0","1","0.00","16.67","92.86","1.095","0","1","9","7","0.00","0","2","10","0.00"
"193","Brent Burns","Cale Makar","COL","75","16.433333333333","8","14","36.36","8","11","42.11","6","8","42.86","0","0","-","0.41","0.94","30.57","2","7","22.22","0","4","0.00","0","0","-","2","3","40.00","0","0","-","4","11","26.67","0","0","-","0.00","100.00","1.000","1","1","5","26","16.67","1","1","8","11.11"
"194","Jeremy Lauzon","Zach Whitecloud","VGK","33","16.433333333333","2","25","7.41","2","14","12.50","2","11","15.38","0","2","0.00","0.13","1.6","7.46","2","14","12.50","1","8","11.11","0","2","0.00","1","6","14.29","0","0","-","1","20","4.76","0","0","-","0.00","81.82","0.818","0","1","10","9","0.00","1","2","12","7.69"
"195","Shakir Mukhamadullin","Sam Dickinson","S.J","41","16.333333333333","5","21","19.23","4","18","18.18","2","15","11.76","0","4","0.00","0.58","1.11","34.20","4","8","33.33","2","2","50.00","0","1","0.00","2","6","25.00","0","1","0.00","1","15","6.25","0","2","0.00","0.00","73.33","0.733","0","1","4","18","0.00","0","2","5","0.00"
"196","Elias Pettersson","Tom Willander","VAN","59","15.9","8","35","18.60","8","29","21.62","5","18","21.74","1","3","25.00","0.28","3.2","7.92","3","26","10.34","0","11","0.00","0","1","0.00","3","15","16.67","1","1","50.00","2","12","14.29","0","1","0.00","20.00","83.33","1.033","0","1","5","4","0.00","0","4","5","0.00"
"197","Travis Hamonic","Ben Chiarot","DET","26","15.783333333333","4","40","9.09","4","26","13.33","4","11","26.67","0","0","-","0.41","2.73","13.13","3","24","11.11","2","7","22.22","0","0","-","1","17","5.56","0","0","-","0","27","0.00","0","0","-","0.00","100.00","1.000","0","1","14","6","0.00","0","3","18","0.00"
"198","Alexandre Carrier","Noah Dobson","MTL","73","15.716666666667","2","30","6.25","1","24","4.00","1","13","7.14","0","3","0.00","0","3.02","0.01","0","17","0.00","0","13","0.00","0","1","0.00","0","4","0.00","0","1","0.00","1","20","4.76","0","1","0.00","0.00","76.92","0.769","1","2","11","12","8.33","1","3","18","5.26"
"199","Haydn Fleury","Neal Pionk","WPG","26","15.566666666667","3","20","13.04","3","16","15.79","3","10","23.08","0","2","0.00","0.33","1.3","20.44","3","13","18.75","2","1","66.67","0","0","-","1","12","7.69","0","2","0.00","0","16","0.00","0","0","-","0.00","80.00","0.800","0","1","10","17","0.00","1","1","12","7.69"
"200","Devon Toews","Sam Malinski","COL","68","15.5","6","23","20.69","5","20","20.00","3","9","25.00","0","0","-","0.22","1.55","12.57","3","8","27.27","1","6","14.29","0","0","-","2","2","50.00","0","0","-","2","25","7.41","0","0","-","0.00","100.00","1.000","0","2","9","12","0.00","2","2","14","12.50"
"201","Nicolas Hague","Spencer Stastney","NSH","22","15.483333333333","3","8","27.27","3","6","33.33","3","6","33.33","0","3","0.00","0.19","0.61","23.99","1","5","16.67","1","2","33.33","0","2","0.00","0","3","0.00","0","1","0.00","1","3","25.00","0","0","-","0.00","50.00","0.500","0","1","1","8","0.00","1","3","2","33.33"
"202","Roman Josi","Nick Blankenburg","NSH","40","15.433333333333","1","17","5.56","1","15","6.25","1","10","9.09","0","0","-","0.03","1.33","2.53","0","12","0.00","0","3","0.00","0","0","-","0","9","0.00","0","0","-","1","7","12.50","0","0","-","0.00","100.00","1.000","0","0","6","15","0.00","0","2","6","0.00"
"203","Darren Raddysh","Charles-Edouard D'Astous","T.B","63","15.316666666667","4","20","16.67","4","18","18.18","2","9","18.18","0","0","-","0.37","2.26","13.99","2","15","11.76","1","8","11.11","0","0","-","1","7","12.50","0","0","-","2","8","20.00","0","0","-","0.00","100.00","1.000","0","1","2","11","0.00","1","1","3","25.00"
"204","Drew Helleson","Olen Zellweger","ANA","57","15.266666666667","3","15","16.67","2","12","14.29","2","8","20.00","0","0","-","0.09","1.36","6.30","0","11","0.00","0","3","0.00","0","0","-","0","8","0.00","0","0","-","3","7","30.00","0","0","-","0.00","100.00","1.000","1","2","3","13","25.00","1","2","3","25.00"
"205","Michael Kesselring","Owen Power","BUF","34","15.216666666667","4","24","14.29","3","18","14.29","1","14","6.67","0","0","-","0.45","1.63","21.68","2","12","14.29","1","4","20.00","0","0","-","1","8","11.11","0","0","-","2","14","12.50","0","0","-","0.00","100.00","1.000","0","1","5","22","0.00","0","1","6","0.00"
"206","Dante Fabbro","Denton Mateychuk","CBJ","70","15.033333333333","1","24","4.00","1","18","5.26","0","13","0.00","0","3","0.00","0.08","2.06","3.68","1","15","6.25","0","6","0.00","0","2","0.00","1","9","10.00","0","1","0.00","1","12","7.69","0","0","-","-","76.92","0.77","0","2","3","14","0.00","1","2","6","14.29"
"207","Zach Werenski","Denton Mateychuk","CBJ","68","14.933333333333","6","28","17.65","4","22","15.38","4","17","19.05","0","4","0.00","0.28","3.68","7.00","5","21","19.23","1","11","8.33","0","1","0.00","4","10","28.57","0","3","0.00","1","14","6.67","0","0","-","0.00","76.47","0.765","0","1","5","14","0.00","0","1","11","0.00"
"208","John Marino","Sean Durzi","UTA","58","14.9","2","29","6.45","2","23","8.00","2","18","10.00","0","3","0.00","0.02","2.51","0.90","0","17","0.00","0","8","0.00","0","2","0.00","0","9","0.00","0","0","-","1","15","6.25","0","1","0.00","0.00","83.33","0.833","0","1","6","4","0.00","0","2","7","0.00"
"209","Nick Seeler","Cam York","PHI","72","14.566666666667","5","16","23.81","5","11","31.25","5","8","38.46","2","3","40.00","0.41","0.99","29.33","3","12","20.00","0","4","0.00","0","1","0.00","3","8","27.27","2","0","100.00","0","9","0.00","0","2","0.00","40.00","62.50","1.025","0","2","10","48","0.00","0","5","10","0.00"
"210","Luke Schenn","Logan Stanley","WPG","45","14.55","6","21","22.22","5","12","29.41","2","8","20.00","0","1","0.00","0.6","1.29","31.85","4","12","25.00","3","6","33.33","0","1","0.00","1","6","14.29","0","0","-","0","14","0.00","0","0","-","0.00","87.50","0.875","0","2","3","11","0.00","1","2","5","16.67"
"211","John Carlson","Matt Roy","WSH","52","14.416666666667","3","32","8.57","3","26","10.34","2","13","13.33","0","1","0.00","0.25","3.61","6.49","2","20","9.09","1","12","7.69","0","1","0.00","1","8","11.11","0","0","-","0","18","0.00","0","0","-","0.00","92.31","0.923","1","1","4","15","20.00","1","1","11","8.33"
"212","Jaccob Slavin","Sean Walker","CAR","39","14.366666666667","11","15","42.31","10","10","50.00","6","6","50.00","1","2","33.33","0.59","1.18","33.47","7","7","50.00","0","3","0.00","0","1","0.00","7","4","63.64","1","0","100.00","1","14","6.67","0","1","0.00","16.67","66.67","0.833","3","1","10","11","23.08","4","2","14","22.22"
"213","Mattias Samuelsson","Rasmus Dahlin","BUF","74","14.35","1","26","3.70","1","20","4.76","0","13","0.00","0","1","0.00","0.05","1.82","2.46","1","11","8.33","0","3","0.00","0","0","-","1","8","11.11","0","0","-","1","24","4.00","0","1","0.00","-","92.31","0.92","0","2","10","12","0.00","1","4","19","5.00"
"214","Nicolas Hague","Adam Wilsby","NSH","38","14.183333333333","2","13","13.33","2","8","20.00","2","5","28.57","0","1","0.00","0.15","0.59","20.03","1","6","14.29","1","0","100.00","0","0","-","0","6","0.00","0","1","0.00","3","11","21.43","0","0","-","0.00","80.00","0.800","0","0","2","11","0.00","3","1","5","37.50"
"215","Trevor van Riemsdyk","Martin Fehervary","WSH","67","13.85","1","22","4.35","1","18","5.26","1","10","9.09","0","1","0.00","0.05","2.03","2.17","0","10","0.00","0","6","0.00","0","1","0.00","0","4","0.00","0","0","-","1","18","5.26","0","0","-","0.00","90.00","0.900","0","0","7","46","0.00","0","0","10","0.00"
"216","Morgan Rielly","Troy Stecher","TOR","55","13.75","2","35","5.41","2","27","6.90","2","17","10.53","1","1","50.00","0.07","3.28","1.99","1","18","5.26","0","10","0.00","0","1","0.00","1","8","11.11","1","0","100.00","0","20","0.00","0","0","-","50.00","94.12","1.441","0","4","2","20","0.00","0","4","5","0.00"
"217","MacKenzie Weegar","Kevin Bahl","CGY","59","13.45","4","29","12.12","4","24","14.29","3","18","14.29","1","3","25.00","0.11","2.14","4.85","0","19","0.00","0","8","0.00","0","1","0.00","0","11","0.00","0","1","0.00","3","14","17.65","1","1","50.00","33.33","83.33","1.167","0","0","8","41","0.00","1","1","10","9.09"
"218","Andrew Peeke","Henri Jokiharju","BOS","36","13.333333333333","2","21","8.70","2","18","10.00","2","13","13.33","0","1","0.00","0.33","2.57","11.41","2","16","11.11","1","12","7.69","0","1","0.00","1","4","20.00","0","0","-","0","5","0.00","0","0","-","0.00","92.31","0.923","0","0","0","12","-","0","1","1","0.00"
"219","Spencer Stastney","Nick Blankenburg","NSH","20","13.2","1","7","12.50","1","6","14.29","1","6","14.29","0","2","0.00","0","0.59","0.46","0","5","0.00","0","2","0.00","0","1","0.00","0","3","0.00","0","1","0.00","0","2","0.00","0","0","-","0.00","66.67","0.667","0","0","1","16","0.00","1","3","1","50.00"
"220","Samuel Girard","Cale Makar","COL","40","13.166666666667","3","17","15.00","1","16","5.88","1","13","7.14","0","1","0.00","0.06","1.61","3.77","2","10","16.67","0","4","0.00","0","0","-","2","6","25.00","0","1","0.00","2","9","18.18","0","0","-","0.00","92.31","0.923","0","0","4","19","0.00","2","2","7","22.22"
"221","Tyler Myers","Esa Lindell","DAL","16","12.866666666667","2","17","10.53","2","15","11.76","2","7","22.22","0","1","0.00","0","1.34","0.05","0","10","0.00","0","3","0.00","0","1","0.00","0","7","0.00","0","0","-","1","14","6.67","0","0","-","0.00","85.71","0.857","0","1","5","10","0.00","2","1","13","13.33"
"222","Scott Mayfield","Ryan Pulock","NYI","74","12.833333333333","2","17","10.53","2","12","14.29","1","6","14.29","0","0","-","0.05","1.4","3.23","0","12","0.00","0","6","0.00","0","0","-","0","6","0.00","0","0","-","1","7","12.50","0","0","-","0.00","100.00","1.000","0","1","3","46","0.00","0","5","5","0.00"
"223","Ryan Shea","Jack St. Ivany","PIT","19","12.816666666667","5","22","18.52","5","13","27.78","4","8","33.33","0","1","0.00","0.14","1.56","8.16","1","9","10.00","0","5","0.00","0","1","0.00","1","4","20.00","0","0","-","2","16","11.11","0","0","-","0.00","87.50","0.875","0","0","6","5","0.00","0","1","9","0.00"
"224","Noah Dobson","Lane Hutson","MTL","80","12.666666666667","3","16","15.79","2","13","13.33","2","8","20.00","0","1","0.00","0.15","1.65","8.42","1","12","7.69","0","5","0.00","0","0","-","1","7","12.50","0","1","0.00","2","7","22.22","0","0","-","0.00","87.50","0.875","0","0","3","4","0.00","1","2","5","16.67"
"225","John Carlson","Jacob Trouba","ANA","16","12.65","6","25","19.35","6","16","27.27","3","12","20.00","0","3","0.00","0.49","1.57","23.75","4","15","21.05","3","3","50.00","0","0","-","1","12","7.69","0","2","0.00","1","18","5.26","0","1","0.00","0.00","75.00","0.750","0","1","7","11","0.00","1","2","15","6.25"
"226","Brandon Carlo","Troy Stecher","TOR","32","12.65","5","21","19.23","5","17","22.73","5","9","35.71","0","0","-","0.49","2.74","15.11","3","16","15.79","1","12","7.69","0","0","-","2","4","33.33","0","0","-","0","8","0.00","0","0","-","0.00","100.00","1.000","0","2","6","15","0.00","0","2","11","0.00"
"227","Alex Vlasic","Artyom Levshunov","CHI","67","12.416666666667","1","10","9.09","1","8","11.11","1","5","16.67","0","3","0.00","0.1","0.62","13.51","1","5","16.67","0","1","0.00","0","1","0.00","1","4","20.00","0","1","0.00","0","10","0.00","0","1","0.00","0.00","40.00","0.400","0","2","5","6","0.00","0","2","10","0.00"
"228","Seth Jones","Donovan Sebrango","FLA","21","12.3","3","16","15.79","3","10","23.08","0","5","0.00","0","2","0.00","0.43","1","30.15","1","7","12.50","1","4","20.00","0","0","-","0","3","0.00","0","1","0.00","3","11","21.43","0","1","0.00","-","60.00","0.60","0","1","3","7","0.00","2","1","5","28.57"
"229","Jacob Trouba","Drew Helleson","ANA","59","12.283333333333","2","17","10.53","2","15","11.76","2","11","15.38","0","0","-","0.04","1.09","3.43","0","10","0.00","0","2","0.00","0","0","-","0","8","0.00","0","0","-","1","12","7.69","0","0","-","0.00","100.00","1.000","0","2","6","17","0.00","1","2","7","12.50"
"230","Mario Ferraro","Sam Dickinson","S.J","72","12.233333333333","1","22","4.35","1","17","5.56","0","13","0.00","0","1","0.00","0.04","2.48","1.53","0","15","0.00","0","9","0.00","0","0","-","0","6","0.00","0","1","0.00","1","12","7.69","0","0","-","-","92.31","0.92","0","1","6","2","0.00","1","1","11","8.33"
"231","Luke Schenn","Josh Morrissey","WPG","42","12.2","7","14","33.33","7","13","35.00","6","3","66.67","0","1","0.00","0.58","0.82","41.27","5","7","41.67","2","1","66.67","0","0","-","3","6","33.33","0","1","0.00","3","13","18.75","0","0","-","0.00","66.67","0.667","0","0","8","6","0.00","1","2","12","7.69"
"232","Nick Jensen","Tyler Kleven","OTT","56","12.15","2","13","13.33","2","10","16.67","2","5","28.57","1","2","33.33","0.6","0.71","45.92","0","8","0.00","0","2","0.00","0","0","-","0","6","0.00","0","2","0.00","0","6","0.00","0","0","-","50.00","60.00","1.100","0","1","1","13","0.00","0","1","1","0.00"
"233","Nikita Zadorov","Jonathan Aspirot","BOS","60","12.15","3","18","14.29","2","14","12.50","1","11","8.33","0","1","0.00","0.14","1.42","8.82","1","9","10.00","0","3","0.00","0","0","-","1","6","14.29","0","1","0.00","1","10","9.09","0","0","-","0.00","90.91","0.909","0","0","4","12","0.00","0","0","5","0.00"
"234","Brett Kulak","Sam Malinski","COL","27","12.1","0","18","0.00","0","13","0.00","0","8","0.00","0","0","-","0","1.41","0.00","0","10","0.00","0","6","0.00","0","0","-","0","4","0.00","0","0","-","1","8","11.11","0","0","-","-","100.00","1.00","0","0","3","9","0.00","1","1","3","25.00"
"235","Jacob Trouba","Ian Moore","ANA","66","12.066666666667","2","24","7.69","2","20","9.09","2","14","12.50","0","1","0.00","0.06","2.09","2.98","1","11","8.33","0","6","0.00","0","0","-","1","5","16.67","0","1","0.00","0","19","0.00","0","0","-","0.00","92.86","0.929","0","1","6","8","0.00","0","2","9","0.00"
"236","Dylan DeMelo","Logan Stanley","WPG","59","11.983333333333","4","19","17.39","3","13","18.75","3","4","42.86","0","0","-","0.44","1.22","26.50","3","11","21.43","1","2","33.33","0","0","-","2","9","18.18","0","0","-","1","11","8.33","0","0","-","0.00","100.00","1.000","0","1","4","8","0.00","1","2","4","20.00"
"237","Brenden Dillon","Dougie Hamilton","N.J","77","11.883333333333","5","21","19.23","4","19","17.39","2","16","11.11","0","3","0.00","0.33","2.14","13.39","4","13","23.53","1","6","14.29","0","1","0.00","3","7","30.00","0","0","-","1","15","6.25","0","2","0.00","0.00","81.25","0.813","0","2","5","22","0.00","0","2","10","0.00"
"238","Thomas Harley","Lian Bichsel","DAL","42","11.833333333333","1","11","8.33","1","9","10.00","1","7","12.50","0","2","0.00","0","0.94","0.05","0","8","0.00","0","3","0.00","0","1","0.00","0","5","0.00","0","0","-","0","9","0.00","0","1","0.00","0.00","71.43","0.714","0","0","7","10","0.00","1","2","8","11.11"
"239","Jonas Siegenthaler","Simon Nemec","N.J","68","11.8","0","27","0.00","0","23","0.00","0","19","0.00","0","3","0.00","0","2.49","0.00","0","18","0.00","0","5","0.00","0","1","0.00","0","13","0.00","0","1","0.00","1","16","5.88","0","1","0.00","-","84.21","0.84","2","1","6","7","25.00","2","1","10","16.67"
"240","Brent Burns","Brett Kulak","COL","27","11.7","4","12","25.00","4","12","25.00","3","7","30.00","0","1","0.00","0.12","1.53","7.16","0","11","0.00","0","6","0.00","0","1","0.00","0","5","0.00","0","0","-","4","4","50.00","0","0","-","0.00","85.71","0.857","0","1","4","9","0.00","1","3","6","14.29"
"241","Logan Stanley","Owen Power","BUF","17","11.666666666667","0","19","0.00","0","16","0.00","0","10","0.00","0","1","0.00","0","1.56","0.00","0","9","0.00","0","6","0.00","0","1","0.00","0","3","0.00","0","0","-","0","15","0.00","0","0","-","-","90.00","0.90","0","1","3","12","0.00","0","1","6","0.00"
"242","Alexander Nikishin","Joel Nystrom","CAR","37","11.65","6","20","23.08","6","15","28.57","5","9","35.71","0","0","-","0.69","1.25","35.37","5","13","27.78","0","5","0.00","0","0","-","5","8","38.46","0","0","-","1","12","7.69","0","0","-","0.00","100.00","1.000","0","2","5","6","0.00","1","4","6","14.29"
"243","Brandon Montour","Ryker Evans","SEA","53","11.6","2","15","11.76","2","13","13.33","2","10","16.67","1","0","100.00","0.16","1.36","10.42","2","7","22.22","0","4","0.00","0","0","-","2","3","40.00","1","0","100.00","0","9","0.00","0","0","-","50.00","100.00","1.500","0","0","3","15","0.00","0","1","5","0.00"
"244","Jonas Siegenthaler","Luke Hughes","N.J","68","11.583333333333","4","11","26.67","3","11","21.43","3","7","30.00","0","2","0.00","0.35","1.5","19.12","3","9","25.00","2","8","20.00","0","2","0.00","1","1","50.00","0","0","-","0","2","0.00","0","0","-","0.00","71.43","0.714","0","0","0","17","-","0","1","0","-"
"245","Vincent Desharnais","Sam Dickinson","S.J","47","11.483333333333","3","12","20.00","3","9","25.00","2","6","25.00","0","0","-","0.13","0.73","15.64","0","4","0.00","0","3","0.00","0","0","-","0","1","0.00","0","0","-","3","16","15.79","0","0","-","0.00","100.00","1.000","0","3","5","0","0.00","0","4","11","0.00"
"246","Dmitry Orlov","Mario Ferraro","S.J","82","11.283333333333","4","27","12.90","4","24","14.29","2","16","11.11","0","3","0.00","0.4","3.64","10.00","2","20","9.09","1","10","9.09","0","2","0.00","1","10","9.09","0","0","-","2","14","12.50","0","1","0.00","0.00","81.25","0.813","0","0","7","13","0.00","0","0","12","0.00"
"247","Samuel Girard","Sam Malinski","COL","40","11.266666666667","2","14","12.50","2","12","14.29","1","9","10.00","0","0","-","0.06","1.16","5.25","0","7","0.00","0","2","0.00","0","0","-","0","5","0.00","0","0","-","2","9","18.18","0","0","-","0.00","100.00","1.000","0","2","2","10","0.00","1","2","4","20.00"
"248","Erik Karlsson","Ryan Shea","PIT","73","10.983333333333","11","15","42.31","9","12","42.86","4","6","40.00","1","0","100.00","1.18","0.87","57.48","7","8","46.67","2","2","50.00","1","0","100.00","5","6","45.45","0","0","-","3","11","21.43","0","0","-","25.00","100.00","1.250","0","1","2","23","0.00","0","1","7","0.00"
"249","Artem Zub","Nikolas Matinpalo","OTT","49","10.833333333333","0","23","0.00","0","22","0.00","0","14","0.00","0","1","0.00","0","2.96","0.00","0","21","0.00","0","9","0.00","0","1","0.00","0","12","0.00","0","0","-","0","8","0.00","0","0","-","-","92.86","0.93","0","0","7","19","0.00","0","1","13","0.00"
"250","Marcus Pettersson","Elias Pettersson","VAN","70","10.7","3","15","16.67","3","15","16.67","3","15","16.67","1","1","50.00","0.14","2.47","5.53","1","14","6.67","1","9","10.00","1","0","100.00","0","5","0.00","0","1","0.00","0","3","0.00","0","0","-","33.33","93.33","1.267","0","1","3","18","0.00","0","1","5","0.00"
"251","Logan Stanley","Mattias Samuelsson","BUF","15","10.65","1","16","5.88","1","14","6.67","1","7","12.50","0","1","0.00","0.05","1.66","2.97","0","11","0.00","0","5","0.00","0","0","-","0","6","0.00","0","1","0.00","1","11","8.33","0","0","-","0.00","85.71","0.857","0","0","9","7","0.00","0","0","12","0.00"
"252","John Marino","Mikhail Sergachev","UTA","76","10.633333333333","9","14","39.13","8","11","42.11","5","6","45.45","2","0","100.00","0.66","1.27","34.16","5","12","29.41","2","5","28.57","1","0","100.00","3","7","30.00","1","0","100.00","3","2","60.00","0","0","-","40.00","100.00","1.400","1","2","2","47","33.33","1","2","5","16.67"
"253","Tyler Myers","Elias Pettersson","VAN","47","10.533333333333","5","15","25.00","5","11","31.25","5","5","50.00","0","1","0.00","0.32","1.44","18.19","4","9","30.77","0","5","0.00","0","1","0.00","4","4","50.00","0","0","-","1","6","14.29","0","0","-","0.00","80.00","0.800","0","0","1","12","0.00","1","1","1","50.00"
"254","Cam Fowler","Tyler Tucker","STL","69","10.5","6","12","33.33","4","10","28.57","2","8","20.00","0","1","0.00","0.22","1.02","17.67","3","6","33.33","2","4","33.33","0","0","-","1","2","33.33","0","0","-","3","8","27.27","0","1","0.00","0.00","87.50","0.875","0","0","1","9","0.00","0","2","4","0.00"
"255","Ilya Lyubushkin","Lian Bichsel","DAL","30","10.45","1","8","11.11","1","5","16.67","1","3","25.00","0","1","0.00","0.01","0.48","2.94","0","6","0.00","0","2","0.00","0","0","-","0","4","0.00","0","1","0.00","0","5","0.00","0","0","-","0.00","66.67","0.667","0","0","3","7","0.00","0","1","6","0.00"
"256","Dmitry Orlov","Shakir Mukhamadullin","S.J","50","10.316666666667","1","13","7.14","1","10","9.09","1","7","12.50","0","0","-","0.12","0.85","12.34","1","4","20.00","1","3","25.00","0","0","-","0","1","0.00","0","0","-","0","11","0.00","0","0","-","0.00","100.00","1.000","0","0","1","17","0.00","0","1","4","0.00"
"257","Darnell Nurse","Ty Emberson","EDM","72","10.15","1","25","3.85","1","19","5.00","1","14","6.67","0","4","0.00","0.09","1.95","4.45","1","17","5.56","1","5","16.67","0","1","0.00","0","12","0.00","0","2","0.00","1","15","6.25","0","1","0.00","0.00","71.43","0.714","1","1","4","12","20.00","1","1","7","12.50"
"258","Simon Edvinsson","Axel Sandin-Pellikka","DET","58","10.15","0","23","0.00","0","16","0.00","0","5","0.00","0","0","-","0","1.4","0.00","0","11","0.00","0","5","0.00","0","0","-","0","6","0.00","0","0","-","0","17","0.00","0","0","-","-","100.00","1.00","0","0","7","1","0.00","0","0","8","0.00"
"259","William Borgen","Urho Vaakanainen","NYR","31","10.083333333333","1","19","5.00","1","16","5.88","0","9","0.00","0","3","0.00","0.04","1.12","3.19","0","11","0.00","0","2","0.00","0","1","0.00","0","9","0.00","0","1","0.00","1","9","10.00","0","1","0.00","-","66.67","0.67","0","0","2","6","0.00","0","0","3","0.00"
"260","Jonas Siegenthaler","Johnathan Kovacevic","N.J","34","9.95","1","11","8.33","1","10","9.09","1","9","10.00","0","1","0.00","0.05","0.86","5.08","0","7","0.00","0","3","0.00","0","0","-","0","4","0.00","0","1","0.00","1","7","12.50","0","0","-","0.00","88.89","0.889","0","0","5","14","0.00","0","0","5","0.00"
"261","Adam Pelech","Matthew Schaefer","NYI","82","9.9","9","14","39.13","8","13","38.10","5","7","41.67","0","1","0.00","0.61","1.83","24.92","5","10","33.33","0","5","0.00","0","1","0.00","5","5","50.00","0","0","-","3","5","37.50","0","0","-","0.00","85.71","0.857","0","1","2","12","0.00","2","3","3","40.00"
"262","Drew Doughty","Joel Edmundson","L.A","72","9.8166666666667","5","19","20.83","5","16","23.81","4","10","28.57","1","3","25.00","1.2","2.15","35.72","5","14","26.32","2","9","18.18","1","2","33.33","3","5","37.50","0","1","0.00","0","12","0.00","0","0","-","25.00","70.00","0.950","1","1","6","19","14.29","3","3","11","21.43"
"263","Drew Helleson","Jackson LaCombe","ANA","60","9.75","2","22","8.33","2","18","10.00","2","12","14.29","0","3","0.00","0.15","1.86","7.54","1","12","7.69","0","6","0.00","0","1","0.00","1","6","14.29","0","0","-","1","15","6.25","0","2","0.00","0.00","75.00","0.750","0","0","6","24","0.00","1","0","7","12.50"
"264","Noah Hanifin","Kaedan Korczak","VGK","67","9.6166666666667","1","8","11.11","1","8","11.11","1","7","12.50","0","1","0.00","0","1.23","0.28","0","7","0.00","0","4","0.00","0","1","0.00","0","3","0.00","0","0","-","0","1","0.00","0","0","-","0.00","85.71","0.857","0","1","0","6","-","0","2","0","-"
"265","Jamie Oleksiak","Josh Mahura","SEA","21","9.6","1","29","3.33","1","19","5.00","1","14","6.67","0","2","0.00","0.13","2.13","5.55","1","16","5.88","1","8","11.11","0","0","-","0","8","0.00","0","0","-","0","15","0.00","0","2","0.00","0.00","85.71","0.857","0","0","2","4","0.00","0","0","4","0.00"
"266","Rasmus Andersson","Yan Kuznetsov","CGY","34","9.6","4","14","22.22","4","14","22.22","4","7","36.36","1","1","50.00","0.33","1.37","19.27","3","10","23.08","2","5","28.57","1","1","50.00","1","5","16.67","0","0","-","0","7","0.00","0","0","-","25.00","85.71","1.107","0","1","3","13","0.00","1","1","7","12.50"
"267","Nick Leddy","Mario Ferraro","S.J","32","9.5166666666667","1","23","4.17","1","19","5.00","1","16","5.88","0","7","0.00","0.08","2.65","3.10","1","15","6.25","0","8","0.00","0","4","0.00","1","7","12.50","0","2","0.00","0","15","0.00","0","1","0.00","0.00","56.25","0.563","0","1","6","11","0.00","1","1","9","10.00"
"268","Jaccob Slavin","K'Andre Miller","CAR","38","9.5","3","14","17.65","2","9","18.18","2","7","22.22","0","2","0.00","0.05","1.27","3.73","0","8","0.00","0","3","0.00","0","1","0.00","0","5","0.00","0","0","-","1","8","11.11","0","1","0.00","0.00","71.43","0.714","0","1","1","11","0.00","0","3","3","0.00"
"269","Jamie Oleksiak","Brandon Montour","SEA","60","9.4833333333333","0","17","0.00","0","14","0.00","0","10","0.00","0","2","0.00","0","1.47","0.00","0","11","0.00","0","4","0.00","0","1","0.00","0","7","0.00","0","1","0.00","0","8","0.00","0","0","-","-","80.00","0.80","0","1","3","7","0.00","0","2","4","0.00"
"270","Ian Moore","Olen Zellweger","ANA","61","9.4666666666667","3","10","23.08","3","8","27.27","3","5","37.50","1","0","100.00","0.21","0.57","26.84","2","3","40.00","1","1","50.00","1","0","100.00","1","2","33.33","0","0","-","0","8","0.00","0","0","-","33.33","100.00","1.333","0","0","2","14","0.00","0","0","2","0.00"
"271","Olli Maatta","Kevin Bahl","CGY","16","9.45","2","16","11.11","2","11","15.38","2","9","18.18","0","2","0.00","0.36","1.21","22.85","2","9","18.18","2","2","50.00","0","0","-","0","7","0.00","0","1","0.00","0","13","0.00","0","1","0.00","0.00","77.78","0.778","0","1","7","9","0.00","0","1","8","0.00"
"272","Parker Wotherspoon","Jack St. Ivany","PIT","18","9.4","2","12","14.29","2","10","16.67","2","6","25.00","0","0","-","0.04","1.28","2.90","0","8","0.00","0","4","0.00","0","0","-","0","4","0.00","0","0","-","1","7","12.50","0","0","-","0.00","100.00","1.000","0","1","5","3","0.00","0","2","7","0.00"
"273","Sean Walker","Joel Nystrom","CAR","37","9.3666666666667","3","14","17.65","2","11","15.38","1","8","11.11","0","3","0.00","0.28","0.91","23.39","2","8","20.00","1","4","20.00","0","1","0.00","1","4","20.00","0","1","0.00","1","8","11.11","0","1","0.00","0.00","62.50","0.625","0","0","4","6","0.00","2","2","5","28.57"
"274","Dmitry Kulikov","Niko Mikkola","FLA","11","9.35","2","12","14.29","2","8","20.00","1","6","14.29","0","2","0.00","0.16","0.61","21.00","1","4","20.00","1","2","33.33","0","0","-","0","2","0.00","0","1","0.00","1","11","8.33","0","1","0.00","0.00","66.67","0.667","1","1","3","8","25.00","1","1","6","14.29"
"275","Jakob Chychrun","Rasmus Sandin","WSH","71","9.25","3","7","30.00","2","4","33.33","0","2","0.00","0","1","0.00","0.08","0.3","20.91","2","2","50.00","1","0","100.00","0","0","-","1","2","33.33","0","0","-","2","6","25.00","0","1","0.00","-","50.00","0.50","0","1","5","9","0.00","1","2","6","14.29"
"276","Marcus Pettersson","Tom Willander","VAN","70","9.2166666666667","4","6","40.00","4","5","44.44","3","3","50.00","0","1","0.00","0.12","0.55","17.69","0","2","0.00","0","1","0.00","0","1","0.00","0","1","0.00","0","0","-","3","9","25.00","0","0","-","0.00","66.67","0.667","0","0","7","4","0.00","1","0","10","9.09"
"277","Alex Petrovic","Thomas Harley","DAL","42","9.1666666666667","2","9","18.18","1","6","14.29","1","3","25.00","0","0","-","0.05","0.52","8.18","0","5","0.00","0","2","0.00","0","0","-","0","3","0.00","0","0","-","2","5","28.57","0","0","-","0.00","100.00","1.000","0","1","1","15","0.00","1","1","2","33.33"
"278","Josh Manson","Cale Makar","COL","73","9.1666666666667","3","13","18.75","3","7","30.00","2","6","25.00","0","2","0.00","0.21","1.05","17.02","2","7","22.22","1","4","20.00","0","2","0.00","1","3","25.00","0","0","-","2","10","16.67","0","0","-","0.00","66.67","0.667","0","0","4","14","0.00","1","1","9","10.00"
"279","Roman Josi","Spencer Stastney","NSH","18","9.0833333333333","0","8","0.00","0","6","0.00","0","5","0.00","0","0","-","0","0.58","0.00","0","7","0.00","0","2","0.00","0","0","-","0","5","0.00","0","0","-","0","1","0.00","0","0","-","-","100.00","1.00","0","0","1","4","0.00","0","1","2","0.00"
"280","Oliver Ekman-Larsson","Simon Benoit","TOR","69","9.05","2","21","8.70","2","19","9.52","2","12","14.29","0","1","0.00","0.02","2.72","0.71","0","13","0.00","0","6","0.00","0","0","-","0","7","0.00","0","0","-","1","11","8.33","0","1","0.00","0.00","91.67","0.917","0","2","2","11","0.00","0","2","5","0.00"
"281","Damon Severson","Ivan Provorov","CBJ","71","9","2","18","10.00","1","15","6.25","1","7","12.50","0","0","-","0.06","1.43","4.01","1","13","7.14","0","3","0.00","0","0","-","1","10","9.09","0","0","-","1","10","9.09","0","0","-","0.00","100.00","1.000","0","1","7","10","0.00","0","1","9","0.00"
"282","Noah Hanifin","Jeremy Lauzon","VGK","57","8.9333333333333","0","10","0.00","0","5","0.00","0","5","0.00","0","2","0.00","0","0.57","0.00","0","6","0.00","0","3","0.00","0","1","0.00","0","3","0.00","0","0","-","0","4","0.00","0","1","0.00","-","60.00","0.60","0","0","1","30","0.00","0","0","2","0.00"
"283","Brent Burns","Samuel Girard","COL","40","8.9166666666667","3","16","15.79","3","12","20.00","2","10","16.67","0","1","0.00","0.59","0.82","41.96","3","7","30.00","2","1","66.67","0","0","-","1","6","14.29","0","1","0.00","0","10","0.00","0","0","-","0.00","90.00","0.900","0","1","1","3","0.00","0","2","1","0.00"
"284","Miro Heiskanen","Lian Bichsel","DAL","48","8.9","1","9","10.00","1","8","11.11","0","4","0.00","0","0","-","0.02","0.66","3.09","0","5","0.00","0","2","0.00","0","0","-","0","3","0.00","0","0","-","1","8","11.11","0","0","-","-","100.00","1.00","0","1","3","1","0.00","2","1","5","28.57"
"285","Luke Schenn","Elias Salomonsson","WPG","13","8.8666666666667","1","15","6.25","1","7","12.50","1","4","20.00","0","0","-","0.12","0.66","15.55","1","6","14.29","1","3","25.00","0","0","-","0","3","0.00","0","0","-","0","8","0.00","0","0","-","0.00","100.00","1.000","0","1","3","5","0.00","0","1","3","0.00"
"286","Jake Sanderson","Nikolas Matinpalo","OTT","35","8.8666666666667","0","16","0.00","0","10","0.00","0","8","0.00","0","2","0.00","0","1.34","0.00","0","8","0.00","0","3","0.00","0","1","0.00","0","5","0.00","0","1","0.00","0","11","0.00","0","0","-","-","75.00","0.75","0","3","2","5","0.00","0","5","8","0.00"
"287","Niko Mikkola","Uvis Balinskis","FLA","54","8.8333333333333","3","13","18.75","2","7","22.22","1","2","33.33","0","0","-","0.1","0.39","20.72","1","6","14.29","0","0","-","0","0","-","1","6","14.29","0","0","-","2","8","20.00","0","0","-","0.00","100.00","1.000","0","0","2","4","0.00","0","2","4","0.00"
"288","Damon Severson","Dante Fabbro","CBJ","63","8.8","2","17","10.53","2","15","11.76","1","10","9.09","0","1","0.00","0.13","1.47","8.22","1","9","10.00","0","4","0.00","0","1","0.00","1","5","16.67","0","0","-","1","8","11.11","0","0","-","0.00","90.00","0.900","0","2","2","12","0.00","0","2","3","0.00"
"289","Jeremy Lauzon","Kaedan Korczak","VGK","64","8.7333333333333","4","10","28.57","4","8","33.33","2","7","22.22","0","1","0.00","0.34","0.68","33.63","2","5","28.57","1","2","33.33","0","1","0.00","1","3","25.00","0","0","-","2","9","18.18","0","0","-","0.00","85.71","0.857","0","0","4","6","0.00","0","2","6","0.00"
"290","Victor Hedman","Erik Cernak","T.B","28","8.7","1","11","8.33","0","6","0.00","0","4","0.00","0","0","-","0","0.83","0.00","1","10","9.09","0","4","0.00","0","0","-","1","6","14.29","0","0","-","0","3","0.00","0","0","-","-","100.00","1.00","0","0","1","23","0.00","0","0","2","0.00"
"291","Darnell Nurse","Evan Bouchard","EDM","82","8.6166666666667","4","9","30.77","1","5","16.67","1","4","20.00","0","0","-","0.08","0.33","19.33","1","2","33.33","0","0","-","0","0","-","1","2","33.33","0","0","-","1","9","10.00","0","0","-","0.00","100.00","1.000","0","1","7","12","0.00","0","1","7","0.00"
"292","Henri Jokiharju","Jonathan Aspirot","BOS","28","8.5166666666667","3","13","18.75","3","11","21.43","3","8","27.27","0","1","0.00","0.05","1.32","3.89","0","10","0.00","0","4","0.00","0","0","-","0","6","0.00","0","1","0.00","1","3","25.00","0","0","-","0.00","87.50","0.875","0","0","2","2","0.00","0","0","2","0.00"
"293","Kris Letang","Brett Kulak","PIT","19","8.4666666666667","1","13","7.14","1","7","12.50","1","2","33.33","0","0","-","0.01","0.89","0.64","0","5","0.00","0","5","0.00","0","0","-","0","0","-","0","0","-","0","11","0.00","0","0","-","0.00","100.00","1.000","0","1","3","7","0.00","0","1","8","0.00"
"294","Brent Burns","Sam Malinski","COL","82","8.45","2","14","12.50","2","11","15.38","2","6","25.00","0","0","-","0.2","1.17","14.54","1","8","11.11","0","3","0.00","0","0","-","1","5","16.67","0","0","-","1","7","12.50","0","0","-","0.00","100.00","1.000","0","3","2","13","0.00","1","3","2","33.33"
"295","Mattias Samuelsson","Zach Metsa","BUF","41","8.4166666666667","0","19","0.00","0","11","0.00","0","8","0.00","0","0","-","0","0.96","0.00","0","8","0.00","0","4","0.00","0","0","-","0","4","0.00","0","0","-","0","16","0.00","0","0","-","-","100.00","1.00","0","0","6","2","0.00","0","1","9","0.00"
"296","Wyatt Kaiser","Ethan Del Mastro","CHI","17","8.4166666666667","1","9","10.00","1","9","10.00","1","6","14.29","0","1","0.00","0.18","1.11","14.08","1","7","12.50","0","3","0.00","0","1","0.00","1","4","20.00","0","0","-","0","2","0.00","0","0","-","0.00","83.33","0.833","0","0","1","6","0.00","1","1","1","50.00"
"297","Mattias Samuelsson","Michael Kesselring","BUF","33","8.3833333333333","1","15","6.25","1","9","10.00","0","7","0.00","0","2","0.00","0.08","0.81","8.50","1","6","14.29","0","3","0.00","0","1","0.00","1","3","25.00","0","0","-","0","13","0.00","0","1","0.00","-","71.43","0.71","0","0","4","7","0.00","0","1","6","0.00"
"298","Cam Fowler","Logan Mailloux","STL","67","8.3666666666667","5","11","31.25","5","10","33.33","4","4","50.00","0","0","-","0.12","1.07","10.13","1","9","10.00","1","4","20.00","0","0","-","0","5","0.00","0","0","-","0","3","0.00","0","0","-","0.00","100.00","1.000","0","2","7","10","0.00","0","2","7","0.00"
"299","Jalen Chatfield","Joel Nystrom","CAR","30","8.3333333333333","4","6","40.00","4","6","40.00","4","4","50.00","0","1","0.00","0.11","0.74","13.00","1","3","25.00","0","2","0.00","0","1","0.00","1","1","50.00","0","0","-","1","3","25.00","0","0","-","0.00","75.00","0.750","0","0","2","8","0.00","1","1","2","33.33"
"300","Rasmus Andersson","Jeremy Lauzon","VGK","33","8.2833333333333","2","20","9.09","2","16","11.11","2","11","15.38","0","2","0.00","0.1","1.89","5.10","1","13","7.14","0","9","0.00","0","0","-","1","4","20.00","0","0","-","1","10","9.09","0","2","0.00","0.00","81.82","0.818","0","1","4","21","0.00","0","1","4","0.00"
"301","Spencer Stastney","Adam Wilsby","NSH","20","8.2833333333333","1","15","6.25","1","12","7.69","1","6","14.29","1","1","50.00","0.06","1.95","2.99","1","12","7.69","0","8","0.00","0","1","0.00","1","4","20.00","1","0","100.00","0","3","0.00","0","0","-","100.00","83.33","1.833","0","1","1","9","0.00","0","3","1","0.00"
"302","Carson Soucy","Matthew Robertson","NYR","36","8.2333333333333","3","5","37.50","3","1","75.00","3","1","75.00","0","0","-","0.53","0.04","93.78","2","3","40.00","2","0","100.00","0","0","-","0","3","0.00","0","0","-","0","4","0.00","0","0","-","0.00","100.00","1.000","0","2","2","5","0.00","0","4","6","0.00"
"303","Joel Hanley","Yan Kuznetsov","CGY","48","8.2166666666667","4","7","36.36","3","5","37.50","1","5","16.67","1","0","100.00","0.39","0.46","46.10","2","3","40.00","1","1","50.00","1","0","100.00","1","2","33.33","0","0","-","3","4","42.86","0","0","-","100.00","100.00","2.000","0","0","0","14","-","2","2","0","100.00"
"304","Josh Morrissey","Haydn Fleury","WPG","35","8.15","1","11","8.33","1","9","10.00","0","6","0.00","0","2","0.00","0.12","1.52","7.57","1","7","12.50","1","5","16.67","0","2","0.00","0","2","0.00","0","0","-","0","6","0.00","0","0","-","-","66.67","0.67","0","0","3","10","0.00","0","0","3","0.00"
"305","Kevin Bahl","Yan Kuznetsov","CGY","54","8.15","6","14","30.00","6","12","33.33","6","5","54.55","1","2","33.33","0.58","1.72","25.24","3","12","20.00","3","9","25.00","1","1","50.00","0","3","0.00","0","1","0.00","0","6","0.00","0","0","-","16.67","60.00","0.767","0","2","3","24","0.00","0","4","4","0.00"
"306","Wyatt Kaiser","Sam Rinzel","CHI","51","8.15","1","15","6.25","0","12","0.00","0","7","0.00","0","1","0.00","0","1.85","0.00","1","11","8.33","0","5","0.00","0","0","-","1","6","14.29","0","1","0.00","0","4","0.00","0","0","-","-","85.71","0.86","0","0","1","6","0.00","0","0","1","0.00"
"307","Jalen Chatfield","Sean Walker","CAR","72","8.05","3","10","23.08","3","8","27.27","2","6","25.00","0","0","-","0.37","0.81","31.68","2","2","50.00","1","1","50.00","0","0","-","1","1","50.00","0","0","-","0","8","0.00","0","0","-","0.00","100.00","1.000","0","0","3","21","0.00","0","0","5","0.00"
"308","Matt Kiersted","Viking Gustafsson-Nyberg","MIN","2","7.9833333333333","1","15","6.25","1","13","7.14","1","9","10.00","0","1","0.00","0.01","0.99","0.79","0","8","0.00","0","1","0.00","0","0","-","0","7","0.00","0","1","0.00","0","8","0.00","0","0","-","0.00","88.89","0.889","0","2","2","3","0.00","0","2","3","0.00"
"309","Brian Dumoulin","Joel Edmundson","L.A","82","7.85","3","5","37.50","3","5","37.50","2","2","50.00","0","0","-","0.27","0.41","40.18","3","2","60.00","1","2","33.33","0","0","-","2","0","100.00","0","0","-","0","3","0.00","0","0","-","0.00","100.00","1.000","1","1","0","24","100.00","1","3","0","100.00"
"310","Tyler Myers","Thomas Harley","DAL","16","7.8166666666667","3","6","33.33","3","4","42.86","3","3","50.00","1","1","50.00","0.18","0.67","21.16","2","3","40.00","0","2","0.00","0","1","0.00","2","1","66.67","1","0","100.00","1","4","20.00","0","0","-","33.33","66.67","1.000","0","0","2","8","0.00","1","2","2","33.33"
"311","John Carlson","Olen Zellweger","ANA","11","7.8166666666667","0","13","0.00","0","9","0.00","0","7","0.00","0","0","-","0","0.89","0.00","0","7","0.00","0","4","0.00","0","0","-","0","3","0.00","0","0","-","0","8","0.00","0","0","-","-","100.00","1.00","1","1","2","6","33.33","1","2","3","25.00"
"312","Brian Dumoulin","Mikey Anderson","L.A","80","7.7666666666667","4","9","30.77","4","4","50.00","3","2","60.00","0","0","-","0.21","0.36","36.89","3","5","37.50","0","1","0.00","0","0","-","3","4","42.86","0","0","-","0","4","0.00","0","0","-","0.00","100.00","1.000","0","0","0","32","-","0","0","0","-"
"313","Kris Letang","Samuel Girard","PIT","19","7.75","2","18","10.00","2","10","16.67","1","8","11.11","0","2","0.00","0.44","1.2","26.98","2","14","12.50","2","5","28.57","0","2","0.00","0","9","0.00","0","0","-","0","4","0.00","0","0","-","0.00","75.00","0.750","0","1","1","9","0.00","0","1","1","0.00"
"314","Timothy Liljegren","Shakir Mukhamadullin","S.J","17","7.7333333333333","2","16","11.11","2","13","13.33","2","9","18.18","1","0","100.00","0.52","1.87","21.78","2","8","20.00","2","5","28.57","1","0","100.00","0","3","0.00","0","0","-","0","6","0.00","0","0","-","50.00","100.00","1.500","0","1","0","6","-","0","3","0","-"
"315","John Carlson","Rasmus Sandin","WSH","48","7.7","2","15","11.76","2","12","14.29","2","6","25.00","0","1","0.00","0.06","1.89","3.04","1","9","10.00","0","3","0.00","0","1","0.00","1","6","14.29","0","0","-","0","10","0.00","0","0","-","0.00","83.33","0.833","0","0","3","9","0.00","0","0","4","0.00"
"316","Cody Ceci","Mikey Anderson","L.A","80","7.6833333333333","1","21","4.55","1","19","5.00","0","14","0.00","0","3","0.00","0.11","3","3.64","1","14","6.67","1","10","9.09","0","2","0.00","0","4","0.00","0","0","-","0","12","0.00","0","1","0.00","-","78.57","0.79","0","0","3","23","0.00","0","0","6","0.00"
"317","Tyler Tucker","Philip Broberg","STL","68","7.6833333333333","3","7","30.00","3","6","33.33","2","3","40.00","0","1","0.00","0.08","0.7","10.49","1","5","16.67","0","3","0.00","0","0","-","1","2","33.33","0","1","0.00","0","2","0.00","0","0","-","0.00","66.67","0.667","0","0","0","25","-","0","0","0","-"
"318","Radko Gudas","Ian Moore","ANA","41","7.65","2","6","25.00","2","3","40.00","2","2","50.00","1","0","100.00","0.21","0.15","58.03","2","0","100.00","1","0","100.00","1","0","100.00","1","0","100.00","0","0","-","0","5","0.00","0","0","-","50.00","100.00","1.500","1","1","1","9","50.00","1","1","1","50.00"
"319","Olli Maatta","Joel Hanley","CGY","10","7.65","2","15","11.76","2","9","18.18","1","6","14.29","0","1","0.00","0.1","0.9","10.10","1","8","11.11","1","4","20.00","0","0","-","0","4","0.00","0","0","-","2","7","22.22","0","1","0.00","0.00","83.33","0.833","0","0","2","5","0.00","1","1","3","25.00"
"320","Dmitry Orlov","Sam Dickinson","S.J","72","7.6333333333333","0","13","0.00","0","8","0.00","0","6","0.00","0","1","0.00","0","1","0.00","0","8","0.00","0","3","0.00","0","1","0.00","0","5","0.00","0","0","-","0","6","0.00","0","0","-","-","83.33","0.83","0","0","3","4","0.00","0","1","3","0.00"
"321","Olli Maatta","Yan Kuznetsov","CGY","10","7.6333333333333","3","8","27.27","2","7","22.22","2","6","25.00","1","2","33.33","0.39","0.69","35.80","3","2","60.00","2","1","66.67","1","0","100.00","1","1","50.00","0","0","-","0","9","0.00","0","2","0.00","50.00","66.67","1.167","0","0","3","4","0.00","0","0","5","0.00"
"322","Timothy Liljegren","Sam Dickinson","S.J","34","7.6333333333333","2","11","15.38","2","8","20.00","1","5","16.67","0","2","0.00","0.1","1.24","7.44","1","9","10.00","0","3","0.00","0","0","-","1","6","14.29","0","2","0.00","0","5","0.00","0","0","-","0.00","60.00","0.600","0","0","4","5","0.00","0","0","3","0.00"
"323","Mike Matheson","Lane Hutson","MTL","78","7.6","2","10","16.67","2","9","18.18","2","4","33.33","0","0","-","0.09","0.88","8.77","1","4","20.00","1","0","100.00","0","0","-","0","4","0.00","0","0","-","0","7","0.00","0","0","-","0.00","100.00","1.000","0","0","0","3","-","0","1","2","0.00"
"324","Tyler Kleven","Jake Sanderson","OTT","57","7.6","2","8","20.00","1","4","20.00","0","2","0.00","0","0","-","0.11","0.38","22.28","2","5","28.57","1","0","100.00","0","0","-","1","5","16.67","0","0","-","0","7","0.00","0","0","-","-","100.00","1.00","0","1","7","11","0.00","0","1","9","0.00"
"325","Mike Reilly","Sean Walker","CAR","41","7.55","2","12","14.29","2","11","15.38","2","6","25.00","1","2","33.33","0.14","1.07","11.51","1","10","9.09","1","3","25.00","1","1","50.00","0","7","0.00","0","1","0.00","1","4","20.00","0","0","-","50.00","66.67","1.167","0","0","6","7","0.00","0","1","7","0.00"
"326","Matt Grzelcyk","Louis Crevier","CHI","65","7.5333333333333","2","12","14.29","2","9","18.18","2","7","22.22","1","1","50.00","0.26","1.45","15.00","2","9","18.18","2","5","28.57","1","0","100.00","0","4","0.00","0","1","0.00","0","3","0.00","0","0","-","50.00","85.71","1.357","0","0","1","15","0.00","0","0","2","0.00"
"327","Ryan Lindgren","Josh Mahura","SEA","20","7.5333333333333","1","12","7.69","1","7","12.50","1","4","20.00","0","1","0.00","0.13","0.58","18.60","1","6","14.29","1","0","100.00","0","0","-","0","6","0.00","0","1","0.00","0","8","0.00","0","0","-","0.00","75.00","0.750","0","0","3","4","0.00","0","1","4","0.00"
"328","Alex Vlasic","Wyatt Kaiser","CHI","76","7.5333333333333","1","8","11.11","1","7","12.50","1","7","12.50","0","2","0.00","0.14","0.81","14.83","1","6","14.29","0","4","0.00","0","1","0.00","1","2","33.33","0","1","0.00","0","8","0.00","0","0","-","0.00","71.43","0.714","0","0","2","5","0.00","0","0","9","0.00"
"329","Travis Sanheim","Noah Juulsen","PHI","51","7.5166666666667","2","8","20.00","2","6","25.00","0","3","0.00","0","1","0.00","0.19","0.64","22.44","2","5","28.57","1","0","100.00","0","0","-","1","5","16.67","0","1","0.00","0","4","0.00","0","0","-","-","66.67","0.67","0","0","0","16","-","0","0","3","0.00"
"330","Nick Leddy","Shakir Mukhamadullin","S.J","16","7.4666666666667","0","12","0.00","0","10","0.00","0","3","0.00","0","0","-","0","1.15","0.00","0","7","0.00","0","4","0.00","0","0","-","0","3","0.00","0","0","-","0","9","0.00","0","0","-","-","100.00","1.00","1","0","5","7","16.67","1","0","5","16.67"
"331","Zach Whitecloud","Yan Kuznetsov","CGY","20","7.4666666666667","3","11","21.43","2","8","20.00","2","3","40.00","0","1","0.00","0.03","1.09","2.64","1","7","12.50","0","2","0.00","0","1","0.00","1","5","16.67","0","0","-","1","9","10.00","0","0","-","0.00","66.67","0.667","0","0","6","4","0.00","0","0","8","0.00"
"332","Alexander Romanov","Matthew Schaefer","NYI","15","7.45","3","19","13.64","3","14","17.65","2","7","22.22","0","0","-","0.2","1.71","10.58","2","12","14.29","1","6","14.29","0","0","-","1","6","14.29","0","0","-","0","8","0.00","0","0","-","0.00","100.00","1.000","1","1","2","5","33.33","1","1","4","20.00"
"333","K'Andre Miller","Alexander Nikishin","CAR","71","7.4333333333333","3","6","33.33","0","5","0.00","0","4","0.00","0","0","-","0","0.48","0.00","1","3","25.00","0","1","0.00","0","0","-","1","2","33.33","0","0","-","1","4","20.00","0","0","-","-","100.00","1.00","0","0","1","9","0.00","0","0","1","0.00"
"334","Mattias Ekholm","Darnell Nurse","EDM","82","7.3666666666667","7","15","31.82","7","12","36.84","7","11","38.89","1","1","50.00","0.63","1.12","36.15","4","9","30.77","3","0","100.00","1","0","100.00","1","9","10.00","0","1","0.00","2","10","16.67","0","0","-","14.29","90.91","1.052","0","1","3","23","0.00","0","1","8","0.00"
"335","Dmitry Kulikov","Gustav Forsling","FLA","18","7.3","1","13","7.14","1","12","7.69","1","10","9.09","0","1","0.00","0.1","1.53","6.21","1","9","10.00","1","3","25.00","0","0","-","0","6","0.00","0","1","0.00","0","6","0.00","0","0","-","0.00","90.00","0.900","0","0","3","6","0.00","0","0","6","0.00"
"336","Cale Makar","Sam Malinski","COL","75","7.2333333333333","3","9","25.00","3","6","33.33","3","5","37.50","0","1","0.00","0.23","0.5","31.96","1","3","25.00","0","1","0.00","0","0","-","1","2","33.33","0","1","0.00","2","5","28.57","0","0","-","0.00","80.00","0.800","0","1","0","11","-","0","2","0","-"
"337","Noah Juulsen","Adam Ginning","PHI","5","7.2166666666667","0","16","0.00","0","11","0.00","0","6","0.00","0","1","0.00","0","1.18","0.00","0","11","0.00","0","4","0.00","0","0","-","0","7","0.00","0","0","-","0","5","0.00","0","1","0.00","-","83.33","0.83","0","0","1","6","0.00","0","0","2","0.00"
"338","Dylan DeMelo","Haydn Fleury","WPG","38","7.1833333333333","3","9","25.00","3","5","37.50","2","4","33.33","0","1","0.00","0.25","0.77","24.32","2","4","33.33","1","3","25.00","0","1","0.00","1","1","50.00","0","0","-","1","9","10.00","0","0","-","0.00","75.00","0.750","0","0","3","12","0.00","0","0","6","0.00"
"339","Nikita Zadorov","Henri Jokiharju","BOS","40","7.1833333333333","0","12","0.00","0","12","0.00","0","9","0.00","0","0","-","0","1.49","0.00","0","8","0.00","0","3","0.00","0","0","-","0","5","0.00","0","0","-","0","8","0.00","0","0","-","-","100.00","1.00","0","0","2","9","0.00","0","1","7","0.00"
"340","Carson Soucy","Vladislav Gavrikov","NYR","46","7.1666666666667","1","11","8.33","1","10","9.09","1","7","12.50","0","0","-","0","1.83","0.01","0","9","0.00","0","5","0.00","0","0","-","0","4","0.00","0","0","-","0","4","0.00","0","0","-","0.00","100.00","1.000","0","0","1","28","0.00","0","0","3","0.00"
"341","William Borgen","Adam Fox","NYR","48","7.0833333333333","2","9","18.18","2","8","20.00","1","5","16.67","0","1","0.00","0.97","0.55","64.06","1","8","11.11","1","1","50.00","0","0","-","0","7","0.00","0","1","0.00","2","4","33.33","0","0","-","0.00","80.00","0.800","0","0","3","10","0.00","1","0","5","16.67"
"342","Ben Chiarot","Simon Edvinsson","DET","72","7.0333333333333","4","10","28.57","4","9","30.77","3","7","30.00","1","0","100.00","0.73","1.23","37.27","3","6","33.33","3","6","33.33","1","0","100.00","0","0","-","0","0","-","1","5","16.67","0","0","-","33.33","100.00","1.333","0","0","0","27","-","0","0","1","0.00"
"343","Darren Raddysh","Declan Carlile","T.B","39","7.0166666666667","3","7","30.00","3","6","33.33","2","3","40.00","0","0","-","0.22","0.63","25.81","1","5","16.67","1","2","33.33","0","0","-","0","3","0.00","0","0","-","1","3","25.00","0","0","-","0.00","100.00","1.000","0","0","1","4","0.00","0","0","2","0.00"
"344","Dougie Hamilton","Luke Hughes","N.J","63","7","7","7","50.00","7","4","63.64","7","2","77.78","1","0","100.00","0.77","0.28","73.67","6","4","60.00","4","1","80.00","1","0","100.00","2","3","40.00","0","0","-","0","4","0.00","0","0","-","14.29","100.00","1.143","0","1","1","11","0.00","0","1","1","0.00"
"345","Thomas Chabot","Nikolas Matinpalo","OTT","25","6.9833333333333","4","9","30.77","3","5","37.50","3","3","50.00","1","1","50.00","0.15","0.51","22.61","2","6","25.00","0","1","0.00","0","0","-","2","5","28.57","1","1","50.00","1","2","33.33","0","0","-","33.33","66.67","1.000","0","2","1","5","0.00","0","2","1","0.00"
"346","Brayden McNabb","Kaedan Korczak","VGK","59","6.9666666666667","3","14","17.65","3","11","21.43","2","7","22.22","0","2","0.00","0.3","1.05","21.98","1","10","9.09","1","3","25.00","0","1","0.00","0","7","0.00","0","1","0.00","2","10","16.67","0","0","-","0.00","71.43","0.714","0","0","9","5","0.00","0","0","9","0.00"
"347","Adam Fox","Braden Schneider","NYR","55","6.95","0","9","0.00","0","6","0.00","0","3","0.00","0","0","-","0","0.55","0.00","0","4","0.00","0","2","0.00","0","0","-","0","2","0.00","0","0","-","0","9","0.00","0","0","-","-","100.00","1.00","0","1","3","10","0.00","0","2","4","0.00"
"348","Miro Heiskanen","Thomas Harley","DAL","65","6.9333333333333","1","11","8.33","1","9","10.00","0","7","0.00","0","1","0.00","0.05","1.35","3.70","0","6","0.00","0","3","0.00","0","0","-","0","3","0.00","0","0","-","1","7","12.50","0","1","0.00","-","85.71","0.86","0","0","0","6","-","0","0","6","0.00"
"349","Jackson LaCombe","Ian Moore","ANA","67","6.9333333333333","1","11","8.33","0","7","0.00","0","6","0.00","0","1","0.00","0","1.51","0.00","0","8","0.00","0","6","0.00","0","1","0.00","0","2","0.00","0","0","-","1","5","16.67","0","0","-","-","83.33","0.83","0","1","2","9","0.00","0","2","5","0.00"
"350","Radko Gudas","Jacob Trouba","ANA","55","6.9","0","13","0.00","0","10","0.00","0","8","0.00","0","1","0.00","0","0.95","0.00","0","8","0.00","0","2","0.00","0","0","-","0","6","0.00","0","0","-","0","6","0.00","0","1","0.00","-","87.50","0.88","0","0","2","18","0.00","0","1","3","0.00"
"351","Hampus Lindholm","Jonathan Aspirot","BOS","54","6.9","3","9","25.00","3","6","33.33","2","6","25.00","0","0","-","0.2","1.08","15.55","1","7","12.50","0","4","0.00","0","0","-","1","3","25.00","0","0","-","3","3","50.00","0","0","-","0.00","100.00","1.000","1","0","0","9","100.00","2","0","1","66.67"
"352","Shea Theodore","Noah Hanifin","VGK","60","6.8333333333333","3","11","21.43","2","9","18.18","0","2","0.00","0","0","-","0.26","0.8","24.45","3","5","37.50","1","1","50.00","0","0","-","2","4","33.33","0","0","-","0","8","0.00","0","0","-","-","100.00","1.00","0","0","2","13","0.00","0","0","3","0.00"
"353","Johnathan Kovacevic","Luke Hughes","N.J","20","6.8","4","8","33.33","3","5","37.50","3","2","60.00","0","0","-","0.2","0.38","34.89","2","2","50.00","0","0","-","0","0","-","2","2","50.00","0","0","-","3","7","30.00","0","0","-","0.00","100.00","1.000","1","1","3","4","25.00","1","1","3","25.00"
"354","Urho Vaakanainen","Braden Schneider","NYR","34","6.7666666666667","1","14","6.67","1","10","9.09","0","6","0.00","0","0","-","0.07","1.06","6.05","0","9","0.00","0","4","0.00","0","0","-","0","5","0.00","0","0","-","1","8","11.11","0","0","-","-","100.00","1.00","0","1","3","4","0.00","0","1","3","0.00"
"355","K'Andre Miller","Joel Nystrom","CAR","29","6.7666666666667","1","7","12.50","1","4","20.00","0","3","0.00","0","1","0.00","0.01","0.34","1.74","0","4","0.00","0","1","0.00","0","0","-","0","3","0.00","0","1","0.00","0","8","0.00","0","0","-","-","66.67","0.67","0","1","7","5","0.00","0","1","8","0.00"
"356","Jamie Oleksiak","Cale Fleury","SEA","21","6.75","1","11","8.33","0","9","0.00","0","7","0.00","0","1","0.00","0","0.82","0.00","0","7","0.00","0","3","0.00","0","1","0.00","0","4","0.00","0","0","-","1","7","12.50","0","0","-","-","85.71","0.86","0","0","1","10","0.00","0","0","3","0.00"
"357","Brett Pesce","Jonas Siegenthaler","N.J","37","6.7166666666667","1","14","6.67","1","11","8.33","0","7","0.00","0","2","0.00","0.1","1.59","5.67","1","8","11.11","1","4","20.00","0","1","0.00","0","4","0.00","0","0","-","0","8","0.00","0","1","0.00","-","71.43","0.71","0","1","3","5","0.00","0","1","6","0.00"
"358","Roman Josi","Nick Perbix","NSH","65","6.7","2","12","14.29","1","7","12.50","0","4","0.00","0","0","-","0.06","0.68","7.72","0","7","0.00","0","4","0.00","0","0","-","0","3","0.00","0","0","-","1","10","9.09","0","0","-","-","100.00","1.00","0","0","3","29","0.00","0","0","8","0.00"
"359","Nick Leddy","Dmitry Orlov","S.J","32","6.65","0","13","0.00","0","10","0.00","0","6","0.00","0","1","0.00","0","0.88","0.00","0","7","0.00","0","2","0.00","0","0","-","0","5","0.00","0","1","0.00","0","8","0.00","0","0","-","-","83.33","0.83","0","1","3","7","0.00","0","1","5","0.00"
"360","Joel Hanley","Kevin Bahl","CGY","67","6.6166666666667","2","11","15.38","2","8","20.00","1","5","16.67","0","1","0.00","0.35","1.24","22.22","1","6","14.29","1","3","25.00","0","1","0.00","0","3","0.00","0","0","-","1","6","14.29","0","0","-","0.00","80.00","0.800","0","1","1","26","0.00","0","1","2","0.00"
"361","Morgan Rielly","Philippe Myers","TOR","35","6.5833333333333","2","11","15.38","1","10","9.09","1","6","14.29","1","3","25.00","0.05","1.47","3.35","0","9","0.00","0","5","0.00","0","2","0.00","0","4","0.00","0","1","0.00","2","4","33.33","1","0","100.00","100.00","50.00","1.500","0","0","1","8","0.00","0","2","2","0.00"
"362","Nick Leddy","Sam Dickinson","S.J","28","6.5666666666667","2","12","14.29","2","11","15.38","2","10","16.67","0","2","0.00","0.1","0.93","9.49","1","9","10.00","1","4","20.00","0","1","0.00","0","5","0.00","0","1","0.00","0","5","0.00","0","0","-","0.00","80.00","0.800","0","0","3","3","0.00","0","0","4","0.00"
"363","Charlie McAvoy","Andrew Peeke","BOS","64","6.5666666666667","1","7","12.50","1","6","14.29","1","6","14.29","0","1","0.00","0.11","0.59","15.26","1","3","25.00","1","2","33.33","0","0","-","0","1","0.00","0","1","0.00","0","6","0.00","0","0","-","0.00","83.33","0.833","0","0","2","21","0.00","0","0","3","0.00"
"364","Connor Murphy","Matt Grzelcyk","CHI","60","6.4833333333333","3","5","37.50","3","3","50.00","2","2","50.00","0","0","-","0.23","0.12","65.29","2","1","66.67","2","0","100.00","0","0","-","0","1","0.00","0","0","-","0","6","0.00","0","0","-","0.00","100.00","1.000","0","0","0","8","-","0","1","2","0.00"
"365","Charlie McAvoy","Jonathan Aspirot","BOS","48","6.45","2","15","11.76","2","11","15.38","1","6","14.29","1","1","50.00","0.26","1.48","14.90","1","10","9.09","1","8","11.11","1","1","50.00","0","2","0.00","0","0","-","1","9","10.00","0","0","-","100.00","83.33","1.833","0","0","4","4","0.00","0","0","8","0.00"
"366","Alexandre Carrier","Lane Hutson","MTL","73","6.4333333333333","1","9","10.00","1","5","16.67","1","4","20.00","0","1","0.00","0","0.83","0.09","0","6","0.00","0","3","0.00","0","1","0.00","0","3","0.00","0","0","-","0","5","0.00","0","0","-","0.00","75.00","0.750","0","0","3","6","0.00","0","1","3","0.00"
"367","Alex Petrovic","Lian Bichsel","DAL","27","6.4166666666667","1","11","8.33","1","9","10.00","0","6","0.00","0","0","-","0.06","0.79","7.00","0","3","0.00","0","2","0.00","0","0","-","0","1","0.00","0","0","-","1","12","7.69","0","0","-","-","100.00","1.00","0","1","4","6","0.00","0","1","7","0.00"
"368","Erik Gudbranson","Zach Werenski","CBJ","34","6.3833333333333","0","12","0.00","0","12","0.00","0","7","0.00","0","1","0.00","0","0.99","0.00","0","8","0.00","0","2","0.00","0","0","-","0","6","0.00","0","1","0.00","0","9","0.00","0","0","-","-","85.71","0.86","0","0","5","3","0.00","0","1","7","0.00"
"369","Adam Larsson","Ryker Evans","SEA","67","6.35","0","6","0.00","0","6","0.00","0","4","0.00","0","2","0.00","0","0.81","0.00","0","6","0.00","0","2","0.00","0","1","0.00","0","4","0.00","0","1","0.00","0","3","0.00","0","0","-","-","50.00","0.50","0","0","1","19","0.00","0","1","5","0.00"
"370","Brett Kulak","Cale Makar","COL","20","6.3333333333333","2","13","13.33","2","10","16.67","2","3","40.00","0","1","0.00","0.21","1.29","14.10","2","7","22.22","2","4","33.33","0","0","-","0","3","0.00","0","0","-","0","9","0.00","0","1","0.00","0.00","66.67","0.667","0","0","3","6","0.00","1","0","4","20.00"
"371","Adam Fox","Matthew Robertson","NYR","45","6.3166666666667","0","9","0.00","0","8","0.00","0","4","0.00","0","1","0.00","0","0.97","0.00","0","6","0.00","0","4","0.00","0","1","0.00","0","2","0.00","0","0","-","0","4","0.00","0","0","-","-","75.00","0.75","0","0","1","9","0.00","0","1","1","0.00"
"372","Nick Jensen","Nikolas Matinpalo","OTT","29","6.3","1","8","11.11","1","7","12.50","1","5","16.67","0","2","0.00","0.07","0.77","8.45","0","4","0.00","0","1","0.00","0","1","0.00","0","3","0.00","0","1","0.00","1","4","20.00","0","0","-","0.00","60.00","0.600","0","0","0","5","-","0","2","0","-"
"373","Dmitry Kulikov","Seth Jones","FLA","12","6.2666666666667","3","5","37.50","3","5","37.50","2","1","66.67","0","0","-","0.06","0.48","10.60","0","3","0.00","0","2","0.00","0","0","-","0","1","0.00","0","0","-","1","4","20.00","0","0","-","0.00","100.00","1.000","0","1","3","6","0.00","0","1","4","0.00"
"374","Connor Clifton","Ryan Graves","PIT","16","6.2666666666667","1","11","8.33","1","7","12.50","1","4","20.00","1","0","100.00","0.14","0.76","15.84","1","7","12.50","0","3","0.00","0","0","-","1","4","20.00","1","0","100.00","0","9","0.00","0","0","-","100.00","100.00","2.000","0","0","3","6","0.00","0","1","7","0.00"
"375","Noah Dobson","Arber Xhekaj","MTL","63","6.2666666666667","0","6","0.00","0","3","0.00","0","2","0.00","0","1","0.00","0","0.43","0.00","0","4","0.00","0","3","0.00","0","1","0.00","0","1","0.00","0","0","-","0","2","0.00","0","0","-","-","50.00","0.50","0","0","1","4","0.00","0","1","1","0.00"
"376","Jake Walman","Ty Emberson","EDM","43","6.2333333333333","3","6","33.33","3","6","33.33","3","2","60.00","0","0","-","0.13","0.72","15.18","1","5","16.67","0","3","0.00","0","0","-","1","2","33.33","0","0","-","1","1","50.00","0","0","-","0.00","100.00","1.000","0","0","1","10","0.00","0","1","2","0.00"
"377","Nick Perbix","Adam Wilsby","NSH","55","6.2333333333333","0","6","0.00","0","6","0.00","0","5","0.00","0","0","-","0","0.67","0.00","0","4","0.00","0","3","0.00","0","0","-","0","1","0.00","0","0","-","0","5","0.00","0","0","-","-","100.00","1.00","0","0","0","7","-","0","0","5","0.00"
"378","Jake Walman","Evan Bouchard","EDM","53","6.2166666666667","6","3","66.67","6","3","66.67","4","1","80.00","1","0","100.00","0.42","0.25","62.71","4","1","80.00","0","0","-","0","0","-","4","1","80.00","0","0","-","2","3","40.00","1","0","100.00","25.00","100.00","1.250","1","0","1","16","50.00","1","0","1","50.00"
"379","Ryan McDonagh","Emil Martinsen Lilleberg","T.B","32","6.1666666666667","0","14","0.00","0","12","0.00","0","9","0.00","0","1","0.00","0","1.6","0.00","0","10","0.00","0","4","0.00","0","0","-","0","6","0.00","0","0","-","0","5","0.00","0","1","0.00","-","88.89","0.89","0","1","0","4","-","0","2","2","0.00"
"380","Brett Pesce","Luke Hughes","N.J","27","6.1666666666667","2","5","28.57","2","1","66.67","2","1","66.67","0","0","-","0.02","0.05","26.91","0","1","0.00","0","0","-","0","0","-","0","1","0.00","0","0","-","1","7","12.50","0","0","-","0.00","100.00","1.000","0","3","4","3","0.00","0","4","6","0.00"
"381","Mike Reilly","Alexander Nikishin","CAR","41","6.15","4","6","40.00","4","4","50.00","2","3","40.00","1","0","100.00","0.35","0.17","67.31","2","3","40.00","2","1","66.67","1","0","100.00","0","2","0.00","0","0","-","2","3","40.00","0","0","-","50.00","100.00","1.500","1","2","0","7","100.00","1","2","0","100.00"
"382","Jeff Petry","Gustav Forsling","FLA","58","6.1","2","7","22.22","2","7","22.22","2","5","28.57","0","0","-","0.28","0.58","32.68","2","2","50.00","2","2","50.00","0","0","-","0","0","-","0","0","-","0","7","0.00","0","0","-","0.00","100.00","1.000","0","0","0","11","-","0","1","2","0.00"
"383","Trevor van Riemsdyk","Jakob Chychrun","WSH","66","6.1","1","4","20.00","1","3","25.00","0","1","0.00","0","0","-","0.04","0.3","11.06","0","2","0.00","0","2","0.00","0","0","-","0","0","-","0","0","-","1","2","33.33","0","0","-","-","100.00","1.00","1","0","0","3","100.00","1","0","1","50.00"
"384","Thomas Chabot","Jake Sanderson","OTT","49","6.1","4","6","40.00","3","3","50.00","3","3","50.00","0","0","-","0.21","0.32","39.84","2","3","40.00","0","2","0.00","0","0","-","2","1","66.67","0","0","-","1","3","25.00","0","0","-","0.00","100.00","1.000","0","2","2","27","0.00","0","2","2","0.00"
"385","Adam Wilsby","Nick Blankenburg","NSH","33","6.0833333333333","2","8","20.00","2","5","28.57","2","3","40.00","0","0","-","0.06","0.44","11.41","1","4","20.00","0","2","0.00","0","0","-","1","2","33.33","0","0","-","0","8","0.00","0","0","-","0.00","100.00","1.000","0","1","4","10","0.00","0","2","5","0.00"
"386","Victor Hedman","Emil Martinsen Lilleberg","T.B","21","6.0666666666667","1","4","20.00","1","3","25.00","0","3","0.00","0","2","0.00","0.9","0.27","76.90","1","2","33.33","0","1","0.00","0","0","-","1","1","50.00","0","1","0.00","0","1","0.00","0","1","0.00","-","33.33","0.33","0","0","1","8","0.00","0","2","1","0.00"
"387","Nick Jensen","Jake Sanderson","OTT","59","6.0333333333333","1","6","14.29","1","4","20.00","1","3","25.00","0","0","-","0.09","0.36","19.05","1","4","20.00","1","2","33.33","0","0","-","0","2","0.00","0","0","-","0","1","0.00","0","0","-","0.00","100.00","1.000","0","0","2","18","0.00","0","1","2","0.00"
"388","Justin Faulk","Colton Parayko","STL","58","5.9666666666667","1","4","20.00","1","3","25.00","0","3","0.00","0","1","0.00","0.02","0.58","2.72","0","2","0.00","0","2","0.00","0","1","0.00","0","0","-","0","0","-","1","2","33.33","0","0","-","-","66.67","0.67","0","0","0","32","-","0","0","1","0.00"
"389","Philip Broberg","Matthew Kessel","STL","28","5.95","0","5","0.00","0","3","0.00","0","1","0.00","0","0","-","0","0.24","0.00","0","3","0.00","0","1","0.00","0","0","-","0","2","0.00","0","0","-","0","4","0.00","0","0","-","-","100.00","1.00","0","0","4","1","0.00","0","0","4","0.00"
"390","Olli Maatta","Brayden Pachal","CGY","11","5.9333333333333","3","9","25.00","3","9","25.00","3","6","33.33","0","2","0.00","0.25","1.01","19.62","2","6","25.00","1","3","25.00","0","1","0.00","1","3","25.00","0","1","0.00","2","6","25.00","0","0","-","0.00","66.67","0.667","0","0","3","6","0.00","2","0","4","33.33"
"391","Kris Letang","Caleb Jones","PIT","7","5.8833333333333","2","13","13.33","2","9","18.18","2","7","22.22","0","1","0.00","0.11","1.09","8.84","1","10","9.09","0","4","0.00","0","1","0.00","1","6","14.29","0","0","-","0","4","0.00","0","0","-","0.00","85.71","0.857","0","0","1","7","0.00","0","0","4","0.00"
"392","Vincent Iorio","Sam Dickinson","S.J","18","5.8833333333333","4","9","30.77","4","8","33.33","4","6","40.00","0","0","-","0.64","1.22","34.34","4","6","40.00","2","3","40.00","0","0","-","2","3","40.00","0","0","-","0","4","0.00","0","0","-","0.00","100.00","1.000","0","0","0","3","-","1","0","1","50.00"
"393","Matt Grzelcyk","Wyatt Kaiser","CHI","64","5.8666666666667","3","4","42.86","2","2","50.00","2","1","66.67","0","0","-","0.07","0.24","22.12","1","4","20.00","0","1","0.00","0","0","-","1","3","25.00","0","0","-","1","0","100.00","0","0","-","0.00","100.00","1.000","1","0","0","9","100.00","2","0","0","100.00"
"394","Brendan Smith","Dante Fabbro","CBJ","15","5.8166666666667","0","7","0.00","0","6","0.00","0","4","0.00","0","1","0.00","0","0.61","0.00","0","4","0.00","0","2","0.00","0","0","-","0","2","0.00","0","1","0.00","0","5","0.00","0","0","-","-","75.00","0.75","0","0","3","4","0.00","0","0","4","0.00"
"395","Josh Morrissey","Logan Stanley","WPG","55","5.7833333333333","2","10","16.67","2","7","22.22","0","4","0.00","0","1","0.00","0.5","1.15","30.31","0","6","0.00","0","5","0.00","0","1","0.00","0","1","0.00","0","0","-","1","6","14.29","0","0","-","-","75.00","0.75","0","1","2","4","0.00","0","1","2","0.00"
"396","Rasmus Ristolainen","Cam York","PHI","44","5.75","2","12","14.29","2","10","16.67","2","9","18.18","0","2","0.00","0.07","1.52","4.23","1","9","10.00","0","2","0.00","0","0","-","1","7","12.50","0","2","0.00","0","5","0.00","0","0","-","0.00","77.78","0.778","0","0","2","16","0.00","0","0","4","0.00"
"397","Cam Fowler","Philip Broberg","STL","81","5.7","1","5","16.67","1","3","25.00","1","1","50.00","0","0","-","0.02","0.6","3.56","0","3","0.00","0","1","0.00","0","0","-","0","2","0.00","0","0","-","1","2","33.33","0","0","-","0.00","100.00","1.000","0","0","0","23","-","0","0","0","-"
"398","Josh Manson","Sam Malinski","COL","79","5.65","1","6","14.29","1","5","16.67","1","5","16.67","0","2","0.00","0.06","0.58","10.09","0","4","0.00","0","3","0.00","0","1","0.00","0","1","0.00","0","1","0.00","2","2","50.00","0","0","-","0.00","60.00","0.600","0","0","2","4","0.00","1","1","4","20.00"
"399","Derek Forbort","Filip Hronek","VAN","2","5.6166666666667","1","6","14.29","1","4","20.00","1","3","25.00","0","0","-","0.09","0.58","13.64","1","6","14.29","0","2","0.00","0","0","-","1","4","20.00","0","0","-","0","3","0.00","0","0","-","0.00","100.00","1.000","0","0","5","3","0.00","0","1","5","0.00"
"400","Filip Hronek","Pierre-Olivier Joseph","VAN","31","5.6","3","8","27.27","2","7","22.22","1","7","12.50","0","1","0.00","0.09","0.65","11.88","1","4","20.00","0","2","0.00","0","1","0.00","1","2","33.33","0","0","-","2","5","28.57","0","0","-","0.00","85.71","0.857","0","1","3","5","0.00","1","3","4","20.00"
"401","Kris Letang","Parker Wotherspoon","PIT","74","5.5666666666667","1","6","14.29","1","3","25.00","1","1","50.00","0","1","0.00","0","0.19","0.25","0","3","0.00","0","0","-","0","0","-","0","3","0.00","0","1","0.00","0","5","0.00","0","0","-","0.00","0.00","0.000","0","0","1","22","0.00","0","0","3","0.00"
"402","Erik Cernak","Declan Carlile","T.B","24","5.55","1","9","10.00","1","7","12.50","1","4","20.00","0","0","-","0.11","1.06","9.35","1","6","14.29","1","5","16.67","0","0","-","0","1","0.00","0","0","-","0","3","0.00","0","0","-","0.00","100.00","1.000","0","1","1","4","0.00","0","2","2","0.00"
"403","Dylan Samberg","Elias Salomonsson","WPG","32","5.55","3","15","16.67","3","11","21.43","3","6","33.33","0","1","0.00","0.31","1.69","15.38","2","8","20.00","2","5","28.57","0","1","0.00","0","3","0.00","0","0","-","0","9","0.00","0","0","-","0.00","83.33","0.833","0","0","4","8","0.00","0","1","6","0.00"
"404","Shea Theodore","Kaedan Korczak","VGK","66","5.5333333333333","0","10","0.00","0","6","0.00","0","3","0.00","0","1","0.00","0","0.61","0.00","0","7","0.00","0","2","0.00","0","1","0.00","0","5","0.00","0","0","-","0","5","0.00","0","0","-","-","66.67","0.67","0","0","0","7","-","0","0","2","0.00"
"405","Brady Skjei","Adam Wilsby","NSH","58","5.5166666666667","1","10","9.09","1","9","10.00","1","6","14.29","0","2","0.00","0","1.14","0.11","0","6","0.00","0","4","0.00","0","2","0.00","0","2","0.00","0","0","-","0","5","0.00","0","0","-","0.00","66.67","0.667","0","2","1","6","0.00","0","2","2","0.00"
"406","Seth Jones","Uvis Balinskis","FLA","31","5.5","2","7","22.22","2","5","28.57","2","2","50.00","1","0","100.00","0.13","0.31","29.99","2","2","50.00","0","1","0.00","0","0","-","2","1","66.67","1","0","100.00","0","4","0.00","0","0","-","50.00","100.00","1.500","0","1","0","5","-","0","1","0","-"
"407","Jeff Petry","Uvis Balinskis","FLA","48","5.45","0","9","0.00","0","6","0.00","0","6","0.00","0","0","-","0","0.42","0.00","0","4","0.00","0","0","-","0","0","-","0","4","0.00","0","0","-","0","9","0.00","0","0","-","-","100.00","1.00","0","0","5","7","0.00","0","0","7","0.00"
"408","Logan Stanley","Bowen Byram","BUF","17","5.4333333333333","1","5","16.67","1","4","20.00","1","4","20.00","0","1","0.00","0","0.35","0.36","0","2","0.00","0","1","0.00","0","0","-","0","1","0.00","0","0","-","0","4","0.00","0","1","0.00","0.00","75.00","0.750","0","0","2","4","0.00","0","0","4","0.00"
"409","Jake Walman","Spencer Stastney","EDM","21","5.4166666666667","0","4","0.00","0","3","0.00","0","1","0.00","0","0","-","0","0.2","0.00","0","1","0.00","0","1","0.00","0","0","-","0","0","-","0","0","-","0","3","0.00","0","0","-","-","100.00","1.00","0","0","1","8","0.00","0","0","2","0.00"
"410","MacKenzie Weegar","John Marino","UTA","17","5.4","1","9","10.00","1","7","12.50","1","7","12.50","0","2","0.00","0.05","1.18","4.07","0","7","0.00","0","6","0.00","0","1","0.00","0","1","0.00","0","1","0.00","2","1","66.67","0","0","-","0.00","71.43","0.714","0","0","0","6","-","1","0","0","100.00"
"411","Zach Whitecloud","Brayden Pachal","CGY","12","5.4","1","11","8.33","1","9","10.00","1","4","20.00","0","1","0.00","0","0.76","0.08","0","7","0.00","0","3","0.00","0","1","0.00","0","4","0.00","0","0","-","0","5","0.00","0","0","-","0.00","75.00","0.750","0","0","1","2","0.00","0","0","4","0.00"
"412","Darnell Nurse","Spencer Stastney","EDM","36","5.3666666666667","1","9","10.00","1","6","14.29","0","6","0.00","0","1","0.00","0.03","0.4","6.61","0","5","0.00","0","1","0.00","0","0","-","0","4","0.00","0","1","0.00","1","4","20.00","0","0","-","-","83.33","0.83","0","0","1","10","0.00","0","0","1","0.00"
"413","Joel Hanley","Rasmus Andersson","CGY","45","5.3666666666667","4","13","23.53","2","13","13.33","2","11","15.38","1","1","50.00","0.15","1.63","8.43","1","9","10.00","0","7","0.00","0","1","0.00","1","2","33.33","1","0","100.00","1","6","14.29","0","0","-","50.00","90.91","1.409","0","0","2","13","0.00","0","1","5","0.00"
"414","Noah Juulsen","Emil Andrae","PHI","31","5.3666666666667","1","6","14.29","1","6","14.29","1","6","14.29","0","1","0.00","0.03","0.69","4.07","0","4","0.00","0","2","0.00","0","0","-","0","2","0.00","0","1","0.00","1","3","25.00","0","0","-","0.00","83.33","0.833","0","0","1","2","0.00","0","0","1","0.00"
"415","Josh Mahura","Ryker Evans","SEA","9","5.35","0","10","0.00","0","9","0.00","0","4","0.00","0","1","0.00","0","0.83","0.00","0","6","0.00","0","2","0.00","0","0","-","0","4","0.00","0","1","0.00","0","6","0.00","0","0","-","-","75.00","0.75","0","0","3","5","0.00","0","0","5","0.00"
"416","Cameron Crotty","Nikolas Matinpalo","OTT","6","5.2833333333333","1","5","16.67","1","3","25.00","1","3","25.00","0","0","-","0.15","0.18","44.86","1","3","25.00","0","0","-","0","0","-","1","3","25.00","0","0","-","0","3","0.00","0","0","-","0.00","100.00","1.000","0","2","1","3","0.00","0","3","2","0.00"
"417","Matt Roy","Jakob Chychrun","WSH","77","5.2666666666667","4","5","44.44","4","5","44.44","2","3","40.00","0","0","-","0.1","0.29","24.61","2","2","50.00","0","0","-","0","0","-","2","2","50.00","0","0","-","2","4","33.33","0","0","-","0.00","100.00","1.000","0","0","1","7","0.00","0","0","3","0.00"
"418","Justin Barron","Adam Wilsby","NSH","32","5.2666666666667","1","6","14.29","1","6","14.29","1","4","20.00","1","1","50.00","0.13","0.78","13.99","1","5","16.67","0","4","0.00","0","1","0.00","1","1","50.00","1","0","100.00","0","1","0.00","0","0","-","100.00","75.00","1.750","0","1","0","9","-","0","1","0","-"
"419","Kaiden Guhle","Lane Hutson","MTL","39","5.25","1","13","7.14","1","11","8.33","0","6","0.00","0","1","0.00","0.11","1.75","5.84","1","9","10.00","1","6","14.29","0","1","0.00","0","3","0.00","0","0","-","0","4","0.00","0","0","-","-","83.33","0.83","0","0","0","2","-","0","1","0","-"
"420","Brett Kulak","Darnell Nurse","EDM","31","5.2","1","14","6.67","1","7","12.50","1","4","20.00","1","0","100.00","0.69","0.94","42.09","0","12","0.00","0","4","0.00","0","0","-","0","8","0.00","0","0","-","0","2","0.00","0","0","-","100.00","100.00","2.000","0","0","0","6","-","0","1","1","0.00"
"421","Carson Soucy","Ryan Pulock","NYI","26","5.1833333333333","0","14","0.00","0","13","0.00","0","10","0.00","0","3","0.00","0","2.15","0.00","0","10","0.00","0","6","0.00","0","1","0.00","0","4","0.00","0","1","0.00","0","6","0.00","0","1","0.00","-","70.00","0.70","0","1","2","11","0.00","0","1","5","0.00"
"422","Brett Kulak","Devon Toews","COL","26","5.1666666666667","3","8","27.27","3","7","30.00","3","4","42.86","0","0","-","0.32","1","24.01","2","4","33.33","1","3","25.00","0","0","-","1","1","50.00","0","0","-","0","4","0.00","0","0","-","0.00","100.00","1.000","0","0","1","14","0.00","1","0","1","50.00"
"423","Brett Kulak","Ryan Shea","PIT","25","5.1666666666667","1","3","25.00","0","3","0.00","0","1","0.00","0","1","0.00","0","0.36","0.00","0","2","0.00","0","2","0.00","0","0","-","0","0","-","0","0","-","0","3","0.00","0","1","0.00","-","0.00","0.00","0","0","2","10","0.00","0","0","2","0.00"
"424","Alexandre Carrier","Arber Xhekaj","MTL","56","5.1166666666667","1","10","9.09","1","8","11.11","1","5","16.67","0","1","0.00","0.06","0.57","8.96","0","3","0.00","0","0","-","0","0","-","0","3","0.00","0","1","0.00","1","9","10.00","0","0","-","0.00","80.00","0.800","0","0","1","6","0.00","0","0","3","0.00"
"425","Spencer Stastney","Justin Barron","NSH","19","5.0666666666667","0","6","0.00","0","5","0.00","0","4","0.00","0","1","0.00","0","0.71","0.00","0","5","0.00","0","3","0.00","0","0","-","0","2","0.00","0","1","0.00","0","1","0.00","0","0","-","-","75.00","0.75","0","0","0","7","-","0","1","1","0.00"
"426","Parker Wotherspoon","Samuel Girard","PIT","19","5.05","1","13","7.14","1","8","11.11","1","6","14.29","1","1","50.00","0.86","0.92","48.15","0","6","0.00","0","3","0.00","0","0","-","0","3","0.00","0","0","-","1","7","12.50","1","1","50.00","100.00","83.33","1.833","2","1","1","1","66.67","2","1","1","66.67"
"427","Nick Leddy","Vincent Desharnais","S.J","18","5.0333333333333","3","7","30.00","3","4","42.86","1","3","25.00","0","1","0.00","0.23","0.61","26.97","1","6","14.29","0","3","0.00","0","0","-","1","3","25.00","0","1","0.00","3","2","60.00","0","0","-","0.00","66.67","0.667","0","1","2","4","0.00","1","2","4","20.00"
"428","Nick Seeler","Egor Zamula","PHI","13","5.0333333333333","1","9","10.00","1","7","12.50","0","3","0.00","0","0","-","0.01","0.52","1.66","0","4","0.00","0","1","0.00","0","0","-","0","3","0.00","0","0","-","1","6","14.29","0","0","-","-","100.00","1.00","0","0","1","3","0.00","0","0","2","0.00"
"429","Matt Grzelcyk","Artyom Levshunov","CHI","64","5.0333333333333","1","5","16.67","1","5","16.67","0","3","0.00","0","1","0.00","0.04","0.62","5.63","0","3","0.00","0","2","0.00","0","1","0.00","0","1","0.00","0","0","-","1","2","33.33","0","0","-","-","66.67","0.67","0","0","0","13","-","0","0","0","-"
"430","Colton Parayko","Theo Lindstein","STL","17","5.0166666666667","2","6","25.00","2","5","28.57","1","3","25.00","0","0","-","0.07","0.41","14.99","1","4","20.00","0","1","0.00","0","0","-","1","3","25.00","0","0","-","1","3","25.00","0","0","-","0.00","100.00","1.000","0","0","5","2","0.00","0","1","7","0.00"
"431","MacKenzie Weegar","Jake Bean","CGY","16","5.0166666666667","1","12","7.69","0","10","0.00","0","8","0.00","0","0","-","0","1.3","0.00","0","9","0.00","0","4","0.00","0","0","-","0","5","0.00","0","0","-","1","4","20.00","0","0","-","-","100.00","1.00","0","0","2","1","0.00","0","0","2","0.00"
"432","Tyler Myers","Lian Bichsel","DAL","15","4.9","2","5","28.57","2","5","28.57","2","5","28.57","0","0","-","0.12","0.87","11.67","1","4","20.00","1","3","25.00","0","0","-","0","1","0.00","0","0","-","0","4","0.00","0","0","-","0.00","100.00","1.000","0","0","2","5","0.00","0","0","4","0.00"
"433","Roman Josi","Brady Skjei","NSH","68","4.85","5","8","38.46","4","8","33.33","4","4","50.00","0","1","0.00","0.71","1.08","39.84","3","7","30.00","3","4","42.86","0","0","-","0","3","0.00","0","1","0.00","0","1","0.00","0","0","-","0.00","75.00","0.750","0","0","2","26","0.00","0","0","2","0.00"
"434","Jacob Bernard-Docker","Moritz Seider","DET","63","4.8333333333333","0","10","0.00","0","7","0.00","0","4","0.00","0","0","-","0","0.64","0.00","0","5","0.00","0","1","0.00","0","0","-","0","4","0.00","0","0","-","0","5","0.00","0","0","-","-","100.00","1.00","0","0","2","11","0.00","0","0","3","0.00"
"435","John Carlson","Trevor van Riemsdyk","WSH","41","4.8","1","9","10.00","1","6","14.29","0","1","0.00","0","0","-","0.14","0.53","20.82","1","5","16.67","0","1","0.00","0","0","-","1","4","20.00","0","0","-","0","5","0.00","0","0","-","-","100.00","1.00","0","0","0","7","-","0","0","1","0.00"
"436","Jared Spurgeon","David Jiricek","MIN","25","4.7833333333333","0","18","0.00","0","13","0.00","0","8","0.00","0","3","0.00","0","2.37","0.00","0","15","0.00","0","8","0.00","0","3","0.00","0","7","0.00","0","0","-","0","3","0.00","0","0","-","-","62.50","0.63","0","0","0","2","-","0","0","0","-"
"437","Hampus Lindholm","Henri Jokiharju","BOS","26","4.7666666666667","0","7","0.00","0","6","0.00","0","3","0.00","0","0","-","0","0.6","0.00","0","4","0.00","0","2","0.00","0","0","-","0","2","0.00","0","0","-","0","5","0.00","0","0","-","-","100.00","1.00","0","0","3","5","0.00","0","0","4","0.00"
"438","Charles-Edouard D'Astous","Maxwell Crozier","T.B","28","4.7666666666667","0","4","0.00","0","3","0.00","0","2","0.00","0","1","0.00","0","0.27","0.00","0","1","0.00","0","0","-","0","0","-","0","1","0.00","0","1","0.00","0","3","0.00","0","0","-","-","50.00","0.50","0","0","0","3","-","0","0","1","0.00"
"439","Arber Xhekaj","Lane Hutson","MTL","65","4.7333333333333","2","6","25.00","2","5","28.57","1","5","16.67","0","1","0.00","0.32","0.68","32.38","2","4","33.33","1","2","33.33","0","1","0.00","1","2","33.33","0","0","-","0","3","0.00","0","0","-","0.00","80.00","0.800","0","0","1","7","0.00","0","0","1","0.00"
"440","Josh Manson","Brett Kulak","COL","24","4.7166666666667","3","7","30.00","3","6","33.33","0","4","0.00","0","0","-","0.31","0.64","32.67","3","3","50.00","2","2","50.00","0","0","-","1","1","50.00","0","0","-","0","6","0.00","0","0","-","-","100.00","1.00","0","0","3","5","0.00","1","0","4","20.00"
"441","Colton Parayko","Tyler Tucker","STL","64","4.7166666666667","1","11","8.33","1","7","12.50","0","5","0.00","0","2","0.00","0.01","0.89","1.53","0","7","0.00","0","4","0.00","0","2","0.00","0","3","0.00","0","0","-","0","5","0.00","0","0","-","-","60.00","0.60","0","0","3","11","0.00","0","0","4","0.00"
"442","Ryan Pulock","Alexander Romanov","NYI","15","4.7166666666667","2","4","33.33","1","4","20.00","0","2","0.00","0","0","-","0.07","0.24","21.72","1","2","33.33","0","0","-","0","0","-","1","2","33.33","0","0","-","1","3","25.00","0","0","-","-","100.00","1.00","0","0","1","6","0.00","0","0","3","0.00"
"443","Martin Fehervary","Rasmus Sandin","WSH","72","4.7166666666667","0","8","0.00","0","7","0.00","0","4","0.00","0","0","-","0","0.94","0.00","0","5","0.00","0","3","0.00","0","0","-","0","2","0.00","0","0","-","0","4","0.00","0","0","-","-","100.00","1.00","0","1","0","7","-","0","2","1","0.00"
"444","Brayden Pachal","Yan Kuznetsov","CGY","27","4.7","2","15","11.76","2","14","12.50","2","10","16.67","1","0","100.00","0.36","1.92","15.65","2","12","14.29","2","5","28.57","1","0","100.00","0","7","0.00","0","0","-","0","3","0.00","0","0","-","50.00","100.00","1.500","0","0","1","6","0.00","0","1","1","0.00"
"445","Victor Hedman","Declan Carlile","T.B","7","4.6333333333333","2","3","40.00","2","2","50.00","2","1","66.67","0","1","0.00","0.05","0.17","21.30","1","2","33.33","0","0","-","0","0","-","1","2","33.33","0","0","-","0","2","0.00","0","1","0.00","0.00","0.00","0.000","0","0","1","6","0.00","0","0","2","0.00"
"446","Morgan Rielly","Jake McCabe","TOR","76","4.6333333333333","1","7","12.50","1","6","14.29","1","5","16.67","1","1","50.00","0.06","0.61","8.71","1","4","20.00","0","2","0.00","0","1","0.00","1","2","33.33","1","0","100.00","0","3","0.00","0","0","-","100.00","80.00","1.800","0","0","3","30","0.00","0","1","3","0.00"
"447","Ben Chiarot","Axel Sandin-Pellikka","DET","68","4.6","0","6","0.00","0","6","0.00","0","6","0.00","0","3","0.00","0","0.43","0.00","0","4","0.00","0","1","0.00","0","1","0.00","0","3","0.00","0","1","0.00","0","5","0.00","0","1","0.00","-","50.00","0.50","0","0","6","1","0.00","0","0","7","0.00"
"448","MacKenzie Weegar","Mikhail Sergachev","UTA","16","4.6","4","9","30.77","4","8","33.33","3","6","33.33","0","1","0.00","0.05","1.35","3.86","0","7","0.00","0","6","0.00","0","1","0.00","0","1","0.00","0","0","-","1","2","33.33","0","0","-","0.00","83.33","0.833","0","1","3","7","0.00","2","1","5","28.57"
"449","Zach Bogosian","Jonas Brodin","MIN","33","4.5166666666667","2","11","15.38","2","9","18.18","2","7","22.22","0","1","0.00","0.06","0.66","8.03","1","5","16.67","0","1","0.00","0","0","-","1","4","20.00","0","1","0.00","0","5","0.00","0","0","-","0.00","85.71","0.857","0","1","0","7","-","0","1","1","0.00"
"450","Alex Petrovic","Esa Lindell","DAL","54","4.5166666666667","2","6","25.00","2","5","28.57","1","3","25.00","0","0","-","0.39","0.36","52.12","2","3","40.00","2","1","66.67","0","0","-","0","2","0.00","0","0","-","1","3","25.00","0","0","-","0.00","100.00","1.000","1","0","1","11","50.00","1","0","1","50.00"
"451","Cale Fleury","Ryker Evans","SEA","18","4.4166666666667","0","7","0.00","0","6","0.00","0","2","0.00","0","0","-","0","0.67","0.00","0","6","0.00","0","3","0.00","0","0","-","0","3","0.00","0","0","-","0","1","0.00","0","0","-","-","100.00","1.00","0","0","1","3","0.00","0","0","2","0.00"
"452","Mike Reilly","Joel Nystrom","CAR","22","4.4","2","8","20.00","2","8","20.00","1","7","12.50","0","2","0.00","0.26","1.69","13.34","2","7","22.22","2","6","25.00","0","2","0.00","0","1","0.00","0","0","-","0","1","0.00","0","0","-","0.00","71.43","0.714","0","0","2","3","0.00","0","1","4","0.00"
"453","Josh Morrissey","Neal Pionk","WPG","51","4.3666666666667","1","5","16.67","0","3","0.00","0","3","0.00","0","2","0.00","0","0.53","0.00","1","2","33.33","0","2","0.00","0","1","0.00","1","0","100.00","0","0","-","0","3","0.00","0","1","0.00","-","33.33","0.33","0","0","0","12","-","0","0","1","0.00"
"454","Darren Raddysh","Emil Martinsen Lilleberg","T.B","42","4.3666666666667","0","4","0.00","0","4","0.00","0","1","0.00","0","0","-","0","0.42","0.00","0","3","0.00","0","2","0.00","0","0","-","0","1","0.00","0","0","-","0","3","0.00","0","0","-","-","100.00","1.00","0","0","3","12","0.00","0","0","4","0.00"
"455","Andrew Peeke","Mason Lohrei","BOS","68","4.3333333333333","1","3","25.00","1","1","50.00","1","0","100.00","0","0","-","0.05","0.08","38.89","0","1","0.00","0","0","-","0","0","-","0","1","0.00","0","0","-","1","2","33.33","0","0","-","0.00","-","0.00","0","1","0","3","-","0","2","0","-"
"456","Victor Hedman","Darren Raddysh","T.B","26","4.2833333333333","2","4","33.33","1","4","20.00","1","2","33.33","0","0","-","0","0.46","0.17","0","2","0.00","0","2","0.00","0","0","-","0","0","-","0","0","-","1","3","25.00","0","0","-","0.00","100.00","1.000","0","0","0","7","-","1","0","1","50.00"
"457","Mike Reilly","Charles-Alexis Legault","CAR","12","4.2833333333333","1","5","16.67","0","3","0.00","0","1","0.00","0","0","-","0","0.32","0.00","0","3","0.00","0","1","0.00","0","0","-","0","2","0.00","0","0","-","0","7","0.00","0","0","-","-","100.00","1.00","0","0","4","4","0.00","0","0","5","0.00"
"458","Conor Timmins","Bowen Byram","BUF","39","4.2833333333333","1","14","6.67","1","11","8.33","1","6","14.29","0","0","-","0.03","1.26","2.39","0","4","0.00","0","3","0.00","0","0","-","0","1","0.00","0","0","-","1","12","7.69","0","0","-","0.00","100.00","1.000","0","0","0","8","-","1","0","3","25.00"
"459","Joel Hanley","Brayden Pachal","CGY","28","4.2666666666667","3","9","25.00","0","6","0.00","0","1","0.00","0","0","-","0","1.16","0.00","2","7","22.22","1","3","25.00","0","0","-","1","4","20.00","0","0","-","1","2","33.33","0","0","-","-","100.00","1.00","0","2","1","8","0.00","0","2","1","0.00"
"460","Dougie Hamilton","Johnathan Kovacevic","N.J","33","4.25","2","3","40.00","2","3","40.00","2","3","40.00","0","0","-","0.18","0.37","32.67","1","3","25.00","1","0","100.00","0","0","-","0","3","0.00","0","0","-","0","1","0.00","0","0","-","0.00","100.00","1.000","0","0","2","10","0.00","1","1","2","33.33"
"461","Brett Kulak","Parker Wotherspoon","PIT","25","4.2","0","9","0.00","0","7","0.00","0","6","0.00","0","0","-","0","0.68","0.00","0","7","0.00","0","2","0.00","0","0","-","0","5","0.00","0","0","-","0","4","0.00","0","0","-","-","100.00","1.00","0","1","0","6","-","0","1","3","0.00"
"462","Damon Severson","Denton Mateychuk","CBJ","65","4.1666666666667","3","4","42.86","3","3","50.00","2","3","40.00","0","0","-","0.13","0.26","33.40","0","2","0.00","0","0","-","0","0","-","0","2","0.00","0","0","-","4","4","50.00","0","0","-","0.00","100.00","1.000","1","0","2","4","33.33","1","1","4","20.00"
"463","Daemon Hunt","David Jiricek","MIN","12","4.1666666666667","2","9","18.18","2","6","25.00","1","4","20.00","0","0","-","0.07","0.74","8.40","1","5","16.67","0","2","0.00","0","0","-","1","3","25.00","0","0","-","0","4","0.00","0","0","-","0.00","100.00","1.000","0","0","0","6","-","0","0","0","-"
"464","Dmitry Kulikov","Donovan Sebrango","FLA","15","4.1166666666667","2","9","18.18","2","6","25.00","2","3","40.00","0","0","-","0.16","0.54","22.37","1","7","12.50","1","2","33.33","0","0","-","0","5","0.00","0","0","-","1","2","33.33","0","0","-","0.00","100.00","1.000","0","1","1","2","0.00","0","1","1","0.00"
"465","Aaron Ekblad","Uvis Balinskis","FLA","52","4.1166666666667","1","3","25.00","1","3","25.00","1","1","50.00","0","0","-","0.12","0.26","31.63","0","2","0.00","0","1","0.00","0","0","-","0","1","0.00","0","0","-","1","1","50.00","0","0","-","0.00","100.00","1.000","0","1","0","4","-","0","1","0","-"
"466","Charlie McAvoy","Jordan Harris","BOS","7","4.0833333333333","2","2","50.00","2","1","66.67","0","1","0.00","0","0","-","0.23","0.04","83.75","1","0","100.00","0","0","-","0","0","-","1","0","100.00","0","0","-","1","2","33.33","0","0","-","-","100.00","1.00","1","0","1","4","50.00","1","0","1","50.00"
"467","Vincent Desharnais","Shakir Mukhamadullin","S.J","35","4.0833333333333","0","7","0.00","0","4","0.00","0","3","0.00","0","2","0.00","0","0.53","0.00","0","4","0.00","0","1","0.00","0","0","-","0","3","0.00","0","1","0.00","0","5","0.00","0","1","0.00","-","33.33","0.33","0","0","2","3","0.00","0","0","3","0.00"
"468","Luke Hughes","Simon Nemec","N.J","54","4.0666666666667","1","6","14.29","0","4","0.00","0","4","0.00","0","0","-","0","0.59","0.00","0","4","0.00","0","2","0.00","0","0","-","0","2","0.00","0","0","-","1","4","20.00","0","0","-","-","100.00","1.00","0","0","1","5","0.00","0","0","3","0.00"
"469","Charles-Edouard D'Astous","Emil Martinsen Lilleberg","T.B","43","4.0333333333333","0","4","0.00","0","3","0.00","0","3","0.00","0","1","0.00","0","0.4","0.00","0","3","0.00","0","2","0.00","0","1","0.00","0","1","0.00","0","0","-","0","2","0.00","0","0","-","-","66.67","0.67","0","0","0","13","-","0","0","1","0.00"
"470","Charles-Edouard D'Astous","Declan Carlile","T.B","37","4.0333333333333","2","3","40.00","1","3","25.00","1","2","33.33","0","1","0.00","0.09","0.3","23.82","0","1","0.00","0","1","0.00","0","1","0.00","0","0","-","0","0","-","2","2","50.00","0","0","-","0.00","50.00","0.500","0","0","1","5","0.00","0","0","1","0.00"
"471","Alexander Nikishin","Charles-Alexis Legault","CAR","12","3.9833333333333","1","6","14.29","1","3","25.00","1","3","25.00","0","0","-","0.09","0.57","14.10","1","3","25.00","0","0","-","0","0","-","1","3","25.00","0","0","-","0","3","0.00","0","0","-","0.00","100.00","1.000","0","0","2","2","0.00","1","0","2","33.33"
"472","Jakob Chychrun","Declan Chisholm","WSH","25","3.9333333333333","1","7","12.50","1","6","14.29","1","3","25.00","0","2","0.00","0.04","0.49","6.89","0","5","0.00","0","2","0.00","0","0","-","0","3","0.00","0","2","0.00","1","2","33.33","0","0","-","0.00","33.33","0.333","0","0","1","1","0.00","0","0","1","0.00"
"473","Logan Stanley","Elias Salomonsson","WPG","17","3.9333333333333","0","8","0.00","0","5","0.00","0","4","0.00","0","0","-","0","0.56","0.00","0","4","0.00","0","1","0.00","0","0","-","0","3","0.00","0","0","-","0","5","0.00","0","0","-","-","100.00","1.00","0","0","1","4","0.00","0","0","1","0.00"
"474","Dmitry Orlov","Vincent Iorio","S.J","21","3.9166666666667","0","8","0.00","0","4","0.00","0","1","0.00","0","0","-","0","0.57","0.00","0","5","0.00","0","0","-","0","0","-","0","5","0.00","0","0","-","0","4","0.00","0","0","-","-","100.00","1.00","0","0","3","3","0.00","0","0","3","0.00"
"475","Jacob Bryson","Owen Power","BUF","34","3.9","0","10","0.00","0","7","0.00","0","2","0.00","0","0","-","0","0.51","0.00","0","5","0.00","0","2","0.00","0","0","-","0","3","0.00","0","0","-","0","7","0.00","0","0","-","-","100.00","1.00","0","0","2","3","0.00","0","0","2","0.00"
"476","Jordan Spence","Nikolas Matinpalo","OTT","41","3.8833333333333","2","6","25.00","1","4","20.00","1","3","25.00","0","1","0.00","0.1","0.38","20.07","2","4","33.33","1","0","100.00","0","0","-","1","4","20.00","0","1","0.00","0","1","0.00","0","0","-","0.00","66.67","0.667","0","0","1","13","0.00","0","0","1","0.00"
"477","Esa Lindell","Lian Bichsel","DAL","50","3.8666666666667","0","3","0.00","0","3","0.00","0","2","0.00","0","0","-","0","0.35","0.00","0","3","0.00","0","2","0.00","0","0","-","0","1","0.00","0","0","-","0","0","-","0","0","-","-","100.00","1.00","0","0","0","1","-","0","0","0","-"
"478","Devon Toews","Samuel Girard","COL","27","3.8666666666667","2","7","22.22","2","4","33.33","1","3","25.00","0","0","-","0.03","1.04","2.67","0","4","0.00","0","3","0.00","0","0","-","0","1","0.00","0","0","-","1","3","25.00","0","0","-","0.00","100.00","1.000","0","0","0","7","-","0","0","0","-"
"479","Brayden McNabb","Noah Hanifin","VGK","52","3.8166666666667","1","6","14.29","0","4","0.00","0","2","0.00","0","0","-","0","0.35","0.00","1","4","20.00","0","1","0.00","0","0","-","1","3","25.00","0","0","-","0","2","0.00","0","0","-","-","100.00","1.00","0","0","0","18","-","0","0","0","-"
"480","Jeff Petry","Daemon Hunt","MIN","3","3.7666666666667","2","8","20.00","2","7","22.22","2","3","40.00","1","0","100.00","0.07","1.07","6.31","1","8","11.11","0","4","0.00","0","0","-","1","4","20.00","1","0","100.00","0","3","0.00","0","0","-","50.00","100.00","1.500","0","0","3","2","0.00","0","0","6","0.00"
"481","Josh Manson","Samuel Girard","COL","40","3.7666666666667","0","4","0.00","0","3","0.00","0","2","0.00","0","0","-","0","0.16","0.00","0","1","0.00","0","0","-","0","0","-","0","1","0.00","0","0","-","0","3","0.00","0","0","-","-","100.00","1.00","0","0","1","6","0.00","0","0","2","0.00"
"482","Drew Helleson","Ian Moore","ANA","45","3.75","0","2","0.00","0","1","0.00","0","1","0.00","0","0","-","0","0.15","0.00","0","2","0.00","0","1","0.00","0","0","-","0","1","0.00","0","0","-","0","0","-","0","0","-","-","100.00","1.00","0","0","0","3","-","0","0","0","-"
"483","John Carlson","Pavel Mintyukov","ANA","12","3.7333333333333","2","5","28.57","0","5","0.00","0","4","0.00","0","0","-","0","0.54","0.00","2","2","50.00","0","2","0.00","0","0","-","2","0","100.00","0","0","-","0","3","0.00","0","0","-","-","100.00","1.00","0","0","1","8","0.00","0","0","2","0.00"
"484","Logan Stanley","Dylan Samberg","WPG","43","3.7333333333333","1","3","25.00","1","1","50.00","1","1","50.00","0","0","-","0.08","0.02","77.53","1","0","100.00","0","0","-","0","0","-","1","0","100.00","0","0","-","0","6","0.00","0","0","-","0.00","100.00","1.000","0","0","2","20","0.00","0","0","3","0.00"
"485","Dylan Samberg","Jacob Bryson","WPG","15","3.7166666666667","0","8","0.00","0","5","0.00","0","3","0.00","0","1","0.00","0","0.64","0.00","0","4","0.00","0","2","0.00","0","1","0.00","0","2","0.00","0","0","-","0","7","0.00","0","0","-","-","66.67","0.67","0","1","4","1","0.00","0","1","5","0.00"
"486","Luke Schenn","Dylan Samberg","WPG","33","3.6833333333333","0","6","0.00","0","4","0.00","0","2","0.00","0","0","-","0","0.19","0.00","0","1","0.00","0","0","-","0","0","-","0","1","0.00","0","0","-","0","5","0.00","0","0","-","-","100.00","1.00","0","0","3","18","0.00","0","0","3","0.00"
"487","Dmitry Kulikov","Aaron Ekblad","FLA","17","3.6666666666667","2","7","22.22","2","7","22.22","2","7","22.22","0","1","0.00","0.13","1.09","10.90","1","4","20.00","1","3","25.00","0","1","0.00","0","1","0.00","0","0","-","0","3","0.00","0","0","-","0.00","85.71","0.857","0","1","3","7","0.00","0","1","3","0.00"
"488","Miro Heiskanen","Ilya Lyubushkin","DAL","48","3.5833333333333","2","7","22.22","1","6","14.29","1","4","20.00","0","2","0.00","0.03","0.56","4.36","0","4","0.00","0","3","0.00","0","1","0.00","0","1","0.00","0","0","-","2","5","28.57","0","1","0.00","0.00","50.00","0.500","0","0","2","0","0.00","1","0","3","25.00"
"489","Jonathan Aspirot","Mason Lohrei","BOS","52","3.5833333333333","1","8","11.11","1","5","16.67","1","4","20.00","0","0","-","0","0.7","0.67","0","6","0.00","0","2","0.00","0","0","-","0","4","0.00","0","0","-","0","2","0.00","0","0","-","0.00","100.00","1.000","0","0","0","2","-","0","0","0","-"
"490","Adam Larsson","Josh Mahura","SEA","23","3.5333333333333","1","6","14.29","1","3","25.00","0","1","0.00","0","0","-","0.03","0.28","10.93","0","2","0.00","0","2","0.00","0","0","-","0","0","-","0","0","-","1","4","20.00","0","0","-","-","100.00","1.00","0","0","1","5","0.00","0","0","2","0.00"
"491","MacKenzie Weegar","Rasmus Andersson","CGY","48","3.5166666666667","0","6","0.00","0","3","0.00","0","3","0.00","0","0","-","0","0.24","0.00","0","1","0.00","0","1","0.00","0","0","-","0","0","-","0","0","-","0","6","0.00","0","0","-","-","100.00","1.00","0","0","2","16","0.00","0","0","5","0.00"
"492","Dakota Mermis","Troy Stecher","TOR","7","3.5166666666667","0","9","0.00","0","8","0.00","0","5","0.00","0","0","-","0","0.58","0.00","0","5","0.00","0","0","-","0","0","-","0","5","0.00","0","0","-","0","5","0.00","0","0","-","-","100.00","1.00","0","0","2","3","0.00","0","0","2","0.00"
"493","Ryan Lindgren","Cale Fleury","SEA","20","3.5","1","3","25.00","1","3","25.00","0","2","0.00","0","1","0.00","0.03","0.32","9.57","0","2","0.00","0","1","0.00","0","1","0.00","0","1","0.00","0","0","-","1","3","25.00","0","0","-","-","50.00","0.50","0","0","3","5","0.00","0","0","3","0.00"
"494","Maxwell Crozier","Emil Martinsen Lilleberg","T.B","15","3.4833333333333","2","2","50.00","2","1","66.67","1","0","100.00","0","0","-","0.32","0.11","74.86","2","0","100.00","1","0","100.00","0","0","-","1","0","100.00","0","0","-","0","2","0.00","0","0","-","0.00","-","0.00","0","0","1","4","0.00","0","0","1","0.00"
"495","Brenden Dillon","Simon Nemec","N.J","68","3.45","2","5","28.57","1","3","25.00","1","0","100.00","0","0","-","0.03","0.2","12.45","1","4","20.00","0","0","-","0","0","-","1","4","20.00","0","0","-","1","1","50.00","0","0","-","0.00","-","0.00","0","0","0","5","-","0","1","2","0.00"
"496","Nick Seeler","Jamie Drysdale","PHI","76","3.45","0","9","0.00","0","8","0.00","0","7","0.00","0","0","-","0","0.9","0.00","0","6","0.00","0","1","0.00","0","0","-","0","5","0.00","0","0","-","0","3","0.00","0","0","-","-","100.00","1.00","0","0","0","3","-","0","0","1","0.00"
"497","Zach Bogosian","Jacob Middleton","MIN","38","3.4333333333333","0","5","0.00","0","3","0.00","0","2","0.00","0","1","0.00","0","0.28","0.00","0","3","0.00","0","1","0.00","0","1","0.00","0","2","0.00","0","0","-","0","4","0.00","0","0","-","-","50.00","0.50","0","1","1","3","0.00","0","1","3","0.00"
"498","Drew Doughty","Cody Ceci","L.A","72","3.3833333333333","3","4","42.86","3","3","50.00","3","2","60.00","0","1","0.00","0.21","0.35","37.95","2","3","40.00","1","1","50.00","0","0","-","1","2","33.33","0","1","0.00","1","1","50.00","0","0","-","0.00","50.00","0.500","0","0","0","22","-","0","0","0","-"
"499","Pierre-Olivier Joseph","Elias Pettersson","VAN","21","3.3833333333333","1","4","20.00","0","4","0.00","0","4","0.00","0","0","-","0","0.32","0.00","0","2","0.00","0","1","0.00","0","0","-","0","1","0.00","0","0","-","1","3","25.00","0","0","-","-","100.00","1.00","0","0","1","5","0.00","0","0","1","0.00"
"500","Justin Holl","Philip Broberg","STL","9","3.3666666666667","1","3","25.00","1","3","25.00","1","2","33.33","0","0","-","0.07","0.2","25.55","1","2","33.33","0","1","0.00","0","0","-","1","1","50.00","0","0","-","0","1","0.00","0","0","-","0.00","100.00","1.000","0","0","0","4","-","1","0","1","50.00"
"501","Travis Hamonic","Simon Edvinsson","DET","17","3.3333333333333","3","8","27.27","3","8","27.27","3","4","42.86","0","1","0.00","0.16","0.75","17.15","2","5","28.57","1","0","100.00","0","0","-","1","5","16.67","0","1","0.00","0","3","0.00","0","0","-","0.00","75.00","0.750","0","1","2","3","0.00","0","1","2","0.00"
"502","Oliver Ekman-Larsson","Philippe Myers","TOR","35","3.3166666666667","0","9","0.00","0","8","0.00","0","5","0.00","0","0","-","0","0.58","0.00","0","3","0.00","0","0","-","0","0","-","0","3","0.00","0","0","-","0","8","0.00","0","0","-","-","100.00","1.00","0","1","2","1","0.00","0","1","2","0.00"
"503","Oliver Ekman-Larsson","Morgan Rielly","TOR","74","3.3","1","3","25.00","1","1","50.00","1","0","100.00","0","0","-","0.05","0.1","34.52","0","1","0.00","0","0","-","0","0","-","0","1","0.00","0","0","-","2","3","40.00","0","0","-","0.00","-","0.00","1","1","2","11","33.33","1","1","2","33.33"
"504","Albert Johansson","Axel Sandin-Pellikka","DET","68","3.2833333333333","1","1","50.00","0","1","0.00","0","1","0.00","0","0","-","0","0.07","0.00","0","0","-","0","0","-","0","0","-","0","0","-","0","0","-","0","2","0.00","0","0","-","-","100.00","1.00","0","0","2","3","0.00","0","0","2","0.00"
"505","John Marino","Dmitri Simashev","UTA","26","3.25","0","5","0.00","0","4","0.00","0","4","0.00","0","1","0.00","0","0.69","0.00","0","2","0.00","0","2","0.00","0","1","0.00","0","0","-","0","0","-","0","3","0.00","0","0","-","-","75.00","0.75","0","1","0","1","-","0","1","0","-"
"506","Vince Dunn","Ryan Lindgren","SEA","75","3.2333333333333","1","8","11.11","1","6","14.29","1","1","50.00","0","1","0.00","0.17","0.51","25.07","1","4","20.00","1","0","100.00","0","0","-","0","4","0.00","0","1","0.00","0","4","0.00","0","0","-","0.00","0.00","0.000","0","0","0","3","-","0","0","0","-"
"507","Nicolas Hague","Justin Barron","NSH","32","3.2166666666667","0","4","0.00","0","4","0.00","0","4","0.00","0","0","-","0","0.71","0.00","0","4","0.00","0","2","0.00","0","0","-","0","2","0.00","0","0","-","0","0","-","0","0","-","-","100.00","1.00","0","1","1","1","0.00","0","2","1","0.00"
"508","Kevin Bahl","Brayden Pachal","CGY","34","3.1833333333333","1","4","20.00","1","2","33.33","1","1","50.00","0","0","-","0.05","0.19","22.24","1","2","33.33","0","0","-","0","0","-","1","2","33.33","0","0","-","1","3","25.00","0","0","-","0.00","100.00","1.000","1","0","2","2","33.33","2","0","2","50.00"
"509","Ryan McDonagh","Victor Hedman","T.B","30","3.15","0","6","0.00","0","4","0.00","0","4","0.00","0","0","-","0","1.2","0.00","0","4","0.00","0","3","0.00","0","0","-","0","1","0.00","0","0","-","0","4","0.00","0","0","-","-","100.00","1.00","0","1","0","2","-","0","1","4","0.00"
"510","Erik Karlsson","Brett Kulak","PIT","20","3.15","1","3","25.00","0","3","0.00","0","1","0.00","0","0","-","0","0.27","0.00","0","2","0.00","0","1","0.00","0","0","-","0","1","0.00","0","0","-","0","2","0.00","0","0","-","-","100.00","1.00","0","0","2","1","0.00","0","0","2","0.00"
"511","Brady Skjei","Spencer Stastney","NSH","30","3.0666666666667","0","1","0.00","0","1","0.00","0","1","0.00","0","0","-","0","0.06","0.00","0","0","-","0","0","-","0","0","-","0","0","-","0","0","-","0","1","0.00","0","0","-","-","100.00","1.00","0","0","0","7","-","0","0","0","-"
"512","Rasmus Ristolainen","Noah Juulsen","PHI","18","3.05","0","4","0.00","0","1","0.00","0","0","-","0","0","-","0","0.12","0.00","0","2","0.00","0","0","-","0","0","-","0","2","0.00","0","0","-","1","3","25.00","0","0","-","-","-","-","0","0","1","2","0.00","1","0","1","50.00"
"513","Filip Hronek","Tom Willander","VAN","70","3.05","0","2","0.00","0","1","0.00","0","1","0.00","0","0","-","0","0.05","0.00","0","1","0.00","0","0","-","0","0","-","0","1","0.00","0","0","-","0","2","0.00","0","0","-","-","100.00","1.00","0","0","3","3","0.00","0","0","3","0.00"
"514","Jake McCabe","Philippe Myers","TOR","37","3.0333333333333","1","3","25.00","1","2","33.33","1","0","100.00","0","0","-","0","0.26","0.11","0","3","0.00","0","1","0.00","0","0","-","0","2","0.00","0","0","-","0","1","0.00","0","0","-","0.00","-","0.00","0","0","2","2","0.00","0","0","3","0.00"
"515","Aaron Ekblad","Donovan Sebrango","FLA","30","3.0333333333333","3","7","30.00","2","6","25.00","2","5","28.57","0","1","0.00","0.22","0.85","20.77","3","2","60.00","0","2","0.00","0","0","-","3","0","100.00","0","0","-","0","7","0.00","0","1","0.00","0.00","80.00","0.800","0","0","1","2","0.00","0","0","3","0.00"
"516","Ivan Provorov","Egor Zamula","CBJ","20","3.0333333333333","2","5","28.57","2","4","33.33","1","3","25.00","0","1","0.00","0.06","0.41","12.26","0","3","0.00","0","2","0.00","0","0","-","0","1","0.00","0","0","-","1","3","25.00","0","1","0.00","0.00","66.67","0.667","0","0","2","0","0.00","0","0","4","0.00"
"517","Jacob Bernard-Docker","Simon Edvinsson","DET","54","3.0333333333333","0","4","0.00","0","3","0.00","0","2","0.00","0","0","-","0","0.24","0.00","0","2","0.00","0","1","0.00","0","0","-","0","1","0.00","0","0","-","0","2","0.00","0","0","-","-","100.00","1.00","0","0","0","11","-","0","1","1","0.00"
"518","Marek Alscher","Mikulas Hovorka","FLA","1","3.0333333333333","0","4","0.00","0","4","0.00","0","3","0.00","0","0","-","0","0.5","0.00","0","2","0.00","0","2","0.00","0","0","-","0","0","-","0","0","-","0","2","0.00","0","0","-","-","100.00","1.00","0","0","1","0","0.00","0","0","1","0.00"
"519","Carson Soucy","Matthew Schaefer","NYI","30","3.0166666666667","0","6","0.00","0","5","0.00","0","4","0.00","0","2","0.00","0","0.36","0.00","0","4","0.00","0","0","-","0","0","-","0","4","0.00","0","0","-","0","2","0.00","0","2","0.00","-","50.00","0.50","0","0","1","3","0.00","0","0","1","0.00"
"520","Niko Mikkola","Donovan Sebrango","FLA","26","2.9833333333333","0","1","0.00","0","1","0.00","0","1","0.00","0","0","-","0","0.06","0.00","0","1","0.00","0","0","-","0","0","-","0","1","0.00","0","0","-","0","1","0.00","0","0","-","-","100.00","1.00","0","0","1","0","0.00","0","0","2","0.00"
"521","Morgan Rielly","Brandon Carlo","TOR","51","2.95","0","3","0.00","0","2","0.00","0","2","0.00","0","0","-","0","0.22","0.00","0","2","0.00","0","1","0.00","0","0","-","0","1","0.00","0","0","-","0","3","0.00","0","0","-","-","100.00","1.00","0","0","3","12","0.00","0","0","5","0.00"
"522","Josh Morrissey","Elias Salomonsson","WPG","27","2.9333333333333","0","4","0.00","0","3","0.00","0","2","0.00","0","0","-","0","0.29","0.00","0","1","0.00","0","1","0.00","0","0","-","0","0","-","0","0","-","0","2","0.00","0","0","-","-","100.00","1.00","0","0","0","4","-","0","0","0","-"
"523","Ryan Lindgren","Ryker Evans","SEA","61","2.9333333333333","1","3","25.00","0","3","0.00","0","2","0.00","0","0","-","0","0.25","0.00","0","2","0.00","0","1","0.00","0","0","-","0","1","0.00","0","0","-","1","1","50.00","0","0","-","-","100.00","1.00","0","1","0","5","-","0","1","0","-"
"524","Andrew Peeke","Michael Callahan","BOS","5","2.9333333333333","0","9","0.00","0","7","0.00","0","5","0.00","0","1","0.00","0","1.16","0.00","0","8","0.00","0","4","0.00","0","1","0.00","0","4","0.00","0","0","-","0","2","0.00","0","0","-","-","80.00","0.80","0","0","0","4","-","0","0","2","0.00"
"525","Brett Kulak","Jack St. Ivany","PIT","17","2.9166666666667","0","4","0.00","0","3","0.00","0","2","0.00","0","0","-","0","0.31","0.00","0","3","0.00","0","0","-","0","0","-","0","3","0.00","0","0","-","0","1","0.00","0","0","-","-","100.00","1.00","0","0","1","2","0.00","0","0","1","0.00"
"526","John Carlson","Tyson Hinds","ANA","6","2.9","0","3","0.00","0","3","0.00","0","3","0.00","0","2","0.00","0","0.27","0.00","0","3","0.00","0","1","0.00","0","1","0.00","0","2","0.00","0","1","0.00","0","2","0.00","0","0","-","-","33.33","0.33","0","0","1","2","0.00","0","0","2","0.00"
"527","Gustav Forsling","Uvis Balinskis","FLA","54","2.9","2","1","66.67","2","1","66.67","2","0","100.00","1","0","100.00","0.3","0.03","90.65","1","0","100.00","1","0","100.00","1","0","100.00","0","0","-","0","0","-","1","1","50.00","0","0","-","50.00","-","0.50","0","1","0","3","-","0","2","0","-"
"528","Erik Cernak","Emil Martinsen Lilleberg","T.B","37","2.9","2","3","40.00","2","2","50.00","2","2","50.00","1","1","50.00","0.13","0.31","29.66","2","3","40.00","0","1","0.00","0","1","0.00","2","2","50.00","1","0","100.00","0","0","-","0","0","-","50.00","50.00","1.000","0","0","2","10","0.00","0","1","3","0.00"
"529","Evan Bouchard","Ty Emberson","EDM","72","2.9","2","1","66.67","2","1","66.67","2","1","66.67","0","1","0.00","0.12","0.12","50.47","2","1","66.67","0","1","0.00","0","1","0.00","2","0","100.00","0","0","-","0","0","-","0","0","-","0.00","0.00","0.000","0","0","0","10","-","0","0","0","-"
"530","Rasmus Andersson","Brayden Pachal","CGY","24","2.8666666666667","1","6","14.29","1","6","14.29","1","4","20.00","0","0","-","0.05","0.44","10.79","0","5","0.00","0","1","0.00","0","0","-","0","4","0.00","0","0","-","1","3","25.00","0","0","-","0.00","100.00","1.000","0","0","0","2","-","0","0","3","0.00"
"531","Mattias Ekholm","Ty Emberson","EDM","72","2.8333333333333","3","1","75.00","3","1","75.00","3","1","75.00","0","0","-","0.37","0.07","84.62","2","1","66.67","1","0","100.00","0","0","-","1","1","50.00","0","0","-","1","0","100.00","0","0","-","0.00","100.00","1.000","0","0","0","6","-","0","0","1","0.00"
"532","Alex Petrovic","Vladislav Kolyachonok","DAL","11","2.8333333333333","1","1","50.00","1","1","50.00","0","1","0.00","0","0","-","0.04","0.05","39.85","0","0","-","0","0","-","0","0","-","0","0","-","0","0","-","1","1","50.00","0","0","-","-","100.00","1.00","0","0","0","4","-","0","1","0","-"
"533","Jakob Chychrun","Martin Fehervary","WSH","79","2.8333333333333","1","4","20.00","0","4","0.00","0","3","0.00","0","0","-","0","0.33","0.00","0","1","0.00","0","0","-","0","0","-","0","1","0.00","0","0","-","2","3","40.00","0","0","-","-","100.00","1.00","0","0","1","10","0.00","1","2","1","50.00"
"534","Andrew Peeke","Jordan Harris","BOS","8","2.8333333333333","2","3","40.00","2","3","40.00","2","2","50.00","0","1","0.00","0.34","0.53","38.77","2","2","50.00","2","1","66.67","0","1","0.00","0","1","0.00","0","0","-","0","1","0.00","0","0","-","0.00","50.00","0.500","0","0","0","4","-","0","0","0","-"
"535","John Carlson","Jakob Chychrun","WSH","53","2.7833333333333","1","2","33.33","0","2","0.00","0","2","0.00","0","0","-","0","0.14","0.00","0","1","0.00","0","0","-","0","0","-","0","1","0.00","0","0","-","0","1","0.00","0","0","-","-","100.00","1.00","0","0","0","5","-","0","1","0","-"
"536","Adam Pelech","Tony DeAngelo","NYI","76","2.7833333333333","1","0","100.00","1","0","100.00","1","0","100.00","0","0","-","0.12","0","100.00","1","0","100.00","1","0","100.00","0","0","-","0","0","-","0","0","-","0","1","0.00","0","0","-","0.00","-","0.00","0","2","2","5","0.00","0","2","2","0.00"
"537","Erik Karlsson","Ryan Graves","PIT","18","2.75","1","9","10.00","1","7","12.50","1","4","20.00","0","0","-","0.06","1.12","4.72","1","4","20.00","0","4","0.00","0","0","-","1","0","100.00","0","0","-","0","6","0.00","0","0","-","0.00","100.00","1.000","0","0","1","1","0.00","0","0","2","0.00"
"538","Timothy Liljegren","Vincent Iorio","S.J","13","2.7333333333333","1","3","25.00","1","2","33.33","1","2","33.33","0","0","-","0","0.11","2.07","0","0","-","0","0","-","0","0","-","0","0","-","0","0","-","0","3","0.00","0","0","-","0.00","100.00","1.000","0","0","0","5","-","0","0","0","-"
"539","Dougie Hamilton","Brett Pesce","N.J","36","2.7166666666667","1","4","20.00","1","3","25.00","1","3","25.00","0","0","-","0.11","0.4","22.10","1","3","25.00","1","1","50.00","0","0","-","0","2","0.00","0","0","-","0","1","0.00","0","0","-","0.00","100.00","1.000","0","0","0","16","-","0","1","0","-"
"540","Adam Fox","Urho Vaakanainen","NYR","24","2.7166666666667","0","6","0.00","0","3","0.00","0","1","0.00","0","0","-","0","0.45","0.00","0","4","0.00","0","1","0.00","0","0","-","0","3","0.00","0","0","-","0","6","0.00","0","0","-","-","100.00","1.00","0","1","5","3","0.00","0","1","5","0.00"
"541","Jayden Struble","Lane Hutson","MTL","59","2.6833333333333","1","2","33.33","1","2","33.33","1","1","50.00","0","0","-","0.05","0.12","27.57","0","1","0.00","0","0","-","0","0","-","0","1","0.00","0","0","-","1","1","50.00","0","0","-","0.00","100.00","1.000","0","1","2","5","0.00","0","1","2","0.00"
"542","Brett Kulak","Connor Clifton","PIT","12","2.65","1","4","20.00","1","3","25.00","1","3","25.00","0","0","-","0.09","0.24","28.55","1","2","33.33","1","0","100.00","0","0","-","0","2","0.00","0","0","-","0","3","0.00","0","0","-","0.00","100.00","1.000","0","0","1","6","0.00","0","0","1","0.00"
"543","Adam Pelech","Carson Soucy","NYI","30","2.6333333333333","1","2","33.33","1","1","50.00","1","1","50.00","0","1","0.00","0.08","0.08","50.45","1","2","33.33","0","0","-","0","0","-","1","2","33.33","0","1","0.00","0","0","-","0","0","-","0.00","0.00","0.000","0","0","1","3","0.00","0","0","1","0.00"
"544","Tony DeAngelo","Matthew Schaefer","NYI","76","2.6166666666667","0","3","0.00","0","2","0.00","0","1","0.00","0","0","-","0","0.4","0.00","0","2","0.00","0","1","0.00","0","0","-","0","1","0.00","0","0","-","0","1","0.00","0","0","-","-","100.00","1.00","0","1","0","6","-","0","1","0","-"
"545","Luke Schenn","Bowen Byram","BUF","4","2.6","0","1","0.00","0","0","-","0","0","-","0","0","-","0","0","-","0","0","-","0","0","-","0","0","-","0","0","-","0","0","-","0","1","0.00","0","0","-","-","-","-","0","0","1","3","0.00","0","2","1","0.00"
"546","Neal Pionk","Elias Salomonsson","WPG","9","2.5833333333333","0","2","0.00","0","2","0.00","0","2","0.00","0","2","0.00","0","0.17","0.00","0","0","-","0","0","-","0","0","-","0","0","-","0","0","-","0","3","0.00","0","2","0.00","-","0.00","0.00","0","0","1","1","0.00","0","0","1","0.00"
"547","Oliver Ekman-Larsson","Jake McCabe","TOR","76","2.5666666666667","0","11","0.00","0","10","0.00","0","7","0.00","0","1","0.00","0","1.19","0.00","0","6","0.00","0","3","0.00","0","1","0.00","0","3","0.00","0","0","-","0","5","0.00","0","0","-","-","85.71","0.86","0","1","0","10","-","0","1","0","-"
"548","Tobias Bjornfot","Ludvig Jansson","FLA","4","2.5666666666667","0","4","0.00","0","3","0.00","0","2","0.00","0","0","-","0","0.21","0.00","0","2","0.00","0","0","-","0","0","-","0","2","0.00","0","0","-","0","3","0.00","0","0","-","-","100.00","1.00","0","0","3","1","0.00","0","0","4","0.00"
"549","Jeff Petry","Tobias Bjornfot","FLA","10","2.55","0","2","0.00","0","2","0.00","0","0","-","0","0","-","0","0.26","0.00","0","1","0.00","0","0","-","0","0","-","0","1","0.00","0","0","-","0","1","0.00","0","0","-","-","-","-","0","0","0","2","-","0","0","1","0.00"
"550","Shayne Gostisbehere","Alexander Nikishin","CAR","54","2.5166666666667","1","4","20.00","1","2","33.33","1","1","50.00","0","0","-","0","0.17","0.19","0","3","0.00","0","2","0.00","0","0","-","0","1","0.00","0","0","-","0","1","0.00","0","0","-","0.00","100.00","1.000","0","2","0","5","-","0","2","0","-"
"551","Noah Juulsen"," ","PHI","3","2.5166666666667","1","4","20.00","1","2","33.33","1","2","33.33","0","0","-","0.1","0.26","27.29","1","3","25.00","1","1","50.00","0","0","-","0","2","0.00","0","0","-","0","1","0.00","0","0","-","0.00","100.00","1.000","0","0","1","0","0.00","0","0","1","0.00"
"552","Joel Hanley","Zach Whitecloud","CGY","20","2.5","0","6","0.00","0","6","0.00","0","3","0.00","0","0","-","0","0.55","0.00","0","3","0.00","0","2","0.00","0","0","-","0","1","0.00","0","0","-","0","3","0.00","0","0","-","-","100.00","1.00","0","0","0","10","-","0","0","0","-"
"553","Travis Sanheim","Jamie Drysdale","PHI","78","2.4833333333333","0","5","0.00","0","4","0.00","0","1","0.00","0","0","-","0","0.53","0.00","0","2","0.00","0","0","-","0","0","-","0","2","0.00","0","0","-","0","4","0.00","0","0","-","-","100.00","1.00","0","0","0","1","-","0","0","2","0.00"
"554","Victor Mancini","Tom Willander","VAN","18","2.4833333333333","0","4","0.00","0","4","0.00","0","2","0.00","0","2","0.00","0","0.24","0.00","0","3","0.00","0","0","-","0","0","-","0","3","0.00","0","2","0.00","0","1","0.00","0","0","-","-","0.00","0.00","0","0","0","6","-","0","0","0","-"
"555","Jaccob Slavin","Alexander Nikishin","CAR","39","2.45","0","5","0.00","0","2","0.00","0","0","-","0","0","-","0","0.27","0.00","0","3","0.00","0","1","0.00","0","0","-","0","2","0.00","0","0","-","0","1","0.00","0","0","-","-","-","-","0","1","0","2","-","0","1","0","-"
"556","Quinn Hughes","Brock Faber","MIN","48","2.4166666666667","0","4","0.00","0","3","0.00","0","1","0.00","0","0","-","0","0.63","0.00","0","0","-","0","0","-","0","0","-","0","0","-","0","0","-","0","5","0.00","0","0","-","-","100.00","1.00","0","0","2","4","0.00","1","1","3","25.00"
"557","Michael Kesselring","Bowen Byram","BUF","34","2.4166666666667","0","6","0.00","0","2","0.00","0","0","-","0","0","-","0","0.24","0.00","0","4","0.00","0","1","0.00","0","0","-","0","3","0.00","0","0","-","0","2","0.00","0","0","-","-","-","-","0","0","0","4","-","0","0","0","-"
"558","Mattias Ekholm","Jake Walman","EDM","53","2.4","3","2","60.00","3","2","60.00","2","1","66.67","0","0","-","0.03","0.09","21.26","0","1","0.00","0","0","-","0","0","-","0","1","0.00","0","0","-","1","2","33.33","0","0","-","0.00","100.00","1.000","0","0","1","9","0.00","0","1","2","0.00"
"559","Nate Schmidt","Sean Durzi","UTA","60","2.4","1","3","25.00","1","3","25.00","0","2","0.00","0","1","0.00","0.05","0.25","16.31","1","2","33.33","0","1","0.00","0","0","-","1","1","50.00","0","1","0.00","0","1","0.00","0","0","-","-","50.00","0.50","0","1","0","3","-","0","1","0","-"
"560","Thomas Chabot","Jordan Spence","OTT","48","2.4","0","2","0.00","0","2","0.00","0","1","0.00","0","1","0.00","0","0.56","0.00","0","1","0.00","0","1","0.00","0","0","-","0","0","-","0","0","-","1","2","33.33","0","1","0.00","-","0.00","0.00","0","1","2","2","0.00","1","1","2","33.33"
"561","Roman Josi","Justin Barron","NSH","39","2.3833333333333","3","1","75.00","3","1","75.00","3","0","100.00","0","0","-","0.15","0.08","66.21","0","0","-","0","0","-","0","0","-","0","0","-","0","0","-","3","1","75.00","0","0","-","0.00","-","0.00","0","0","0","2","-","1","0","0","100.00"
"562","Oliver Ekman-Larsson","Brandon Carlo","TOR","51","2.3833333333333","2","5","28.57","2","5","28.57","1","3","25.00","0","1","0.00","0.12","0.47","21.09","1","2","33.33","0","1","0.00","0","0","-","1","1","50.00","0","0","-","1","5","16.67","0","1","0.00","0.00","66.67","0.667","0","0","2","6","0.00","0","0","2","0.00"
"563","Jonas Brodin","Jacob Middleton","MIN","59","2.3833333333333","0","5","0.00","0","4","0.00","0","2","0.00","0","1","0.00","0","0.37","0.00","0","4","0.00","0","1","0.00","0","1","0.00","0","3","0.00","0","0","-","0","1","0.00","0","0","-","-","50.00","0.50","0","0","0","29","-","0","0","0","-"
"564","Cam Fowler","Matthew Kessel","STL","29","2.3666666666667","2","2","50.00","2","1","66.67","1","1","50.00","0","0","-","0.08","0.04","64.83","1","0","100.00","1","0","100.00","0","0","-","0","0","-","0","0","-","0","3","0.00","0","0","-","0.00","100.00","1.000","0","0","1","4","0.00","0","0","1","0.00"
"565","Brett Kulak","Evan Bouchard","EDM","31","2.35","1","3","25.00","1","3","25.00","1","2","33.33","0","0","-","0","0.14","0.49","0","1","0.00","0","0","-","0","0","-","0","1","0.00","0","0","-","0","2","0.00","0","0","-","0.00","100.00","1.000","0","0","1","6","0.00","0","0","1","0.00"
"566","Tobias Bjornfot","Donovan Sebrango","FLA","8","2.35","2","1","66.67","2","1","66.67","2","1","66.67","0","0","-","0.09","0.05","61.93","0","1","0.00","0","0","-","0","0","-","0","1","0.00","0","0","-","2","1","66.67","0","0","-","0.00","100.00","1.000","0","0","0","5","-","0","0","2","0.00"
"567","Justin Faulk","Albert Johansson","DET","17","2.3333333333333","0","4","0.00","0","4","0.00","0","3","0.00","0","0","-","0","0.31","0.00","0","2","0.00","0","1","0.00","0","0","-","0","1","0.00","0","0","-","0","2","0.00","0","0","-","-","100.00","1.00","0","0","0","4","-","0","0","0","-"
"568","Conor Timmins","Rasmus Dahlin","BUF","35","2.3333333333333","0","2","0.00","0","2","0.00","0","1","0.00","0","0","-","0","0.13","0.00","0","2","0.00","0","0","-","0","0","-","0","2","0.00","0","0","-","0","3","0.00","0","0","-","-","100.00","1.00","0","0","0","3","-","0","0","4","0.00"
"569","Donovan Sebrango","Marek Alscher","FLA","4","2.3333333333333","1","4","20.00","1","2","33.33","1","1","50.00","0","0","-","0","0.31","0.20","0","3","0.00","0","2","0.00","0","0","-","0","1","0.00","0","0","-","0","1","0.00","0","0","-","0.00","100.00","1.000","0","0","2","0","0.00","0","0","2","0.00"
"570","Dmitry Orlov","John Klingberg","S.J","56","2.3","0","0","-","0","0","-","0","0","-","0","0","-","0","0","-","0","0","-","0","0","-","0","0","-","0","0","-","0","0","-","0","0","-","0","0","-","-","-","-","1","0","2","3","33.33","1","0","2","33.33"
"571","Yan Kuznetsov","Hunter Brzustewicz","CGY","23","2.2833333333333","1","1","50.00","0","0","-","0","0","-","0","0","-","0","0","-","0","0","-","0","0","-","0","0","-","0","0","-","0","0","-","1","1","50.00","0","0","-","-","-","-","0","0","0","2","-","0","0","1","0.00"
"572","Haydn Fleury","Jacob Bryson","WPG","12","2.2666666666667","0","8","0.00","0","4","0.00","0","3","0.00","0","0","-","0","0.46","0.00","0","4","0.00","0","2","0.00","0","0","-","0","2","0.00","0","0","-","0","5","0.00","0","0","-","-","100.00","1.00","0","1","1","0","0.00","0","2","1","0.00"
"573","Seth Jones","Tobias Bjornfot","FLA","4","2.25","3","8","27.27","2","7","22.22","0","1","0.00","0","0","-","0.11","0.94","10.22","0","7","0.00","0","3","0.00","0","0","-","0","4","0.00","0","0","-","3","2","60.00","0","0","-","-","100.00","1.00","0","0","0","1","-","0","0","1","0.00"
"574","Connor Murphy","Louis Crevier","CHI","57","2.2333333333333","0","3","0.00","0","3","0.00","0","1","0.00","0","0","-","0","0.37","0.00","0","1","0.00","0","1","0.00","0","0","-","0","0","-","0","0","-","0","3","0.00","0","0","-","-","100.00","1.00","0","0","1","12","0.00","0","0","1","0.00"
"575","Scott Mayfield","Marshall Warren","NYI","8","2.2166666666667","0","5","0.00","0","4","0.00","0","3","0.00","0","0","-","0","0.2","0.00","0","0","-","0","0","-","0","0","-","0","0","-","0","0","-","0","5","0.00","0","0","-","-","100.00","1.00","0","0","0","0","-","0","0","0","-"
"576","Charles-Edouard D'Astous","Janis Moser","T.B","69","2.2","0","2","0.00","0","2","0.00","0","1","0.00","0","0","-","0","0.12","0.00","0","0","-","0","0","-","0","0","-","0","0","-","0","0","-","1","3","25.00","0","0","-","-","100.00","1.00","0","1","1","7","0.00","1","1","1","50.00"
"577","Zach Whitecloud","Kaedan Korczak","VGK","47","2.2","1","4","20.00","1","4","20.00","1","3","25.00","0","0","-","0.19","0.29","39.41","1","4","20.00","1","0","100.00","0","0","-","0","4","0.00","0","0","-","0","1","0.00","0","0","-","0.00","100.00","1.000","0","0","0","5","-","0","0","1","0.00"
"578","Mike Benning","Donovan Sebrango","FLA","17","2.1833333333333","0","4","0.00","0","4","0.00","0","1","0.00","0","0","-","0","0.29","0.00","0","2","0.00","0","2","0.00","0","0","-","0","0","-","0","0","-","0","3","0.00","0","0","-","-","100.00","1.00","0","1","0","4","-","0","2","1","0.00"
"579","Ryan McDonagh","Declan Carlile","T.B","14","2.1666666666667","0","4","0.00","0","2","0.00","0","1","0.00","0","0","-","0","0.22","0.00","0","2","0.00","0","0","-","0","0","-","0","2","0.00","0","0","-","0","2","0.00","0","0","-","-","100.00","1.00","0","0","1","2","0.00","0","0","3","0.00"
"580","Erik Gudbranson","Damon Severson","CBJ","27","2.1666666666667","2","3","40.00","2","3","40.00","2","3","40.00","0","1","0.00","0.04","0.27","11.79","0","2","0.00","0","1","0.00","0","0","-","0","1","0.00","0","1","0.00","1","1","50.00","0","0","-","0.00","66.67","0.667","0","0","0","4","-","0","0","0","-"
"581","Connor Clifton","Ilya Solovyov","PIT","11","2.1666666666667","0","4","0.00","0","4","0.00","0","3","0.00","0","1","0.00","0","0.54","0.00","0","3","0.00","0","1","0.00","0","0","-","0","2","0.00","0","1","0.00","0","2","0.00","0","0","-","-","66.67","0.67","0","0","0","0","-","0","0","1","0.00"
"582","Rasmus Ristolainen","Emil Andrae","PHI","33","2.1666666666667","0","7","0.00","0","6","0.00","0","4","0.00","0","1","0.00","0","0.56","0.00","0","4","0.00","0","1","0.00","0","0","-","0","3","0.00","0","1","0.00","0","2","0.00","0","0","-","-","75.00","0.75","0","0","0","0","-","0","0","0","-"
"583","Jeff Petry","Donovan Sebrango","FLA","18","2.15","1","3","25.00","1","3","25.00","0","3","0.00","0","1","0.00","0.05","0.43","10.03","0","3","0.00","0","2","0.00","0","1","0.00","0","1","0.00","0","0","-","1","1","50.00","0","0","-","-","66.67","0.67","0","2","1","2","0.00","0","2","1","0.00"
"584","Jeff Petry","Jonas Brodin","MIN","8","2.1333333333333","0","5","0.00","0","1","0.00","0","0","-","0","0","-","0","0.09","0.00","0","2","0.00","0","0","-","0","0","-","0","2","0.00","0","0","-","0","5","0.00","0","0","-","-","-","-","0","0","1","0","0.00","0","0","2","0.00"
"585","Travis Hamonic","Moritz Seider","DET","26","2.1166666666667","2","2","50.00","2","1","66.67","2","1","66.67","0","0","-","0.2","0.05","81.61","1","0","100.00","1","0","100.00","0","0","-","0","0","-","0","0","-","1","2","33.33","0","0","-","0.00","100.00","1.000","0","0","0","7","-","0","0","0","-"
"586","Brandon Carlo","Philippe Myers","TOR","26","2.1166666666667","2","3","40.00","2","2","50.00","1","1","50.00","0","0","-","0.18","0.14","56.32","1","2","33.33","0","0","-","0","0","-","1","2","33.33","0","0","-","1","1","50.00","0","0","-","0.00","100.00","1.000","0","0","0","6","-","0","0","0","-"
"587","Tyler Tucker","Matthew Kessel","STL","23","2.05","0","3","0.00","0","2","0.00","0","2","0.00","0","0","-","0","0.21","0.00","0","2","0.00","0","1","0.00","0","0","-","0","1","0.00","0","0","-","0","1","0.00","0","0","-","-","100.00","1.00","0","0","0","2","-","0","0","0","-"
"588","Michael Callahan","Jonathan Aspirot","BOS","2","2.0333333333333","1","3","25.00","1","2","33.33","1","0","100.00","0","0","-","0.01","0.18","2.88","0","1","0.00","0","1","0.00","0","0","-","0","0","-","0","0","-","0","2","0.00","0","0","-","0.00","-","0.00","0","0","0","2","-","0","0","0","-"
"589","Jonas Brodin","Daemon Hunt","MIN","14","2.0166666666667","0","3","0.00","0","2","0.00","0","1","0.00","0","0","-","0","0.18","0.00","0","2","0.00","0","1","0.00","0","0","-","0","1","0.00","0","0","-","0","1","0.00","0","0","-","-","100.00","1.00","0","0","0","2","-","0","0","0","-"
"590","Brett Kulak","Alec Regula","EDM","17","2.0166666666667","2","3","40.00","2","2","50.00","1","2","33.33","0","0","-","0.31","0.17","65.11","2","2","50.00","1","0","100.00","0","0","-","1","2","33.33","0","0","-","0","1","0.00","0","0","-","0.00","100.00","1.000","0","0","2","1","0.00","0","0","2","0.00"
"591","Brendan Smith","Ivan Provorov","CBJ","15","1.9833333333333","2","0","100.00","2","0","100.00","2","0","100.00","0","0","-","0.19","0","100.00","2","0","100.00","1","0","100.00","0","0","-","1","0","100.00","0","0","-","0","0","-","0","0","-","0.00","-","0.00","0","0","0","5","-","0","0","0","-"
"592","Jordan Spence","Tyler Kleven","OTT","63","1.9666666666667","1","0","100.00","1","0","100.00","1","0","100.00","0","0","-","0.19","0","100.00","1","0","100.00","1","0","100.00","0","0","-","0","0","-","0","0","-","1","0","100.00","0","0","-","0.00","-","0.00","1","2","0","8","100.00","1","2","0","100.00"
"593","Connor Murphy","Ethan Del Mastro","CHI","2","1.95","0","3","0.00","0","2","0.00","0","2","0.00","0","0","-","0","0.09","0.00","0","1","0.00","0","0","-","0","0","-","0","1","0.00","0","0","-","0","4","0.00","0","0","-","-","100.00","1.00","0","0","3","0","0.00","0","0","3","0.00"
"594","Haydn Fleury","Elias Salomonsson","WPG","15","1.9166666666667","0","3","0.00","0","2","0.00","0","1","0.00","0","0","-","0","0.14","0.00","0","2","0.00","0","0","-","0","0","-","0","2","0.00","0","0","-","0","1","0.00","0","0","-","-","100.00","1.00","0","0","0","4","-","1","0","0","100.00"
"595","Shakir Mukhamadullin","Vincent Iorio","S.J","7","1.9166666666667","0","4","0.00","0","4","0.00","0","4","0.00","0","0","-","0","0.4","0.00","0","2","0.00","0","1","0.00","0","0","-","0","1","0.00","0","0","-","0","3","0.00","0","0","-","-","100.00","1.00","0","0","0","3","-","0","0","1","0.00"
"596","MacKenzie Weegar","Brayden Pachal","CGY","27","1.8833333333333","1","5","16.67","1","3","25.00","1","2","33.33","0","0","-","0.07","0.33","17.99","1","4","20.00","0","0","-","0","0","-","1","4","20.00","0","0","-","0","1","0.00","0","0","-","0.00","100.00","1.000","0","0","0","1","-","0","0","1","0.00"
"597","Cameron Crotty","Jordan Spence","OTT","6","1.8833333333333","0","3","0.00","0","3","0.00","0","2","0.00","0","0","-","0","0.16","0.00","0","2","0.00","0","0","-","0","0","-","0","2","0.00","0","0","-","0","2","0.00","0","0","-","-","100.00","1.00","0","0","1","2","0.00","0","0","1","0.00"
"598","Janis Moser","Declan Carlile","T.B","41","1.8833333333333","0","2","0.00","0","1","0.00","0","1","0.00","0","1","0.00","0","0.14","0.00","0","1","0.00","0","1","0.00","0","1","0.00","0","0","-","0","0","-","0","2","0.00","0","0","-","-","0.00","0.00","0","0","1","3","0.00","0","1","1","0.00"
"599","Nick Jensen","Artem Zub","OTT","60","1.8666666666667","2","3","40.00","2","3","40.00","1","2","33.33","0","1","0.00","0.09","0.19","31.79","1","1","50.00","0","1","0.00","0","1","0.00","1","0","100.00","0","0","-","1","2","33.33","0","0","-","0.00","50.00","0.500","0","0","0","16","-","0","0","0","-"
"600","Carson Soucy","Adam Fox","NYR","26","1.8666666666667","1","3","25.00","1","2","33.33","1","2","33.33","0","0","-","0","0.14","1.40","0","2","0.00","0","0","-","0","0","-","0","2","0.00","0","0","-","0","1","0.00","0","0","-","0.00","100.00","1.000","0","0","1","0","0.00","0","0","1","0.00"
"601","Seth Jones","Aaron Ekblad","FLA","47","1.8666666666667","1","1","50.00","1","0","100.00","0","0","-","0","0","-","0.15","0","100.00","1","0","100.00","1","0","100.00","0","0","-","0","0","-","0","0","-","0","2","0.00","0","0","-","-","-","-","0","0","0","16","-","0","0","1","0.00"
"602","Jordan Spence","Artem Zub","OTT","72","1.8666666666667","0","2","0.00","0","2","0.00","0","1","0.00","0","0","-","0","0.13","0.00","0","1","0.00","0","0","-","0","0","-","0","1","0.00","0","0","-","0","1","0.00","0","0","-","-","100.00","1.00","0","0","1","5","0.00","0","0","1","0.00"
"603","Kaiden Guhle","Arber Xhekaj","MTL","25","1.85","0","7","0.00","0","5","0.00","0","3","0.00","0","0","-","0","0.41","0.00","0","3","0.00","0","2","0.00","0","0","-","0","1","0.00","0","0","-","0","5","0.00","0","0","-","-","100.00","1.00","0","0","0","0","-","0","0","1","0.00"
"604","Zach Bogosian","Brock Faber","MIN","41","1.8333333333333","1","2","33.33","1","1","50.00","0","1","0.00","0","0","-","0.64","0.03","95.08","0","1","0.00","0","0","-","0","0","-","0","1","0.00","0","0","-","0","1","0.00","0","0","-","-","100.00","1.00","0","0","0","11","-","0","0","0","-"
"605","Nick Leddy","Timothy Liljegren","S.J","12","1.8333333333333","1","2","33.33","1","2","33.33","1","1","50.00","0","0","-","0.03","0.24","10.88","0","1","0.00","0","1","0.00","0","0","-","0","0","-","0","0","-","1","1","50.00","0","0","-","0.00","100.00","1.000","0","1","0","3","-","0","1","0","-"
"606","Shea Theodore","Rasmus Andersson","VGK","32","1.8166666666667","1","4","20.00","1","3","25.00","0","1","0.00","0","0","-","0.13","0.55","18.70","1","4","20.00","0","2","0.00","0","0","-","1","2","33.33","0","0","-","0","1","0.00","0","0","-","-","100.00","1.00","0","0","2","4","0.00","0","0","2","0.00"
"607","Luke Schenn","Mattias Samuelsson","BUF","2","1.8","3","1","75.00","3","1","75.00","2","1","66.67","0","0","-","0.49","0.16","75.49","3","1","75.00","2","1","66.67","0","0","-","1","0","100.00","0","0","-","0","1","0.00","0","0","-","0.00","100.00","1.000","0","0","0","3","-","1","0","1","50.00"
"608","Brayden McNabb","Rasmus Andersson","VGK","25","1.8","0","3","0.00","0","1","0.00","0","1","0.00","0","0","-","0","0.07","0.00","0","2","0.00","0","1","0.00","0","0","-","0","1","0.00","0","0","-","0","1","0.00","0","0","-","-","100.00","1.00","0","0","1","6","0.00","0","0","1","0.00"
"609","Jacob Middleton","Daemon Hunt","MIN","26","1.8","0","9","0.00","0","6","0.00","0","5","0.00","0","2","0.00","0","0.72","0.00","0","8","0.00","0","2","0.00","0","1","0.00","0","6","0.00","0","1","0.00","0","1","0.00","0","0","-","-","60.00","0.60","0","0","0","3","-","0","0","1","0.00"
"610","Zach Bogosian","Daemon Hunt","MIN","9","1.7833333333333","0","3","0.00","0","3","0.00","0","2","0.00","0","0","-","0","0.09","0.00","0","0","-","0","0","-","0","0","-","0","0","-","0","0","-","0","3","0.00","0","0","-","-","100.00","1.00","0","0","0","2","-","0","1","0","-"
"611","Logan Stanley","Neal Pionk","WPG","39","1.7833333333333","1","2","33.33","1","1","50.00","0","1","0.00","0","0","-","0.05","0.07","41.29","1","2","33.33","0","0","-","0","0","-","1","2","33.33","0","0","-","0","1","0.00","0","0","-","-","100.00","1.00","0","0","4","6","0.00","0","1","4","0.00"
"612","Nick DeSimone","Sean Durzi","UTA","31","1.7833333333333","0","4","0.00","0","4","0.00","0","2","0.00","0","1","0.00","0","0.27","0.00","0","3","0.00","0","0","-","0","0","-","0","3","0.00","0","1","0.00","0","1","0.00","0","0","-","-","50.00","0.50","0","0","0","4","-","0","0","0","-"
"613","Egor Zamula","Jamie Drysdale","PHI","13","1.7666666666667","0","4","0.00","0","3","0.00","0","2","0.00","0","1","0.00","0","0.5","0.00","0","2","0.00","0","2","0.00","0","1","0.00","0","0","-","0","0","-","0","2","0.00","0","0","-","-","50.00","0.50","0","0","1","0","0.00","0","0","1","0.00"
"614","Nick Leddy","Vincent Iorio","S.J","8","1.7333333333333","1","4","20.00","1","3","25.00","1","2","33.33","1","0","100.00","0.08","0.25","24.91","1","2","33.33","0","1","0.00","0","0","-","1","1","50.00","1","0","100.00","1","2","33.33","0","0","-","100.00","100.00","2.000","1","1","0","0","100.00","1","1","0","100.00"
"615","Jackson LaCombe","Olen Zellweger","ANA","76","1.7333333333333","0","1","0.00","0","1","0.00","0","1","0.00","0","0","-","0","0.14","0.00","0","1","0.00","0","1","0.00","0","0","-","0","0","-","0","0","-","0","1","0.00","0","0","-","-","100.00","1.00","0","0","0","6","-","0","1","1","0.00"
"616","Kris Letang","Erik Karlsson","PIT","70","1.7","1","2","33.33","1","1","50.00","1","1","50.00","0","0","-","0.01","0.14","3.69","0","2","0.00","0","1","0.00","0","0","-","0","1","0.00","0","0","-","0","0","-","0","0","-","0.00","100.00","1.000","0","0","0","35","-","0","0","0","-"
"617","Alex Petrovic","Miro Heiskanen","DAL","50","1.7","0","1","0.00","0","1","0.00","0","1","0.00","0","0","-","0","0.03","0.00","0","0","-","0","0","-","0","0","-","0","0","-","0","0","-","0","2","0.00","0","0","-","-","100.00","1.00","0","0","1","8","0.00","0","0","1","0.00"
"618","Noah Juulsen","Egor Zamula","PHI","9","1.7","1","1","50.00","0","0","-","0","0","-","0","0","-","0","0","-","1","0","100.00","0","0","-","0","0","-","1","0","100.00","0","0","-","0","1","0.00","0","0","-","-","-","-","0","0","0","1","-","0","0","0","-"
"619","Brett Kulak","Jake Walman","EDM","17","1.6833333333333","0","1","0.00","0","1","0.00","0","0","-","0","0","-","0","0.09","0.00","0","1","0.00","0","0","-","0","0","-","0","1","0.00","0","0","-","0","0","-","0","0","-","-","-","-","0","0","0","4","-","0","0","0","-"
"620","Erik Gudbranson","Dante Fabbro","CBJ","29","1.65","0","2","0.00","0","1","0.00","0","1","0.00","0","0","-","0","0.19","0.00","0","2","0.00","0","2","0.00","0","0","-","0","0","-","0","0","-","0","0","-","0","0","-","-","100.00","1.00","0","0","0","0","-","0","0","0","-"
"621","Brett Pesce","Johnathan Kovacevic","N.J","13","1.65","1","5","16.67","1","3","25.00","0","0","-","0","0","-","0.24","0.2","54.73","1","2","33.33","1","0","100.00","0","0","-","0","2","0.00","0","0","-","0","3","0.00","0","0","-","-","-","-","0","0","0","1","-","0","0","0","-"
"622","Nikita Zadorov","Jordan Harris","BOS","8","1.65","1","1","50.00","1","1","50.00","1","1","50.00","0","0","-","0.2","0.15","57.45","1","1","50.00","1","1","50.00","0","0","-","0","0","-","0","0","-","0","1","0.00","0","0","-","0.00","100.00","1.000","0","0","1","1","0.00","0","0","1","0.00"
"623","Jayden Struble","Arber Xhekaj","MTL","42","1.65","1","1","50.00","0","1","0.00","0","1","0.00","0","0","-","0","0.04","0.00","1","0","100.00","0","0","-","0","0","-","1","0","100.00","0","0","-","0","2","0.00","0","0","-","-","100.00","1.00","0","1","1","0","0.00","0","2","1","0.00"
"624","Jackson LaCombe","Pavel Mintyukov","ANA","73","1.6333333333333","0","3","0.00","0","3","0.00","0","2","0.00","0","1","0.00","0","0.37","0.00","0","3","0.00","0","0","-","0","0","-","0","3","0.00","0","1","0.00","0","1","0.00","0","0","-","-","50.00","0.50","0","0","1","3","0.00","0","0","2","0.00"
"625","Zach Werenski","Jake Christiansen","CBJ","35","1.6166666666667","0","5","0.00","0","5","0.00","0","5","0.00","0","1","0.00","0","1.04","0.00","0","5","0.00","0","4","0.00","0","1","0.00","0","1","0.00","0","0","-","0","1","0.00","0","0","-","-","80.00","0.80","0","1","1","0","0.00","0","1","1","0.00"
"626","Alex Vlasic","Ethan Del Mastro","CHI","18","1.6166666666667","0","2","0.00","0","1","0.00","0","0","-","0","0","-","0","0.11","0.00","0","1","0.00","0","0","-","0","0","-","0","1","0.00","0","0","-","0","1","0.00","0","0","-","-","-","-","0","0","0","3","-","0","0","0","-"
"627","Kris Letang","Connor Clifton","PIT","42","1.6","0","5","0.00","0","4","0.00","0","2","0.00","0","0","-","0","0.38","0.00","0","4","0.00","0","1","0.00","0","0","-","0","3","0.00","0","0","-","0","1","0.00","0","0","-","-","100.00","1.00","0","0","0","1","-","0","0","0","-"
"628","Travis Hamonic","Jacob Bernard-Docker","DET","9","1.5833333333333","0","4","0.00","0","2","0.00","0","1","0.00","0","0","-","0","0.17","0.00","0","1","0.00","0","0","-","0","0","-","0","1","0.00","0","0","-","0","4","0.00","0","0","-","-","100.00","1.00","0","1","1","1","0.00","0","1","1","0.00"
"629","Zach Whitecloud","Hunter Brzustewicz","CGY","19","1.5833333333333","3","1","75.00","3","0","100.00","2","0","100.00","0","0","-","0.46","0","100.00","2","1","66.67","1","0","100.00","0","0","-","1","1","50.00","0","0","-","2","0","100.00","0","0","-","0.00","-","0.00","1","0","0","0","100.00","1","1","0","100.00"
"630","Matt Grzelcyk","Alex Vlasic","CHI","68","1.5666666666667","0","3","0.00","0","3","0.00","0","3","0.00","0","0","-","0","0.32","0.00","0","3","0.00","0","1","0.00","0","0","-","0","2","0.00","0","0","-","0","0","-","0","0","-","-","100.00","1.00","0","0","0","9","-","0","0","0","-"
"631","Jordan Harris","Jonathan Aspirot","BOS","2","1.5666666666667","0","1","0.00","0","1","0.00","0","1","0.00","0","0","-","0","0.08","0.00","0","1","0.00","0","0","-","0","0","-","0","1","0.00","0","0","-","0","0","-","0","0","-","-","100.00","1.00","0","1","0","2","-","0","1","0","-"
"632","Moritz Seider","Axel Sandin-Pellikka","DET","68","1.5666666666667","3","2","60.00","3","0","100.00","3","0","100.00","0","0","-","0.21","0","100.00","0","2","0.00","0","0","-","0","0","-","0","2","0.00","0","0","-","3","1","75.00","0","0","-","0.00","-","0.00","0","0","1","3","0.00","0","0","1","0.00"
"633","Steven Santini","Declan Carlile","T.B","11","1.55","0","3","0.00","0","2","0.00","0","2","0.00","0","0","-","0","0.22","0.00","0","2","0.00","0","0","-","0","0","-","0","2","0.00","0","0","-","0","1","0.00","0","0","-","-","100.00","1.00","0","0","1","2","0.00","0","0","1","0.00"
"634","Emil Andrae","Jamie Drysdale","PHI","57","1.55","0","3","0.00","0","3","0.00","0","1","0.00","0","1","0.00","0","0.2","0.00","0","1","0.00","0","1","0.00","0","1","0.00","0","0","-","0","0","-","0","2","0.00","0","0","-","-","0.00","0.00","0","2","0","0","-","0","2","0","-"
"635","Philippe Myers","Troy Stecher","TOR","24","1.5333333333333","0","1","0.00","0","1","0.00","0","0","-","0","0","-","0","0.09","0.00","0","1","0.00","0","0","-","0","0","-","0","1","0.00","0","0","-","0","1","0.00","0","0","-","-","-","-","0","0","1","8","0.00","0","0","1","0.00"
"636","Olli Maatta","Hunter Brzustewicz","CGY","16","1.5166666666667","1","3","25.00","1","1","50.00","1","1","50.00","0","0","-","0.08","0.08","48.59","0","1","0.00","0","0","-","0","0","-","0","1","0.00","0","0","-","1","2","33.33","0","0","-","0.00","100.00","1.000","0","0","0","1","-","0","1","0","-"
"637","Mikhail Sergachev","Sean Durzi","UTA","56","1.5166666666667","1","1","50.00","1","1","50.00","0","1","0.00","0","1","0.00","0.04","0.05","43.16","0","1","0.00","0","0","-","0","0","-","0","1","0.00","0","1","0.00","2","2","50.00","0","0","-","-","0.00","0.00","1","0","2","1","33.33","1","0","2","33.33"
"638","Noah Dobson","Jayden Struble","MTL","57","1.5166666666667","0","3","0.00","0","1","0.00","0","1","0.00","0","0","-","0","0.18","0.00","0","3","0.00","0","1","0.00","0","0","-","0","2","0.00","0","0","-","0","1","0.00","0","0","-","-","100.00","1.00","0","0","1","0","0.00","0","0","2","0.00"
"639","Mattias Ekholm","Connor Murphy","EDM","20","1.4833333333333","2","0","100.00","2","0","100.00","1","0","100.00","0","0","-","0.12","0","100.00","2","0","100.00","1","0","100.00","0","0","-","1","0","100.00","0","0","-","0","0","-","0","0","-","0.00","-","0.00","0","0","0","10","-","0","0","0","-"
"640","Elias Pettersson","Victor Mancini","VAN","18","1.4833333333333","1","1","50.00","1","1","50.00","1","1","50.00","0","0","-","0","0.06","2.17","0","0","-","0","0","-","0","0","-","0","0","-","0","0","-","0","1","0.00","0","0","-","0.00","100.00","1.000","0","0","0","0","-","0","0","0","-"
"641","Luke Schenn","Owen Power","BUF","4","1.4666666666667","0","3","0.00","0","1","0.00","0","1","0.00","0","0","-","0","0.15","0.00","0","1","0.00","0","1","0.00","0","0","-","0","0","-","0","0","-","0","1","0.00","0","0","-","-","100.00","1.00","0","0","0","2","-","0","0","1","0.00"
"642","Oliver Ekman-Larsson","Dakota Mermis","TOR","11","1.4666666666667","1","2","33.33","1","2","33.33","1","2","33.33","0","0","-","0.01","0.18","4.93","0","1","0.00","0","1","0.00","0","0","-","0","0","-","0","0","-","0","1","0.00","0","0","-","0.00","100.00","1.000","0","0","0","2","-","0","0","0","-"
"643","Jacob Trouba","Tyson Hinds","ANA","6","1.4666666666667","0","1","0.00","0","0","-","0","0","-","0","0","-","0","0","-","0","0","-","0","0","-","0","0","-","0","0","-","0","0","-","0","1","0.00","0","0","-","-","-","-","0","0","1","2","0.00","0","0","1","0.00"
"644","Tyler Myers","Pierre-Olivier Joseph","VAN","21","1.45","1","3","25.00","1","3","25.00","0","3","0.00","0","2","0.00","0.04","0.2","18.38","0","2","0.00","0","0","-","0","0","-","0","2","0.00","0","1","0.00","1","1","50.00","0","1","0.00","-","33.33","0.33","0","0","0","3","-","0","0","1","0.00"
"645","Tyler Myers","Tom Willander","VAN","45","1.45","0","1","0.00","0","1","0.00","0","1","0.00","0","0","-","0","0.06","0.00","0","1","0.00","0","0","-","0","0","-","0","1","0.00","0","0","-","0","1","0.00","0","0","-","-","100.00","1.00","0","0","0","1","-","0","1","1","0.00"
"646","Dmitry Orlov","Vincent Desharnais","S.J","53","1.45","0","1","0.00","0","1","0.00","0","1","0.00","0","1","0.00","0","0.14","0.00","0","1","0.00","0","0","-","0","0","-","0","1","0.00","0","1","0.00","0","2","0.00","0","0","-","-","0.00","0.00","0","1","3","9","0.00","0","1","3","0.00"
"647","Ryan Graves","Ryan Shea","PIT","21","1.45","0","1","0.00","0","0","-","0","0","-","0","0","-","0","0","-","0","0","-","0","0","-","0","0","-","0","0","-","0","0","-","0","1","0.00","0","0","-","-","-","-","0","0","1","5","0.00","1","0","1","50.00"
"648","Pierre-Olivier Joseph","Victor Mancini","VAN","5","1.45","0","4","0.00","0","4","0.00","0","4","0.00","0","1","0.00","0","0.37","0.00","0","3","0.00","0","1","0.00","0","1","0.00","0","2","0.00","0","0","-","0","1","0.00","0","0","-","-","75.00","0.75","0","0","0","1","-","0","0","0","-"
"649","Nick Perbix","Justin Barron","NSH","52","1.45","0","2","0.00","0","0","-","0","0","-","0","0","-","0","0","-","0","0","-","0","0","-","0","0","-","0","0","-","0","0","-","0","1","0.00","0","0","-","-","-","-","0","0","0","7","-","0","0","0","-"
"650","Jeff Petry","Viking Gustafsson-Nyberg","MIN","2","1.4333333333333","0","4","0.00","0","3","0.00","0","1","0.00","0","0","-","0","0.19","0.00","0","1","0.00","0","0","-","0","0","-","0","1","0.00","0","0","-","0","3","0.00","0","0","-","-","100.00","1.00","0","0","0","1","-","0","0","0","-"
"651","Brady Skjei","Justin Barron","NSH","52","1.4333333333333","0","0","-","0","0","-","0","0","-","0","0","-","0","0","-","0","0","-","0","0","-","0","0","-","0","0","-","0","0","-","0","0","-","0","0","-","-","-","-","0","0","0","2","-","0","0","1","0.00"
"652","Darnell Nurse","Troy Stecher","EDM","6","1.4333333333333","0","2","0.00","0","1","0.00","0","1","0.00","0","0","-","0","0.33","0.00","0","2","0.00","0","1","0.00","0","0","-","0","1","0.00","0","0","-","0","0","-","0","0","-","-","100.00","1.00","0","0","0","3","-","0","0","0","-"
"653","Ethan Del Mastro","Artyom Levshunov","CHI","10","1.4333333333333","1","0","100.00","1","0","100.00","1","0","100.00","0","0","-","0.04","0","100.00","1","0","100.00","0","0","-","0","0","-","1","0","100.00","0","0","-","0","0","-","0","0","-","0.00","-","0.00","0","0","0","3","-","0","0","0","-"
"654","Trevor van Riemsdyk","Declan Chisholm","WSH","17","1.4166666666667","1","1","50.00","1","1","50.00","1","0","100.00","0","0","-","0.01","0.05","14.76","0","0","-","0","0","-","0","0","-","0","0","-","0","0","-","0","1","0.00","0","0","-","0.00","-","0.00","0","0","0","1","-","0","0","0","-"
"655","Dante Fabbro","Jake Christiansen","CBJ","35","1.4166666666667","0","7","0.00","0","4","0.00","0","4","0.00","0","1","0.00","0","1.21","0.00","0","5","0.00","0","5","0.00","0","1","0.00","0","0","-","0","0","-","0","2","0.00","0","0","-","-","75.00","0.75","0","0","1","1","0.00","0","0","1","0.00"
"656","Logan Stanley","Rasmus Dahlin","BUF","16","1.4166666666667","0","2","0.00","0","2","0.00","0","2","0.00","0","1","0.00","0","0.09","0.00","0","0","-","0","0","-","0","0","-","0","0","-","0","0","-","0","2","0.00","0","1","0.00","-","50.00","0.50","0","0","1","0","0.00","0","0","1","0.00"
"657","Adam Boqvist","Matthew Schaefer","NYI","28","1.4166666666667","2","0","100.00","2","0","100.00","1","0","100.00","0","0","-","0.05","0","100.00","1","0","100.00","0","0","-","0","0","-","1","0","100.00","0","0","-","0","0","-","0","0","-","0.00","-","0.00","1","0","0","1","100.00","1","0","0","100.00"
"658","Luke Schenn","Logan Stanley","BUF","4","1.4","1","0","100.00","1","0","100.00","1","0","100.00","0","0","-","0.06","0","100.00","1","0","100.00","0","0","-","0","0","-","1","0","100.00","0","0","-","0","0","-","0","0","-","0.00","-","0.00","0","0","0","2","-","0","0","0","-"
"659","Mattias Ekholm","Brett Kulak","EDM","31","1.4","0","3","0.00","0","2","0.00","0","2","0.00","0","1","0.00","0","0.34","0.00","0","2","0.00","0","1","0.00","0","0","-","0","1","0.00","0","0","-","0","1","0.00","0","1","0.00","-","50.00","0.50","0","0","0","5","-","0","0","0","-"
"660","Ben Hutton","Kaedan Korczak","VGK","51","1.4","0","3","0.00","0","3","0.00","0","0","-","0","0","-","0","0.25","0.00","0","2","0.00","0","1","0.00","0","0","-","0","1","0.00","0","0","-","0","1","0.00","0","0","-","-","-","-","0","2","0","1","-","0","2","0","-"
"661","Lane Hutson","Adam Engstrom","MTL","15","1.4","0","1","0.00","0","1","0.00","0","1","0.00","0","0","-","0","0.2","0.00","0","1","0.00","0","1","0.00","0","0","-","0","0","-","0","0","-","0","0","-","0","0","-","-","100.00","1.00","0","0","0","1","-","0","0","0","-"
"662","Mike Reilly","K'Andre Miller","CAR","33","1.3833333333333","2","1","66.67","2","1","66.67","2","1","66.67","0","0","-","0.09","0.14","39.35","1","1","50.00","0","1","0.00","0","0","-","1","0","100.00","0","0","-","0","0","-","0","0","-","0.00","100.00","1.000","0","0","0","9","-","0","0","0","-"
"663","Damon Severson","Jake Christiansen","CBJ","34","1.3833333333333","1","3","25.00","1","2","33.33","1","1","50.00","0","0","-","0","0.16","1.28","0","0","-","0","0","-","0","0","-","0","0","-","0","0","-","0","3","0.00","0","0","-","0.00","100.00","1.000","0","0","0","1","-","0","0","0","-"
"664","Marcus Pettersson","Pierre-Olivier Joseph","VAN","31","1.3833333333333","0","1","0.00","0","1","0.00","0","1","0.00","0","1","0.00","0","0.13","0.00","0","1","0.00","0","1","0.00","0","1","0.00","0","0","-","0","0","-","0","1","0.00","0","0","-","-","0.00","0.00","0","0","0","1","-","0","0","1","0.00"
"665","Caleb Jones","Ryan Shea","PIT","7","1.3833333333333","0","1","0.00","0","1","0.00","0","0","-","0","0","-","0","0.06","0.00","0","0","-","0","0","-","0","0","-","0","0","-","0","0","-","0","1","0.00","0","0","-","-","-","-","0","0","1","2","0.00","0","0","1","0.00"
"666","Henri Jokiharju","Jordan Harris","BOS","6","1.3833333333333","0","1","0.00","0","1","0.00","0","1","0.00","0","1","0.00","0","0.15","0.00","0","1","0.00","0","1","0.00","0","1","0.00","0","0","-","0","0","-","0","0","-","0","0","-","-","0.00","0.00","0","0","0","1","-","0","0","0","-"
"667","Morgan Rielly","Dakota Mermis","TOR","10","1.3666666666667","0","3","0.00","0","3","0.00","0","3","0.00","0","0","-","0","0.89","0.00","0","3","0.00","0","2","0.00","0","0","-","0","1","0.00","0","0","-","0","0","-","0","0","-","-","100.00","1.00","0","0","0","1","-","0","0","0","-"
"668","Joel Hanley","Hunter Brzustewicz","CGY","25","1.3666666666667","2","2","50.00","2","2","50.00","1","0","100.00","0","0","-","0.45","0.15","74.50","2","2","50.00","2","0","100.00","0","0","-","0","2","0.00","0","0","-","0","0","-","0","0","-","0.00","-","0.00","0","0","0","0","-","0","0","0","-"
"669","John Marino","Nick DeSimone","UTA","40","1.3666666666667","0","1","0.00","0","1","0.00","0","1","0.00","0","0","-","0","0.1","0.00","0","1","0.00","0","0","-","0","0","-","0","1","0.00","0","0","-","0","0","-","0","0","-","-","100.00","1.00","0","0","0","1","-","0","0","0","-"
"670","Bowen Byram","Zach Metsa","BUF","43","1.3666666666667","0","1","0.00","0","0","-","0","0","-","0","0","-","0","0","-","0","1","0.00","0","0","-","0","0","-","0","1","0.00","0","0","-","0","0","-","0","0","-","-","-","-","0","1","1","0","0.00","0","1","1","0.00"
"671","Owen Power","Zach Metsa","BUF","43","1.3666666666667","0","4","0.00","0","3","0.00","0","0","-","0","0","-","0","0.22","0.00","0","0","-","0","0","-","0","0","-","0","0","-","0","0","-","0","5","0.00","0","0","-","-","-","-","0","0","1","3","0.00","0","0","1","0.00"
"672","Esa Lindell","Nils Lundkvist","DAL","52","1.35","0","2","0.00","0","2","0.00","0","2","0.00","0","0","-","0","0.1","0.00","0","1","0.00","0","0","-","0","0","-","0","1","0.00","0","0","-","0","1","0.00","0","0","-","-","100.00","1.00","0","0","1","1","0.00","0","0","1","0.00"
"673","Vince Dunn","Josh Mahura","SEA","22","1.35","0","3","0.00","0","2","0.00","0","1","0.00","0","0","-","0","0.14","0.00","0","3","0.00","0","0","-","0","0","-","0","3","0.00","0","0","-","0","0","-","0","0","-","-","100.00","1.00","0","0","0","4","-","0","0","0","-"
"674","Justin Holl","Tyler Tucker","STL","2","1.3333333333333","0","0","-","0","0","-","0","0","-","0","0","-","0","0","-","0","0","-","0","0","-","0","0","-","0","0","-","0","0","-","0","0","-","0","0","-","-","-","-","0","0","0","2","-","0","0","0","-"
"675","Jeff Petry","Seth Jones","FLA","38","1.3166666666667","1","1","50.00","1","1","50.00","1","1","50.00","0","0","-","0","0.08","0.46","0","1","0.00","0","0","-","0","0","-","0","1","0.00","0","0","-","0","0","-","0","0","-","0.00","100.00","1.000","0","1","0","5","-","0","1","0","-"
"676","Nils Lundkvist","Thomas Harley","DAL","51","1.3166666666667","0","0","-","0","0","-","0","0","-","0","0","-","0","0","-","0","0","-","0","0","-","0","0","-","0","0","-","0","0","-","0","0","-","0","0","-","-","-","-","0","0","0","5","-","0","0","0","-"
"677","Joel Nystrom","Charles-Alexis Legault","CAR","8","1.3166666666667","1","2","33.33","1","1","50.00","0","1","0.00","0","1","0.00","0.1","0.06","64.51","1","1","50.00","0","0","-","0","0","-","1","1","50.00","0","0","-","0","1","0.00","0","1","0.00","-","0.00","0.00","0","0","0","2","-","0","0","0","-"
"678","Rasmus Andersson","Jake Bean","CGY","16","1.3","0","5","0.00","0","4","0.00","0","4","0.00","0","0","-","0","0.66","0.00","0","4","0.00","0","3","0.00","0","0","-","0","1","0.00","0","0","-","0","1","0.00","0","0","-","-","100.00","1.00","0","0","1","1","0.00","0","1","1","0.00"
"679","Jakob Chychrun","Timothy Liljegren","WSH","4","1.3","0","3","0.00","0","3","0.00","0","1","0.00","0","0","-","0","0.6","0.00","0","2","0.00","0","2","0.00","0","0","-","0","0","-","0","0","-","0","1","0.00","0","0","-","-","100.00","1.00","0","0","0","0","-","0","0","0","-"
"680","Urho Vaakanainen","Matthew Robertson","NYR","24","1.3","0","3","0.00","0","3","0.00","0","2","0.00","0","0","-","0","0.36","0.00","0","2","0.00","0","1","0.00","0","0","-","0","1","0.00","0","0","-","0","1","0.00","0","0","-","-","100.00","1.00","0","1","0","2","-","0","1","0","-"
"681","Morgan Rielly","Henry Thrun","TOR","4","1.2833333333333","0","2","0.00","0","2","0.00","0","1","0.00","0","0","-","0","0.14","0.00","0","1","0.00","0","0","-","0","0","-","0","1","0.00","0","0","-","0","1","0.00","0","0","-","-","100.00","1.00","0","0","0","1","-","0","0","0","-"
"682","Nick Perbix","Spencer Stastney","NSH","27","1.2833333333333","1","1","50.00","0","1","0.00","0","1","0.00","0","1","0.00","0","0.1","0.00","0","1","0.00","0","0","-","0","0","-","0","1","0.00","0","1","0.00","1","0","100.00","0","0","-","-","0.00","0.00","0","1","0","5","-","0","1","0","-"
"683","Luke Schenn","Neal Pionk","WPG","28","1.2666666666667","1","3","25.00","1","3","25.00","1","2","33.33","0","0","-","0.06","0.23","21.69","0","2","0.00","0","0","-","0","0","-","0","2","0.00","0","0","-","1","2","33.33","0","0","-","0.00","100.00","1.000","0","0","1","13","0.00","0","0","1","0.00"
"684","Darren Raddysh","Maxwell Crozier","T.B","32","1.2666666666667","2","2","50.00","0","2","0.00","0","1","0.00","0","1","0.00","0","0.44","0.00","0","2","0.00","0","1","0.00","0","1","0.00","0","1","0.00","0","0","-","2","1","66.67","0","0","-","-","0.00","0.00","0","0","1","3","0.00","0","0","1","0.00"
"685","Lassi Thomson","Nikolas Matinpalo","OTT","11","1.2666666666667","0","8","0.00","0","8","0.00","0","6","0.00","0","1","0.00","0","1.45","0.00","0","6","0.00","0","5","0.00","0","0","-","0","1","0.00","0","0","-","0","2","0.00","0","1","0.00","-","83.33","0.83","0","0","0","1","-","0","0","0","-"
"686","Ryan McDonagh","Darren Raddysh","T.B","39","1.25","0","3","0.00","0","2","0.00","0","2","0.00","0","1","0.00","0","0.17","0.00","0","1","0.00","0","1","0.00","0","1","0.00","0","0","-","0","0","-","0","2","0.00","0","0","-","-","50.00","0.50","0","0","0","5","-","0","0","0","-"
"687","Erik Gudbranson","Jake Christiansen","CBJ","11","1.25","0","1","0.00","0","1","0.00","0","1","0.00","0","0","-","0","0.1","0.00","0","1","0.00","0","0","-","0","0","-","0","1","0.00","0","0","-","0","2","0.00","0","0","-","-","100.00","1.00","0","0","0","1","-","0","0","2","0.00"
"688","Gustav Forsling","Donovan Sebrango","FLA","38","1.25","1","0","100.00","1","0","100.00","0","0","-","0","0","-","0.06","0","100.00","0","0","-","0","0","-","0","0","-","0","0","-","0","0","-","1","0","100.00","0","0","-","-","-","-","0","0","0","7","-","0","0","0","-"
"689","Jonas Siegenthaler","Colton White","N.J","23","1.25","0","0","-","0","0","-","0","0","-","0","0","-","0","0","-","0","0","-","0","0","-","0","0","-","0","0","-","0","0","-","0","0","-","0","0","-","-","-","-","0","0","0","1","-","0","0","0","-"
"690","Matt Grzelcyk","Ethan Del Mastro","CHI","7","1.2333333333333","0","2","0.00","0","2","0.00","0","2","0.00","0","0","-","0","0.39","0.00","0","1","0.00","0","1","0.00","0","0","-","0","0","-","0","0","-","0","1","0.00","0","0","-","-","100.00","1.00","0","0","0","1","-","0","1","0","-"
"691","Erik Karlsson","Caleb Jones","PIT","7","1.2166666666667","2","2","50.00","2","1","66.67","1","1","50.00","0","0","-","0.23","0.05","81.28","2","0","100.00","0","0","-","0","0","-","2","0","100.00","0","0","-","0","2","0.00","0","0","-","0.00","100.00","1.000","0","0","0","1","-","0","0","0","-"
"692","Adam Pelech","Adam Boqvist","NYI","28","1.2166666666667","1","1","50.00","1","1","50.00","0","1","0.00","0","0","-","0.14","0.07","67.11","0","1","0.00","0","0","-","0","0","-","0","1","0.00","0","0","-","1","0","100.00","0","0","-","-","100.00","1.00","0","0","0","0","-","0","0","0","-"
"693","Gustav Forsling","Mike Benning","FLA","16","1.2","1","2","33.33","1","2","33.33","0","1","0.00","0","0","-","0.02","0.43","4.62","0","2","0.00","0","1","0.00","0","0","-","0","1","0.00","0","0","-","1","1","50.00","0","0","-","-","100.00","1.00","0","0","1","0","0.00","0","0","1","0.00"
"694","Logan Stanley","Conor Timmins","BUF","5","1.2","0","0","-","0","0","-","0","0","-","0","0","-","0","0","-","0","0","-","0","0","-","0","0","-","0","0","-","0","0","-","0","1","0.00","0","0","-","-","-","-","0","0","1","1","0.00","0","0","2","0.00"
"695","Lassi Thomson","Artem Zub","OTT","11","1.2","0","5","0.00","0","4","0.00","0","3","0.00","0","0","-","0","0.47","0.00","0","4","0.00","0","2","0.00","0","0","-","0","2","0.00","0","0","-","0","1","0.00","0","0","-","-","100.00","1.00","0","0","0","0","-","0","0","0","-"
"696","Matt Kiersted","Carson Lambos","MIN","1","1.2","0","2","0.00","0","1","0.00","0","1","0.00","0","0","-","0","0.09","0.00","0","1","0.00","0","0","-","0","0","-","0","1","0.00","0","0","-","0","1","0.00","0","0","-","-","100.00","1.00","0","0","0","2","-","0","0","0","-"
"697","Brendan Smith","Damon Severson","CBJ","15","1.1833333333333","0","1","0.00","0","1","0.00","0","0","-","0","0","-","0","0.12","0.00","0","1","0.00","0","1","0.00","0","0","-","0","0","-","0","0","-","0","1","0.00","0","0","-","-","-","-","0","0","1","1","0.00","0","0","1","0.00"
"698","Connor Murphy","Evan Bouchard","EDM","20","1.1833333333333","2","2","50.00","2","2","50.00","1","1","50.00","0","0","-","0.16","0.19","46.13","1","1","50.00","0","0","-","0","0","-","1","1","50.00","0","0","-","0","1","0.00","0","0","-","0.00","100.00","1.000","0","0","0","6","-","0","0","0","-"
"699","Alex Vlasic","Sam Rinzel","CHI","53","1.1833333333333","0","2","0.00","0","0","-","0","0","-","0","0","-","0","0","-","0","1","0.00","0","1","0.00","0","0","-","0","0","-","0","0","-","0","1","0.00","0","0","-","-","-","-","0","1","0","1","-","0","1","0","-"
"700","Olli Maatta","John Marino","UTA","22","1.1666666666667","0","6","0.00","0","4","0.00","0","3","0.00","0","0","-","0","0.36","0.00","0","3","0.00","0","0","-","0","0","-","0","3","0.00","0","0","-","0","3","0.00","0","0","-","-","100.00","1.00","0","0","0","1","-","0","0","0","-"
"701","Daemon Hunt","Brock Faber","MIN","30","1.1666666666667","0","1","0.00","0","1","0.00","0","1","0.00","0","1","0.00","0","0.06","0.00","0","1","0.00","0","0","-","0","0","-","0","1","0.00","0","1","0.00","0","1","0.00","0","0","-","-","0.00","0.00","0","0","1","7","0.00","0","0","1","0.00"
"702","Justin Barron","Ryan Ufko","NSH","15","1.1666666666667","0","1","0.00","0","0","-","0","0","-","0","0","-","0","0","-","0","1","0.00","0","0","-","0","0","-","0","1","0.00","0","0","-","0","0","-","0","0","-","-","-","-","0","0","0","1","-","0","0","0","-"
"703","Brendan Smith","Denton Mateychuk","CBJ","15","1.15","0","1","0.00","0","1","0.00","0","1","0.00","0","0","-","0","0.16","0.00","0","1","0.00","0","1","0.00","0","0","-","0","0","-","0","0","-","0","0","-","0","0","-","-","100.00","1.00","0","0","0","1","-","0","0","1","0.00"
"704","Matt Grzelcyk","Sam Rinzel","CHI","41","1.15","0","0","-","0","0","-","0","0","-","0","0","-","0","0","-","0","0","-","0","0","-","0","0","-","0","0","-","0","0","-","0","0","-","0","0","-","-","-","-","0","0","0","4","-","1","0","0","100.00"
"705","Dante Fabbro","Egor Zamula","CBJ","13","1.15","0","1","0.00","0","1","0.00","0","1","0.00","0","0","-","0","0.06","0.00","0","1","0.00","0","0","-","0","0","-","0","1","0.00","0","0","-","0","0","-","0","0","-","-","100.00","1.00","0","0","0","0","-","0","0","0","-"
"706","Matt Kiersted","David Jiricek","MIN","3","1.15","0","1","0.00","0","1","0.00","0","1","0.00","0","0","-","0","0.06","0.00","0","0","-","0","0","-","0","0","-","0","0","-","0","0","-","0","1","0.00","0","0","-","-","100.00","1.00","0","0","0","0","-","0","0","0","-"
"707","Connor Murphy","Spencer Stastney","EDM","5","1.1333333333333","1","1","50.00","1","1","50.00","1","0","100.00","0","0","-","0","0.13","3.32","0","1","0.00","0","0","-","0","0","-","0","1","0.00","0","0","-","0","0","-","0","0","-","0.00","-","0.00","0","0","0","0","-","0","0","0","-"
"708","Sean Walker","Charles-Alexis Legault","CAR","11","1.1333333333333","1","0","100.00","1","0","100.00","1","0","100.00","0","0","-","0","0","100.00","0","0","-","0","0","-","0","0","-","0","0","-","0","0","-","0","0","-","0","0","-","0.00","-","0.00","0","0","0","4","-","0","0","0","-"
"709","Justin Barron","Nick Blankenburg","NSH","22","1.1333333333333","0","1","0.00","0","1","0.00","0","1","0.00","0","0","-","0","0.15","0.00","0","1","0.00","0","1","0.00","0","0","-","0","0","-","0","0","-","0","0","-","0","0","-","-","100.00","1.00","0","1","0","2","-","0","1","0","-"
"710","Damon Severson","Egor Zamula","CBJ","14","1.1166666666667","1","3","25.00","1","2","33.33","1","1","50.00","0","0","-","0","0.19","0.43","0","2","0.00","0","1","0.00","0","0","-","0","1","0.00","0","0","-","0","2","0.00","0","0","-","0.00","100.00","1.000","0","0","0","0","-","0","0","1","0.00"
"711","Brett Kulak","Nick Blankenburg","COL","12","1.1166666666667","0","3","0.00","0","3","0.00","0","3","0.00","0","0","-","0","0.22","0.00","0","1","0.00","0","0","-","0","0","-","0","1","0.00","0","0","-","0","3","0.00","0","0","-","-","100.00","1.00","0","0","1","0","0.00","0","0","2","0.00"
"712","Josh Morrissey","Dylan Samberg","WPG","61","1.1166666666667","0","0","-","0","0","-","0","0","-","0","0","-","0","0","-","0","0","-","0","0","-","0","0","-","0","0","-","0","0","-","0","0","-","0","0","-","-","-","-","0","0","0","15","-","0","0","0","-"
"713","John Carlson","Jackson LaCombe","ANA","16","1.1","0","0","-","0","0","-","0","0","-","0","0","-","0","0","-","0","0","-","0","0","-","0","0","-","0","0","-","0","0","-","0","0","-","0","0","-","-","-","-","0","0","0","2","-","0","0","0","-"
"714","Marcus Pettersson","Victor Mancini","VAN","24","1.1","1","1","50.00","1","1","50.00","1","1","50.00","0","0","-","0.05","0.04","54.92","0","0","-","0","0","-","0","0","-","0","0","-","0","0","-","1","1","50.00","0","0","-","0.00","100.00","1.000","0","0","0","1","-","0","0","0","-"
"715","Adam Pelech","Alexander Romanov","NYI","15","1.0833333333333","0","0","-","0","0","-","0","0","-","0","0","-","0","0","-","0","0","-","0","0","-","0","0","-","0","0","-","0","0","-","0","0","-","0","0","-","-","-","-","0","0","0","3","-","0","0","0","-"
"716","Shea Theodore","Zach Whitecloud","VGK","36","1.0833333333333","0","1","0.00","0","1","0.00","0","0","-","0","0","-","0","0.06","0.00","0","1","0.00","0","0","-","0","0","-","0","1","0.00","0","0","-","0","0","-","0","0","-","-","-","-","0","0","0","6","-","0","0","0","-"
"717","Parker Wotherspoon","Caleb Jones","PIT","7","1.0833333333333","1","1","50.00","0","1","0.00","0","1","0.00","0","0","-","0","0.12","0.00","0","1","0.00","0","0","-","0","0","-","0","1","0.00","0","0","-","0","0","-","0","0","-","-","100.00","1.00","0","0","1","1","0.00","0","0","1","0.00"
"718","Noah Juulsen","Jamie Drysdale","PHI","48","1.0833333333333","0","1","0.00","0","1","0.00","0","0","-","0","0","-","0","0.06","0.00","0","0","-","0","0","-","0","0","-","0","0","-","0","0","-","0","1","0.00","0","0","-","-","-","-","0","0","0","1","-","0","0","0","-"
"719","Logan Mailloux","Theo Lindstein","STL","17","1.0833333333333","0","2","0.00","0","0","-","0","0","-","0","0","-","0","0","-","0","2","0.00","0","0","-","0","0","-","0","2","0.00","0","0","-","0","0","-","0","0","-","-","-","-","0","0","0","0","-","0","0","0","-"
"720","Jared Spurgeon","Quinn Hughes","MIN","46","1.0666666666667","0","0","-","0","0","-","0","0","-","0","0","-","0","0","-","0","0","-","0","0","-","0","0","-","0","0","-","0","0","-","0","1","0.00","0","0","-","-","-","-","0","1","2","0","0.00","0","2","2","0.00"
"721","Nick Leddy","John Klingberg","S.J","14","1.0666666666667","0","2","0.00","0","2","0.00","0","2","0.00","0","1","0.00","0","0.39","0.00","0","1","0.00","0","1","0.00","0","1","0.00","0","0","-","0","0","-","0","1","0.00","0","0","-","-","50.00","0.50","0","0","0","2","-","0","0","0","-"
"722","MacKenzie Weegar","Sean Durzi","UTA","18","1.0666666666667","0","3","0.00","0","3","0.00","0","2","0.00","0","1","0.00","0","0.5","0.00","0","3","0.00","0","2","0.00","0","1","0.00","0","1","0.00","0","0","-","0","0","-","0","0","-","-","50.00","0.50","0","0","0","3","-","0","0","0","-"
"723","Henri Jokiharju","Michael Callahan","BOS","3","1.0666666666667","1","0","100.00","1","0","100.00","1","0","100.00","0","0","-","0.03","0","100.00","0","0","-","0","0","-","0","0","-","0","0","-","0","0","-","1","0","100.00","0","0","-","0.00","-","0.00","0","0","0","1","-","2","0","0","100.00"
"724","Justin Faulk","Matthew Kessel","STL","25","1.05","0","0","-","0","0","-","0","0","-","0","0","-","0","0","-","0","0","-","0","0","-","0","0","-","0","0","-","0","0","-","0","0","-","0","0","-","-","-","-","0","0","0","2","-","0","0","0","-"
"725","Seth Jones","Mike Benning","FLA","12","1.05","0","5","0.00","0","3","0.00","0","2","0.00","0","0","-","0","0.78","0.00","0","3","0.00","0","2","0.00","0","0","-","0","1","0.00","0","0","-","0","1","0.00","0","0","-","-","100.00","1.00","0","0","0","0","-","0","0","0","-"
"726","Charlie McAvoy","Henri Jokiharju","BOS","33","1.05","0","1","0.00","0","1","0.00","0","0","-","0","0","-","0","0.65","0.00","0","0","-","0","0","-","0","0","-","0","0","-","0","0","-","0","0","-","0","0","-","-","-","-","0","0","0","3","-","0","0","0","-"
"727","Connor Murphy","Jake Walman","EDM","20","1.0333333333333","2","3","40.00","1","2","33.33","0","0","-","0","0","-","0.15","0.36","30.20","1","2","33.33","0","2","0.00","0","0","-","1","0","100.00","0","0","-","1","1","50.00","0","0","-","-","-","-","0","0","0","3","-","0","0","1","0.00"
"728","Gustav Forsling","Mikulas Hovorka","FLA","3","1.0333333333333","1","2","33.33","1","2","33.33","1","2","33.33","0","1","0.00","0.07","0.15","32.08","1","2","33.33","0","1","0.00","0","1","0.00","1","1","50.00","0","0","-","0","0","-","0","0","-","0.00","50.00","0.500","0","1","0","0","-","0","1","0","-"
"729","Rasmus Dahlin","Zach Metsa","BUF","41","1.0333333333333","0","1","0.00","0","1","0.00","0","0","-","0","0","-","0","0.04","0.00","0","0","-","0","0","-","0","0","-","0","0","-","0","0","-","0","1","0.00","0","0","-","-","-","-","0","0","0","0","-","0","1","0","-"
"730","Cam York","Jamie Drysdale","PHI","71","1.0333333333333","0","1","0.00","0","0","-","0","0","-","0","0","-","0","0","-","0","0","-","0","0","-","0","0","-","0","0","-","0","0","-","0","1","0.00","0","0","-","-","-","-","0","0","0","2","-","0","0","0","-"
"731","Jeff Petry","Matt Kiersted","MIN","2","1.0166666666667","0","4","0.00","0","3","0.00","0","1","0.00","0","0","-","0","0.19","0.00","0","1","0.00","0","0","-","0","0","-","0","1","0.00","0","0","-","0","3","0.00","0","0","-","-","100.00","1.00","0","0","0","1","-","0","0","0","-"
"732","Mattias Ekholm","Spencer Stastney","EDM","36","1.0166666666667","0","0","-","0","0","-","0","0","-","0","0","-","0","0","-","0","0","-","0","0","-","0","0","-","0","0","-","0","0","-","0","0","-","0","0","-","-","-","-","0","0","1","1","0.00","0","0","1","0.00"
"733","Connor Clifton","Samuel Girard","PIT","18","1.0166666666667","0","1","0.00","0","1","0.00","0","1","0.00","0","0","-","0","0.06","0.00","0","1","0.00","0","0","-","0","0","-","0","1","0.00","0","0","-","0","0","-","0","0","-","-","100.00","1.00","0","0","0","4","-","0","0","0","-"
"734","Dennis Gilbert","Nikolas Matinpalo","OTT","8","1.0166666666667","0","0","-","0","0","-","0","0","-","0","0","-","0","0","-","0","0","-","0","0","-","0","0","-","0","0","-","0","0","-","0","2","0.00","0","0","-","-","-","-","0","0","2","0","0.00","0","0","2","0.00"
"735","Evan Bouchard","Spencer Stastney","EDM","36","1.0166666666667","0","0","-","0","0","-","0","0","-","0","0","-","0","0","-","0","0","-","0","0","-","0","0","-","0","0","-","0","0","-","0","0","-","0","0","-","-","-","-","0","0","0","5","-","0","0","0","-"
"736","Drew Doughty","Brandt Clarke","L.A","72","0.98333333333333","1","0","100.00","1","0","100.00","1","0","100.00","0","0","-","0.05","0","100.00","0","0","-","0","0","-","0","0","-","0","0","-","0","0","-","1","0","100.00","0","0","-","0.00","-","0.00","0","0","0","2","-","0","0","0","-"
"737","Erik Gudbranson","Denton Mateychuk","CBJ","32","0.98333333333333","1","5","16.67","1","4","20.00","1","3","25.00","0","1","0.00","0.05","0.41","9.99","0","3","0.00","0","3","0.00","0","1","0.00","0","0","-","0","0","-","1","2","33.33","0","0","-","0.00","66.67","0.667","0","0","0","2","-","0","0","0","-"
"738","Dougie Hamilton","Simon Nemec","N.J","63","0.98333333333333","1","0","100.00","0","0","-","0","0","-","0","0","-","0","0","-","1","0","100.00","0","0","-","0","0","-","1","0","100.00","0","0","-","0","0","-","0","0","-","-","-","-","0","0","1","3","0.00","0","0","1","0.00"
"739","Hampus Lindholm","Jordan Harris","BOS","2","0.98333333333333","0","1","0.00","0","1","0.00","0","1","0.00","0","0","-","0","0.09","0.00","0","1","0.00","0","1","0.00","0","0","-","0","0","-","0","0","-","0","0","-","0","0","-","-","100.00","1.00","0","0","0","0","-","0","0","0","-"
"740","Nick Seeler","Oliver Bonk","PHI","1","0.96666666666667","0","2","0.00","0","0","-","0","0","-","0","0","-","0","0","-","0","1","0.00","0","0","-","0","0","-","0","1","0.00","0","0","-","0","1","0.00","0","0","-","-","-","-","0","0","0","1","-","0","0","0","-"
"741","Ryan Shea","Ilya Solovyov","PIT","13","0.96666666666667","0","1","0.00","0","1","0.00","0","1","0.00","0","0","-","0","0.06","0.00","0","1","0.00","0","0","-","0","0","-","0","1","0.00","0","0","-","0","0","-","0","0","-","-","100.00","1.00","0","0","0","1","-","0","0","1","0.00"
"742","Mattias Ekholm","Alec Regula","EDM","29","0.95","0","2","0.00","0","1","0.00","0","1","0.00","0","0","-","0","0.26","0.00","0","2","0.00","0","1","0.00","0","0","-","0","1","0.00","0","0","-","0","0","-","0","0","-","-","100.00","1.00","0","0","0","4","-","0","0","0","-"
"743","Dylan DeMelo","Elias Salomonsson","WPG","32","0.95","0","2","0.00","0","1","0.00","0","0","-","0","0","-","0","0.05","0.00","0","1","0.00","0","0","-","0","0","-","0","1","0.00","0","0","-","0","1","0.00","0","0","-","-","-","-","0","0","0","4","-","0","0","0","-"
"744","Scott Mayfield","Adam Boqvist","NYI","26","0.95","1","0","100.00","1","0","100.00","0","0","-","0","0","-","0.05","0","100.00","0","0","-","0","0","-","0","0","-","0","0","-","0","0","-","1","0","100.00","0","0","-","-","-","-","0","0","0","1","-","1","0","0","100.00"
"745","Travis Sanheim","Adam Ginning","PHI","5","0.95","0","3","0.00","0","3","0.00","0","2","0.00","0","0","-","0","0.2","0.00","0","1","0.00","0","1","0.00","0","0","-","0","0","-","0","0","-","0","2","0.00","0","0","-","-","100.00","1.00","0","0","0","3","-","0","0","0","-"
"746","Johnathan Kovacevic","Simon Nemec","N.J","32","0.95","0","1","0.00","0","1","0.00","0","0","-","0","0","-","0","0.09","0.00","0","1","0.00","0","0","-","0","0","-","0","1","0.00","0","0","-","0","0","-","0","0","-","-","-","-","0","0","0","1","-","0","0","0","-"
"747","Emil Martinsen Lilleberg","Declan Carlile","T.B","15","0.95","0","0","-","0","0","-","0","0","-","0","0","-","0","0","-","0","0","-","0","0","-","0","0","-","0","0","-","0","0","-","0","0","-","0","0","-","-","-","-","0","0","0","1","-","0","0","0","-"
"748","Dylan McIlrath","Trevor van Riemsdyk","WSH","8","0.93333333333333","0","3","0.00","0","3","0.00","0","3","0.00","0","0","-","0","0.43","0.00","0","2","0.00","0","2","0.00","0","0","-","0","0","-","0","0","-","0","4","0.00","0","0","-","-","100.00","1.00","0","0","0","0","-","0","0","3","0.00"
"749","Joel Edmundson","Brandt Clarke","L.A","82","0.93333333333333","2","2","50.00","0","2","0.00","0","1","0.00","0","0","-","0","0.21","0.00","0","1","0.00","0","0","-","0","0","-","0","1","0.00","0","0","-","3","1","75.00","0","0","-","-","100.00","1.00","0","0","0","1","-","1","0","0","100.00"
"750","Ryan Graves","Jack St. Ivany","PIT","3","0.93333333333333","0","1","0.00","0","1","0.00","0","1","0.00","0","0","-","0","0.03","0.00","0","0","-","0","0","-","0","0","-","0","0","-","0","0","-","0","3","0.00","0","0","-","-","100.00","1.00","0","0","2","1","0.00","0","0","2","0.00"
"751","Vincent Desharnais","Timothy Liljegren","S.J","22","0.93333333333333","0","3","0.00","0","2","0.00","0","1","0.00","0","1","0.00","0","0.23","0.00","0","2","0.00","0","1","0.00","0","1","0.00","0","1","0.00","0","0","-","0","1","0.00","0","0","-","-","0.00","0.00","0","0","0","5","-","0","0","0","-"
"752","Jacob Bryson","Rasmus Dahlin","BUF","31","0.93333333333333","1","0","100.00","1","0","100.00","1","0","100.00","0","0","-","0.03","0","100.00","0","0","-","0","0","-","0","0","-","0","0","-","0","0","-","1","1","50.00","0","0","-","0.00","-","0.00","0","1","1","0","0.00","0","1","1","0.00"
"753","Travis Sanheim","Emil Andrae","PHI","60","0.91666666666667","2","0","100.00","2","0","100.00","1","0","100.00","0","0","-","0.13","0","100.00","2","0","100.00","0","0","-","0","0","-","2","0","100.00","0","0","-","0","0","-","0","0","-","0.00","-","0.00","0","0","0","2","-","0","0","0","-"
"754","Rasmus Dahlin","Michael Kesselring","BUF","29","0.91666666666667","0","0","-","0","0","-","0","0","-","0","0","-","0","0","-","0","0","-","0","0","-","0","0","-","0","0","-","0","0","-","0","0","-","0","0","-","-","-","-","0","0","0","2","-","0","0","0","-"
"755","Zach Bogosian","Matt Kiersted","MIN","1","0.9","0","1","0.00","0","0","-","0","0","-","0","0","-","0","0","-","0","0","-","0","0","-","0","0","-","0","0","-","0","0","-","0","0","-","0","0","-","-","-","-","0","0","0","1","-","0","1","0","-"
"756","Rasmus Sandin","Declan Chisholm","WSH","20","0.9","0","2","0.00","0","2","0.00","0","1","0.00","0","0","-","0","0.24","0.00","0","1","0.00","0","0","-","0","0","-","0","1","0.00","0","0","-","0","1","0.00","0","0","-","-","100.00","1.00","0","0","0","1","-","0","0","0","-"
"757","Kris Letang","Ilya Solovyov","PIT","8","0.88333333333333","1","1","50.00","1","0","100.00","0","0","-","0","0","-","0.04","0","100.00","1","0","100.00","0","0","-","0","0","-","1","0","100.00","0","0","-","0","1","0.00","0","0","-","-","-","-","0","0","0","2","-","0","0","1","0.00"
"758","Ian Cole","Sean Durzi","UTA","60","0.88333333333333","0","0","-","0","0","-","0","0","-","0","0","-","0","0","-","0","0","-","0","0","-","0","0","-","0","0","-","0","0","-","0","1","0.00","0","0","-","-","-","-","0","0","1","1","0.00","0","0","1","0.00"
"759","Ryan Shea","Samuel Girard","PIT","18","0.88333333333333","0","2","0.00","0","2","0.00","0","2","0.00","0","1","0.00","0","0.11","0.00","0","1","0.00","0","0","-","0","0","-","0","1","0.00","0","1","0.00","0","1","0.00","0","0","-","-","50.00","0.50","0","0","0","1","-","0","0","0","-"
"760","Jalen Chatfield","Domenick Fensore","CAR","1","0.88333333333333","0","1","0.00","0","1","0.00","0","1","0.00","0","0","-","0","0.05","0.00","0","0","-","0","0","-","0","0","-","0","0","-","0","0","-","0","1","0.00","0","0","-","-","100.00","1.00","0","0","1","0","0.00","0","0","1","0.00"
"761","Alec Regula","Spencer Stastney","EDM","12","0.88333333333333","0","1","0.00","0","1","0.00","0","0","-","0","0","-","0","0.04","0.00","0","0","-","0","0","-","0","0","-","0","0","-","0","0","-","0","1","0.00","0","0","-","-","-","-","0","0","0","3","-","0","0","0","-"
"762","Jeff Petry","Dmitry Kulikov","FLA","3","0.86666666666667","0","1","0.00","0","0","-","0","0","-","0","0","-","0","0","-","0","0","-","0","0","-","0","0","-","0","0","-","0","0","-","0","1","0.00","0","0","-","-","-","-","0","0","1","2","0.00","0","0","1","0.00"
"763","John Carlson","Radko Gudas","ANA","4","0.86666666666667","0","0","-","0","0","-","0","0","-","0","0","-","0","0","-","0","0","-","0","0","-","0","0","-","0","0","-","0","0","-","0","0","-","0","0","-","-","-","-","0","0","0","1","-","0","0","0","-"
"764","Nate Schmidt","Nick DeSimone","UTA","40","0.86666666666667","0","1","0.00","0","1","0.00","0","0","-","0","0","-","0","0.08","0.00","0","0","-","0","0","-","0","0","-","0","0","-","0","0","-","0","1","0.00","0","0","-","-","-","-","0","0","1","2","0.00","0","0","1","0.00"
"765","Quinn Hughes","Elias Pettersson","VAN","23","0.86666666666667","0","0","-","0","0","-","0","0","-","0","0","-","0","0","-","0","0","-","0","0","-","0","0","-","0","0","-","0","0","-","0","0","-","0","0","-","-","-","-","0","0","0","7","-","0","0","0","-"
"766","Ilya Solovyov","Sam Malinski","COL","16","0.86666666666667","0","1","0.00","0","1","0.00","0","1","0.00","0","0","-","0","0.04","0.00","0","0","-","0","0","-","0","0","-","0","0","-","0","0","-","0","1","0.00","0","0","-","-","100.00","1.00","0","0","0","2","-","0","1","0","-"
"767","Jaycob Megna","Kaedan Korczak","VGK","4","0.85","0","0","-","0","0","-","0","0","-","0","0","-","0","0","-","0","0","-","0","0","-","0","0","-","0","0","-","0","0","-","0","1","0.00","0","0","-","-","-","-","0","0","1","0","0.00","0","0","1","0.00"
"768","Samuel Girard","Ilya Solovyov","PIT","3","0.85","0","2","0.00","0","0","-","0","0","-","0","0","-","0","0","-","0","2","0.00","0","0","-","0","0","-","0","2","0.00","0","0","-","0","0","-","0","0","-","-","-","-","0","0","1","0","0.00","0","0","1","0.00"
"769","Cam York","Emil Andrae","PHI","55","0.85","0","0","-","0","0","-","0","0","-","0","0","-","0","0","-","0","0","-","0","0","-","0","0","-","0","0","-","0","0","-","0","0","-","0","0","-","-","-","-","0","0","0","3","-","0","0","0","-"
"770","Ian Cole","MacKenzie Weegar","UTA","19","0.83333333333333","2","0","100.00","2","0","100.00","1","0","100.00","0","0","-","0.16","0","100.00","2","0","100.00","2","0","100.00","0","0","-","0","0","-","0","0","-","0","0","-","0","0","-","0.00","-","0.00","0","0","0","8","-","0","0","0","-"
"771","Matt Dumba","Parker Wotherspoon","PIT","11","0.83333333333333","0","3","0.00","0","3","0.00","0","2","0.00","0","1","0.00","0","0.25","0.00","0","2","0.00","0","1","0.00","0","1","0.00","0","1","0.00","0","0","-","0","2","0.00","0","0","-","-","50.00","0.50","0","0","1","0","0.00","0","0","1","0.00"
"772","Josh Morrissey","Jacob Bryson","WPG","15","0.83333333333333","0","1","0.00","0","1","0.00","0","1","0.00","0","0","-","0","0.04","0.00","0","0","-","0","0","-","0","0","-","0","0","-","0","0","-","0","1","0.00","0","0","-","-","100.00","1.00","0","0","0","0","-","0","0","0","-"
"773","Brandon Montour","Vince Dunn","SEA","64","0.83333333333333","1","2","33.33","1","1","50.00","1","1","50.00","0","1","0.00","0.06","0.36","13.66","1","0","100.00","1","0","100.00","0","0","-","0","0","-","0","0","-","0","1","0.00","0","1","0.00","0.00","0.00","0.000","0","0","1","0","0.00","1","0","2","33.33"
"774","Charlie McAvoy","Mason Lohrei","BOS","60","0.83333333333333","0","1","0.00","0","1","0.00","0","1","0.00","0","1","0.00","0","0.03","0.00","0","0","-","0","0","-","0","0","-","0","0","-","0","0","-","0","1","0.00","0","1","0.00","-","0.00","0.00","0","0","0","1","-","1","0","0","100.00"
"775","K'Andre Miller","Charles-Alexis Legault","CAR","5","0.83333333333333","0","1","0.00","0","1","0.00","0","1","0.00","0","0","-","0","0.05","0.00","0","0","-","0","0","-","0","0","-","0","0","-","0","0","-","0","1","0.00","0","0","-","-","100.00","1.00","0","0","0","0","-","0","0","0","-"
"776","Jeff Petry","Aaron Ekblad","FLA","56","0.8","2","0","100.00","2","0","100.00","1","0","100.00","0","0","-","0.21","0","100.00","2","0","100.00","1","0","100.00","0","0","-","1","0","100.00","0","0","-","0","0","-","0","0","-","0.00","-","0.00","0","0","0","7","-","0","0","0","-"
"777","Oliver Ekman-Larsson","Troy Stecher","TOR","54","0.8","0","0","-","0","0","-","0","0","-","0","0","-","0","0","-","0","0","-","0","0","-","0","0","-","0","0","-","0","0","-","0","0","-","0","0","-","-","-","-","0","0","0","1","-","0","0","0","-"
"778","Dmitry Kulikov","Tobias Bjornfot","FLA","3","0.8","1","2","33.33","1","2","33.33","1","2","33.33","0","0","-","0.07","0.1","40.81","1","1","50.00","0","0","-","0","0","-","1","1","50.00","0","0","-","0","0","-","0","0","-","0.00","100.00","1.000","0","0","0","1","-","0","1","0","-"
"779","Noah Juulsen","Cam York","PHI","44","0.8","0","0","-","0","0","-","0","0","-","0","0","-","0","0","-","0","0","-","0","0","-","0","0","-","0","0","-","0","0","-","0","0","-","0","0","-","-","-","-","0","0","0","30","-","0","0","0","-"
"780","Isaiah George","Matthew Schaefer","NYI","4","0.8","1","0","100.00","1","0","100.00","1","0","100.00","0","0","-","0.12","0","100.00","1","0","100.00","0","0","-","0","0","-","1","0","100.00","0","0","-","0","0","-","0","0","-","0.00","-","0.00","0","0","0","1","-","0","0","0","-"
"781","Marek Alscher","Ludvig Jansson","FLA","4","0.8","0","2","0.00","0","0","-","0","0","-","0","0","-","0","0","-","0","2","0.00","0","0","-","0","0","-","0","2","0.00","0","0","-","0","1","0.00","0","0","-","-","-","-","0","0","0","1","-","0","0","1","0.00"
"782","Victor Mancini","Zeev Buium","VAN","17","0.8","0","1","0.00","0","1","0.00","0","1","0.00","0","0","-","0","0.14","0.00","0","0","-","0","0","-","0","0","-","0","0","-","0","0","-","0","2","0.00","0","0","-","-","100.00","1.00","0","0","0","3","-","0","0","1","0.00"
"783","Brandon Montour","Ryan Lindgren","SEA","58","0.78333333333333","0","0","-","0","0","-","0","0","-","0","0","-","0","0","-","0","0","-","0","0","-","0","0","-","0","0","-","0","0","-","1","0","100.00","0","0","-","-","-","-","1","0","1","8","50.00","1","0","1","50.00"
"784","Pierre-Olivier Joseph","Quinn Hughes","VAN","6","0.78333333333333","0","3","0.00","0","2","0.00","0","2","0.00","0","0","-","0","0.12","0.00","0","0","-","0","0","-","0","0","-","0","0","-","0","0","-","0","4","0.00","0","0","-","-","100.00","1.00","0","0","1","0","0.00","0","0","1","0.00"
"785","Brayden Pachal","Hunter Brzustewicz","CGY","7","0.78333333333333","0","1","0.00","0","1","0.00","0","0","-","0","0","-","0","0.09","0.00","0","1","0.00","0","0","-","0","0","-","0","1","0.00","0","0","-","0","0","-","0","0","-","-","-","-","0","0","0","0","-","0","0","0","-"
"786","John Carlson","Drew Helleson","ANA","7","0.76666666666667","0","0","-","0","0","-","0","0","-","0","0","-","0","0","-","0","0","-","0","0","-","0","0","-","0","0","-","0","0","-","0","0","-","0","0","-","-","-","-","0","0","0","0","-","0","0","0","-"
"787","Adam Larsson","Cale Fleury","SEA","23","0.76666666666667","0","0","-","0","0","-","0","0","-","0","0","-","0","0","-","0","0","-","0","0","-","0","0","-","0","0","-","0","0","-","0","0","-","0","0","-","-","-","-","0","0","0","5","-","0","0","0","-"
"788","Alexandre Carrier","Jayden Struble","MTL","50","0.75","0","3","0.00","0","3","0.00","0","2","0.00","0","0","-","0","0.89","0.00","0","3","0.00","0","3","0.00","0","0","-","0","0","-","0","0","-","0","0","-","0","0","-","-","100.00","1.00","0","0","0","1","-","0","0","0","-"
"789","Henri Jokiharju","Mason Lohrei","BOS","33","0.75","0","2","0.00","0","2","0.00","0","1","0.00","0","1","0.00","0","0.24","0.00","0","1","0.00","0","0","-","0","0","-","0","1","0.00","0","1","0.00","1","1","50.00","0","0","-","-","0.00","0.00","1","0","0","2","100.00","1","0","0","100.00"
"790","Scott Mayfield","Travis Mitchell","NYI","9","0.73333333333333","0","2","0.00","0","1","0.00","0","0","-","0","0","-","0","0.15","0.00","0","2","0.00","0","1","0.00","0","0","-","0","1","0.00","0","0","-","0","0","-","0","0","-","-","-","-","0","0","0","0","-","0","0","0","-"
"791","Dougie Hamilton","Colton White","N.J","19","0.73333333333333","0","0","-","0","0","-","0","0","-","0","0","-","0","0","-","0","0","-","0","0","-","0","0","-","0","0","-","0","0","-","0","0","-","0","0","-","-","-","-","0","0","0","0","-","1","0","0","100.00"
"792","Colton Parayko","Logan Mailloux","STL","62","0.73333333333333","1","0","100.00","1","0","100.00","1","0","100.00","0","0","-","0.06","0","100.00","0","0","-","0","0","-","0","0","-","0","0","-","0","0","-","1","0","100.00","0","0","-","0.00","-","0.00","0","0","0","7","-","0","0","0","-"
"793","Nate Schmidt","Dmitri Simashev","UTA","28","0.73333333333333","0","0","-","0","0","-","0","0","-","0","0","-","0","0","-","0","0","-","0","0","-","0","0","-","0","0","-","0","0","-","0","0","-","0","0","-","-","-","-","0","0","0","0","-","0","0","0","-"
"794","Tyler Myers","Nils Lundkvist","DAL","13","0.71666666666667","1","0","100.00","1","0","100.00","0","0","-","0","0","-","0.13","0","100.00","1","0","100.00","1","0","100.00","0","0","-","0","0","-","0","0","-","0","0","-","0","0","-","-","-","-","0","0","0","0","-","0","0","0","-"
"795","Justin Faulk","Simon Edvinsson","DET","17","0.71666666666667","1","1","50.00","0","0","-","0","0","-","0","0","-","0","0","-","0","1","0.00","0","0","-","0","0","-","0","1","0.00","0","0","-","1","0","100.00","0","0","-","-","-","-","0","0","1","3","0.00","0","0","1","0.00"
"796","Dylan McIlrath","Jakob Chychrun","WSH","12","0.71666666666667","0","1","0.00","0","1","0.00","0","1","0.00","0","0","-","0","0.08","0.00","0","1","0.00","0","0","-","0","0","-","0","1","0.00","0","0","-","0","0","-","0","0","-","-","100.00","1.00","0","0","0","3","-","0","0","0","-"
"797","Adam Larsson","Vince Dunn","SEA","81","0.71666666666667","0","0","-","0","0","-","0","0","-","0","0","-","0","0","-","0","0","-","0","0","-","0","0","-","0","0","-","0","0","-","0","0","-","0","0","-","-","-","-","0","1","0","4","-","0","1","0","-"
"798","Colin Miller","Josh Morrissey","WPG","18","0.71666666666667","1","2","33.33","1","2","33.33","0","2","0.00","0","0","-","0.15","0.16","48.32","1","2","33.33","1","0","100.00","0","0","-","0","2","0.00","0","0","-","0","0","-","0","0","-","-","100.00","1.00","0","0","0","2","-","0","0","0","-"
"799","Cale Makar","Ilya Solovyov","COL","16","0.71666666666667","0","1","0.00","0","1","0.00","0","1","0.00","0","0","-","0","0.15","0.00","0","1","0.00","0","1","0.00","0","0","-","0","0","-","0","0","-","0","0","-","0","0","-","-","100.00","1.00","0","0","0","1","-","0","0","0","-"
"800","Ilya Lyubushkin","Vladislav Kolyachonok","DAL","3","0.71666666666667","1","1","50.00","1","1","50.00","1","1","50.00","0","0","-","0.04","0.06","37.86","0","1","0.00","0","0","-","0","0","-","0","1","0.00","0","0","-","1","0","100.00","0","0","-","0.00","100.00","1.000","0","0","0","0","-","1","0","0","100.00"
"801","Nick Jensen","Jordan Spence","OTT","52","0.7","0","1","0.00","0","1","0.00","0","1","0.00","0","0","-","0","0.05","0.00","0","0","-","0","0","-","0","0","-","0","0","-","0","0","-","0","1","0.00","0","0","-","-","100.00","1.00","0","0","0","1","-","0","0","0","-"
"802","Logan Stanley","Zach Metsa","BUF","10","0.7","0","1","0.00","0","1","0.00","0","1","0.00","0","1","0.00","0","0.06","0.00","0","1","0.00","0","0","-","0","0","-","0","1","0.00","0","1","0.00","0","1","0.00","0","0","-","-","0.00","0.00","0","0","1","0","0.00","0","0","1","0.00"
"803","Alec Regula","Ty Emberson","EDM","24","0.7","0","2","0.00","0","1","0.00","0","1","0.00","0","1","0.00","0","0.17","0.00","0","2","0.00","0","1","0.00","0","1","0.00","0","1","0.00","0","0","-","0","0","-","0","0","-","-","0.00","0.00","0","0","0","5","-","0","0","0","-"
"804","Tony DeAngelo","Alexander Romanov","NYI","15","0.68333333333333","0","0","-","0","0","-","0","0","-","0","0","-","0","0","-","0","0","-","0","0","-","0","0","-","0","0","-","0","0","-","0","0","-","0","0","-","-","-","-","0","0","0","1","-","0","0","0","-"
"805","Dennis Gilbert","Cameron Crotty","OTT","2","0.68333333333333","0","0","-","0","0","-","0","0","-","0","0","-","0","0","-","0","0","-","0","0","-","0","0","-","0","0","-","0","0","-","0","0","-","0","0","-","-","-","-","0","0","1","1","0.00","0","0","2","0.00"
"806","Conor Timmins","Michael Kesselring","BUF","12","0.68333333333333","0","2","0.00","0","1","0.00","0","1","0.00","0","0","-","0","0.17","0.00","0","1","0.00","0","1","0.00","0","0","-","0","0","-","0","0","-","0","1","0.00","0","0","-","-","100.00","1.00","0","0","0","2","-","0","0","0","-"
"807","Quinn Hughes","Tom Willander","VAN","17","0.68333333333333","1","1","50.00","1","1","50.00","1","1","50.00","0","0","-","0.17","0.06","73.83","0","0","-","0","0","-","0","0","-","0","0","-","0","0","-","1","2","33.33","0","0","-","0.00","100.00","1.000","0","0","0","2","-","0","0","1","0.00"
"808","Rasmus Dahlin","Ryan Johnson","BUF","3","0.68333333333333","0","0","-","0","0","-","0","0","-","0","0","-","0","0","-","0","0","-","0","0","-","0","0","-","0","0","-","0","0","-","0","0","-","0","0","-","-","-","-","0","0","0","0","-","0","0","0","-"
"809","Tyler Tucker","Logan Mailloux","STL","55","0.68333333333333","0","0","-","0","0","-","0","0","-","0","0","-","0","0","-","0","0","-","0","0","-","0","0","-","0","0","-","0","0","-","0","0","-","0","0","-","-","-","-","0","0","0","1","-","0","0","0","-"
"810","Sam Rinzel","Artyom Levshunov","CHI","41","0.68333333333333","0","0","-","0","0","-","0","0","-","0","0","-","0","0","-","0","0","-","0","0","-","0","0","-","0","0","-","0","0","-","0","0","-","0","0","-","-","-","-","0","0","0","2","-","0","0","0","-"
"811","Tom Willander","Zeev Buium","VAN","43","0.68333333333333","1","2","33.33","1","2","33.33","1","2","33.33","0","1","0.00","0.05","0.84","5.65","0","2","0.00","0","1","0.00","0","1","0.00","0","1","0.00","0","0","-","1","0","100.00","0","0","-","0.00","50.00","0.500","0","0","0","2","-","0","0","0","-"
"812","Mike Matheson","Arber Xhekaj","MTL","61","0.66666666666667","2","2","50.00","2","2","50.00","1","2","33.33","1","1","50.00","0.17","0.51","25.58","2","2","50.00","1","2","33.33","0","1","0.00","1","0","100.00","1","0","100.00","0","0","-","0","0","-","100.00","50.00","1.500","0","0","0","1","-","0","0","0","-"
"813","Brandon Montour","Cale Fleury","SEA","8","0.66666666666667","1","0","100.00","1","0","100.00","1","0","100.00","0","0","-","0","0","100.00","0","0","-","0","0","-","0","0","-","0","0","-","0","0","-","0","0","-","0","0","-","0.00","-","0.00","0","0","1","1","0.00","0","0","1","0.00"
"814","Brent Burns","Keaton Middleton","COL","3","0.65","0","1","0.00","0","0","-","0","0","-","0","0","-","0","0","-","0","0","-","0","0","-","0","0","-","0","0","-","0","0","-","0","1","0.00","0","0","-","-","-","-","0","0","1","0","0.00","0","0","1","0.00"
"815","Connor Mackey","Braden Schneider","NYR","3","0.65","0","3","0.00","0","3","0.00","0","2","0.00","0","0","-","0","0.54","0.00","0","3","0.00","0","3","0.00","0","0","-","0","0","-","0","0","-","0","0","-","0","0","-","-","100.00","1.00","0","0","0","1","-","0","0","0","-"
"816","Colin Miller","Jacob Bryson","WPG","2","0.63333333333333","0","1","0.00","0","1","0.00","0","1","0.00","0","0","-","0","0.06","0.00","0","0","-","0","0","-","0","0","-","0","0","-","0","0","-","0","1","0.00","0","0","-","-","100.00","1.00","0","0","0","1","-","0","0","0","-"
"817","Colin Miller","Dylan Samberg","WPG","14","0.63333333333333","1","0","100.00","1","0","100.00","1","0","100.00","0","0","-","0.19","0","100.00","1","0","100.00","1","0","100.00","0","0","-","0","0","-","0","0","-","0","0","-","0","0","-","0.00","-","0.00","0","0","0","2","-","0","0","0","-"
"818","Connor Clifton","Caleb Jones","PIT","1","0.63333333333333","0","1","0.00","0","1","0.00","0","1","0.00","0","0","-","0","0.07","0.00","0","1","0.00","0","0","-","0","0","-","0","1","0.00","0","0","-","0","0","-","0","0","-","-","100.00","1.00","0","0","0","1","-","0","0","0","-"
"819","Joel Hanley","Jake Bean","CGY","13","0.63333333333333","0","1","0.00","0","1","0.00","0","1","0.00","0","1","0.00","0","0.12","0.00","0","1","0.00","0","1","0.00","0","1","0.00","0","0","-","0","0","-","0","0","-","0","0","-","-","0.00","0.00","0","0","0","3","-","0","0","0","-"
"820","Quinn Hughes","Matt Kiersted","MIN","3","0.63333333333333","1","0","100.00","1","0","100.00","1","0","100.00","0","0","-","0","0","100.00","0","0","-","0","0","-","0","0","-","0","0","-","0","0","-","0","0","-","0","0","-","0.00","-","0.00","0","0","0","2","-","0","0","0","-"
"821","Hunter McDonald","Oliver Bonk","PHI","1","0.63333333333333","0","2","0.00","0","0","-","0","0","-","0","0","-","0","0","-","0","0","-","0","0","-","0","0","-","0","0","-","0","0","-","0","1","0.00","0","0","-","-","-","-","0","0","1","0","0.00","0","0","1","0.00"
"822","Zach Bogosian","Zeev Buium","MIN","15","0.61666666666667","0","0","-","0","0","-","0","0","-","0","0","-","0","0","-","0","0","-","0","0","-","0","0","-","0","0","-","0","0","-","0","0","-","0","0","-","-","-","-","0","0","0","2","-","0","0","0","-"
"823","Christopher Tanev","Brandon Carlo","TOR","8","0.61666666666667","1","0","100.00","1","0","100.00","1","0","100.00","0","0","-","0.09","0","100.00","1","0","100.00","0","0","-","0","0","-","1","0","100.00","0","0","-","0","0","-","0","0","-","0.00","-","0.00","0","0","0","5","-","0","0","0","-"
"824","Jaccob Slavin","Charles-Alexis Legault","CAR","1","0.61666666666667","0","0","-","0","0","-","0","0","-","0","0","-","0","0","-","0","0","-","0","0","-","0","0","-","0","0","-","0","0","-","0","0","-","0","0","-","-","-","-","0","0","0","2","-","0","0","0","-"
"825","Parker Wotherspoon","Ilya Solovyov","PIT","12","0.61666666666667","0","2","0.00","0","2","0.00","0","0","-","0","0","-","0","0.15","0.00","0","1","0.00","0","0","-","0","0","-","0","1","0.00","0","0","-","0","1","0.00","0","0","-","-","-","-","0","0","0","1","-","0","0","0","-"
"826","Steven Santini","Charles-Edouard D'Astous","T.B","12","0.6","0","0","-","0","0","-","0","0","-","0","0","-","0","0","-","0","0","-","0","0","-","0","0","-","0","0","-","0","0","-","0","0","-","0","0","-","-","-","-","0","0","0","1","-","0","0","0","-"
"827","Haydn Fleury","Dylan Samberg","WPG","23","0.6","0","2","0.00","0","2","0.00","0","2","0.00","0","0","-","0","0.41","0.00","0","2","0.00","0","1","0.00","0","0","-","0","1","0.00","0","0","-","0","0","-","0","0","-","-","100.00","1.00","0","0","0","8","-","0","0","0","-"
"828","Dennis Cholowski","Luke Hughes","N.J","15","0.6","0","0","-","0","0","-","0","0","-","0","0","-","0","0","-","0","0","-","0","0","-","0","0","-","0","0","-","0","0","-","0","0","-","0","0","-","-","-","-","0","1","0","1","-","0","1","0","-"
"829","Filip Hronek","Victor Mancini","VAN","24","0.6","0","1","0.00","0","1","0.00","0","1","0.00","0","0","-","0","0.05","0.00","0","0","-","0","0","-","0","0","-","0","0","-","0","0","-","0","1","0.00","0","0","-","-","100.00","1.00","0","0","0","3","-","0","0","0","-"
"830","Olen Zellweger","Pavel Mintyukov","ANA","67","0.6","0","1","0.00","0","1","0.00","0","1","0.00","0","0","-","0","0.09","0.00","0","1","0.00","0","1","0.00","0","0","-","0","0","-","0","0","-","0","0","-","0","0","-","-","100.00","1.00","0","0","0","11","-","0","0","0","-"
"831","Luke Schenn","Conor Timmins","BUF","1","0.58333333333333","0","0","-","0","0","-","0","0","-","0","0","-","0","0","-","0","0","-","0","0","-","0","0","-","0","0","-","0","0","-","0","0","-","0","0","-","-","-","-","0","0","0","0","-","0","1","0","-"
"832","Vladislav Gavrikov","Urho Vaakanainen","NYR","34","0.58333333333333","0","0","-","0","0","-","0","0","-","0","0","-","0","0","-","0","0","-","0","0","-","0","0","-","0","0","-","0","0","-","0","0","-","0","0","-","-","-","-","0","0","0","6","-","0","0","0","-"
"833","Jacob Bryson","Mattias Samuelsson","BUF","33","0.58333333333333","0","0","-","0","0","-","0","0","-","0","0","-","0","0","-","0","0","-","0","0","-","0","0","-","0","0","-","0","0","-","0","0","-","0","0","-","-","-","-","0","0","0","1","-","0","0","0","-"
"834","Adam Ginning","Cam York","PHI","2","0.58333333333333","0","0","-","0","0","-","0","0","-","0","0","-","0","0","-","0","0","-","0","0","-","0","0","-","0","0","-","0","0","-","0","0","-","0","0","-","-","-","-","0","0","0","1","-","0","0","0","-"
"835","Egor Zamula","Denton Mateychuk","CBJ","15","0.58333333333333","0","1","0.00","0","1","0.00","0","1","0.00","0","0","-","0","0.03","0.00","0","0","-","0","0","-","0","0","-","0","0","-","0","0","-","0","1","0.00","0","0","-","-","100.00","1.00","0","0","0","2","-","0","0","0","-"
"836","John Carlson","Ian Moore","ANA","16","0.56666666666667","0","0","-","0","0","-","0","0","-","0","0","-","0","0","-","0","0","-","0","0","-","0","0","-","0","0","-","0","0","-","0","0","-","0","0","-","-","-","-","0","0","0","2","-","0","0","0","-"
"837","Darren Raddysh","Erik Cernak","T.B","53","0.56666666666667","0","1","0.00","0","1","0.00","0","1","0.00","0","0","-","0","0.05","0.00","0","0","-","0","0","-","0","0","-","0","0","-","0","0","-","0","1","0.00","0","0","-","-","100.00","1.00","0","0","0","6","-","0","0","0","-"
"838","Rasmus Andersson","Daniil Miromanov","CGY","1","0.56666666666667","0","1","0.00","0","1","0.00","0","0","-","0","0","-","0","0.05","0.00","0","1","0.00","0","0","-","0","0","-","0","1","0.00","0","0","-","0","0","-","0","0","-","-","-","-","0","0","0","0","-","0","0","0","-"
"839","Noah Juulsen","Hunter McDonald","PHI","1","0.56666666666667","0","1","0.00","0","0","-","0","0","-","0","0","-","0","0","-","0","0","-","0","0","-","0","0","-","0","0","-","0","0","-","0","2","0.00","0","0","-","-","-","-","0","0","1","0","0.00","0","0","1","0.00"
"840","Alex Petrovic","Nils Lundkvist","DAL","25","0.55","0","0","-","0","0","-","0","0","-","0","0","-","0","0","-","0","0","-","0","0","-","0","0","-","0","0","-","0","0","-","0","0","-","0","0","-","-","-","-","0","0","0","0","-","0","0","0","-"
"841","Kevin Gravel","Justin Barron","NSH","1","0.55","0","1","0.00","0","0","-","0","0","-","0","0","-","0","0","-","0","0","-","0","0","-","0","0","-","0","0","-","0","0","-","0","1","0.00","0","0","-","-","-","-","0","0","0","0","-","0","0","0","-"
"842","MacKenzie Weegar","Hunter Brzustewicz","CGY","18","0.55","0","0","-","0","0","-","0","0","-","0","0","-","0","0","-","0","0","-","0","0","-","0","0","-","0","0","-","0","0","-","0","0","-","0","0","-","-","-","-","0","0","0","1","-","0","0","0","-"
"843","Jacob Bryson","Bowen Byram","BUF","35","0.55","0","0","-","0","0","-","0","0","-","0","0","-","0","0","-","0","0","-","0","0","-","0","0","-","0","0","-","0","0","-","0","0","-","0","0","-","-","-","-","0","0","0","1","-","0","0","0","-"
"844","Wyatt Kaiser","Kevin Korchinski","CHI","11","0.55","0","1","0.00","0","1","0.00","0","1","0.00","0","1","0.00","0","0.08","0.00","0","1","0.00","0","0","-","0","0","-","0","1","0.00","0","1","0.00","0","0","-","0","0","-","-","0.00","0.00","0","0","0","1","-","0","0","0","-"
"845","Ronan Seeley","Joel Nystrom","CAR","1","0.55","0","0","-","0","0","-","0","0","-","0","0","-","0","0","-","0","0","-","0","0","-","0","0","-","0","0","-","0","0","-","0","0","-","0","0","-","-","-","-","0","0","0","0","-","0","0","0","-"
"846","Jeff Petry","Zach Bogosian","MIN","1","0.53333333333333","0","1","0.00","0","1","0.00","0","1","0.00","0","0","-","0","0.03","0.00","0","0","-","0","0","-","0","0","-","0","0","-","0","0","-","0","1","0.00","0","0","-","-","100.00","1.00","0","0","0","1","-","0","0","0","-"
"847","Ryan McDonagh","Maxwell Crozier","T.B","10","0.53333333333333","0","0","-","0","0","-","0","0","-","0","0","-","0","0","-","0","0","-","0","0","-","0","0","-","0","0","-","0","0","-","0","0","-","0","0","-","-","-","-","0","0","0","3","-","0","0","0","-"
"848","Victor Hedman","Charles-Edouard D'Astous","T.B","23","0.53333333333333","0","0","-","0","0","-","0","0","-","0","0","-","0","0","-","0","0","-","0","0","-","0","0","-","0","0","-","0","0","-","0","0","-","0","0","-","-","-","-","0","0","0","0","-","0","0","0","-"
"849","Tony DeAngelo","Adam Boqvist","NYI","23","0.53333333333333","1","0","100.00","1","0","100.00","1","0","100.00","0","0","-","0.14","0","100.00","1","0","100.00","0","0","-","0","0","-","1","0","100.00","0","0","-","0","0","-","0","0","-","0.00","-","0.00","0","0","0","1","-","0","0","0","-"
"850","Jake Christiansen","Denton Mateychuk","CBJ","34","0.53333333333333","0","2","0.00","0","1","0.00","0","1","0.00","0","0","-","0","0.15","0.00","0","2","0.00","0","1","0.00","0","0","-","0","1","0.00","0","0","-","0","0","-","0","0","-","-","100.00","1.00","0","0","0","1","-","0","0","0","-"
"851","Kris Letang","Ryan Graves","PIT","19","0.51666666666667","0","1","0.00","0","0","-","0","0","-","0","0","-","0","0","-","0","0","-","0","0","-","0","0","-","0","0","-","0","0","-","0","1","0.00","0","0","-","-","-","-","0","0","0","0","-","0","0","0","-"
"852","Mattias Ekholm","Troy Stecher","EDM","6","0.51666666666667","0","1","0.00","0","1","0.00","0","1","0.00","0","0","-","0","0.07","0.00","0","1","0.00","0","0","-","0","0","-","0","1","0.00","0","0","-","0","0","-","0","0","-","-","100.00","1.00","0","0","0","2","-","0","0","0","-"
"853","Dougie Hamilton","Dennis Cholowski","N.J","13","0.51666666666667","2","0","100.00","2","0","100.00","1","0","100.00","0","0","-","0.16","0","100.00","1","0","100.00","0","0","-","0","0","-","1","0","100.00","0","0","-","1","0","100.00","0","0","-","0.00","-","0.00","0","0","0","1","-","0","0","0","-"
"854","Connor Murphy","Artyom Levshunov","CHI","55","0.51666666666667","0","0","-","0","0","-","0","0","-","0","0","-","0","0","-","0","0","-","0","0","-","0","0","-","0","0","-","0","0","-","0","0","-","0","0","-","-","-","-","0","0","1","0","-","0","0","0","-"
"855","Ryan Pulock","Tony DeAngelo","NYI","70","0.51666666666667","0","0","-","0","0","-","0","0","-","0","0","-","0","0","-","0","0","-","0","0","-","0","0","-","0","0","-","0","0","-","0","0","-","0","0","-","-","-","-","0","0","0","4","-","0","0","0","-"
"856","Gustav Forsling","Tobias Bjornfot","FLA","18","0.51666666666667","1","4","20.00","1","3","25.00","1","3","25.00","0","1","0.00","0.01","0.27","4.81","0","2","0.00","0","1","0.00","0","1","0.00","0","1","0.00","0","0","-","0","1","0.00","0","0","-","0.00","66.67","0.667","0","0","1","2","0.00","0","0","1","0.00"
"857","Filip Hronek","Quinn Hughes","VAN","26","0.51666666666667","0","2","0.00","0","1","0.00","0","1","0.00","0","0","-","0","0.05","0.00","0","1","0.00","0","0","-","0","0","-","0","1","0.00","0","0","-","0","3","0.00","0","0","-","-","100.00","1.00","0","0","1","3","0.00","0","0","2","0.00"
"858","Martin Fehervary","Declan Chisholm","WSH","25","0.51666666666667","0","0","-","0","0","-","0","0","-","0","0","-","0","0","-","0","0","-","0","0","-","0","0","-","0","0","-","0","0","-","0","0","-","0","0","-","-","-","-","0","0","0","2","-","0","0","0","-"
"859","Evan Bouchard","Alec Regula","EDM","29","0.51666666666667","0","1","0.00","0","1","0.00","0","1","0.00","0","1","0.00","0","0.14","0.00","0","1","0.00","0","1","0.00","0","1","0.00","0","0","-","0","0","-","0","0","-","0","0","-","-","0.00","0.00","0","0","0","4","-","0","0","0","-"
"860","Nils Lundkvist","Lian Bichsel","DAL","26","0.51666666666667","0","0","-","0","0","-","0","0","-","0","0","-","0","0","-","0","0","-","0","0","-","0","0","-","0","0","-","0","0","-","0","0","-","0","0","-","-","-","-","0","0","0","2","-","0","0","0","-"
"861","Quinn Hughes","Daemon Hunt","MIN","20","0.5","0","0","-","0","0","-","0","0","-","0","0","-","0","0","-","0","0","-","0","0","-","0","0","-","0","0","-","0","0","-","0","0","-","0","0","-","-","-","-","0","0","0","3","-","0","0","0","-"
"862","Jayden Struble","Adam Engstrom","MTL","10","0.5","0","1","0.00","0","1","0.00","0","1","0.00","0","0","-","0","0.04","0.00","0","0","-","0","0","-","0","0","-","0","0","-","0","0","-","0","1","0.00","0","0","-","-","100.00","1.00","0","0","0","0","-","0","0","0","-"
"863","Mikhail Sergachev","Dmitri Simashev","UTA","27","0.48333333333333","0","0","-","0","0","-","0","0","-","0","0","-","0","0","-","0","0","-","0","0","-","0","0","-","0","0","-","0","0","-","0","0","-","0","0","-","-","-","-","0","0","0","1","-","0","0","0","-"
"864","Jordan Spence","Jake Sanderson","OTT","58","0.48333333333333","0","0","-","0","0","-","0","0","-","0","0","-","0","0","-","0","0","-","0","0","-","0","0","-","0","0","-","0","0","-","0","0","-","0","0","-","-","-","-","0","0","0","3","-","0","0","0","-"
"865","Louis Crevier","Sam Rinzel","CHI","52","0.48333333333333","1","1","50.00","1","1","50.00","1","1","50.00","0","0","-","0.08","0.13","37.53","1","1","50.00","0","1","0.00","0","0","-","1","0","100.00","0","0","-","0","0","-","0","0","-","0.00","100.00","1.000","0","0","0","0","-","0","0","0","-"
"866","Tyler Myers","Miro Heiskanen","DAL","13","0.46666666666667","0","0","-","0","0","-","0","0","-","0","0","-","0","0","-","0","0","-","0","0","-","0","0","-","0","0","-","0","0","-","0","0","-","0","0","-","-","-","-","0","0","0","3","-","0","0","0","-"
"867","Pierre-Olivier Joseph","Tom Willander","VAN","25","0.46666666666667","0","0","-","0","0","-","0","0","-","0","0","-","0","0","-","0","0","-","0","0","-","0","0","-","0","0","-","0","0","-","0","0","-","0","0","-","-","-","-","0","0","0","2","-","0","0","0","-"
"868","Brock Faber","David Jiricek","MIN","25","0.46666666666667","0","2","0.00","0","2","0.00","0","2","0.00","0","1","0.00","0","0.32","0.00","0","2","0.00","0","1","0.00","0","1","0.00","0","1","0.00","0","0","-","0","0","-","0","0","-","-","50.00","0.50","0","0","0","2","-","0","0","0","-"
"869","Brandon Montour","Josh Mahura","SEA","15","0.45","0","1","0.00","0","1","0.00","0","1","0.00","0","0","-","0","0.07","0.00","0","1","0.00","0","0","-","0","0","-","0","1","0.00","0","0","-","0","0","-","0","0","-","-","100.00","1.00","0","0","0","1","-","0","0","0","-"
"870","Erik Cernak","Maxwell Crozier","T.B","23","0.45","1","0","100.00","1","0","100.00","1","0","100.00","1","0","100.00","0.17","0","100.00","1","0","100.00","1","0","100.00","1","0","100.00","0","0","-","0","0","-","0","0","-","0","0","-","100.00","-","1.00","0","0","0","3","-","0","0","0","-"
"871","Philip Broberg","Theo Lindstein","STL","17","0.45","0","0","-","0","0","-","0","0","-","0","0","-","0","0","-","0","0","-","0","0","-","0","0","-","0","0","-","0","0","-","0","0","-","0","0","-","-","-","-","0","0","0","0","-","0","0","0","-"
"872","Uvis Balinskis","Mikulas Hovorka","FLA","1","0.45","0","2","0.00","0","1","0.00","0","1","0.00","0","0","-","0","0.1","0.00","0","0","-","0","0","-","0","0","-","0","0","-","0","0","-","0","4","0.00","0","0","-","-","100.00","1.00","0","0","0","0","-","0","0","2","0.00"
"873","Cameron Crotty","Artem Zub","OTT","6","0.43333333333333","0","0","-","0","0","-","0","0","-","0","0","-","0","0","-","0","0","-","0","0","-","0","0","-","0","0","-","0","0","-","0","0","-","0","0","-","-","-","-","0","0","0","2","-","0","0","0","-"
"874","Ian Cole","Nick DeSimone","UTA","40","0.41666666666667","0","0","-","0","0","-","0","0","-","0","0","-","0","0","-","0","0","-","0","0","-","0","0","-","0","0","-","0","0","-","0","0","-","0","0","-","-","-","-","0","0","1","1","0.00","0","0","1","0.00"
"875","John Klingberg","Mario Ferraro","S.J","56","0.41666666666667","1","0","100.00","1","0","100.00","1","0","100.00","0","0","-","0.02","0","100.00","0","0","-","0","0","-","0","0","-","0","0","-","0","0","-","1","0","100.00","0","0","-","0.00","-","0.00","0","0","0","1","-","0","0","0","-"
"876","Matt Roy","Declan Chisholm","WSH","23","0.41666666666667","0","0","-","0","0","-","0","0","-","0","0","-","0","0","-","0","0","-","0","0","-","0","0","-","0","0","-","0","0","-","0","0","-","0","0","-","-","-","-","0","0","0","1","-","0","0","0","-"
"877","Nick DeSimone","Dmitri Simashev","UTA","9","0.41666666666667","0","1","0.00","0","0","-","0","0","-","0","0","-","0","0","-","0","0","-","0","0","-","0","0","-","0","0","-","0","0","-","0","1","0.00","0","0","-","-","-","-","0","0","0","0","-","0","0","0","-"
"878","Jacob Bryson","Michael Kesselring","BUF","6","0.41666666666667","1","0","100.00","0","0","-","0","0","-","0","0","-","0","0","-","0","0","-","0","0","-","0","0","-","0","0","-","0","0","-","1","0","100.00","0","0","-","-","-","-","0","0","0","1","-","0","0","0","-"
"879","Victor Hedman","Maxwell Crozier","T.B","9","0.4","1","0","100.00","1","0","100.00","1","0","100.00","0","0","-","0.08","0","100.00","1","0","100.00","1","0","100.00","0","0","-","0","0","-","0","0","-","0","1","0.00","0","0","-","0.00","-","0.00","0","0","1","0","0.00","0","0","1","0.00"
"880","Emil Andrae","Oliver Bonk","PHI","1","0.4","0","1","0.00","0","1","0.00","0","1","0.00","0","0","-","0","0.07","0.00","0","1","0.00","0","0","-","0","0","-","0","1","0.00","0","0","-","0","0","-","0","0","-","-","100.00","1.00","0","0","0","0","-","0","0","0","-"
"881","Derek Forbort","Marcus Pettersson","VAN","2","0.38333333333333","0","0","-","0","0","-","0","0","-","0","0","-","0","0","-","0","0","-","0","0","-","0","0","-","0","0","-","0","0","-","0","0","-","0","0","-","-","-","-","0","0","0","2","-","0","0","0","-"
"882","Dylan McIlrath","Cole Hutson","WSH","1","0.38333333333333","0","0","-","0","0","-","0","0","-","0","0","-","0","0","-","0","0","-","0","0","-","0","0","-","0","0","-","0","0","-","0","0","-","0","0","-","-","-","-","0","0","0","0","-","0","0","0","-"
"883","Adam Larsson","Brandon Montour","SEA","64","0.38333333333333","1","0","100.00","1","0","100.00","1","0","100.00","0","0","-","0.01","0","100.00","0","0","-","0","0","-","0","0","-","0","0","-","0","0","-","1","0","100.00","0","0","-","0.00","-","0.00","0","0","0","7","-","0","0","0","-"
"884","Shayne Gostisbehere","K'Andre Miller","CAR","50","0.38333333333333","0","0","-","0","0","-","0","0","-","0","0","-","0","0","-","0","0","-","0","0","-","0","0","-","0","0","-","0","0","-","0","0","-","0","0","-","-","-","-","0","0","0","4","-","0","0","0","-"
"885","Travis Sanheim"," ","PHI","3","0.38333333333333","0","0","-","0","0","-","0","0","-","0","0","-","0","0","-","0","0","-","0","0","-","0","0","-","0","0","-","0","0","-","0","0","-","0","0","-","-","-","-","0","0","0","1","-","0","0","0","-"
"886","Erik Cernak","Charles-Edouard D'Astous","T.B","49","0.38333333333333","0","2","0.00","0","2","0.00","0","2","0.00","0","1","0.00","0","0.36","0.00","0","1","0.00","0","1","0.00","0","1","0.00","0","0","-","0","0","-","0","1","0.00","0","0","-","-","50.00","0.50","0","0","0","2","-","0","0","0","-"
"887","Troy Stecher","Ty Emberson","EDM","6","0.38333333333333","0","1","0.00","0","1","0.00","0","1","0.00","0","0","-","0","0.07","0.00","0","1","0.00","0","0","-","0","0","-","0","1","0.00","0","0","-","0","0","-","0","0","-","-","100.00","1.00","0","0","0","1","-","0","0","0","-"
"888","Jeff Petry","Mikulas Hovorka","FLA","1","0.36666666666667","0","3","0.00","0","3","0.00","0","2","0.00","0","0","-","0","0.56","0.00","0","3","0.00","0","1","0.00","0","0","-","0","2","0.00","0","0","-","0","0","-","0","0","-","-","100.00","1.00","0","0","0","1","-","0","0","0","-"
"889","Tyler Myers","Zeev Buium","VAN","20","0.36666666666667","0","0","-","0","0","-","0","0","-","0","0","-","0","0","-","0","0","-","0","0","-","0","0","-","0","0","-","0","0","-","0","0","-","0","0","-","-","-","-","0","0","0","0","-","1","0","0","100.00"
"890","Brian Dumoulin","Brandt Clarke","L.A","82","0.36666666666667","0","0","-","0","0","-","0","0","-","0","0","-","0","0","-","0","0","-","0","0","-","0","0","-","0","0","-","0","0","-","0","0","-","0","0","-","-","-","-","0","0","1","2","0.00","0","0","1","0.00"
"891","Erik Gudbranson","Egor Zamula","CBJ","15","0.36666666666667","0","0","-","0","0","-","0","0","-","0","0","-","0","0","-","0","0","-","0","0","-","0","0","-","0","0","-","0","0","-","0","0","-","0","0","-","-","-","-","0","0","0","2","-","0","0","0","-"
"892","Nick Seeler","Emil Andrae","PHI","59","0.36666666666667","0","0","-","0","0","-","0","0","-","0","0","-","0","0","-","0","0","-","0","0","-","0","0","-","0","0","-","0","0","-","0","0","-","0","0","-","-","-","-","0","0","0","1","-","0","0","0","-"
"893","Vladislav Kolyachonok","Lian Bichsel","DAL","6","0.36666666666667","0","0","-","0","0","-","0","0","-","0","0","-","0","0","-","0","0","-","0","0","-","0","0","-","0","0","-","0","0","-","0","0","-","0","0","-","-","-","-","0","0","0","1","-","0","0","0","-"
"894","Josh Manson","Ilya Solovyov","COL","16","0.35","0","0","-","0","0","-","0","0","-","0","0","-","0","0","-","0","0","-","0","0","-","0","0","-","0","0","-","0","0","-","0","0","-","0","0","-","-","-","-","0","0","0","0","-","0","0","0","-"
"895","Jake McCabe","Dakota Mermis","TOR","11","0.35","0","0","-","0","0","-","0","0","-","0","0","-","0","0","-","0","0","-","0","0","-","0","0","-","0","0","-","0","0","-","0","0","-","0","0","-","-","-","-","0","0","0","0","-","0","0","0","-"
"896","Nick Blankenburg","Sam Malinski","COL","12","0.35","0","1","0.00","0","0","-","0","0","-","0","0","-","0","0","-","0","0","-","0","0","-","0","0","-","0","0","-","0","0","-","0","0","-","0","0","-","-","-","-","0","0","0","1","-","0","0","0","-"
"897","Vladislav Gavrikov","Scott Morrow","NYR","29","0.33333333333333","0","0","-","0","0","-","0","0","-","0","0","-","0","0","-","0","0","-","0","0","-","0","0","-","0","0","-","0","0","-","0","1","0.00","0","0","-","-","-","-","0","0","0","0","-","0","0","1","0.00"
"898","Louis Crevier","Artyom Levshunov","CHI","64","0.33333333333333","0","0","-","0","0","-","0","0","-","0","0","-","0","0","-","0","0","-","0","0","-","0","0","-","0","0","-","0","0","-","0","0","-","0","0","-","-","-","-","0","0","0","6","-","0","0","0","-"
"899","Erik Karlsson","Ilya Solovyov","PIT","12","0.31666666666667","0","0","-","0","0","-","0","0","-","0","0","-","0","0","-","0","0","-","0","0","-","0","0","-","0","0","-","0","0","-","0","0","-","0","0","-","-","-","-","0","0","0","1","-","0","0","0","-"
"900","Ethan Del Mastro","Kevin Korchinski","CHI","8","0.31666666666667","0","1","0.00","0","1","0.00","0","0","-","0","0","-","0","0.12","0.00","0","1","0.00","0","1","0.00","0","0","-","0","0","-","0","0","-","0","0","-","0","0","-","-","-","-","0","0","0","0","-","0","0","0","-"
"901","Brett Pesce","Simon Nemec","N.J","25","0.3","0","0","-","0","0","-","0","0","-","0","0","-","0","0","-","0","0","-","0","0","-","0","0","-","0","0","-","0","0","-","0","0","-","0","0","-","-","-","-","0","0","0","0","-","0","0","0","-"
"902","Jonas Siegenthaler","Dennis Cholowski","N.J","17","0.3","0","0","-","0","0","-","0","0","-","0","0","-","0","0","-","0","0","-","0","0","-","0","0","-","0","0","-","0","0","-","0","0","-","0","0","-","-","-","-","0","0","0","0","-","0","0","0","-"
"903","Dennis Gilbert","Jordan Spence","OTT","8","0.3","0","0","-","0","0","-","0","0","-","0","0","-","0","0","-","0","0","-","0","0","-","0","0","-","0","0","-","0","0","-","0","0","-","0","0","-","-","-","-","0","0","0","1","-","0","0","0","-"
"904","Cale Makar","Jack Ahcan","COL","10","0.3","0","0","-","0","0","-","0","0","-","0","0","-","0","0","-","0","0","-","0","0","-","0","0","-","0","0","-","0","0","-","0","0","-","0","0","-","-","-","-","0","0","0","0","-","0","0","0","-"
"905","Zach Whitecloud","Zayne Parekh","CGY","24","0.3","0","0","-","0","0","-","0","0","-","0","0","-","0","0","-","0","0","-","0","0","-","0","0","-","0","0","-","0","0","-","0","0","-","0","0","-","-","-","-","0","0","0","1","-","0","0","0","-"
"906","Luke Schenn","Zach Metsa","BUF","2","0.28333333333333","2","0","100.00","1","0","100.00","1","0","100.00","1","0","100.00","0.25","0","100.00","2","0","100.00","1","0","100.00","1","0","100.00","1","0","100.00","0","0","-","0","0","-","0","0","-","100.00","-","1.00","0","0","0","1","-","0","0","0","-"
"907","Niko Mikkola","Tobias Bjornfot","FLA","11","0.28333333333333","0","0","-","0","0","-","0","0","-","0","0","-","0","0","-","0","0","-","0","0","-","0","0","-","0","0","-","0","0","-","0","0","-","0","0","-","-","-","-","0","0","0","0","-","0","0","0","-"
"908","Andrew Peeke","Victor Soderstrom","BOS","8","0.28333333333333","0","1","0.00","0","1","0.00","0","0","-","0","0","-","0","0.15","0.00","0","1","0.00","0","1","0.00","0","0","-","0","0","-","0","0","-","0","0","-","0","0","-","-","-","-","0","0","0","0","-","0","0","0","-"
"909","Miro Heiskanen","Nils Lundkvist","DAL","49","0.28333333333333","0","0","-","0","0","-","0","0","-","0","0","-","0","0","-","0","0","-","0","0","-","0","0","-","0","0","-","0","0","-","0","0","-","0","0","-","-","-","-","0","0","0","3","-","0","0","0","-"
"910","Topias Vilen","Simon Nemec","N.J","2","0.28333333333333","0","1","0.00","0","1","0.00","0","1","0.00","0","0","-","0","0.06","0.00","0","0","-","0","0","-","0","0","-","0","0","-","0","0","-","0","2","0.00","0","0","-","-","100.00","1.00","0","0","1","0","0.00","0","0","1","0.00"
"911","Erik Karlsson","Connor Clifton","PIT","43","0.26666666666667","0","0","-","0","0","-","0","0","-","0","0","-","0","0","-","0","0","-","0","0","-","0","0","-","0","0","-","0","0","-","0","0","-","0","0","-","-","-","-","0","0","0","7","-","0","0","0","-"
"912","Justin Faulk","Moritz Seider","DET","17","0.26666666666667","0","0","-","0","0","-","0","0","-","0","0","-","0","0","-","0","0","-","0","0","-","0","0","-","0","0","-","0","0","-","0","0","-","0","0","-","-","-","-","0","0","0","1","-","0","0","0","-"
"913","Dylan DeMelo","Jacob Bryson","WPG","15","0.26666666666667","0","0","-","0","0","-","0","0","-","0","0","-","0","0","-","0","0","-","0","0","-","0","0","-","0","0","-","0","0","-","0","1","0.00","0","0","-","-","-","-","0","0","1","0","0.00","0","0","1","0.00"
"914","Mikey Anderson","Brandt Clarke","L.A","80","0.26666666666667","0","1","0.00","0","1","0.00","0","0","-","0","0","-","0","0.07","0.00","0","0","-","0","0","-","0","0","-","0","0","-","0","0","-","0","1","0.00","0","0","-","-","-","-","0","0","0","0","-","0","0","0","-"
"915","Nils Lundkvist","Vladislav Kolyachonok","DAL","1","0.26666666666667","0","0","-","0","0","-","0","0","-","0","0","-","0","0","-","0","0","-","0","0","-","0","0","-","0","0","-","0","0","-","0","0","-","0","0","-","-","-","-","0","0","1","0","0.00","0","0","1","0.00"
"916","Mike Benning","Marek Alscher","FLA","4","0.26666666666667","0","1","0.00","0","1","0.00","0","1","0.00","0","1","0.00","0","0.11","0.00","0","1","0.00","0","1","0.00","0","1","0.00","0","0","-","0","0","-","0","0","-","0","0","-","-","0.00","0.00","0","0","0","1","-","0","0","0","-"
"917","Colin Miller","Logan Stanley","WPG","15","0.25","0","0","-","0","0","-","0","0","-","0","0","-","0","0","-","0","0","-","0","0","-","0","0","-","0","0","-","0","0","-","0","0","-","0","0","-","-","-","-","0","0","0","1","-","0","0","0","-"
"918","Vladislav Gavrikov","Drew Fortescue","NYR","9","0.25","0","1","0.00","0","1","0.00","0","1","0.00","0","0","-","0","0.11","0.00","0","1","0.00","0","1","0.00","0","0","-","0","0","-","0","0","-","0","0","-","0","0","-","-","100.00","1.00","0","0","0","0","-","0","0","0","-"
"919","Tyler Myers","Quinn Hughes","VAN","26","0.23333333333333","0","0","-","0","0","-","0","0","-","0","0","-","0","0","-","0","0","-","0","0","-","0","0","-","0","0","-","0","0","-","0","0","-","0","0","-","-","-","-","0","0","0","2","-","0","0","0","-"
"920","Nick Seeler","Adam Ginning","PHI","5","0.23333333333333","0","1","0.00","0","1","0.00","0","0","-","0","0","-","0","0.08","0.00","0","1","0.00","0","0","-","0","0","-","0","1","0.00","0","0","-","0","0","-","0","0","-","-","-","-","0","0","0","2","-","0","0","0","-"
"921","Hampus Lindholm","Mason Lohrei","BOS","58","0.23333333333333","0","0","-","0","0","-","0","0","-","0","0","-","0","0","-","0","0","-","0","0","-","0","0","-","0","0","-","0","0","-","0","0","-","0","0","-","-","-","-","0","0","0","1","-","0","0","0","-"
"922","Nikita Zadorov","Mason Lohrei","BOS","72","0.23333333333333","1","0","100.00","1","0","100.00","1","0","100.00","0","0","-","0","0","100.00","0","0","-","0","0","-","0","0","-","0","0","-","0","0","-","0","0","-","0","0","-","0.00","-","0.00","0","0","0","0","-","0","0","0","-"
"923","Jayden Struble","Kaiden Guhle","MTL","21","0.23333333333333","0","0","-","0","0","-","0","0","-","0","0","-","0","0","-","0","0","-","0","0","-","0","0","-","0","0","-","0","0","-","0","0","-","0","0","-","-","-","-","0","1","0","0","-","0","1","0","-"
"924","Matthew Kessel","Logan Mailloux","STL","14","0.23333333333333","0","0","-","0","0","-","0","0","-","0","0","-","0","0","-","0","0","-","0","0","-","0","0","-","0","0","-","0","0","-","0","0","-","0","0","-","-","-","-","0","0","0","0","-","0","0","0","-"
"925","Brian Dumoulin","Jacob Moverare","L.A","15","0.21666666666667","0","0","-","0","0","-","0","0","-","0","0","-","0","0","-","0","0","-","0","0","-","0","0","-","0","0","-","0","0","-","0","0","-","0","0","-","-","-","-","0","0","0","0","-","0","0","0","-"
"926","Nikita Zadorov","Michael Callahan","BOS","5","0.21666666666667","0","0","-","0","0","-","0","0","-","0","0","-","0","0","-","0","0","-","0","0","-","0","0","-","0","0","-","0","0","-","0","0","-","0","0","-","-","-","-","0","0","0","1","-","0","0","0","-"
"927","Jake Bean","Yan Kuznetsov","CGY","6","0.21666666666667","0","0","-","0","0","-","0","0","-","0","0","-","0","0","-","0","0","-","0","0","-","0","0","-","0","0","-","0","0","-","0","0","-","0","0","-","-","-","-","0","0","0","0","-","0","0","0","-"
"928","Tyler Tucker","Theo Lindstein","STL","9","0.21666666666667","0","0","-","0","0","-","0","0","-","0","0","-","0","0","-","0","0","-","0","0","-","0","0","-","0","0","-","0","0","-","0","0","-","0","0","-","-","-","-","0","0","0","2","-","0","0","0","-"
"929","Elias Pettersson","Zeev Buium","VAN","37","0.21666666666667","0","0","-","0","0","-","0","0","-","0","0","-","0","0","-","0","0","-","0","0","-","0","0","-","0","0","-","0","0","-","0","0","-","0","0","-","-","-","-","0","0","1","0","0.00","0","0","1","0.00"
"930","Haydn Fleury","Logan Stanley","WPG","18","0.2","0","0","-","0","0","-","0","0","-","0","0","-","0","0","-","0","0","-","0","0","-","0","0","-","0","0","-","0","0","-","0","0","-","0","0","-","-","-","-","0","0","0","1","-","0","0","0","-"
"931","Marcus Pettersson","Quinn Hughes","VAN","26","0.2","0","0","-","0","0","-","0","0","-","0","0","-","0","0","-","0","0","-","0","0","-","0","0","-","0","0","-","0","0","-","0","0","-","0","0","-","-","-","-","0","0","0","0","-","0","0","0","-"
"932","Kyle Capobianco","Nils Lundkvist","DAL","16","0.2","0","0","-","0","0","-","0","0","-","0","0","-","0","0","-","0","0","-","0","0","-","0","0","-","0","0","-","0","0","-","0","0","-","0","0","-","-","-","-","0","0","0","0","-","0","0","0","-"
"933","Domenick Fensore","Alexander Nikishin","CAR","1","0.2","0","0","-","0","0","-","0","0","-","0","0","-","0","0","-","0","0","-","0","0","-","0","0","-","0","0","-","0","0","-","0","0","-","0","0","-","-","-","-","0","0","0","1","-","0","0","0","-"
"934","Oliver Ekman-Larsson","Henry Thrun","TOR","4","0.18333333333333","1","0","100.00","1","0","100.00","1","0","100.00","0","0","-","0","0","100.00","0","0","-","0","0","-","0","0","-","0","0","-","0","0","-","0","0","-","0","0","-","0.00","-","0.00","0","0","1","0","0.00","0","0","1","0.00"
"935","Shayne Gostisbehere","Jalen Chatfield","CAR","47","0.18333333333333","0","1","0.00","0","1","0.00","0","1","0.00","0","0","-","0","0.07","0.00","0","1","0.00","0","1","0.00","0","0","-","0","0","-","0","0","-","0","0","-","0","0","-","-","100.00","1.00","0","0","0","3","-","0","0","0","-"
"936","Ben Hutton","Zach Whitecloud","VGK","40","0.18333333333333","0","1","0.00","0","1","0.00","0","0","-","0","0","-","0","0.11","0.00","0","1","0.00","0","1","0.00","0","0","-","0","0","-","0","0","-","0","1","0.00","0","0","-","-","-","-","0","0","1","1","0.00","0","0","1","0.00"
"937","Ryan Shea","Harrison Brunicke","PIT","9","0.18333333333333","0","0","-","0","0","-","0","0","-","0","0","-","0","0","-","0","0","-","0","0","-","0","0","-","0","0","-","0","0","-","0","0","-","0","0","-","-","-","-","0","0","0","1","-","0","0","0","-"
"938","Samuel Girard","Ilya Solovyov","COL","7","0.18333333333333","0","0","-","0","0","-","0","0","-","0","0","-","0","0","-","0","0","-","0","0","-","0","0","-","0","0","-","0","0","-","0","0","-","0","0","-","-","-","-","0","1","0","0","-","0","1","0","-"
"939","Zach Bogosian","Quinn Hughes","MIN","25","0.16666666666667","0","0","-","0","0","-","0","0","-","0","0","-","0","0","-","0","0","-","0","0","-","0","0","-","0","0","-","0","0","-","0","0","-","0","0","-","-","-","-","0","0","1","0","0.00","0","0","1","0.00"
"940","Erik Karlsson","Jack St. Ivany","PIT","14","0.16666666666667","0","0","-","0","0","-","0","0","-","0","0","-","0","0","-","0","0","-","0","0","-","0","0","-","0","0","-","0","0","-","0","0","-","0","0","-","-","-","-","0","0","0","0","-","0","0","0","-"
"941","Mike Reilly","Shayne Gostisbehere","CAR","19","0.16666666666667","0","0","-","0","0","-","0","0","-","0","0","-","0","0","-","0","0","-","0","0","-","0","0","-","0","0","-","0","0","-","0","0","-","0","0","-","-","-","-","0","0","0","0","-","0","0","0","-"
"942","Mike Matheson","Jayden Struble","MTL","55","0.16666666666667","2","0","100.00","1","0","100.00","0","0","-","0","0","-","0.09","0","100.00","2","0","100.00","0","0","-","0","0","-","2","0","100.00","0","0","-","0","0","-","0","0","-","-","-","-","0","0","0","0","-","0","0","0","-"
"943","Dakota Mermis","Simon Benoit","TOR","9","0.16666666666667","0","0","-","0","0","-","0","0","-","0","0","-","0","0","-","0","0","-","0","0","-","0","0","-","0","0","-","0","0","-","0","0","-","0","0","-","-","-","-","0","0","0","3","-","0","0","0","-"
"944","Devon Toews","Nick Blankenburg","COL","11","0.16666666666667","0","0","-","0","0","-","0","0","-","0","0","-","0","0","-","0","0","-","0","0","-","0","0","-","0","0","-","0","0","-","0","0","-","0","0","-","-","-","-","0","0","0","0","-","0","0","0","-"
"945","Jake Bean","Brayden Pachal","CGY","7","0.16666666666667","0","0","-","0","0","-","0","0","-","0","0","-","0","0","-","0","0","-","0","0","-","0","0","-","0","0","-","0","0","-","0","0","-","0","0","-","-","-","-","0","0","0","3","-","0","0","0","-"
"946","Dylan Samberg","Ville Heinola","WPG","5","0.16666666666667","0","0","-","0","0","-","0","0","-","0","0","-","0","0","-","0","0","-","0","0","-","0","0","-","0","0","-","0","0","-","0","0","-","0","0","-","-","-","-","0","0","0","0","-","0","0","0","-"
"947","Simon Benoit","Henry Thrun","TOR","4","0.16666666666667","0","0","-","0","0","-","0","0","-","0","0","-","0","0","-","0","0","-","0","0","-","0","0","-","0","0","-","0","0","-","0","0","-","0","0","-","-","-","-","0","0","0","0","-","0","0","0","-"
"948","Justin Holl","Colton Parayko","STL","8","0.15","1","0","100.00","1","0","100.00","1","0","100.00","0","0","-","0.12","0","100.00","1","0","100.00","1","0","100.00","0","0","-","0","0","-","0","0","-","0","0","-","0","0","-","0.00","-","0.00","0","0","0","2","-","0","0","0","-"
"949","Matt Dumba","Owen Pickering","PIT","2","0.15","0","0","-","0","0","-","0","0","-","0","0","-","0","0","-","0","0","-","0","0","-","0","0","-","0","0","-","0","0","-","0","0","-","0","0","-","-","-","-","0","0","0","1","-","0","0","0","-"
"950","Cody Ceci","Brandt Clarke","L.A","82","0.15","0","1","0.00","0","1","0.00","0","1","0.00","0","0","-","0","0.04","0.00","0","0","-","0","0","-","0","0","-","0","0","-","0","0","-","0","2","0.00","0","0","-","-","100.00","1.00","0","0","1","0","0.00","0","0","1","0.00"
"951","Kevin Gravel","Ryan Ufko","NSH","1","0.13333333333333","0","0","-","0","0","-","0","0","-","0","0","-","0","0","-","0","0","-","0","0","-","0","0","-","0","0","-","0","0","-","0","0","-","0","0","-","-","-","-","0","1","0","0","-","0","1","0","-"
"952","Dakota Mermis","Philippe Myers","TOR","4","0.13333333333333","0","0","-","0","0","-","0","0","-","0","0","-","0","0","-","0","0","-","0","0","-","0","0","-","0","0","-","0","0","-","0","0","-","0","0","-","-","-","-","0","0","0","1","-","0","0","0","-"
"953","Trevor van Riemsdyk","Cole Hutson","WSH","14","0.13333333333333","0","1","0.00","0","1","0.00","0","1","0.00","0","0","-","0","0.04","0.00","0","0","-","0","0","-","0","0","-","0","0","-","0","0","-","0","1","0.00","0","0","-","-","100.00","1.00","0","0","0","0","-","0","0","0","-"
"954","Jacob Middleton","Quinn Hughes","MIN","45","0.13333333333333","0","0","-","0","0","-","0","0","-","0","0","-","0","0","-","0","0","-","0","0","-","0","0","-","0","0","-","0","0","-","0","0","-","0","0","-","-","-","-","0","0","0","0","-","0","0","0","-"
"955","Caleb Jones","Harrison Brunicke","PIT","6","0.13333333333333","0","0","-","0","0","-","0","0","-","0","0","-","0","0","-","0","0","-","0","0","-","0","0","-","0","0","-","0","0","-","0","0","-","0","0","-","-","-","-","0","1","0","0","-","0","1","0","-"
"956","Colton White","Simon Nemec","N.J","11","0.13333333333333","0","0","-","0","0","-","0","0","-","0","0","-","0","0","-","0","0","-","0","0","-","0","0","-","0","0","-","0","0","-","0","0","-","0","0","-","-","-","-","0","0","0","1","-","0","0","0","-"
"957","Jake Bean","Zayne Parekh","CGY","6","0.13333333333333","0","0","-","0","0","-","0","0","-","0","0","-","0","0","-","0","0","-","0","0","-","0","0","-","0","0","-","0","0","-","0","0","-","0","0","-","-","-","-","0","0","0","0","-","0","0","0","-"
"958","Ryan McDonagh","Charles-Edouard D'Astous","T.B","37","0.11666666666667","0","2","0.00","0","2","0.00","0","2","0.00","0","1","0.00","0","0.36","0.00","0","1","0.00","0","1","0.00","0","1","0.00","0","0","-","0","0","-","0","1","0.00","0","0","-","-","50.00","0.50","0","0","0","0","-","0","1","0","-"
"959","Oliver Ekman-Larsson","Christopher Tanev","TOR","11","0.11666666666667","0","0","-","0","0","-","0","0","-","0","0","-","0","0","-","0","0","-","0","0","-","0","0","-","0","0","-","0","0","-","0","0","-","0","0","-","-","-","-","0","1","0","1","-","0","1","0","-"
"960","Connor Murphy","Sam Rinzel","CHI","32","0.11666666666667","0","0","-","0","0","-","0","0","-","0","0","-","0","0","-","0","0","-","0","0","-","0","0","-","0","0","-","0","0","-","0","0","-","0","0","-","-","-","-","0","0","0","0","-","0","0","0","-"
"961","Shayne Gostisbehere","Jaccob Slavin","CAR","25","0.11666666666667","0","0","-","0","0","-","0","0","-","0","0","-","0","0","-","0","0","-","0","0","-","0","0","-","0","0","-","0","0","-","0","0","-","0","0","-","-","-","-","0","0","0","2","-","0","0","0","-"
"962","Haydn Fleury","Isaak Phillips","WPG","1","0.11666666666667","0","0","-","0","0","-","0","0","-","0","0","-","0","0","-","0","0","-","0","0","-","0","0","-","0","0","-","0","0","-","0","1","0.00","0","0","-","-","-","-","0","0","1","0","0.00","0","0","1","0.00"
"963","Adam Fox","Drew Fortescue","NYR","9","0.11666666666667","0","0","-","0","0","-","0","0","-","0","0","-","0","0","-","0","0","-","0","0","-","0","0","-","0","0","-","0","0","-","0","0","-","0","0","-","-","-","-","0","0","0","0","-","0","0","0","-"
"964","Filip Hronek","Zeev Buium","VAN","45","0.11666666666667","0","0","-","0","0","-","0","0","-","0","0","-","0","0","-","0","0","-","0","0","-","0","0","-","0","0","-","0","0","-","0","0","-","0","0","-","-","-","-","0","0","0","1","-","0","0","0","-"
"965","Michael Kesselring","Zach Metsa","BUF","20","0.11666666666667","0","0","-","0","0","-","0","0","-","0","0","-","0","0","-","0","0","-","0","0","-","0","0","-","0","0","-","0","0","-","0","0","-","0","0","-","-","-","-","0","0","0","1","-","0","0","0","-"
"966","Bowen Byram","Ryan Johnson","BUF","3","0.11666666666667","0","0","-","0","0","-","0","0","-","0","0","-","0","0","-","0","0","-","0","0","-","0","0","-","0","0","-","0","0","-","0","0","-","0","0","-","-","-","-","0","0","0","1","-","0","0","0","-"
"967","Jordan Spence","Jorian Donovan","OTT","2","0.11666666666667","0","0","-","0","0","-","0","0","-","0","0","-","0","0","-","0","0","-","0","0","-","0","0","-","0","0","-","0","0","-","0","0","-","0","0","-","-","-","-","0","0","0","0","-","0","0","0","-"
"968","Braden Schneider","Scott Morrow","NYR","29","0.11666666666667","0","0","-","0","0","-","0","0","-","0","0","-","0","0","-","0","0","-","0","0","-","0","0","-","0","0","-","0","0","-","0","0","-","0","0","-","-","-","-","0","0","0","0","-","0","1","0","-"
"969","Alexander Nikishin","Ronan Seeley","CAR","1","0.11666666666667","0","0","-","0","0","-","0","0","-","0","0","-","0","0","-","0","0","-","0","0","-","0","0","-","0","0","-","0","0","-","0","0","-","0","0","-","-","-","-","0","0","0","1","-","0","0","0","-"
"970","Luke Schenn","Rasmus Dahlin","BUF","3","0.1","0","0","-","0","0","-","0","0","-","0","0","-","0","0","-","0","0","-","0","0","-","0","0","-","0","0","-","0","0","-","0","0","-","0","0","-","-","-","-","0","0","1","1","0.00","0","0","1","0.00"
"971","Dmitry Kulikov","Mike Benning","FLA","12","0.1","0","0","-","0","0","-","0","0","-","0","0","-","0","0","-","0","0","-","0","0","-","0","0","-","0","0","-","0","0","-","0","0","-","0","0","-","-","-","-","0","0","0","1","-","0","1","0","-"
"972","Christopher Tanev","Morgan Rielly","TOR","11","0.1","0","1","0.00","0","1","0.00","0","1","0.00","0","1","0.00","0","0.09","0.00","0","1","0.00","0","1","0.00","0","1","0.00","0","0","-","0","0","-","0","0","-","0","0","-","-","0.00","0.00","0","0","0","1","-","0","0","0","-"
"973","John Klingberg","Sam Dickinson","S.J","47","0.1","0","0","-","0","0","-","0","0","-","0","0","-","0","0","-","0","0","-","0","0","-","0","0","-","0","0","-","0","0","-","0","0","-","0","0","-","-","-","-","0","0","0","1","-","0","0","0","-"
"974","Scott Mayfield","Tony DeAngelo","NYI","74","0.1","0","0","-","0","0","-","0","0","-","0","0","-","0","0","-","0","0","-","0","0","-","0","0","-","0","0","-","0","0","-","0","0","-","0","0","-","-","-","-","0","0","0","0","-","0","0","0","-"
"975","Brady Skjei","Ryan Ufko","NSH","18","0.1","0","0","-","0","0","-","0","0","-","0","0","-","0","0","-","0","0","-","0","0","-","0","0","-","0","0","-","0","0","-","0","0","-","0","0","-","-","-","-","0","0","0","0","-","0","0","0","-"
"976","Connor Clifton","Jack St. Ivany","PIT","7","0.1","0","0","-","0","0","-","0","0","-","0","0","-","0","0","-","0","0","-","0","0","-","0","0","-","0","0","-","0","0","-","0","0","-","0","0","-","-","-","-","0","0","0","3","-","0","0","0","-"
"977","Dennis Gilbert","Artem Zub","OTT","7","0.1","0","0","-","0","0","-","0","0","-","0","0","-","0","0","-","0","0","-","0","0","-","0","0","-","0","0","-","0","0","-","0","0","-","0","0","-","-","-","-","0","0","0","1","-","0","0","0","-"
"978","Brock Faber","Matt Kiersted","MIN","4","0.1","0","0","-","0","0","-","0","0","-","0","0","-","0","0","-","0","0","-","0","0","-","0","0","-","0","0","-","0","0","-","0","0","-","0","0","-","-","-","-","0","0","0","1","-","0","0","0","-"
"979","Jeff Petry","Jacob Middleton","MIN","9","0.083333333333333","0","0","-","0","0","-","0","0","-","0","0","-","0","0","-","0","0","-","0","0","-","0","0","-","0","0","-","0","0","-","0","0","-","0","0","-","-","-","-","0","0","0","2","-","0","0","0","-"
"980","Ian Cole","Olli Maatta","UTA","22","0.083333333333333","0","0","-","0","0","-","0","0","-","0","0","-","0","0","-","0","0","-","0","0","-","0","0","-","0","0","-","0","0","-","0","0","-","0","0","-","-","-","-","0","0","0","0","-","0","0","0","-"
"981","Erik Karlsson","Samuel Girard","PIT","19","0.083333333333333","0","0","-","0","0","-","0","0","-","0","0","-","0","0","-","0","0","-","0","0","-","0","0","-","0","0","-","0","0","-","0","0","-","0","0","-","-","-","-","0","0","0","0","-","0","0","0","-"
"982","Oliver Ekman-Larsson","Matthew Benning","TOR","1","0.083333333333333","0","0","-","0","0","-","0","0","-","0","0","-","0","0","-","0","0","-","0","0","-","0","0","-","0","0","-","0","0","-","0","0","-","0","0","-","-","-","-","0","0","0","0","-","0","0","0","-"
"983","Cam Fowler","Theo Lindstein","STL","17","0.083333333333333","0","0","-","0","0","-","0","0","-","0","0","-","0","0","-","0","0","-","0","0","-","0","0","-","0","0","-","0","0","-","0","0","-","0","0","-","-","-","-","0","0","0","2","-","0","0","0","-"
"984","Kevin Gravel","Adam Wilsby","NSH","1","0.083333333333333","0","0","-","0","0","-","0","0","-","0","0","-","0","0","-","0","0","-","0","0","-","0","0","-","0","0","-","0","0","-","0","0","-","0","0","-","-","-","-","0","0","0","1","-","0","0","0","-"
"985","Esa Lindell","Vladislav Kolyachonok","DAL","11","0.083333333333333","0","0","-","0","0","-","0","0","-","0","0","-","0","0","-","0","0","-","0","0","-","0","0","-","0","0","-","0","0","-","0","0","-","0","0","-","-","-","-","0","0","0","0","-","0","0","0","-"
"986","MacKenzie Weegar","Zach Whitecloud","CGY","12","0.083333333333333","0","0","-","0","0","-","0","0","-","0","0","-","0","0","-","0","0","-","0","0","-","0","0","-","0","0","-","0","0","-","0","0","-","0","0","-","-","-","-","0","0","0","3","-","0","0","0","-"
"987","Carson Soucy","Urho Vaakanainen","NYR","16","0.083333333333333","0","0","-","0","0","-","0","0","-","0","0","-","0","0","-","0","0","-","0","0","-","0","0","-","0","0","-","0","0","-","0","0","-","0","0","-","-","-","-","0","0","0","0","-","0","0","0","-"
"988","Nils Lundkvist","Ilya Lyubushkin","DAL","30","0.083333333333333","0","0","-","0","0","-","0","0","-","0","0","-","0","0","-","0","0","-","0","0","-","0","0","-","0","0","-","0","0","-","0","0","-","0","0","-","-","-","-","0","0","0","3","-","0","0","0","-"
"989","Matthew Robertson","Scott Morrow","NYR","29","0.083333333333333","0","0","-","0","0","-","0","0","-","0","0","-","0","0","-","0","0","-","0","0","-","0","0","-","0","0","-","0","0","-","0","0","-","0","0","-","-","-","-","0","0","1","1","0.00","0","0","1","0.00"
"990","Victor Soderstrom","Mason Lohrei","BOS","8","0.083333333333333","0","0","-","0","0","-","0","0","-","0","0","-","0","0","-","0","0","-","0","0","-","0","0","-","0","0","-","0","0","-","0","0","-","0","0","-","-","-","-","0","0","0","1","-","0","0","0","-"
"991","Louis Crevier","Ethan Del Mastro","CHI","17","0.083333333333333","0","0","-","0","0","-","0","0","-","0","0","-","0","0","-","0","0","-","0","0","-","0","0","-","0","0","-","0","0","-","0","0","-","0","0","-","-","-","-","0","0","0","1","-","0","0","0","-"
"992","Donovan Sebrango","Nikolas Matinpalo","OTT","2","0.083333333333333","0","0","-","0","0","-","0","0","-","0","0","-","0","0","-","0","0","-","0","0","-","0","0","-","0","0","-","0","0","-","0","1","0.00","0","0","-","-","-","-","0","0","1","0","0.00","0","0","1","0.00"
"993","Brent Burns","Ilya Solovyov","COL","16","0.066666666666667","0","0","-","0","0","-","0","0","-","0","0","-","0","0","-","0","0","-","0","0","-","0","0","-","0","0","-","0","0","-","0","0","-","0","0","-","-","-","-","0","0","0","0","-","0","0","0","-"
"994","Brenden Dillon","Colton White","N.J","23","0.066666666666667","0","0","-","0","0","-","0","0","-","0","0","-","0","0","-","0","0","-","0","0","-","0","0","-","0","0","-","0","0","-","0","0","-","0","0","-","-","-","-","0","0","0","1","-","0","0","0","-"
"995","Christopher Tanev","Simon Benoit","TOR","8","0.066666666666667","0","0","-","0","0","-","0","0","-","0","0","-","0","0","-","0","0","-","0","0","-","0","0","-","0","0","-","0","0","-","0","0","-","0","0","-","-","-","-","0","0","0","2","-","0","0","0","-"
"996","Jonas Brodin","Zeev Buium","MIN","30","0.066666666666667","0","0","-","0","0","-","0","0","-","0","0","-","0","0","-","0","0","-","0","0","-","0","0","-","0","0","-","0","0","-","0","0","-","0","0","-","-","-","-","0","0","0","0","-","0","0","0","-"
"997","Matt Dumba","Harrison Brunicke","PIT","1","0.066666666666667","0","0","-","0","0","-","0","0","-","0","0","-","0","0","-","0","0","-","0","0","-","0","0","-","0","0","-","0","0","-","0","0","-","0","0","-","-","-","-","0","0","0","0","-","0","0","0","-"
"998","Colton Parayko","Matthew Kessel","STL","24","0.066666666666667","0","0","-","0","0","-","0","0","-","0","0","-","0","0","-","0","0","-","0","0","-","0","0","-","0","0","-","0","0","-","0","0","-","0","0","-","-","-","-","0","0","0","0","-","0","0","0","-"
"999","Brett Pesce","Colton White","N.J","10","0.066666666666667","0","0","-","0","0","-","0","0","-","0","0","-","0","0","-","0","0","-","0","0","-","0","0","-","0","0","-","0","0","-","0","0","-","0","0","-","-","-","-","0","0","0","1","-","0","0","0","-"
"1000","Travis Sanheim","Egor Zamula","PHI","13","0.066666666666667","0","0","-","0","0","-","0","0","-","0","0","-","0","0","-","0","0","-","0","0","-","0","0","-","0","0","-","0","0","-","0","0","-","0","0","-","-","-","-","0","0","0","1","-","0","0","0","-"
"1001","Vince Dunn","Cale Fleury","SEA","22","0.066666666666667","0","0","-","0","0","-","0","0","-","0","0","-","0","0","-","0","0","-","0","0","-","0","0","-","0","0","-","0","0","-","0","0","-","0","0","-","-","-","-","0","0","0","1","-","0","0","0","-"
"1002","Dennis Cholowski","Simon Nemec","N.J","15","0.066666666666667","1","0","100.00","1","0","100.00","1","0","100.00","1","0","100.00","0.05","0","100.00","1","0","100.00","0","0","-","0","0","-","1","0","100.00","1","0","100.00","0","0","-","0","0","-","100.00","-","1.00","0","0","0","0","-","0","1","0","-"
"1003","Vincent Desharnais","Vincent Iorio","S.J","6","0.066666666666667","0","0","-","0","0","-","0","0","-","0","0","-","0","0","-","0","0","-","0","0","-","0","0","-","0","0","-","0","0","-","0","0","-","0","0","-","-","-","-","0","0","0","2","-","0","0","0","-"
"1004","Quinn Hughes","David Jiricek","MIN","12","0.066666666666667","0","0","-","0","0","-","0","0","-","0","0","-","0","0","-","0","0","-","0","0","-","0","0","-","0","0","-","0","0","-","0","1","0.00","0","0","-","-","-","-","0","0","1","1","0.00","0","0","1","0.00"
"1005","Quinn Hughes","Victor Mancini","VAN","4","0.066666666666667","0","0","-","0","0","-","0","0","-","0","0","-","0","0","-","0","0","-","0","0","-","0","0","-","0","0","-","0","0","-","0","0","-","0","0","-","-","-","-","0","0","0","0","-","0","0","0","-"
"1006","Matthew Robertson","Vincent Iorio","NYR","6","0.066666666666667","0","0","-","0","0","-","0","0","-","0","0","-","0","0","-","0","0","-","0","0","-","0","0","-","0","0","-","0","0","-","0","0","-","0","0","-","-","-","-","0","0","0","0","-","0","0","0","-"
"1007","Daemon Hunt","David Spacek","MIN","2","0.066666666666667","0","0","-","0","0","-","0","0","-","0","0","-","0","0","-","0","0","-","0","0","-","0","0","-","0","0","-","0","0","-","0","0","-","0","0","-","-","-","-","0","0","0","1","-","0","0","0","-"
"1008","Roman Josi","Andreas Englund","NSH","3","0.05","0","0","-","0","0","-","0","0","-","0","0","-","0","0","-","0","0","-","0","0","-","0","0","-","0","0","-","0","0","-","0","0","-","0","0","-","-","-","-","0","0","0","0","-","0","0","0","-"
"1009","Travis Hamonic","Axel Sandin-Pellikka","DET","26","0.05","1","0","100.00","1","0","100.00","1","0","100.00","0","0","-","0.11","0","100.00","0","0","-","0","0","-","0","0","-","0","0","-","0","0","-","1","0","100.00","0","0","-","0.00","-","0.00","0","0","0","2","-","0","0","0","-"
"1010","Derek Forbort","Elias Pettersson","VAN","2","0.05","0","0","-","0","0","-","0","0","-","0","0","-","0","0","-","0","0","-","0","0","-","0","0","-","0","0","-","0","0","-","0","0","-","0","0","-","-","-","-","0","0","0","0","-","0","0","0","-"
"1011","John Klingberg","Shakir Mukhamadullin","S.J","33","0.05","0","0","-","0","0","-","0","0","-","0","0","-","0","0","-","0","0","-","0","0","-","0","0","-","0","0","-","0","0","-","0","0","-","0","0","-","-","-","-","0","0","0","2","-","0","0","0","-"
"1012","John Klingberg","Timothy Liljegren","S.J","33","0.05","0","0","-","0","0","-","0","0","-","0","0","-","0","0","-","0","0","-","0","0","-","0","0","-","0","0","-","0","0","-","0","0","-","0","0","-","-","-","-","0","0","0","1","-","0","0","0","-"
"1013","Dylan DeMelo","Colin Miller","WPG","18","0.05","0","0","-","0","0","-","0","0","-","0","0","-","0","0","-","0","0","-","0","0","-","0","0","-","0","0","-","0","0","-","0","0","-","0","0","-","-","-","-","0","0","0","0","-","0","0","0","-"
"1014","Jamie Oleksiak","Vince Dunn","SEA","77","0.05","0","0","-","0","0","-","0","0","-","0","0","-","0","0","-","0","0","-","0","0","-","0","0","-","0","0","-","0","0","-","0","0","-","0","0","-","-","-","-","0","0","0","1","-","0","0","0","-"
"1015","Connor Murphy","Ty Emberson","EDM","15","0.05","0","0","-","0","0","-","0","0","-","0","0","-","0","0","-","0","0","-","0","0","-","0","0","-","0","0","-","0","0","-","0","0","-","0","0","-","-","-","-","0","0","0","1","-","0","0","0","-"
"1016","Colin Miller","Haydn Fleury","WPG","5","0.05","0","0","-","0","0","-","0","0","-","0","0","-","0","0","-","0","0","-","0","0","-","0","0","-","0","0","-","0","0","-","0","0","-","0","0","-","-","-","-","0","0","0","1","-","0","0","0","-"
"1017","Hampus Lindholm","Michael Callahan","BOS","2","0.05","0","0","-","0","0","-","0","0","-","0","0","-","0","0","-","0","0","-","0","0","-","0","0","-","0","0","-","0","0","-","0","0","-","0","0","-","-","-","-","0","0","0","1","-","0","0","0","-"
"1018","Olli Maatta","Sean Durzi","UTA","8","0.05","1","0","100.00","1","0","100.00","0","0","-","0","0","-","0.04","0","100.00","0","0","-","0","0","-","0","0","-","0","0","-","0","0","-","1","0","100.00","0","0","-","-","-","-","0","0","0","0","-","0","0","0","-"
"1019","Brett Kulak","Troy Stecher","EDM","6","0.05","0","0","-","0","0","-","0","0","-","0","0","-","0","0","-","0","0","-","0","0","-","0","0","-","0","0","-","0","0","-","0","0","-","0","0","-","-","-","-","0","0","0","0","-","0","0","0","-"
"1020","MacKenzie Weegar","Dmitri Simashev","UTA","3","0.05","0","0","-","0","0","-","0","0","-","0","0","-","0","0","-","0","0","-","0","0","-","0","0","-","0","0","-","0","0","-","0","0","-","0","0","-","-","-","-","0","0","0","0","-","0","0","0","-"
"1021","Carson Soucy","Scott Morrow","NYR","22","0.05","0","0","-","0","0","-","0","0","-","0","0","-","0","0","-","0","0","-","0","0","-","0","0","-","0","0","-","0","0","-","0","0","-","0","0","-","-","-","-","0","0","0","0","-","0","0","0","-"
"1022","Jacob Middleton","David Jiricek","MIN","19","0.05","0","0","-","0","0","-","0","0","-","0","0","-","0","0","-","0","0","-","0","0","-","0","0","-","0","0","-","0","0","-","0","0","-","0","0","-","-","-","-","0","0","0","0","-","0","0","0","-"
"1023","Rasmus Andersson","Kaedan Korczak","VGK","29","0.05","0","0","-","0","0","-","0","0","-","0","0","-","0","0","-","0","0","-","0","0","-","0","0","-","0","0","-","0","0","-","0","0","-","0","0","-","-","-","-","0","0","0","1","-","0","0","0","-"
"1024","Kyle Capobianco","Thomas Harley","DAL","21","0.05","0","0","-","0","0","-","0","0","-","0","0","-","0","0","-","0","0","-","0","0","-","0","0","-","0","0","-","0","0","-","0","0","-","0","0","-","-","-","-","0","0","0","2","-","0","0","0","-"
"1025","Niko Mikkola","Mikulas Hovorka","FLA","1","0.05","0","0","-","0","0","-","0","0","-","0","0","-","0","0","-","0","0","-","0","0","-","0","0","-","0","0","-","0","0","-","0","0","-","0","0","-","-","-","-","0","0","0","1","-","0","0","0","-"
"1026","Josh Mahura","Cale Fleury","SEA","5","0.05","0","0","-","0","0","-","0","0","-","0","0","-","0","0","-","0","0","-","0","0","-","0","0","-","0","0","-","0","0","-","0","0","-","0","0","-","-","-","-","0","0","0","1","-","0","0","0","-"
"1027","Charles-Edouard D'Astous","Maxim Groshev","T.B","1","0.05","0","0","-","0","0","-","0","0","-","0","0","-","0","0","-","0","0","-","0","0","-","0","0","-","0","0","-","0","0","-","0","0","-","0","0","-","-","-","-","0","0","0","0","-","0","0","0","-"
"1028","Egor Zamula","Cam York","PHI","10","0.05","0","0","-","0","0","-","0","0","-","0","0","-","0","0","-","0","0","-","0","0","-","0","0","-","0","0","-","0","0","-","0","0","-","0","0","-","-","-","-","0","0","0","1","-","0","0","0","-"
"1029","Tobias Bjornfot","Marek Alscher","FLA","4","0.05","0","0","-","0","0","-","0","0","-","0","0","-","0","0","-","0","0","-","0","0","-","0","0","-","0","0","-","0","0","-","0","0","-","0","0","-","-","-","-","0","0","0","0","-","0","0","0","-"
"1030","Donovan Sebrango","Uvis Balinskis","FLA","15","0.05","0","0","-","0","0","-","0","0","-","0","0","-","0","0","-","0","0","-","0","0","-","0","0","-","0","0","-","0","0","-","0","0","-","0","0","-","-","-","-","0","1","0","0","-","0","1","0","-"
"1031","Kirill Kudryavtsev","Zeev Buium","VAN","3","0.05","0","0","-","0","0","-","0","0","-","0","0","-","0","0","-","0","0","-","0","0","-","0","0","-","0","0","-","0","0","-","1","0","100.00","0","0","-","-","-","-","0","0","0","0","-","1","0","0","100.00"
"1032","Jared Spurgeon","Carson Lambos","MIN","1","0.033333333333333","0","0","-","0","0","-","0","0","-","0","0","-","0","0","-","0","0","-","0","0","-","0","0","-","0","0","-","0","0","-","0","0","-","0","0","-","-","-","-","0","0","0","0","-","0","0","0","-"
"1033","Jared Spurgeon","Matt Kiersted","MIN","5","0.033333333333333","0","0","-","0","0","-","0","0","-","0","0","-","0","0","-","0","0","-","0","0","-","0","0","-","0","0","-","0","0","-","0","0","-","0","0","-","-","-","-","0","0","0","1","-","0","0","0","-"
"1034","Justin Holl","Cam Fowler","STL","9","0.033333333333333","0","0","-","0","0","-","0","0","-","0","0","-","0","0","-","0","0","-","0","0","-","0","0","-","0","0","-","0","0","-","0","0","-","0","0","-","-","-","-","0","0","0","2","-","0","0","0","-"
"1035","Justin Faulk","Jacob Bernard-Docker","DET","14","0.033333333333333","0","0","-","0","0","-","0","0","-","0","0","-","0","0","-","0","0","-","0","0","-","0","0","-","0","0","-","0","0","-","0","0","-","0","0","-","-","-","-","0","0","0","1","-","0","0","0","-"
"1036","Justin Faulk","Logan Mailloux","STL","46","0.033333333333333","0","0","-","0","0","-","0","0","-","0","0","-","0","0","-","0","0","-","0","0","-","0","0","-","0","0","-","0","0","-","0","0","-","0","0","-","-","-","-","0","0","0","0","-","0","0","0","-"
"1037","Dylan McIlrath","Matt Roy","WSH","11","0.033333333333333","0","0","-","0","0","-","0","0","-","0","0","-","0","0","-","0","0","-","0","0","-","0","0","-","0","0","-","0","0","-","0","0","-","0","0","-","-","-","-","0","0","0","2","-","0","0","0","-"
"1038","Kevin Gravel","Nick Perbix","NSH","1","0.033333333333333","0","0","-","0","0","-","0","0","-","0","0","-","0","0","-","0","0","-","0","0","-","0","0","-","0","0","-","0","0","-","0","0","-","0","0","-","-","-","-","0","0","0","1","-","0","0","0","-"
"1039","Jonas Brodin","Quinn Hughes","MIN","31","0.033333333333333","0","0","-","0","0","-","0","0","-","0","0","-","0","0","-","0","0","-","0","0","-","0","0","-","0","0","-","0","0","-","0","0","-","0","0","-","-","-","-","0","0","0","0","-","0","0","0","-"
"1040","Matt Dumba","Ryan Shea","PIT","11","0.033333333333333","0","0","-","0","0","-","0","0","-","0","0","-","0","0","-","0","0","-","0","0","-","0","0","-","0","0","-","0","0","-","0","0","-","0","0","-","-","-","-","0","0","0","2","-","0","0","0","-"
"1041","Cody Ceci","Jacob Moverare","L.A","15","0.033333333333333","0","0","-","0","0","-","0","0","-","0","0","-","0","0","-","0","0","-","0","0","-","0","0","-","0","0","-","0","0","-","0","0","-","0","0","-","-","-","-","0","0","0","0","-","0","0","0","-"
"1042","Shayne Gostisbehere","Joel Nystrom","CAR","23","0.033333333333333","0","0","-","0","0","-","0","0","-","0","0","-","0","0","-","0","0","-","0","0","-","0","0","-","0","0","-","0","0","-","0","0","-","0","0","-","-","-","-","0","0","0","1","-","0","0","0","-"
"1043","Shayne Gostisbehere","Sean Walker","CAR","54","0.033333333333333","0","0","-","0","0","-","0","0","-","0","0","-","0","0","-","0","0","-","0","0","-","0","0","-","0","0","-","0","0","-","0","0","-","0","0","-","-","-","-","0","0","0","2","-","0","0","0","-"
"1044","Adam Pelech","Isaiah George","NYI","4","0.033333333333333","0","0","-","0","0","-","0","0","-","0","0","-","0","0","-","0","0","-","0","0","-","0","0","-","0","0","-","0","0","-","0","0","-","0","0","-","-","-","-","0","0","0","0","-","0","0","0","-"
"1045","Ben Hutton","Jeremy Lauzon","VGK","41","0.033333333333333","0","0","-","0","0","-","0","0","-","0","0","-","0","0","-","0","0","-","0","0","-","0","0","-","0","0","-","0","0","-","0","0","-","0","0","-","-","-","-","0","0","0","0","-","0","0","0","-"
"1046","MacKenzie Weegar","Daniil Miromanov","CGY","1","0.033333333333333","0","0","-","0","0","-","0","0","-","0","0","-","0","0","-","0","0","-","0","0","-","0","0","-","0","0","-","0","0","-","0","0","-","0","0","-","-","-","-","0","0","0","1","-","0","0","0","-"
"1047","Rasmus Ristolainen","Jamie Drysdale","PHI","41","0.033333333333333","0","1","0.00","0","1","0.00","0","1","0.00","0","1","0.00","0","0.19","0.00","0","1","0.00","0","1","0.00","0","1","0.00","0","0","-","0","0","-","0","0","-","0","0","-","-","0.00","0.00","0","0","0","1","-","0","0","0","-"
"1048","Noah Juulsen","Oliver Bonk","PHI","1","0.033333333333333","0","0","-","0","0","-","0","0","-","0","0","-","0","0","-","0","0","-","0","0","-","0","0","-","0","0","-","0","0","-","0","0","-","0","0","-","-","-","-","0","0","0","0","-","0","0","0","-"
"1049","Zach Werenski","Egor Zamula","CBJ","17","0.033333333333333","0","0","-","0","0","-","0","0","-","0","0","-","0","0","-","0","0","-","0","0","-","0","0","-","0","0","-","0","0","-","0","0","-","0","0","-","-","-","-","0","0","0","2","-","0","0","0","-"
"1050","Ivan Provorov","Jake Christiansen","CBJ","40","0.033333333333333","1","0","100.00","1","0","100.00","0","0","-","0","0","-","0.14","0","100.00","1","0","100.00","1","0","100.00","0","0","-","0","0","-","0","0","-","0","0","-","0","0","-","-","-","-","0","0","0","0","-","0","0","0","-"
"1051","Colton White","Luke Hughes","N.J","23","0.033333333333333","0","0","-","0","0","-","0","0","-","0","0","-","0","0","-","0","0","-","0","0","-","0","0","-","0","0","-","0","0","-","0","0","-","0","0","-","-","-","-","0","0","0","1","-","0","0","0","-"
"1052","Colton White","Dennis Cholowski","N.J","6","0.033333333333333","0","0","-","0","0","-","0","0","-","0","0","-","0","0","-","0","0","-","0","0","-","0","0","-","0","0","-","0","0","-","0","0","-","0","0","-","-","-","-","0","0","0","1","-","0","0","0","-"
"1053","Andrew Peeke","Vladislav Kolyachonok","BOS","2","0.033333333333333","0","0","-","0","0","-","0","0","-","0","0","-","0","0","-","0","0","-","0","0","-","0","0","-","0","0","-","0","0","-","0","0","-","0","0","-","-","-","-","0","0","0","0","-","0","0","0","-"
"1054","Mikhail Sergachev","Nick DeSimone","UTA","36","0.033333333333333","0","0","-","0","0","-","0","0","-","0","0","-","0","0","-","0","0","-","0","0","-","0","0","-","0","0","-","0","0","-","0","0","-","0","0","-","-","-","-","0","0","0","0","-","0","0","0","-"
"1055","Timothy Liljegren","Cole Hutson","WSH","1","0.033333333333333","0","0","-","0","0","-","0","0","-","0","0","-","0","0","-","0","0","-","0","0","-","0","0","-","0","0","-","0","0","-","0","0","-","0","0","-","-","-","-","0","0","0","1","-","0","0","0","-"
"1056","Sean Durzi","Dmitri Simashev","UTA","7","0.033333333333333","0","0","-","0","0","-","0","0","-","0","0","-","0","0","-","0","0","-","0","0","-","0","0","-","0","0","-","0","0","-","0","0","-","0","0","-","-","-","-","0","0","0","1","-","0","0","0","-"
"1057","Kevin Bahl","Hunter Brzustewicz","CGY","29","0.033333333333333","0","0","-","0","0","-","0","0","-","0","0","-","0","0","-","0","0","-","0","0","-","0","0","-","0","0","-","0","0","-","0","0","-","0","0","-","-","-","-","0","0","0","0","-","0","0","0","-"
"1058","Daemon Hunt","Viking Gustafsson-Nyberg","MIN","2","0.033333333333333","0","0","-","0","0","-","0","0","-","0","0","-","0","0","-","0","0","-","0","0","-","0","0","-","0","0","-","0","0","-","0","0","-","0","0","-","-","-","-","0","0","0","2","-","0","0","0","-"
"1059","Brock Faber","Zeev Buium","MIN","31","0.033333333333333","0","0","-","0","0","-","0","0","-","0","0","-","0","0","-","0","0","-","0","0","-","0","0","-","0","0","-","0","0","-","0","0","-","0","0","-","-","-","-","0","0","0","0","-","0","0","0","-"
"1060","Artem Zub","Carter Yakemchuk","OTT","4","0.033333333333333","0","0","-","0","0","-","0","0","-","0","0","-","0","0","-","0","0","-","0","0","-","0","0","-","0","0","-","0","0","-","0","0","-","0","0","-","-","-","-","0","0","0","0","-","0","0","0","-"
"1061","Kirill Kudryavtsev","Tom Willander","VAN","3","0.033333333333333","1","0","100.00","1","0","100.00","1","0","100.00","0","0","-","0.11","0","100.00","1","0","100.00","0","0","-","0","0","-","1","0","100.00","0","0","-","0","0","-","0","0","-","0.00","-","0.00","0","0","0","1","-","0","0","0","-"
"1062","Kris Letang","Jack St. Ivany","PIT","16","0.016666666666667","0","0","-","0","0","-","0","0","-","0","0","-","0","0","-","0","0","-","0","0","-","0","0","-","0","0","-","0","0","-","0","0","-","0","0","-","-","-","-","0","0","0","0","-","0","0","0","-"
"1063","Jeff Petry","Jared Spurgeon","MIN","6","0.016666666666667","0","0","-","0","0","-","0","0","-","0","0","-","0","0","-","0","0","-","0","0","-","0","0","-","0","0","-","0","0","-","0","0","-","0","0","-","-","-","-","0","0","0","1","-","0","0","0","-"
"1064","Brendan Smith","Zach Werenski","CBJ","12","0.016666666666667","0","0","-","0","0","-","0","0","-","0","0","-","0","0","-","0","0","-","0","0","-","0","0","-","0","0","-","0","0","-","0","0","-","0","0","-","-","-","-","0","0","0","1","-","0","0","0","-"
"1065","Tyler Myers","Victor Mancini","VAN","10","0.016666666666667","0","0","-","0","0","-","0","0","-","0","0","-","0","0","-","0","0","-","0","0","-","0","0","-","0","0","-","0","0","-","0","0","-","0","0","-","-","-","-","0","0","0","0","-","0","0","0","-"
"1066","Tyler Myers","Derek Forbort","VAN","2","0.016666666666667","0","0","-","0","0","-","0","0","-","0","0","-","0","0","-","0","0","-","0","0","-","0","0","-","0","0","-","0","0","-","0","0","-","0","0","-","-","-","-","0","0","0","0","-","0","0","0","-"
"1067","Erik Karlsson","Harrison Brunicke","PIT","9","0.016666666666667","0","0","-","0","0","-","0","0","-","0","0","-","0","0","-","0","0","-","0","0","-","0","0","-","0","0","-","0","0","-","0","0","-","0","0","-","-","-","-","0","0","0","0","-","0","0","0","-"
"1068","Erik Karlsson","Matt Dumba","PIT","11","0.016666666666667","1","0","100.00","1","0","100.00","0","0","-","0","0","-","0.06","0","100.00","0","0","-","0","0","-","0","0","-","0","0","-","0","0","-","1","0","100.00","0","0","-","-","-","-","0","0","0","0","-","0","0","0","-"
"1069","John Carlson","Declan Chisholm","WSH","18","0.016666666666667","0","0","-","0","0","-","0","0","-","0","0","-","0","0","-","0","0","-","0","0","-","0","0","-","0","0","-","0","0","-","0","0","-","0","0","-","-","-","-","0","0","0","0","-","0","0","0","-"
"1070","Jared Spurgeon","Zeev Buium","MIN","31","0.016666666666667","0","0","-","0","0","-","0","0","-","0","0","-","0","0","-","0","0","-","0","0","-","0","0","-","0","0","-","0","0","-","0","0","-","0","0","-","-","-","-","0","0","0","0","-","0","0","0","-"
"1071","Alex Petrovic","Kyle Capobianco","DAL","27","0.016666666666667","1","0","100.00","1","0","100.00","0","0","-","0","0","-","0.08","0","100.00","0","0","-","0","0","-","0","0","-","0","0","-","0","0","-","1","0","100.00","0","0","-","-","-","-","0","0","0","0","-","0","0","0","-"
"1072","Nick Seeler"," ","PHI","3","0.016666666666667","0","0","-","0","0","-","0","0","-","0","0","-","0","0","-","0","0","-","0","0","-","0","0","-","0","0","-","0","0","-","0","0","-","0","0","-","-","-","-","0","0","0","1","-","0","0","0","-"
"1073","Jonas Brodin","David Jiricek","MIN","13","0.016666666666667","0","0","-","0","0","-","0","0","-","0","0","-","0","0","-","0","0","-","0","0","-","0","0","-","0","0","-","0","0","-","0","0","-","0","0","-","-","-","-","0","0","0","0","-","0","0","0","-"
"1074","Olli Maatta","Mikhail Sergachev","UTA","22","0.016666666666667","0","0","-","0","0","-","0","0","-","0","0","-","0","0","-","0","0","-","0","0","-","0","0","-","0","0","-","0","0","-","0","0","-","0","0","-","-","-","-","0","0","0","1","-","0","0","0","-"
"1075","Adam Pelech","Marshall Warren","NYI","8","0.016666666666667","0","0","-","0","0","-","0","0","-","0","0","-","0","0","-","0","0","-","0","0","-","0","0","-","0","0","-","0","0","-","0","0","-","0","0","-","-","-","-","0","0","0","1","-","0","0","0","-"
"1076","Ben Hutton","Shea Theodore","VGK","43","0.016666666666667","0","0","-","0","0","-","0","0","-","0","0","-","0","0","-","0","0","-","0","0","-","0","0","-","0","0","-","0","0","-","0","0","-","0","0","-","-","-","-","0","0","0","0","-","0","0","0","-"
"1077","MacKenzie Weegar","Nick DeSimone","UTA","5","0.016666666666667","0","0","-","0","0","-","0","0","-","0","0","-","0","0","-","0","0","-","0","0","-","0","0","-","0","0","-","0","0","-","0","0","-","0","0","-","-","-","-","0","0","0","0","-","0","0","0","-"
"1078","Carson Soucy","Adam Boqvist","NYI","8","0.016666666666667","0","0","-","0","0","-","0","0","-","0","0","-","0","0","-","0","0","-","0","0","-","0","0","-","0","0","-","0","0","-","0","0","-","0","0","-","-","-","-","0","0","0","0","-","0","0","0","-"
"1079","Ryan Pulock","Travis Mitchell","NYI","9","0.016666666666667","0","0","-","0","0","-","0","0","-","0","0","-","0","0","-","0","0","-","0","0","-","0","0","-","0","0","-","0","0","-","0","0","-","0","0","-","-","-","-","0","0","0","0","-","0","0","0","-"
"1080","Trevor van Riemsdyk","Timothy Liljegren","WSH","4","0.016666666666667","0","0","-","0","0","-","0","0","-","0","0","-","0","0","-","0","0","-","0","0","-","0","0","-","0","0","-","0","0","-","0","0","-","0","0","-","-","-","-","0","0","0","0","-","0","0","0","-"
"1081","Marcus Pettersson","Zeev Buium","VAN","45","0.016666666666667","0","0","-","0","0","-","0","0","-","0","0","-","0","0","-","0","0","-","0","0","-","0","0","-","0","0","-","0","0","-","0","0","-","0","0","-","-","-","-","0","0","0","0","-","0","0","0","-"
"1082","Jake Walman","Troy Stecher","EDM","2","0.016666666666667","0","0","-","0","0","-","0","0","-","0","0","-","0","0","-","0","0","-","0","0","-","0","0","-","0","0","-","0","0","-","0","0","-","0","0","-","-","-","-","0","0","0","0","-","0","0","0","-"
"1083","Jacob Middleton","David Spacek","MIN","2","0.016666666666667","0","0","-","0","0","-","0","0","-","0","0","-","0","0","-","0","0","-","0","0","-","0","0","-","0","0","-","0","0","-","0","0","-","0","0","-","-","-","-","0","0","0","0","-","0","0","0","-"
"1084","Thomas Chabot","Donovan Sebrango","OTT","2","0.016666666666667","0","0","-","0","0","-","0","0","-","0","0","-","0","0","-","0","0","-","0","0","-","0","0","-","0","0","-","0","0","-","0","0","-","0","0","-","-","-","-","0","0","0","0","-","0","0","0","-"
"1085","Kyle Capobianco","Vladislav Kolyachonok","DAL","11","0.016666666666667","0","0","-","0","0","-","0","0","-","0","0","-","0","0","-","0","0","-","0","0","-","0","0","-","0","0","-","0","0","-","0","0","-","0","0","-","-","-","-","0","1","0","0","-","0","1","0","-"
"1086","Charlie McAvoy","Michael Callahan","BOS","3","0.016666666666667","0","0","-","0","0","-","0","0","-","0","0","-","0","0","-","0","0","-","0","0","-","0","0","-","0","0","-","0","0","-","0","0","-","0","0","-","-","-","-","0","0","0","0","-","0","0","0","-"
"1087","Keaton Middleton","Samuel Girard","COL","3","0.016666666666667","0","0","-","0","0","-","0","0","-","0","0","-","0","0","-","0","0","-","0","0","-","0","0","-","0","0","-","0","0","-","0","0","-","0","0","-","-","-","-","0","0","0","1","-","0","0","0","-"
"1088","Conor Timmins","Zach Metsa","BUF","5","0.016666666666667","0","0","-","0","0","-","0","0","-","0","0","-","0","0","-","0","0","-","0","0","-","0","0","-","0","0","-","0","0","-","0","0","-","0","0","-","-","-","-","0","0","0","0","-","0","0","0","-"
"1089","Miro Heiskanen","Vladislav Kolyachonok","DAL","11","0.016666666666667","0","0","-","0","0","-","0","0","-","0","0","-","0","0","-","0","0","-","0","0","-","0","0","-","0","0","-","0","0","-","0","0","-","0","0","-","-","-","-","0","0","0","1","-","0","0","0","-"
"1090","Cameron Crotty","Lassi Thomson","OTT","6","0.016666666666667","0","0","-","0","0","-","0","0","-","0","0","-","0","0","-","0","0","-","0","0","-","0","0","-","0","0","-","0","0","-","0","0","-","0","0","-","-","-","-","0","0","0","0","-","0","0","0","-"
"1091","Cameron Crotty","Jake Sanderson","OTT","3","0.016666666666667","0","0","-","0","0","-","0","0","-","0","0","-","0","0","-","0","0","-","0","0","-","0","0","-","0","0","-","0","0","-","0","0","-","0","0","-","-","-","-","0","0","0","1","-","0","0","0","-"
"1092","Mattias Samuelsson","Ryan Johnson","BUF","1","0.016666666666667","0","0","-","0","0","-","0","0","-","0","0","-","0","0","-","0","0","-","0","0","-","0","0","-","0","0","-","0","0","-","0","0","-","0","0","-","-","-","-","0","0","0","0","-","0","0","0","-"
"1093","Brayden Pachal","Zayne Parekh","CGY","15","0.016666666666667","0","0","-","0","0","-","0","0","-","0","0","-","0","0","-","0","0","-","0","0","-","0","0","-","0","0","-","0","0","-","0","0","-","0","0","-","-","-","-","0","0","0","0","-","0","0","0","-"
"1094","Alex Vlasic","Kevin Korchinski","CHI","13","0.016666666666667","0","0","-","0","0","-","0","0","-","0","0","-","0","0","-","0","0","-","0","0","-","0","0","-","0","0","-","0","0","-","0","0","-","0","0","-","-","-","-","0","0","0","0","-","0","0","0","-"
"1095","Tobias Bjornfot","Mikulas Hovorka","FLA","3","0.016666666666667","0","0","-","0","0","-","0","0","-","0","0","-","0","0","-","0","0","-","0","0","-","0","0","-","0","0","-","0","0","-","0","0","-","0","0","-","-","-","-","0","0","0","0","-","0","0","0","-"
"1096","Tobias Bjornfot","Uvis Balinskis","FLA","11","0.016666666666667","0","0","-","0","0","-","0","0","-","0","0","-","0","0","-","0","0","-","0","0","-","0","0","-","0","0","-","0","0","-","0","0","-","0","0","-","-","-","-","0","0","0","1","-","0","0","0","-"
"1097","Daemon Hunt","Matt Kiersted","MIN","4","0.016666666666667","0","0","-","0","0","-","0","0","-","0","0","-","0","0","-","0","0","-","0","0","-","0","0","-","0","0","-","0","0","-","0","0","-","0","0","-","-","-","-","0","0","0","0","-","0","0","0","-"
"1098","Donovan Sebrango","Mikulas Hovorka","FLA","4","0.016666666666667","0","0","-","0","0","-","0","0","-","0","0","-","0","0","-","0","0","-","0","0","-","0","0","-","0","0","-","0","0","-","0","0","-","0","0","-","-","-","-","0","0","0","1","-","0","0","0","-"
"1099","Ronan Seeley","Charles-Alexis Legault","CAR","1","0.016666666666667","0","0","-","0","0","-","0","0","-","0","0","-","0","0","-","0","0","-","0","0","-","0","0","-","0","0","-","0","0","-","0","0","-","0","0","-","-","-","-","0","0","0","1","-","0","0","0","-"
"1100","Adam Wilsby","Ryan Ufko","NSH","10","0.016666666666667","0","0","-","0","0","-","0","0","-","0","0","-","0","0","-","0","0","-","0","0","-","0","0","-","0","0","-","0","0","-","0","0","-","0","0","-","-","-","-","0","0","0","1","-","0","0","0","-"
"1101","Tyson Hinds","Pavel Mintyukov","ANA","5","0.016666666666667","0","0","-","0","0","-","0","0","-","0","0","-","0","0","-","0","0","-","0","0","-","0","0","-","0","0","-","0","0","-","0","0","-","0","0","-","-","-","-","0","0","0","1","-","0","0","0","-"
