"","Player","Player 2","Team","GP","TOI","CF","CA","CF%","FF","FA","FF%","SF","SA","SF%","GF","GA","GF%","xGF","xGA","xGF%","SCF","SCA","SCF%","HDCF","HDCA","HDCF%","HDGF","HDGA","HDGF%","MDCF","MDCA","MDCF%","MDGF","MDGA","MDGF%","LDCF","LDCA","LDCF%","LDGF","LDGA","LDGF%","On-Ice SH%","On-Ice SV%","PDO","Off. Zone Starts","Neu. Zone Starts","Def. Zone Starts","On The Fly Starts","Off. Zone Start %","Off. Zone Faceoffs","Neu. Zone Faceoffs","Def. Zone Faceoffs","Off. Zone Faceoff %"
"1","Mattias Ekholm","Evan Bouchard","EDM","82","1414.3333333333","1431","1329","51.85","1073","1003","51.69","721","661","52.17","87","76","53.37","83.58","86.43","49.16","745","700","51.56","318","302","51.29","42","40","51.22","427","398","51.76","24","22","52.17","828","739","52.84","18","11","62.07","12.07","88.50","1.006","187","279","247","709","43.09","500","420","460","52.08"
"2","Esa Lindell","Miro Heiskanen","DAL","77","1290.9","940","1288","42.19","693","907","43.31","455","584","43.79","58","63","47.93","62.58","75.65","45.27","493","641","43.47","210","274","43.39","24","27","47.06","283","367","43.54","23","25","47.92","522","836","38.44","7","11","38.89","12.75","89.21","1.020","119","272","282","369","29.68","334","406","590","36.15"
"3","Aaron Ekblad","Gustav Forsling","FLA","71","1277.6666666667","1146","1309","46.68","838","983","46.02","539","649","45.37","57","79","41.91","61.23","78","43.98","522","648","44.62","248","316","43.97","33","39","45.83","274","332","45.21","13","25","34.21","692","803","46.29","6","15","28.57","10.58","87.83","0.984","160","273","294","617","35.24","408","422","533","43.36"
"4","Adam Larsson","Vince Dunn","SEA","81","1244.5333333333","1101","1334","45.22","797","953","45.54","517","590","46.70","49","55","47.12","48.56","62.9","43.57","503","601","45.56","195","272","41.76","26","22","54.17","308","329","48.35","15","17","46.88","699","853","45.04","8","16","33.33","9.48","90.68","1.002","150","305","209","243","41.78","419","453","485","46.35"
"5","Erik Karlsson","Parker Wotherspoon","PIT","75","1228.45","1145","1192","48.99","836","896","48.27","549","545","50.18","64","59","52.03","57.6","66.76","46.32","572","621","47.95","248","267","48.16","27","26","50.94","324","354","47.79","24","16","60.00","639","763","45.58","10","17","37.04","11.66","89.17","1.008","136","261","236","552","36.56","381","424","496","43.44"
"6","Moritz Seider","Simon Edvinsson","DET","72","1213.8","1138","1161","49.50","849","792","51.74","542","503","51.87","61","55","52.59","60.08","57.9","50.92","493","549","47.31","206","220","48.36","24","30","44.44","287","329","46.59","22","15","59.46","663","750","46.92","10","10","50.00","11.25","89.07","1.003","98","257","253","626","27.92","305","420","494","38.17"
"7","Mike Matheson","Noah Dobson","MTL","77","1119.6333333333","970","1297","42.79","711","914","43.75","453","602","42.94","45","58","43.69","52.75","72.51","42.11","443","656","40.31","171","298","36.46","17","33","34.00","272","358","43.17","18","18","50.00","570","779","42.25","8","7","53.33","9.93","90.37","1.003","124","274","201","398","38.15","318","401","490","39.36"
"8","Jake Sanderson","Artem Zub","OTT","66","1112.75","914","1040","46.78","680","723","48.47","438","479","47.76","53","60","46.90","51.45","55.72","48.01","442","496","47.12","192","206","48.24","29","28","50.88","250","290","46.30","12","22","35.29","512","716","41.69","6","10","37.50","12.10","87.47","0.996","111","251","321","628","25.69","266","389","635","29.52"
"9","Nate Schmidt","John Marino","UTA","80","1098.6166666667","1044","962","52.04","742","717","50.86","463","465","49.89","70","42","62.50","58.37","54.42","51.75","508","460","52.48","247","219","53.00","37","25","59.68","261","241","51.99","21","11","65.63","610","579","51.30","10","6","62.50","15.12","90.97","1.061","154","290","170","726","47.53","348","392","340","50.58"
"10","Dylan DeMelo","Josh Morrissey","WPG","77","1097.0166666667","941","1028","47.79","708","753","48.46","447","478","48.32","47","47","50.00","50.67","51.86","49.42","473","473","50.00","201","226","47.07","20","34","37.04","272","247","52.41","15","10","60.00","606","626","49.19","9","3","75.00","10.51","90.17","1.007","187","263","167","566","52.82","426","394","335","55.98"
"11","Sean Walker","K'Andre Miller","CAR","72","1052.5333333333","1195","834","58.90","848","598","58.64","527","403","56.67","47","53","47.00","60.04","48.48","55.33","579","449","56.32","227","205","52.55","26","34","43.33","352","244","59.06","12","16","42.86","699","458","60.41","8","2","80.00","8.92","86.85","0.958","182","223","158","531","53.53","391","351","339","53.56"
"12","Dougie Hamilton","Jonas Siegenthaler","N.J","77","1033.9666666667","1015","1012","50.07","739","724","50.51","486","473","50.68","43","49","46.74","53.59","49.73","51.87","463","491","48.53","207","201","50.74","24","26","48.00","256","290","46.89","9","17","34.62","588","608","49.16","8","6","57.14","8.85","89.64","0.985","115","280","209","362","35.49","301","387","380","44.20"
"13","Joel Edmundson","Brandt Clarke","L.A","82","1028.75","1107","1021","52.02","789","687","53.46","495","422","53.98","53","38","58.24","47.56","44.85","51.46","486","475","50.57","211","200","51.34","26","14","65.00","275","275","50.00","17","16","51.52","736","580","55.93","10","8","55.56","10.71","91.00","1.017","222","199","112","430","66.47","459","346","280","62.11"
"14","Jacob Trouba","Jackson LaCombe","ANA","81","1014.25","1031","1055","49.42","765","771","49.80","526","490","51.77","43","63","40.57","57.31","63.01","47.63","458","554","45.26","215","242","47.05","18","31","36.73","243","312","43.78","11","21","34.38","630","714","46.88","9","11","45.00","8.17","87.14","0.953","126","228","272","538","31.66","336","346","482","41.08"
"15","Drew Doughty","Mikey Anderson","L.A","70","1005.1833333333","952","956","49.90","676","700","49.13","421","451","48.28","42","49","46.15","52.68","46.25","53.25","439","450","49.38","192","193","49.87","22","18","55.00","247","257","49.01","11","16","40.74","527","596","46.93","7","15","31.82","9.98","89.14","0.991","96","237","189","441","33.68","266","347","382","41.05"
"16","Darren Raddysh","Janis Moser","T.B","70","942.95","1077","774","58.18","803","600","57.23","504","386","56.63","58","35","62.37","60.58","40.33","60.03","510","380","57.30","226","157","59.01","26","19","57.78","284","223","56.02","19","12","61.29","640","497","56.29","12","3","80.00","11.51","90.93","1.024","120","193","149","338","44.61","335","306","315","51.54"
"17","Brayden McNabb","Shea Theodore","VGK","55","938.61666666667","934","866","51.89","674","602","52.82","453","375","54.71","38","36","51.35","46.84","38.64","54.80","442","401","52.43","172","152","53.09","18","13","58.06","270","249","52.02","12","19","38.71","543","532","50.51","5","4","55.56","8.39","90.40","0.988","150","202","205","381","42.25","316","297","374","45.80"
"18","Colton Parayko","Philip Broberg","STL","76","937.21666666667","670","1053","38.89","509","749","40.46","325","507","39.06","34","50","40.48","40.14","52.91","43.14","339","507","40.07","133","193","40.80","15","27","35.71","206","314","39.62","12","14","46.15","372","689","35.06","6","9","40.00","10.46","90.14","1.006","105","187","250","371","29.58","224","278","470","32.28"
"19","Brent Burns","Josh Manson","COL","79","934.76666666667","1015","958","51.44","739","696","51.50","506","441","53.43","57","42","57.58","53.67","48.86","52.34","474","473","50.05","194","192","50.26","27","20","57.45","280","281","49.91","15","10","60.00","580","635","47.74","10","12","45.45","11.26","90.48","1.017","89","225","217","464","29.08","283","352","438","39.25"
"20","Vladislav Gavrikov","Adam Fox","NYR","55","910.08333333333","940","794","54.21","661","592","52.75","403","395","50.50","39","28","58.21","50.33","36.03","58.28","460","341","57.43","209","131","61.47","20","12","62.50","251","210","54.45","9","13","40.91","592","534","52.58","7","3","70.00","9.68","92.91","1.026","155","247","149","279","50.99","377","361","336","52.88"
"21","Travis Sanheim","Cam York","PHI","74","901.55","643","954","40.26","485","657","42.47","337","419","44.58","38","60","38.78","38.27","52.74","42.05","326","490","39.95","150","193","43.73","14","25","35.90","176","297","37.21","17","25","40.48","346","614","36.04","7","9","43.75","11.28","85.68","0.970","84","214","236","525","26.25","212","330","480","30.64"
"22","Mattias Samuelsson","Rasmus Dahlin","BUF","74","899.01666666667","818","916","47.17","612","666","47.89","423","408","50.90","54","32","62.79","44.89","43.85","50.59","394","417","48.58","163","165","49.70","20","16","55.56","231","252","47.83","19","8","70.37","473","567","45.48","11","7","61.11","12.77","92.16","1.049","117","274","163","395","41.79","284","368","336","45.81"
"23","Devon Toews","Cale Makar","COL","61","898.51666666667","961","917","51.17","677","685","49.71","455","445","50.56","55","36","60.44","55.01","50.18","52.30","508","448","53.14","200","209","48.90","25","19","56.82","308","239","56.31","17","11","60.71","595","569","51.12","13","6","68.42","12.09","91.91","1.040","190","198","167","322","53.22","406","309","356","53.28"
"24","Ryan Pulock","Matthew Schaefer","NYI","76","879.13333333333","803","985","44.91","586","712","45.15","391","437","47.22","39","37","51.32","40.68","51.61","44.08","358","466","43.45","166","215","43.57","14","15","48.28","192","251","43.34","13","10","56.52","529","572","48.05","11","11","50.00","9.97","91.53","1.015","125","226","144","468","46.47","287","326","297","49.14"
"25","Brian Dumoulin","Cody Ceci","L.A","82","856.58333333333","763","829","47.93","521","585","47.11","321","383","45.60","25","39","39.06","33.77","40.02","45.76","369","392","48.49","161","165","49.39","14","18","43.75","208","227","47.82","7","10","41.18","392","508","43.56","4","11","26.67","7.79","89.82","0.976","59","134","169","366","25.88","186","250","322","36.61"
"26","Rasmus Andersson","Kevin Bahl","CGY","47","854.51666666667","697","977","41.64","515","721","41.67","348","476","42.23","40","39","50.63","37.71","51.43","42.30","298","488","37.91","148","205","41.93","20","22","47.62","150","283","34.64","6","12","33.33","438","659","39.93","11","5","68.75","11.49","91.81","1.033","110","188","252","442","30.39","256","279","458","35.85"
"27","Alex Vlasic","Louis Crevier","CHI","78","846.78333333333","698","894","43.84","517","679","43.23","321","423","43.15","37","46","44.58","34.23","52.58","39.43","325","477","40.52","124","226","35.43","24","27","47.06","201","251","44.47","10","11","47.62","377","547","40.80","2","8","20.00","11.53","89.13","1.007","60","205","207","464","22.47","161","313","414","28.00"
"28","Quinn Hughes","Brock Faber","MIN","48","844.61666666667","933","800","53.84","674","578","53.83","445","403","52.48","55","49","52.88","45.3","35.19","56.28","480","373","56.27","194","166","53.89","28","24","53.85","286","207","58.01","20","16","55.56","544","527","50.79","7","9","43.75","12.36","87.84","1.002","97","175","113","246","46.19","323","328","305","51.43"
"29","Adam Pelech","Tony DeAngelo","NYI","76","774.4","794","699","53.18","568","516","52.40","366","310","54.14","26","30","46.43","33.68","36.79","47.79","342","334","50.59","126","159","44.21","12","16","42.86","216","175","55.24","9","13","40.91","526","433","54.85","5","1","83.33","7.10","90.32","0.974","104","171","136","497","43.33","304","266","251","54.77"
"30","MacKenzie Weegar","Yan Kuznetsov","CGY","46","709.88333333333","675","787","46.17","466","537","46.46","323","354","47.71","22","36","37.93","30.99","38.92","44.32","296","418","41.46","124","158","43.97","9","15","37.50","172","260","39.81","6","16","27.27","405","433","48.33","5","5","50.00","6.81","89.83","0.966","85","184","132","459","39.17","243","273","251","49.19"
"31","Bowen Byram","Owen Power","BUF","81","709.23333333333","654","613","51.62","512","469","52.19","309","318","49.28","36","23","61.02","38.77","35.92","51.91","338","306","52.48","143","154","48.15","14","12","53.85","195","152","56.20","16","6","72.73","358","390","47.86","5","4","55.56","11.65","92.77","1.044","105","128","127","434","45.26","202","187","242","45.50"
"32","Brady Skjei","Nick Perbix","NSH","79","693.53333333333","481","824","36.86","347","644","35.02","240","429","35.87","21","53","28.38","25.64","55.45","31.62","211","440","32.41","91","220","29.26","11","26","29.73","120","220","35.29","6","16","27.27","283","534","34.64","3","11","21.43","8.75","87.65","0.964","48","133","216","373","18.18","146","222","436","25.09"
"33","Jordan Spence","Tyler Kleven","OTT","63","673.76666666667","707","482","59.46","531","334","61.39","341","221","60.68","33","18","64.71","34.25","21.4","61.55","339","206","62.20","161","89","64.40","19","11","63.33","178","117","60.34","10","4","71.43","421","275","60.49","4","3","57.14","9.68","91.86","1.015","96","198","54","394","64.00","224","283","134","62.57"
"34","Seth Jones","Niko Mikkola","FLA","42","669.71666666667","610","632","49.11","450","467","49.07","286","292","49.48","25","26","49.02","31.07","29.05","51.68","289","281","50.70","139","116","54.51","12","15","44.44","150","165","47.62","10","5","66.67","362","427","45.88","2","6","25.00","8.74","91.10","0.998","90","180","150","368","37.50","196","249","261","42.89"
"35","Vladislav Gavrikov","Braden Schneider","NYR","82","665.16666666667","477","776","38.07","334","591","36.11","215","390","35.54","18","43","29.51","22.76","46.88","32.68","218","397","35.45","88","168","34.38","7","23","23.33","130","229","36.21","6","12","33.33","291","476","37.94","5","8","38.46","8.37","88.97","0.973","58","155","148","290","28.16","169","207","313","35.06"
"36","Matt Roy","Jakob Chychrun","WSH","77","661.23333333333","722","621","53.76","532","452","54.07","340","306","52.63","40","19","67.80","37.77","29.72","55.96","356","313","53.21","164","132","55.41","23","11","67.65","192","181","51.47","11","6","64.71","391","346","53.05","5","2","71.43","11.76","93.79","1.056","55","110","65","383","45.83","207","201","186","52.67"
"37","Kris Letang","Ryan Shea","PIT","72","649.75","597","723","45.23","434","527","45.16","271","348","43.78","35","33","51.47","32.11","35.46","47.52","298","366","44.88","133","143","48.19","17","18","48.57","165","223","42.53","11","12","47.83","329","397","45.32","3","3","50.00","12.92","90.52","1.034","65","97","71","289","47.79","169","175","191","46.94"
"38","Jonas Brodin","Brock Faber","MIN","61","645.65","565","738","43.36","424","522","44.82","304","340","47.20","28","30","48.28","30.5","36.31","45.65","248","350","41.47","107","148","41.96","16","18","47.06","141","202","41.11","9","8","52.94","330","471","41.20","2","4","33.33","9.21","91.18","1.004","48","135","133","276","26.52","186","220","298","38.43"
"39","Marcus Pettersson","Tom Willander","VAN","70","642.18333333333","484","634","43.29","345","465","42.59","216","307","41.30","22","38","36.67","21.17","27.27","43.70","212","296","41.73","91","126","41.94","9","21","30.00","121","170","41.58","9","9","50.00","296","394","42.90","4","8","33.33","10.19","87.62","0.978","72","138","107","299","40.22","161","201","221","42.15"
"40","John Carlson","Martin Fehervary","WSH","54","624.43333333333","561","740","43.12","416","532","43.88","265","338","43.95","38","37","50.67","32.03","43.54","42.38","279","366","43.26","119","156","43.27","17","20","45.95","160","210","43.24","13","6","68.42","297","491","37.69","6","10","37.50","14.34","89.05","1.034","33","107","144","214","18.64","130","190","304","29.95"
"41","Brandon Montour","Ryan Lindgren","SEA","58","624.33333333333","577","643","47.30","402","465","46.37","234","289","44.74","13","31","29.55","24.59","29.33","45.60","259","285","47.61","93","123","43.06","5","17","22.73","166","162","50.61","5","8","38.46","359","406","46.93","3","6","33.33","5.56","89.27","0.948","74","114","93","235","44.31","217","172","217","50.00"
"42","Jaccob Slavin","Jalen Chatfield","CAR","38","621.98333333333","609","538","53.10","463","404","53.40","279","266","51.19","28","32","46.67","31.73","32.73","49.23","279","289","49.12","126","143","46.84","12","17","41.38","153","146","51.17","9","11","45.00","367","342","51.76","5","4","55.56","10.04","87.97","0.980","80","131","148","211","35.09","180","198","280","39.13"
"43","Nick Jensen","Thomas Chabot","OTT","46","619.53333333333","548","584","48.41","405","418","49.21","281","261","51.85","37","36","50.68","26.85","28.63","48.40","277","268","50.83","115","117","49.57","18","15","54.55","162","151","51.76","13","16","44.83","323","349","48.07","6","5","54.55","13.17","86.21","0.994","74","123","79","403","48.37","166","193","168","49.70"
"44","Ben Chiarot","Axel Sandin-Pellikka","DET","68","595.16666666667","555","624","47.07","400","465","46.24","263","286","47.91","24","31","43.64","26.15","30.91","45.83","237","314","43.01","115","144","44.40","13","12","52.00","122","170","41.78","8","10","44.44","364","347","51.20","3","8","27.27","9.13","89.16","0.983","85","106","96","305","46.96","216","178","190","53.20"
"45","Ryan McDonagh","Erik Cernak","T.B","43","585.38333333333","440","651","40.33","328","470","41.10","207","320","39.28","24","30","44.44","28.27","34.96","44.71","212","306","40.93","90","124","42.06","12","17","41.38","122","182","40.13","10","5","66.67","248","510","32.72","2","8","20.00","11.59","90.63","1.022","59","155","199","270","22.87","132","214","343","27.79"
"46","Nikita Zadorov","Andrew Peeke","BOS","76","581.91666666667","507","654","43.67","350","480","42.17","217","298","42.14","18","28","39.13","24.86","35.55","41.15","230","310","42.59","90","140","39.13","11","15","42.31","140","170","45.16","3","4","42.86","272","410","39.88","4","9","30.77","8.29","90.60","0.989","38","118","119","383","24.20","119","171","255","31.82"
"47","Jamie Oleksiak","Ryker Evans","SEA","63","571.63333333333","458","575","44.34","338","426","44.24","226","275","45.11","22","30","42.31","23.55","28.77","45.02","189","271","41.09","90","111","44.78","13","16","44.83","99","160","38.22","3","7","30.00","273","323","45.81","5","7","41.67","9.73","89.09","0.988","43","107","55","314","43.88","124","177","136","47.69"
"48","Brenden Dillon","Simon Nemec","N.J","68","562.56666666667","531","532","49.95","384","376","50.53","258","229","52.98","20","28","41.67","23.61","21.94","51.83","247","253","49.40","97","92","51.32","7","16","30.43","150","161","48.23","11","7","61.11","308","312","49.68","2","5","28.57","7.75","87.77","0.955","70","84","74","341","48.61","158","141","155","50.48"
"49","Nils Lundkvist","Thomas Harley","DAL","51","558.96666666667","504","487","50.86","366","347","51.33","239","223","51.73","30","17","63.83","26.49","21.92","54.72","253","230","52.38","113","97","53.81","16","10","61.54","140","133","51.28","9","4","69.23","299","292","50.59","5","3","62.50","12.55","92.38","1.049","61","158","92","319","39.87","159","211","192","45.30"
"50","Jared Spurgeon","Jacob Middleton","MIN","72","555.73333333333","461","651","41.46","343","482","41.58","211","301","41.21","17","25","40.48","24.46","30.97","44.13","221","315","41.23","97","122","44.29","7","16","30.43","124","193","39.12","5","6","45.45","259","427","37.76","3","3","50.00","8.06","91.69","0.998","50","108","118","316","29.76","162","191","232","41.12"
"51","Damon Severson","Ivan Provorov","CBJ","71","548.46666666667","602","498","54.73","420","371","53.10","284","241","54.10","28","18","60.87","31.27","23.92","56.65","294","233","55.79","121","94","56.28","17","8","68.00","173","139","55.45","7","7","50.00","347","309","52.90","3","2","60.00","9.86","92.53","1.024","86","98","87","326","49.71","195","166","195","50.00"
"52","Rasmus Ristolainen","Travis Sanheim","PHI","44","543.61666666667","445","503","46.94","329","367","47.27","220","224","49.55","29","25","53.70","27.87","22.73","55.08","223","223","50.00","104","91","53.33","11","7","61.11","119","132","47.41","11","14","44.00","248","325","43.28","3","4","42.86","13.18","88.84","1.020","59","113","105","368","35.98","140","185","215","39.44"
"53","Roman Josi","Brady Skjei","NSH","68","543.58333333333","507","556","47.70","379","435","46.56","246","286","46.24","31","30","50.82","29.65","28.56","50.94","248","267","48.16","116","120","49.15","16","18","47.06","132","147","47.31","7","8","46.67","305","362","45.73","6","3","66.67","12.60","89.51","1.021","66","124","79","267","45.52","186","202","221","45.70"
"54","Dmitry Orlov","John Klingberg","S.J","56","543.36666666667","547","515","51.51","393","395","49.87","239","282","45.87","26","34","43.33","28.81","28.12","50.61","300","260","53.57","118","120","49.58","18","17","51.43","182","140","56.52","5","16","23.81","288","286","50.17","3","1","75.00","10.88","87.94","0.988","71","104","79","250","47.33","207","166","168","55.20"
"55","Adam Pelech","Ryan Pulock","NYI","76","524.1","358","688","34.23","268","501","34.85","174","344","33.59","21","40","34.43","23.6","51.6","31.38","167","404","29.25","74","193","27.72","11","17","39.29","93","211","30.59","7","18","28.00","183","412","30.76","1","5","16.67","12.07","88.37","1.004","37","114","175","282","17.45","102","165","345","22.82"
"56","Mikhail Sergachev","Sean Durzi","UTA","56","515.16666666667","586","482","54.87","404","354","53.30","264","236","52.80","25","29","46.30","25.71","28.36","47.54","257","228","52.99","109","117","48.23","6","14","30.00","148","111","57.14","12","10","54.55","395","274","59.04","7","3","70.00","9.47","87.71","0.972","96","125","93","305","50.79","247","186","171","59.09"
"57","Noah Hanifin","Zach Whitecloud","VGK","37","507.25","434","475","47.74","312","345","47.49","209","228","47.83","18","25","41.86","18.09","23.7","43.29","184","238","43.60","82","95","46.33","9","16","36.00","102","143","41.63","5","6","45.45","285","269","51.44","4","3","57.14","8.61","89.04","0.976","68","121","75","159","47.55","162","168","142","53.29"
"58","Mario Ferraro","Shakir Mukhamadullin","S.J","50","506.08333333333","386","536","41.87","271","377","41.82","194","240","44.70","16","22","42.11","17.6","24.33","41.98","173","237","42.20","70","104","40.23","6","9","40.00","103","133","43.64","6","10","37.50","243","355","40.64","4","3","57.14","8.25","90.83","0.991","45","102","85","240","34.62","128","152","194","39.75"
"59","Charlie McAvoy","Jonathan Aspirot","BOS","48","505.96666666667","464","521","47.11","349","375","48.20","216","231","48.32","33","23","58.93","24.81","24.82","49.99","208","235","46.95","91","104","46.67","14","10","58.33","117","131","47.18","14","7","66.67","300","329","47.69","3","6","33.33","15.28","90.04","1.053","62","115","93","184","40.00","178","173","193","47.98"
"60","Cam York","Jamie Drysdale","PHI","71","504.65","410","465","46.86","295","320","47.97","184","199","48.04","21","22","48.84","20.62","22.55","47.77","192","219","46.72","78","80","49.37","11","10","52.38","114","139","45.06","8","7","53.33","252","254","49.80","2","5","28.57","11.41","88.94","1.004","75","100","62","285","54.74","161","178","143","52.96"
"61","Marcus Pettersson","Filip Hronek","VAN","82","500.86666666667","358","569","38.62","279","416","40.14","178","271","39.64","20","30","40.00","20.06","32.47","38.19","174","298","36.86","79","135","36.92","7","17","29.17","95","163","36.82","9","9","50.00","182","360","33.58","0","4","0.00","11.24","88.93","1.002","36","89","118","391","23.38","96","142","258","27.12"
"62","William Borgen","Matthew Robertson","NYR","65","500.86666666667","395","517","43.31","284","371","43.36","178","242","42.38","19","29","39.58","18.72","25.21","42.61","194","237","45.01","81","89","47.65","6","14","30.00","113","148","43.30","7","12","36.84","235","306","43.44","6","3","66.67","10.67","88.02","0.987","49","78","103","340","32.24","130","146","170","43.33"
"63","Noah Hanifin","Rasmus Andersson","VGK","32","494.01666666667","452","481","48.45","321","348","47.98","216","226","48.87","27","24","52.94","23.16","25.39","47.70","204","204","50.00","89","83","51.74","9","9","50.00","115","121","48.73","13","8","61.90","316","307","50.72","4","7","36.36","12.50","89.38","1.019","119","120","74","260","61.66","216","163","156","58.06"
"64","Jayden Struble","Lane Hutson","MTL","59","491.55","458","416","52.40","330","298","52.55","196","191","50.65","21","21","50.00","22.77","20.8","52.27","231","185","55.53","84","85","49.70","9","12","42.86","147","100","59.51","9","6","60.00","273","241","53.11","3","3","50.00","10.71","89.01","0.997","69","91","28","229","71.13","158","140","94","62.70"
"65","Jacob Bernard-Docker","Albert Johansson","DET","63","491.48333333333","409","535","43.33","288","380","43.11","173","250","40.90","15","18","45.45","18.01","24","42.88","196","235","45.48","83","102","44.86","10","10","50.00","113","133","45.93","5","7","41.67","236","338","41.11","0","1","0.00","8.67","92.80","1.015","52","89","90","315","36.62","143","132","177","44.69"
"66","Morgan Rielly","Brandon Carlo","TOR","51","478.66666666667","443","546","44.79","338","398","45.92","226","275","45.11","25","25","50.00","20.68","23.33","46.99","198","244","44.80","80","106","43.01","11","13","45.83","118","138","46.09","11","9","55.00","271","314","46.32","3","3","50.00","11.06","90.91","1.020","73","139","57","289","56.15","152","198","136","52.78"
"67","Jacob Trouba","Olen Zellweger","ANA","75","476.11666666667","528","505","51.11","380","367","50.87","236","253","48.26","30","24","55.56","23.08","25.35","47.66","236","254","48.16","99","105","48.53","13","16","44.83","137","149","47.90","13","2","86.67","302","282","51.71","4","4","50.00","12.71","90.51","1.032","55","96","52","339","51.40","153","161","140","52.22"
"68","Dylan Samberg","Neal Pionk","WPG","35","470.61666666667","398","474","45.64","295","343","46.24","195","214","47.68","15","21","41.67","17.16","28.14","37.88","179","238","42.93","62","109","36.26","8","8","50.00","117","129","47.56","5","9","35.71","247","295","45.57","2","4","33.33","7.69","90.19","0.979","46","104","104","186","30.67","115","148","184","38.46"
"69","Cam Fowler","Logan Mailloux","STL","67","469.71666666667","426","456","48.30","296","339","46.61","198","199","49.87","15","22","40.54","20.69","24.22","46.07","196","208","48.51","88","105","45.60","7","12","36.84","108","103","51.18","4","6","40.00","255","251","50.40","3","4","42.86","7.58","88.94","0.965","87","112","59","283","59.59","179","151","111","61.72"
"70","Charles-Edouard D'Astous","Emil Martinsen Lilleberg","T.B","43","466.31666666667","415","397","51.11","294","287","50.60","204","187","52.17","25","18","58.14","20.97","16.53","55.92","201","174","53.60","91","66","57.96","19","7","73.08","110","108","50.46","5","9","35.71","246","262","48.43","1","2","33.33","12.25","90.37","1.026","72","127","60","222","54.55","157","196","139","53.04"
"71","Wyatt Kaiser","Artyom Levshunov","CHI","63","460.65","372","465","44.44","270","383","41.35","168","257","39.53","11","32","25.58","18.01","29.21","38.14","178","240","42.58","75","127","37.13","5","13","27.78","103","113","47.69","5","13","27.78","223","254","46.75","1","6","14.29","6.55","87.55","0.941","59","97","45","329","56.73","149","139","106","58.43"
"72","Zach Werenski","Ivan Provorov","CBJ","75","459.16666666667","475","469","50.32","334","361","48.06","223","229","49.34","25","25","50.00","25.82","24.67","51.13","219","220","49.89","92","102","47.42","14","11","56.00","127","118","51.84","8","5","61.54","293","302","49.24","3","8","27.27","11.21","89.08","1.003","75","82","70","304","51.72","169","149","177","48.84"
"73","Nikita Zadorov","Charlie McAvoy","BOS","68","449.55","331","517","39.03","243","397","37.97","158","267","37.18","19","29","39.58","18.4","33.49","35.47","148","256","36.63","63","129","32.81","9","12","42.86","85","127","40.09","5","9","35.71","181","337","34.94","4","8","33.33","12.03","89.14","1.012","37","90","140","277","20.90","106","134","250","29.78"
"74","Justin Faulk","Tyler Tucker","STL","56","449.38333333333","349","439","44.29","264","329","44.52","190","203","48.35","23","38","37.70","13.92","22.98","37.72","155","213","42.12","56","84","40.00","8","19","29.63","99","129","43.42","10","9","52.63","202","257","44.01","5","10","33.33","12.11","81.28","0.934","43","104","84","221","33.86","96","142","139","40.85"
"75","Damon Severson","Zach Werenski","CBJ","64","444.93333333333","551","355","60.82","405","248","62.02","269","157","63.15","28","20","58.33","28.2","13.79","67.15","279","145","65.80","114","56","67.06","10","6","62.50","165","89","64.96","14","6","70.00","317","234","57.53","4","7","36.36","10.41","87.26","0.977","68","96","60","246","53.13","189","146","130","59.25"
"76","Tyler Myers","Marcus Pettersson","VAN","57","439.11666666667","282","565","33.29","206","416","33.12","129","275","31.93","14","40","25.93","14","36.49","27.73","133","308","30.16","51","142","26.42","6","18","25.00","82","166","33.06","5","16","23.81","142","348","28.98","2","6","25.00","10.85","85.45","0.963","23","88","149","338","13.37","57","129","267","17.59"
"77","Jeremy Lauzon","Kaedan Korczak","VGK","64","437.38333333333","388","373","50.99","280","255","52.34","176","149","54.15","21","16","56.76","17.39","14.98","53.72","193","172","52.88","84","58","59.15","12","11","52.17","109","114","48.88","6","2","75.00","217","225","49.10","3","3","50.00","11.93","89.26","1.012","50","109","66","296","43.10","115","152","133","46.37"
"78","Filip Hronek","Elias Pettersson","VAN","70","431.01666666667","307","469","39.56","241","354","40.50","156","208","42.86","11","25","30.56","15.48","27.95","35.65","140","247","36.18","60","113","34.68","6","11","35.29","80","134","37.38","5","8","38.46","180","268","40.18","0","6","0.00","7.05","87.98","0.950","34","80","76","230","30.91","96","126","166","36.64"
"79","Philip Broberg","Logan Mailloux","STL","66","430.53333333333","337","416","44.75","245","319","43.44","159","218","42.18","24","20","54.55","20.24","25.57","44.18","174","213","44.96","66","93","41.51","14","12","53.85","108","120","47.37","7","5","58.33","187","255","42.31","2","3","40.00","15.09","90.83","1.059","46","82","88","266","34.33","110","110","161","40.59"
"80","Hampus Lindholm","Andrew Peeke","BOS","62","422.13333333333","325","446","42.15","223","317","41.30","135","225","37.50","10","31","24.39","14.12","25.15","35.95","138","218","38.76","52","99","34.44","3","19","13.64","86","119","41.95","5","5","50.00","203","286","41.51","1","7","12.50","7.41","86.22","0.936","30","92","98","267","23.44","102","133","192","34.69"
"81","Jake McCabe","Troy Stecher","TOR","56","420.31666666667","324","484","40.10","243","363","40.10","168","244","40.78","21","23","47.73","19.28","28.08","40.71","168","265","38.80","83","103","44.62","13","11","54.17","85","162","34.41","4","9","30.77","163","282","36.63","3","3","50.00","12.50","90.57","1.031","31","69","92","262","25.20","81","124","200","28.83"
"82","Filip Hronek","Zeev Buium","VAN","45","418.68333333333","450","351","56.18","312","277","52.97","202","187","51.93","13","25","34.21","21.59","25.8","45.56","202","186","52.06","100","76","56.82","9","9","50.00","102","110","48.11","3","7","30.00","321","171","65.24","1","6","14.29","6.44","86.63","0.931","83","82","33","207","71.55","235","106","89","72.53"
"83","Darnell Nurse","Jake Walman","EDM","53","416.2","405","475","46.02","290","349","45.38","201","223","47.41","20","29","40.82","18.87","26.61","41.48","179","257","41.06","71","107","39.89","5","14","26.32","108","150","41.86","8","8","50.00","269","239","52.95","7","7","50.00","9.95","87.00","0.969","55","98","57","231","49.11","150","141","118","55.97"
"84","Zach Whitecloud","Kevin Bahl","CGY","26","414.75","341","450","43.11","242","351","40.81","140","237","37.14","14","23","37.84","18.21","25.85","41.33","163","233","41.16","69","100","40.83","6","15","28.57","94","133","41.41","5","8","38.46","175","297","37.08","2","0","100.00","10.00","90.30","1.003","31","87","108","244","22.30","75","127","210","26.32"
"85","Nicolas Hague","Nick Blankenburg","NSH","43","414.71666666667","402","390","50.76","283","294","49.05","174","203","46.15","12","19","38.71","20.65","19.49","51.45","194","199","49.36","96","79","54.86","6","8","42.86","98","120","44.95","4","7","36.36","224","219","50.56","2","4","33.33","6.90","90.64","0.975","31","69","37","297","45.59","112","110","116","49.12"
"86","Carson Soucy","William Borgen","NYR","39","413.76666666667","316","490","39.21","212","354","37.46","135","222","37.82","13","13","50.00","13.56","23.84","36.26","136","214","38.86","58","99","36.94","7","6","53.85","78","115","40.41","4","5","44.44","191","304","38.59","2","2","50.00","9.63","94.14","1.038","44","82","90","190","32.84","112","122","157","41.64"
"87","Jared Spurgeon","Jonas Brodin","MIN","59","411.7","365","428","46.03","274","297","47.99","181","177","50.56","16","9","64.00","17.07","17.45","49.45","164","188","46.59","66","77","46.15","7","3","70.00","98","111","46.89","5","3","62.50","211","277","43.24","4","3","57.14","8.84","94.92","1.038","31","68","62","262","33.33","115","119","144","44.40"
"88","Justin Faulk","Cam Fowler","STL","61","407.46666666667","359","441","44.88","257","309","45.41","184","200","47.92","18","22","45.00","17.56","24.25","41.99","155","191","44.80","69","75","47.92","10","8","55.56","86","116","42.57","3","6","33.33","232","285","44.87","4","6","40.00","9.78","89.00","0.988","60","65","75","227","44.44","140","113","143","49.47"
"89","Emil Andrae","Jamie Drysdale","PHI","57","406.23333333333","346","377","47.86","248","291","46.01","167","189","46.91","20","12","62.50","17.37","17.46","49.87","157","187","45.64","81","85","48.80","14","6","70.00","76","102","42.70","1","5","16.67","229","213","51.81","4","1","80.00","11.98","93.65","1.056","49","70","41","258","54.44","130","112","109","54.39"
"90","Oliver Ekman-Larsson","Morgan Rielly","TOR","74","401.63333333333","431","376","53.41","319","286","52.73","205","204","50.12","25","21","54.35","22.23","17.83","55.49","216","166","56.54","98","76","56.32","17","10","62.96","118","90","56.73","3","6","33.33","358","212","62.81","5","5","50.00","12.20","89.71","1.019","150","77","38","280","79.79","305","109","94","76.44"
"91","Ivan Provorov","Denton Mateychuk","CBJ","75","400.9","363","412","46.84","269","301","47.19","187","190","49.60","22","22","50.00","20.66","22.41","47.97","182","189","49.06","74","79","48.37","6","6","50.00","108","110","49.54","7","8","46.67","188","276","40.52","7","8","46.67","11.76","88.42","1.002","33","66","63","253","34.38","99","101","154","39.13"
"92","Filip Hronek","Quinn Hughes","VAN","26","400.56666666667","490","358","57.78","347","280","55.34","211","177","54.38","21","17","55.26","23.31","22.55","50.83","248","169","59.47","98","78","55.68","12","9","57.14","150","91","62.24","8","3","72.73","317","204","60.84","0","1","0.00","9.95","90.40","1.003","72","92","52","208","58.06","200","128","100","66.67"
"93","Radko Gudas","Olen Zellweger","ANA","53","397.95","444","408","52.11","326","298","52.24","196","194","50.26","16","19","45.71","21.07","19.43","52.03","203","202","50.12","93","74","55.69","8","7","53.33","110","128","46.22","4","8","33.33","247","228","52.00","4","4","50.00","8.16","90.21","0.984","39","68","35","295","52.70","105","100","95","52.50"
"94","Zach Werenski","Denton Mateychuk","CBJ","68","396.08333333333","428","408","51.20","309","295","51.16","205","196","51.12","23","22","51.11","21.11","21.47","49.58","208","196","51.49","76","82","48.10","8","8","50.00","132","114","53.66","8","8","50.00","266","223","54.40","7","5","58.33","11.22","88.78","1.000","55","85","47","185","53.92","145","126","104","58.23"
"95","Hampus Lindholm","Mason Lohrei","BOS","58","395.13333333333","393","356","52.47","279","268","51.01","177","167","51.45","19","10","65.52","20.33","16.67","54.94","191","150","56.01","84","69","54.90","7","2","77.78","107","81","56.91","7","3","70.00","214","218","49.54","5","5","50.00","10.73","94.01","1.047","36","90","39","253","48.00","99","145","100","49.75"
"96","Wyatt Kaiser","Sam Rinzel","CHI","51","394.03333333333","316","414","43.29","240","309","43.72","148","182","44.85","19","17","52.78","15.3","20.62","42.60","144","215","40.11","67","98","40.61","11","8","57.89","77","117","39.69","5","8","38.46","207","216","48.94","3","1","75.00","12.84","90.66","1.035","59","90","40","238","59.60","135","130","95","58.70"
"97","Matt Grzelcyk","Artyom Levshunov","CHI","64","392.68333333333","355","388","47.78","260","308","45.77","167","201","45.38","16","23","41.03","15.34","22.62","40.40","156","204","43.33","68","92","42.50","11","11","50.00","88","112","44.00","4","6","40.00","245","190","56.32","1","3","25.00","9.58","88.56","0.981","85","71","33","292","72.03","174","95","89","66.16"
"98","Brett Pesce","Luke Hughes","N.J","27","391.45","398","331","54.60","292","241","54.78","191","157","54.89","10","11","47.62","19.87","16.73","54.29","200","163","55.10","88","80","52.38","3","8","27.27","112","83","57.44","7","2","77.78","243","198","55.10","0","1","0.00","5.24","92.99","0.982","69","84","64","149","51.88","159","132","126","55.79"
"99","Drew Helleson","Pavel Mintyukov","ANA","51","388.11666666667","339","398","46.00","252","291","46.41","152","194","43.93","21","19","52.50","17.59","20.45","46.24","158","202","43.89","67","92","42.14","9","5","64.29","91","110","45.27","9","10","47.37","196","219","47.23","2","4","33.33","13.82","90.21","1.040","53","68","66","246","44.54","123","115","119","50.83"
"100","Dmitry Orlov","Timothy Liljegren","S.J","43","387.13333333333","299","407","42.35","195","285","40.63","126","182","40.91","8","23","25.81","13.88","21.73","38.98","161","205","43.99","70","94","42.68","7","11","38.89","91","111","45.05","1","9","10.00","158","254","38.35","0","2","0.00","6.35","87.36","0.937","49","77","77","212","38.89","105","114","162","39.33"
"101","Connor Clifton","Ryan Shea","PIT","49","384.78333333333","300","447","40.16","223","313","41.60","139","201","40.88","16","24","40.00","15.6","21.77","41.73","146","213","40.67","69","85","44.81","8","13","38.10","77","128","37.56","4","5","44.44","149","301","33.11","4","6","40.00","11.51","88.06","0.996","17","76","85","182","16.67","56","125","177","24.03"
"102","Matt Roy","Martin Fehervary","WSH","79","379.81666666667","227","513","30.68","179","364","32.97","130","226","36.52","12","22","35.29","15.02","32.9","31.35","105","261","28.69","51","112","31.29","5","10","33.33","54","149","26.60","1","6","14.29","108","333","24.49","2","6","25.00","9.23","90.27","0.995","10","47","115","299","8.00","40","79","229","14.87"
"103","Brett Kulak","Ty Emberson","EDM","26","373.01666666667","273","381","41.74","192","251","43.34","123","142","46.42","12","14","46.15","11.83","16.99","41.04","111","196","36.16","47","63","42.73","5","4","55.56","64","133","32.49","6","9","40.00","150","201","42.74","1","1","50.00","9.76","90.14","0.999","18","70","58","208","23.68","56","105","113","33.14"
"104","Mike Matheson","Alexandre Carrier","MTL","70","372.8","228","576","28.36","168","415","28.82","114","280","28.93","16","48","25.00","16.6","40.72","28.96","102","316","24.40","41","129","24.12","4","20","16.67","61","187","24.60","6","14","30.00","98","383","20.37","5","14","26.32","14.04","82.86","0.969","7","56","142","112","4.70","32","100","320","9.09"
"105","Damon Severson","Denton Mateychuk","CBJ","65","372","346","337","50.66","258","251","50.69","163","170","48.95","16","18","47.06","19.27","16.67","53.62","169","178","48.70","73","71","50.69","11","9","55.00","96","107","47.29","2","8","20.00","191","208","47.87","3","1","75.00","9.82","89.41","0.992","47","80","70","164","40.17","95","132","147","39.26"
"106","Jake McCabe","Brandon Carlo","TOR","53","370.81666666667","242","537","31.07","181","383","32.09","127","246","34.05","13","29","30.95","14.24","30.53","31.81","107","286","27.23","39","113","25.66","3","10","23.08","68","173","28.22","5","14","26.32","119","358","24.95","2","5","28.57","10.24","88.21","0.984","18","75","136","212","11.69","45","104","248","15.36"
"107","Vincent Desharnais","Sam Dickinson","S.J","47","368.06666666667","322","340","48.64","230","237","49.25","154","160","49.04","15","16","48.39","14.59","14.69","49.82","148","149","49.83","67","68","49.63","9","9","50.00","81","81","50.00","3","5","37.50","187","226","45.28","3","2","60.00","9.74","90.00","0.997","30","84","62","168","32.61","81","124","132","38.03"
"108","Connor Murphy","Matt Grzelcyk","CHI","60","366.28333333333","266","348","43.32","207","246","45.70","134","172","43.79","14","19","42.42","13.91","16.29","46.06","128","169","43.10","57","66","46.34","5","5","50.00","71","103","40.80","6","11","35.29","143","205","41.09","3","3","50.00","10.45","88.95","0.994","29","82","55","229","34.52","68","131","118","36.56"
"109","Cam Fowler","Colton Parayko","STL","77","365.95","318","390","44.92","233","286","44.89","151","191","44.15","11","19","36.67","16.41","19.59","45.59","156","185","45.75","59","73","44.70","5","11","31.25","97","112","46.41","2","5","28.57","184","268","40.71","2","3","40.00","7.28","90.05","0.973","44","73","95","254","31.65","108","111","164","39.71"
"110","Alexandre Carrier","Lane Hutson","MTL","73","365.9","344","344","50.00","247","243","50.41","162","161","50.15","27","15","64.29","20.51","16.49","55.42","180","161","52.79","79","67","54.11","13","8","61.90","101","94","51.79","9","5","64.29","185","206","47.31","4","2","66.67","16.67","90.68","1.073","38","62","58","276","39.58","103","114","121","45.98"
"111","Samuel Girard","Sam Malinski","COL","40","363.96666666667","400","318","55.71","280","229","55.01","177","137","56.37","20","11","64.52","18.1","15.67","53.60","196","145","57.48","80","71","52.98","11","7","61.11","116","74","61.05","7","2","77.78","213","199","51.70","2","2","50.00","11.30","91.97","1.033","30","66","65","164","31.58","97","116","116","45.54"
"112","Noah Dobson","Lane Hutson","MTL","80","361.5","434","319","57.64","314","206","60.38","200","127","61.16","32","15","68.09","22.89","23.72","49.11","202","165","55.04","84","70","54.55","11","7","61.11","118","95","55.40","13","4","76.47","294","126","70.00","8","3","72.73","16.00","88.19","1.042","73","64","25","262","74.49","181","110","56","76.37"
"113","Ian Cole","Nick DeSimone","UTA","40","359.68333333333","341","321","51.51","238","216","52.42","140","131","51.66","17","15","53.13","15.7","12.47","55.75","158","134","54.11","69","46","60.00","11","7","61.11","89","88","50.28","3","6","33.33","198","188","51.30","3","2","60.00","12.14","88.55","1.007","36","83","46","243","43.90","105","122","99","51.47"
"114","Dylan Samberg","Elias Salomonsson","WPG","32","357.63333333333","334","321","50.99","244","235","50.94","145","157","48.01","10","14","41.67","17.38","14.88","53.86","157","136","53.58","63","67","48.46","5","6","45.45","94","69","57.67","4","7","36.36","191","219","46.59","1","1","50.00","6.90","91.08","0.980","33","80","74","153","30.84","102","121","135","43.04"
"115","Ian Moore","Pavel Mintyukov","ANA","58","357.25","308","358","46.25","228","246","48.10","147","148","49.83","10","12","45.45","14.35","17.04","45.72","144","172","45.57","55","69","44.35","4","2","66.67","89","103","46.35","4","7","36.36","183","232","44.10","2","3","40.00","6.80","91.89","0.987","53","73","68","254","43.80","102","113","126","44.74"
"116","Zach Werenski","Dante Fabbro","CBJ","68","355.3","376","401","48.39","261","296","46.86","173","193","47.27","16","16","50.00","16.97","19.49","46.54","170","187","47.62","69","76","47.59","8","6","57.14","101","111","47.64","6","6","50.00","246","252","49.40","1","4","20.00","9.25","91.71","1.010","44","73","59","195","42.72","124","95","122","50.41"
"117","Trevor van Riemsdyk","Rasmus Sandin","WSH","59","346.95","262","421","38.36","192","268","41.74","119","181","39.67","10","17","37.04","13.73","18.4","42.72","131","175","42.81","59","67","46.83","8","6","57.14","72","108","40.00","2","6","25.00","143","261","35.40","0","5","0.00","8.40","90.61","0.990","20","77","62","204","24.39","68","123","119","36.36"
"118","Trevor van Riemsdyk","Jakob Chychrun","WSH","66","344.41666666667","320","324","49.69","227","239","48.71","141","154","47.80","22","14","61.11","19.79","18.19","52.11","165","162","50.46","83","75","52.53","11","7","61.11","82","87","48.52","7","4","63.64","170","176","49.13","4","3","57.14","15.60","90.91","1.065","27","71","40","261","40.30","90","124","97","48.13"
"119","Scott Mayfield","Matthew Schaefer","NYI","80","343.7","289","364","44.26","214","251","46.02","153","157","49.35","17","18","48.57","18.75","21.98","46.03","143","193","42.56","73","93","43.98","7","6","53.85","70","100","41.18","8","8","50.00","140","184","43.21","0","4","0.00","11.11","88.54","0.996","26","60","49","319","34.67","57","91","93","38.00"
"120","Sean Walker","Alexander Nikishin","CAR","80","342.75","382","284","57.36","265","206","56.26","164","136","54.67","19","18","51.35","19.26","18.57","50.91","189","147","56.25","74","63","54.01","5","5","50.00","115","84","57.79","8","7","53.33","223","156","58.84","6","4","60.00","11.59","86.76","0.984","61","60","57","287","51.69","119","101","115","50.85"
"121","Drew Helleson","Jackson LaCombe","ANA","60","342.71666666667","321","345","48.20","234","261","47.27","158","177","47.16","15","24","38.46","15.45","20.1","43.46","158","179","46.88","66","82","44.59","7","12","36.84","92","97","48.68","5","5","50.00","175","193","47.55","3","6","33.33","9.49","86.44","0.959","46","86","62","298","42.59","103","121","115","47.25"
"122","Ben Hutton","Kaedan Korczak","VGK","51","341.95","310","301","50.74","217","201","51.91","131","125","51.17","17","12","58.62","12.8","11.33","53.05","153","134","53.31","59","46","56.19","10","7","58.82","94","88","51.65","5","2","71.43","178","160","52.66","2","3","40.00","12.98","90.40","1.034","45","61","17","264","72.58","113","97","50","69.33"
"123","Nick Seeler","Jamie Drysdale","PHI","76","341.33333333333","333","315","51.39","233","224","50.98","147","147","50.00","10","16","38.46","14.34","13.45","51.60","148","133","52.67","71","51","58.20","4","7","36.36","77","82","48.43","3","5","37.50","188","188","50.00","2","4","33.33","6.80","89.12","0.959","32","62","41","271","43.84","99","98","85","53.80"
"124","Oliver Ekman-Larsson","Jake McCabe","TOR","76","340.58333333333","282","341","45.26","211","259","44.89","142","159","47.18","21","16","56.76","15.57","17.62","46.91","146","178","45.06","64","78","45.07","11","8","57.89","82","100","45.05","5","6","45.45","163","209","43.82","5","2","71.43","14.79","89.94","1.047","55","79","84","297","39.57","99","118","145","40.57"
"125","Connor Murphy","Darnell Nurse","EDM","20","331.63333333333","259","355","42.18","191","247","43.61","132","142","48.18","11","11","50.00","14.46","18.82","43.45","130","172","43.05","55","73","42.97","6","6","50.00","75","99","43.10","2","1","66.67","136","228","37.36","2","4","33.33","8.33","92.25","1.006","34","69","75","173","31.19","79","106","143","35.59"
"126","Ian Cole","Mikhail Sergachev","UTA","78","331.61666666667","161","550","22.64","122","393","23.69","83","245","25.30","16","30","34.78","13.25","39.49","25.12","68","298","18.58","23","131","14.94","5","15","25.00","45","167","21.23","4","6","40.00","63","383","14.13","2","9","18.18","19.28","87.76","1.070","12","44","166","223","6.74","24","74","315","7.08"
"127","Shayne Gostisbehere","Alexander Nikishin","CAR","54","331.13333333333","391","258","60.25","284","183","60.81","185","117","61.26","19","15","55.88","19.88","14.51","57.80","186","132","58.49","84","62","57.53","11","5","68.75","102","70","59.30","8","8","50.00","252","134","65.28","0","2","0.00","10.27","87.18","0.974","75","68","20","177","78.95","169","108","57","74.78"
"128","Jeff Petry","Uvis Balinskis","FLA","48","328.78333333333","300","299","50.08","200","216","48.08","130","128","50.39","14","14","50.00","12.03","13.64","46.86","145","128","53.11","55","47","53.92","7","6","53.85","90","81","52.63","5","4","55.56","163","188","46.44","2","4","33.33","10.77","89.06","0.998","71","83","36","207","66.36","125","140","87","58.96"
"129","Connor Murphy","Alex Vlasic","CHI","59","324.66666666667","146","402","26.64","107","301","26.23","69","188","26.85","6","20","23.08","8.06","28.29","22.16","66","214","23.57","28","101","21.71","3","13","18.75","38","113","25.17","2","4","33.33","70","321","17.90","1","3","25.00","8.70","89.36","0.981","6","46","147","247","3.92","21","69","247","7.84"
"130","Brady Skjei","Adam Wilsby","NSH","58","323.31666666667","300","303","49.75","217","235","48.01","144","151","48.81","13","12","52.00","14.86","18.2","44.95","145","141","50.70","60","64","48.39","7","8","46.67","85","77","52.47","3","1","75.00","160","206","43.72","3","3","50.00","9.03","92.05","1.011","24","76","48","263","33.33","67","113","130","34.01"
"131","John Carlson","Jakob Chychrun","WSH","53","320.38333333333","445","249","64.12","338","196","63.30","201","128","61.09","23","19","54.76","29.59","22","57.35","223","127","63.71","94","51","64.83","10","4","71.43","129","76","62.93","6","4","60.00","308","108","74.04","7","3","70.00","11.44","85.16","0.966","80","27","11","287","87.91","202","57","46","81.45"
"132","Brenden Dillon","Luke Hughes","N.J","68","318.8","280","369","43.14","189","274","40.82","126","178","41.45","9","23","28.13","13.1","23.88","35.41","115","193","37.34","49","97","33.56","5","12","29.41","66","96","40.74","2","5","28.57","177","214","45.27","1","6","14.29","7.14","87.08","0.942","31","59","91","245","25.41","91","91","147","38.24"
"133","Jake McCabe","Simon Benoit","TOR","71","318.06666666667","213","349","37.90","153","244","38.54","101","154","39.61","7","15","31.82","10.45","14.25","42.30","101","156","39.30","43","55","43.88","6","3","66.67","58","101","36.48","1","8","11.11","114","240","32.20","0","4","0.00","6.93","90.26","0.972","16","52","97","299","14.16","43","86","155","21.72"
"134","Shea Theodore","Jeremy Lauzon","VGK","56","317.65","253","311","44.86","183","226","44.74","125","144","46.47","17","17","50.00","13.07","15.77","45.32","118","147","44.53","56","60","48.28","6","9","40.00","62","87","41.61","6","5","54.55","152","202","42.94","3","3","50.00","13.60","88.19","1.018","26","74","73","205","26.26","99","107","137","41.95"
"135","Nikita Zadorov","Henri Jokiharju","BOS","40","317.03333333333","304","334","47.65","224","243","47.97","142","161","46.86","16","13","55.17","13.72","17.48","43.97","142","164","46.41","56","76","42.42","7","4","63.64","86","88","49.43","5","7","41.67","184","203","47.55","4","2","66.67","11.27","91.93","1.032","37","69","50","211","42.53","97","117","125","43.69"
"136","Louis Crevier","Wyatt Kaiser","CHI","73","316.78333333333","197","399","33.05","152","297","33.85","110","184","37.41","12","17","41.38","10.2","27.44","27.11","79","214","26.96","33","106","23.74","3","12","20.00","46","108","29.87","5","1","83.33","105","229","31.44","2","3","40.00","10.91","90.76","1.017","14","57","77","324","15.38","42","95","147","22.22"
"137","Niko Mikkola","Uvis Balinskis","FLA","54","314.28333333333","278","289","49.03","209","225","48.16","136","132","50.75","12","14","46.15","13.49","16.55","44.90","132","139","48.71","45","73","38.14","5","10","33.33","87","66","56.86","4","2","66.67","163","181","47.38","1","2","33.33","8.82","89.39","0.982","40","68","41","183","49.38","99","118","87","53.23"
"138","Alexandre Carrier","Arber Xhekaj","MTL","56","312.25","255","301","45.86","171","206","45.36","109","127","46.19","8","16","33.33","10.58","14.34","42.44","107","132","44.77","39","59","39.80","3","8","27.27","68","73","48.23","3","6","33.33","146","156","48.34","2","2","50.00","7.34","87.40","0.947","28","73","20","209","58.33","76","118","67","53.15"
"139","Darnell Nurse","Alec Regula","EDM","29","306.61666666667","280","334","45.60","219","228","48.99","143","147","49.31","6","20","23.08","15.46","15.71","49.61","141","178","44.20","66","57","53.66","5","14","26.32","75","121","38.27","0","4","0.00","170","165","50.75","1","2","33.33","4.20","86.39","0.906","26","64","35","184","42.62","86","99","84","50.59"
"140","Matt Roy","Rasmus Sandin","WSH","71","303.28333333333","257","294","46.64","182","206","46.91","120","141","45.98","12","14","46.15","12.71","14.87","46.10","122","142","46.21","50","63","44.25","3","7","30.00","72","79","47.68","4","4","50.00","137","169","44.77","4","3","57.14","10.00","90.07","1.001","24","39","47","272","33.80","79","69","104","43.17"
"141","Mario Ferraro","Timothy Liljegren","S.J","43","301.68333333333","211","370","36.32","158","266","37.26","115","172","40.07","17","21","44.74","14.35","19.18","42.80","116","170","40.56","53","71","42.74","10","9","52.63","63","99","38.89","4","7","36.36","88","270","24.58","1","4","20.00","14.78","87.79","1.026","22","64","80","165","21.57","56","105","167","25.11"
"142","Alex Petrovic","Lian Bichsel","DAL","27","300.83333333333","212","317","40.08","146","231","38.73","106","153","40.93","12","9","57.14","11.35","16.46","40.82","112","137","44.98","54","68","44.26","7","7","50.00","58","69","45.67","3","1","75.00","98","216","31.21","2","1","66.67","11.32","94.12","1.054","17","60","47","191","26.56","40","87","112","26.32"
"143","Kris Letang","Brett Kulak","PIT","19","298.9","294","294","50.00","216","201","51.80","142","120","54.20","13","12","52.00","17.21","14.25","54.72","139","147","48.60","61","73","45.52","4","5","44.44","78","74","51.32","3","6","33.33","175","149","54.01","4","1","80.00","9.15","90.00","0.992","33","64","24","108","57.89","102","108","76","57.30"
"144","Dylan DeMelo","Dylan Samberg","WPG","66","291.66666666667","210","352","37.37","166","264","38.60","114","170","40.14","13","23","36.11","12.15","26.37","31.55","102","197","34.11","50","82","37.88","7","7","50.00","52","115","31.14","4","10","28.57","112","216","34.15","2","6","25.00","11.40","86.47","0.979","22","56","85","263","20.56","47","77","157","23.04"
"145","Nick Leddy","Sam Dickinson","S.J","28","290.63333333333","253","278","47.65","179","204","46.74","110","129","46.03","14","15","48.28","11.12","12.89","46.32","132","135","49.44","52","58","47.27","8","7","53.33","80","77","50.96","5","5","50.00","147","150","49.49","1","3","25.00","12.73","88.37","1.011","43","46","27","108","61.43","105","86","78","57.38"
"146","Ilya Lyubushkin","Thomas Harley","DAL","48","287.96666666667","171","342","33.33","124","239","34.16","88","162","35.20","7","15","31.82","10.72","18","37.32","80","156","33.90","33","71","31.73","3","7","30.00","47","85","35.61","2","6","25.00","98","200","32.89","1","2","33.33","7.95","90.74","0.987","19","80","48","250","28.36","43","110","98","30.50"
"147","Drew Doughty","Brian Dumoulin","L.A","72","287.5","261","244","51.68","194","194","50.00","128","131","49.42","8","9","47.06","11.47","13.38","46.15","110","109","50.23","47","58","44.76","3","4","42.86","63","51","55.26","4","3","57.14","172","149","53.58","1","1","50.00","6.25","93.13","0.994","29","72","37","171","43.94","95","116","86","52.49"
"148","Troy Stecher","Simon Benoit","TOR","50","287.41666666667","205","366","35.90","153","281","35.25","90","193","31.80","7","16","30.43","10.01","21.34","31.93","90","191","32.03","37","81","31.36","3","8","27.27","53","110","32.52","4","4","50.00","107","201","34.74","0","4","0.00","7.78","91.71","0.995","12","79","47","224","20.34","29","102","83","25.89"
"149","Nick Seeler","Noah Juulsen","PHI","50","281.53333333333","191","312","37.97","140","227","38.15","95","133","41.67","6","16","27.27","8.41","16.21","34.16","87","146","37.34","32","53","37.65","1","6","14.29","55","93","37.16","3","7","30.00","112","179","38.49","2","3","40.00","6.32","87.97","0.943","27","42","37","224","42.19","72","68","68","51.43"
"150","Luke Schenn","Logan Stanley","WPG","45","280.2","236","301","43.95","159","225","41.41","91","139","39.57","9","15","37.50","9.92","13.85","41.74","110","144","43.31","43","58","42.57","5","8","38.46","67","86","43.79","1","3","25.00","131","176","42.67","3","4","42.86","9.89","89.21","0.991","33","57","36","202","47.83","58","92","80","42.03"
"151","Ben Chiarot","Moritz Seider","DET","82","279.58333333333","265","300","46.90","187","206","47.58","130","142","47.79","17","15","53.13","14.03","14.09","49.89","113","143","44.14","47","56","45.63","7","7","50.00","66","87","43.14","5","5","50.00","161","204","44.11","3","3","50.00","13.08","89.44","1.025","18","56","64","292","21.95","67","83","137","32.84"
"152","Mattias Samuelsson","Bowen Byram","BUF","78","278.63333333333","209","383","35.30","163","282","36.63","116","192","37.66","23","21","52.27","16.37","28.22","36.71","97","203","32.33","44","101","30.34","9","10","47.37","53","102","34.19","7","8","46.67","104","239","30.32","5","3","62.50","19.83","89.06","1.089","15","41","79","243","15.96","40","69","152","20.83"
"153","Kris Letang","Samuel Girard","PIT","19","277.78333333333","238","285","45.51","173","197","46.76","105","118","47.09","13","13","50.00","13.57","13.48","50.16","122","141","46.39","59","59","50.00","8","6","57.14","63","82","43.45","0","4","0.00","135","157","46.23","5","2","71.43","12.38","88.98","1.014","25","44","23","122","52.08","93","72","81","53.45"
"154","Cody Ceci","Mikey Anderson","L.A","80","277.68333333333","250","297","45.70","173","225","43.47","110","154","41.67","10","12","45.45","12.84","16.38","43.95","124","148","45.59","59","67","46.83","5","7","41.67","65","81","44.52","4","2","66.67","119","190","38.51","0","3","0.00","9.09","92.21","1.013","18","59","50","212","26.47","48","103","111","30.19"
"155","Roman Josi","Nick Perbix","NSH","65","277.3","293","297","49.66","207","212","49.40","132","130","50.38","11","13","45.83","13.81","13.34","50.88","134","131","50.57","54","52","50.94","6","7","46.15","80","79","50.31","3","3","50.00","187","190","49.60","2","3","40.00","8.33","90.00","0.983","49","42","26","276","65.33","114","76","87","56.72"
"156","Ben Chiarot","Justin Faulk","DET","17","277.05","235","321","42.27","182","228","44.39","119","150","44.24","10","18","35.71","12.15","16.1","43.00","104","166","38.52","53","59","47.32","5","9","35.71","51","107","32.28","3","6","33.33","143","192","42.69","2","2","50.00","8.40","88.00","0.964","30","64","48","135","38.46","77","100","100","43.50"
"157","Matthew Robertson","Braden Schneider","NYR","72","275.58333333333","223","281","44.25","153","195","43.97","92","132","41.07","11","12","47.83","8.58","12.69","40.36","102","134","43.22","41","49","45.56","5","5","50.00","61","85","41.78","4","3","57.14","121","155","43.84","2","4","33.33","11.96","90.91","1.029","9","40","41","236","18.00","45","68","74","37.82"
"158","Shayne Gostisbehere","Jalen Chatfield","CAR","47","274.05","295","211","58.30","230","170","57.50","144","94","60.50","18","9","66.67","12.77","12.78","49.98","125","103","54.82","46","56","45.10","5","4","55.56","79","47","62.70","9","5","64.29","209","122","63.14","4","0","100.00","12.50","90.43","1.029","60","60","26","165","69.77","129","110","62","67.54"
"159","Jamie Oleksiak","Brandon Montour","SEA","60","273.78333333333","237","277","46.11","183","207","46.92","120","125","48.98","9","9","50.00","10.82","12.11","47.20","102","122","45.54","37","47","44.05","5","5","50.00","65","75","46.43","2","3","40.00","143","163","46.73","1","1","50.00","7.50","92.80","1.003","17","55","30","239","36.17","66","72","83","44.30"
"160","Oliver Ekman-Larsson","Simon Benoit","TOR","69","271.46666666667","198","308","39.13","154","224","40.74","100","145","40.82","8","13","38.10","10.31","15.69","39.67","104","144","41.94","46","72","38.98","3","5","37.50","58","72","44.62","3","5","37.50","105","175","37.50","2","3","40.00","8.00","91.03","0.990","23","62","42","260","35.38","62","75","97","38.99"
"161","Devon Toews","Sam Malinski","COL","68","270.96666666667","341","218","61.00","252","164","60.58","170","106","61.59","18","8","69.23","17.19","9.99","63.25","159","91","63.60","71","40","63.96","9","4","69.23","88","51","63.31","4","2","66.67","191","149","56.18","5","2","71.43","10.59","92.45","1.030","32","55","34","181","48.48","89","94","81","52.35"
"162","Maxwell Crozier","Declan Carlile","T.B","24","270.81666666667","240","228","51.28","169","166","50.45","107","113","48.64","10","11","47.62","11.73","11.89","49.66","123","107","53.48","54","53","50.47","7","5","58.33","69","54","56.10","2","6","25.00","147","141","51.04","1","0","100.00","9.35","90.27","0.996","38","58","27","121","58.46","98","80","59","62.42"
"163","Travis Hamonic","Albert Johansson","DET","26","268.91666666667","227","322","41.35","163","225","42.01","100","149","40.16","4","17","19.05","9.04","14.69","38.09","95","163","36.82","34","57","37.36","3","7","30.00","61","106","36.53","1","7","12.50","153","171","47.22","0","3","0.00","4.00","88.59","0.926","26","50","50","154","34.21","81","75","103","44.02"
"164","Rasmus Dahlin","Bowen Byram","BUF","77","268.53333333333","311","227","57.81","231","177","56.62","161","119","57.50","20","16","55.56","18.9","15.42","55.07","131","111","54.13","63","57","52.50","11","6","64.71","68","54","55.74","4","7","36.36","189","126","60.00","3","0","100.00","12.42","86.55","0.990","39","52","32","294","54.93","87","83","67","56.49"
"165","Luke Hughes","Simon Nemec","N.J","54","268.53333333333","328","248","56.94","230","184","55.56","151","130","53.74","18","16","52.94","17.89","14.15","55.84","170","136","55.56","62","62","50.00","14","9","60.87","108","74","59.34","3","5","37.50","192","124","60.76","1","1","50.00","11.92","87.69","0.996","50","47","31","146","61.73","119","79","59","66.85"
"166","Ty Emberson","Spencer Stastney","EDM","31","265.55","193","264","42.23","143","186","43.47","92","117","44.02","8","11","42.11","10.45","15.63","40.06","95","146","39.42","52","71","42.28","5","6","45.45","43","75","36.44","2","2","50.00","109","156","41.13","1","3","25.00","8.70","90.60","0.993","31","72","69","118","31.00","68","100","111","37.99"
"167","Andrew Peeke","Mason Lohrei","BOS","68","265.3","251","286","46.74","177","197","47.33","108","128","45.76","5","6","45.45","10.15","13.75","42.47","115","130","46.94","39","71","35.45","1","3","25.00","76","59","56.30","3","1","75.00","145","160","47.54","1","2","33.33","4.63","95.31","0.999","23","40","35","235","39.66","71","66","71","50.00"
"168","Vincent Desharnais","Mario Ferraro","S.J","53","264.48333333333","102","413","19.81","80","299","21.11","51","206","19.84","11","17","39.29","11.12","29.42","27.43","51","226","18.41","25","94","21.01","4","6","40.00","26","132","16.46","4","5","44.44","44","293","13.06","3","6","33.33","21.57","91.75","1.133","7","22","125","130","5.30","19","37","222","7.88"
"169","Ben Chiarot","Jacob Bernard-Docker","DET","63","263.48333333333","194","378","33.92","137","268","33.83","90","163","35.57","3","12","20.00","9.32","19.35","32.51","89","203","30.48","32","69","31.68","1","7","12.50","57","134","29.84","2","4","33.33","105","217","32.61","0","1","0.00","3.33","92.64","0.960","22","55","66","155","25.00","62","73","124","33.33"
"170","Scott Mayfield","Carson Soucy","NYI","30","261.41666666667","218","257","45.89","153","190","44.61","99","125","44.20","6","15","28.57","8.47","13.63","38.32","98","128","43.36","35","50","41.18","4","6","40.00","63","78","44.68","0","7","0.00","137","135","50.37","2","2","50.00","6.06","88.00","0.941","27","62","33","140","45.00","72","93","63","53.33"
"171","Jacob Trouba","Pavel Mintyukov","ANA","72","260.66666666667","187","379","33.04","138","279","33.09","85","179","32.20","6","26","18.75","9.67","29.37","24.77","97","207","31.91","33","105","23.91","4","14","22.22","64","102","38.55","2","7","22.22","86","236","26.71","0","5","0.00","7.06","85.47","0.925","12","38","84","214","12.50","36","55","157","18.65"
"172","Conor Timmins","Bowen Byram","BUF","39","256.83333333333","209","269","43.72","163","191","46.05","105","115","47.73","11","16","40.74","9.3","12.37","42.92","97","122","44.29","37","56","39.78","7","11","38.89","60","66","47.62","3","4","42.86","134","181","42.54","1","1","50.00","10.48","86.09","0.966","26","63","50","164","34.21","75","94","96","43.86"
"173","Justin Faulk","Philip Broberg","STL","60","254.6","224","263","46.00","156","202","43.58","109","143","43.25","9","14","39.13","11.97","14.71","44.85","113","123","47.88","54","57","48.65","3","8","27.27","59","66","47.20","6","4","60.00","134","167","44.52","0","1","0.00","8.26","90.21","0.985","37","46","42","237","46.84","87","75","81","51.79"
"174","Ivan Provorov","Dante Fabbro","CBJ","74","254.18333333333","190","330","36.54","142","226","38.59","93","139","40.09","4","14","22.22","10.92","17.47","38.46","95","150","38.78","42","55","43.30","2","4","33.33","53","95","35.81","1","6","14.29","90","212","29.80","1","4","20.00","4.30","89.93","0.942","13","28","46","232","22.03","50","56","108","31.65"
"175","Nicolas Hague","Nick Perbix","NSH","59","251.46666666667","208","267","43.79","137","217","38.70","93","153","37.80","10","10","50.00","9.61","14.53","39.81","97","117","45.33","41","56","42.27","3","6","33.33","56","61","47.86","2","3","40.00","110","172","39.01","4","1","80.00","10.75","93.46","1.042","24","57","44","199","35.29","59","94","102","36.65"
"176","Ian Cole","Sean Durzi","UTA","60","244.4","264","225","53.99","198","167","54.25","105","108","49.30","9","13","40.91","12.75","10.58","54.67","135","115","54.00","54","40","57.45","3","5","37.50","81","75","51.92","3","7","30.00","134","129","50.95","3","1","75.00","8.57","87.96","0.965","25","44","31","261","44.64","70","70","63","52.63"
"177","Johnathan Kovacevic","Luke Hughes","N.J","20","242.98333333333","252","205","55.14","188","155","54.81","122","92","57.01","11","6","64.71","13.02","11.04","54.13","114","103","52.53","48","43","52.75","3","2","60.00","66","60","52.38","4","2","66.67","160","120","57.14","4","2","66.67","9.02","93.48","1.025","31","52","46","85","40.26","74","83","76","49.33"
"178","Jalen Chatfield","K'Andre Miller","CAR","64","242.81666666667","274","209","56.73","189","151","55.59","115","95","54.76","10","18","35.71","10.86","13.51","44.57","114","122","48.31","47","60","43.93","4","12","25.00","67","62","51.94","5","5","50.00","172","112","60.56","1","1","50.00","8.70","81.05","0.897","26","46","50","218","34.21","76","74","93","44.97"
"179","Alex Vlasic","Sam Rinzel","CHI","53","242.58333333333","223","248","47.35","163","191","46.05","93","130","41.70","8","11","42.11","7.92","11.36","41.09","99","121","45.00","27","48","36.00","4","2","66.67","72","73","49.66","1","6","14.29","122","142","46.21","3","3","50.00","8.60","91.54","1.001","26","47","27","208","49.06","59","68","56","51.30"
"180","John Klingberg","Mario Ferraro","S.J","56","242.43333333333","198","240","45.21","139","167","45.42","91","104","46.67","14","6","70.00","8.24","8.61","48.90","90","108","45.45","40","32","55.56","8","2","80.00","50","76","39.68","5","1","83.33","114","161","41.45","1","3","25.00","15.38","94.23","1.096","20","54","32","136","38.46","59","73","76","43.70"
"181","Connor Murphy","Wyatt Kaiser","CHI","57","242.3","176","189","48.22","131","143","47.81","81","94","46.29","9","11","45.00","8.2","9.26","46.98","73","97","42.94","31","42","42.47","6","6","50.00","42","55","43.30","2","3","40.00","104","116","47.27","1","2","33.33","11.11","88.30","0.994","16","40","37","230","30.19","38","68","69","35.51"
"182","Tyler Myers","Elias Pettersson","VAN","47","242.25","247","258","48.91","176","188","48.35","111","118","48.47","6","14","30.00","10.9","13.41","44.85","107","135","44.21","43","59","42.16","4","7","36.36","64","76","45.71","1","6","14.29","142","126","52.99","1","1","50.00","5.41","88.14","0.935","18","34","40","152","31.03","51","66","73","41.13"
"183","Erik Gudbranson","Ivan Provorov","CBJ","37","241.93333333333","128","362","26.12","95","272","25.89","67","170","28.27","13","19","40.63","6.93","26.65","20.64","51","202","20.16","16","104","13.33","1","9","10.00","35","98","26.32","7","6","53.85","76","237","24.28","3","4","42.86","19.40","88.82","1.082","11","58","87","113","11.22","30","84","176","14.56"
"184","Hampus Lindholm","Charlie McAvoy","BOS","55","240.66666666667","190","299","38.85","145","221","39.62","96","149","39.18","13","13","50.00","11.27","24.41","31.58","91","182","33.33","45","77","36.89","6","4","60.00","46","105","30.46","2","7","22.22","115","177","39.38","4","1","80.00","13.54","91.28","1.048","29","40","92","188","23.97","80","69","166","32.52"
"185","Nick Seeler","Travis Sanheim","PHI","79","240","191","271","41.34","151","194","43.77","91","126","41.94","8","13","38.10","13","17.46","42.67","95","142","40.08","55","63","46.61","4","8","33.33","40","79","33.61","3","3","50.00","85","152","35.86","0","2","0.00","8.79","89.68","0.985","14","38","57","368","19.72","39","56","106","26.90"
"186","Erik Cernak","Charles-Edouard D'Astous","T.B","49","238.28333333333","217","190","53.32","145","136","51.60","96","89","51.89","11","16","40.74","11.46","7.34","60.96","107","77","58.15","45","31","59.21","7","6","53.85","62","46","57.41","3","4","42.86","114","133","46.15","1","6","14.29","11.46","82.02","0.935","30","73","30","220","50.00","65","94","60","52.00"
"187","Alex Vlasic","Artyom Levshunov","CHI","67","237.63333333333","182","299","37.84","129","224","36.54","91","158","36.55","7","18","28.00","7.46","15.58","32.37","93","151","38.11","35","77","31.25","6","8","42.86","58","74","43.94","1","8","11.11","94","170","35.61","0","2","0.00","7.69","88.61","0.963","19","37","29","261","39.58","56","47","72","43.75"
"188","Joel Edmundson","Mikey Anderson","L.A","80","237.46666666667","108","311","25.78","87","254","25.51","54","173","23.79","3","23","11.54","5.46","20.57","20.98","43","158","21.39","20","68","22.73","1","12","7.69","23","90","20.35","1","6","14.29","59","249","19.16","1","5","16.67","5.56","86.71","0.923","11","25","103","318","9.65","25","39","181","12.14"
"189","Rasmus Dahlin","Owen Power","BUF","76","236.76666666667","250","223","52.85","179","166","51.88","120","112","51.72","13","18","41.94","13.76","13.4","50.67","101","108","48.33","46","43","51.69","5","8","38.46","55","65","45.83","6","4","60.00","157","131","54.51","1","5","16.67","10.83","83.93","0.948","44","30","31","297","58.67","81","44","62","56.64"
"190","Thomas Chabot","Jordan Spence","OTT","48","235.98333333333","310","165","65.26","220","123","64.14","130","84","60.75","13","15","46.43","16.51","10.97","60.08","161","79","67.08","67","39","63.21","6","7","46.15","94","40","70.15","6","3","66.67","184","86","68.15","1","5","16.67","10.00","82.14","0.921","38","31","16","196","70.37","94","54","37","71.76"
"191","Noah Hanifin","Kaedan Korczak","VGK","67","235.7","243","193","55.73","160","144","52.63","110","89","55.28","4","10","28.57","11","9.65","53.27","126","89","58.60","56","39","58.95","2","3","40.00","70","50","58.33","1","4","20.00","123","113","52.12","1","3","25.00","3.64","88.76","0.924","25","38","29","165","46.30","63","53","51","55.26"
"192","Martin Fehervary","Rasmus Sandin","WSH","72","235.41666666667","199","252","44.12","152","174","46.63","94","111","45.85","11","13","45.83","10.51","10.8","49.33","86","114","43.00","33","48","40.74","3","8","27.27","53","66","44.54","5","2","71.43","119","167","41.61","1","3","25.00","11.70","88.29","1.000","14","55","35","136","28.57","53","82","94","36.05"
"193","Adam Larsson","Ryan Lindgren","SEA","76","235.31666666667","77","402","16.08","61","287","17.53","50","172","22.52","12","28","30.00","9.6","29.43","24.59","27","237","10.23","12","90","11.76","5","12","29.41","15","147","9.26","2","8","20.00","24","302","7.36","1","8","11.11","24.00","83.72","1.077","1","21","124","143","0.80","5","40","237","2.07"
"194","Alexander Nikishin","Joel Nystrom","CAR","37","234.2","264","208","55.93","178","163","52.20","117","110","51.54","10","7","58.82","12.9","11.78","52.26","120","115","51.06","45","50","47.37","3","4","42.86","75","65","53.57","4","3","57.14","171","114","60.00","3","0","100.00","8.55","93.64","1.022","45","61","33","123","57.69","96","96","58","62.34"
"195","Colton Parayko","Theo Lindstein","STL","17","233.63333333333","216","212","50.47","146","150","49.32","106","95","52.74","10","4","71.43","9.69","8.31","53.84","101","97","51.01","37","41","47.44","4","2","66.67","64","56","53.33","4","2","66.67","123","127","49.20","2","0","100.00","9.43","95.79","1.052","26","63","34","68","43.33","65","83","80","44.83"
"196","Mattias Samuelsson","Owen Power","BUF","77","233.41666666667","188","276","40.52","136","196","40.96","94","120","43.93","15","19","44.12","11.05","14.96","42.49","83","125","39.90","39","47","45.35","12","9","57.14","44","78","36.07","2","5","28.57","102","180","36.17","1","5","16.67","15.96","84.17","1.001","19","36","39","276","32.76","50","49","90","35.71"
"197","Zach Bogosian","Jacob Middleton","MIN","38","233.21666666667","186","242","43.46","145","183","44.21","87","120","42.03","6","8","42.86","8.71","10.11","46.28","85","113","42.93","35","41","46.05","2","4","33.33","50","72","40.98","2","4","33.33","121","131","48.02","2","0","100.00","6.90","93.33","1.002","26","37","18","146","59.09","70","69","59","54.26"
"198","Victor Hedman","Janis Moser","T.B","31","230.86666666667","234","232","50.21","166","177","48.40","108","129","45.57","9","11","45.00","11.75","14.21","45.25","109","120","47.60","42","51","45.16","6","5","54.55","67","69","49.26","1","5","16.67","133","126","51.35","1","1","50.00","8.33","91.47","0.998","18","50","30","175","37.50","69","72","59","53.91"
"199","MacKenzie Weegar","Joel Hanley","CGY","57","229.63333333333","232","230","50.22","157","163","49.06","108","117","48.00","4","16","20.00","9.07","12","43.05","94","110","46.08","35","57","38.04","2","10","16.67","59","53","52.68","2","4","33.33","135","138","49.45","0","2","0.00","3.70","86.32","0.900","20","41","60","196","25.00","61","71","88","40.94"
"200","MacKenzie Weegar","Mikhail Sergachev","UTA","16","228.96666666667","258","211","55.01","186","158","54.07","119","105","53.13","13","10","56.52","10.16","11.73","46.40","103","103","50.00","41","46","47.13","4","8","33.33","62","57","52.10","5","2","71.43","170","139","55.02","3","0","100.00","10.92","90.48","1.014","42","71","46","89","47.73","95","100","98","49.22"
"201","Nick Seeler","Rasmus Ristolainen","PHI","42","228.66666666667","172","244","41.35","130","170","43.33","74","97","43.27","7","9","43.75","10.63","13.59","43.90","78","120","39.39","39","45","46.43","2","4","33.33","39","75","34.21","1","2","33.33","100","145","40.82","3","3","50.00","9.46","90.72","1.002","13","42","34","161","27.66","42","63","72","36.84"
"202","Cale Makar","Sam Malinski","COL","75","228.33333333333","288","249","53.63","212","182","53.81","138","113","54.98","14","6","70.00","12","10.17","54.14","140","96","59.32","40","38","51.28","2","2","50.00","100","58","63.29","9","2","81.82","179","152","54.08","3","2","60.00","10.14","94.69","1.048","34","41","17","209","66.67","79","62","60","56.83"
"203","Nick Jensen","Nikolas Matinpalo","OTT","29","225.61666666667","184","202","47.67","122","156","43.88","84","101","45.41","7","10","41.18","8.95","8.85","50.26","89","83","51.74","31","35","46.97","3","6","33.33","58","48","54.72","3","3","50.00","98","117","45.58","1","1","50.00","8.33","90.10","0.984","23","55","22","111","51.11","58","84","54","51.79"
"204","Logan Stanley","Neal Pionk","WPG","39","224.53333333333","210","257","44.97","147","189","43.75","86","124","40.95","10","5","66.67","11.04","14.49","43.25","101","131","43.53","46","57","44.66","5","1","83.33","55","74","42.64","1","3","25.00","109","136","44.49","2","1","66.67","11.63","95.97","1.076","17","52","33","139","34.00","42","77","72","36.84"
"205","Roman Josi","Nicolas Hague","NSH","50","221.75","217","218","49.89","162","162","50.00","108","112","49.09","14","19","42.42","11.1","11.94","48.18","105","119","46.88","38","45","45.78","9","8","52.94","67","74","47.52","4","7","36.36","113","116","49.34","0","3","0.00","12.96","83.04","0.960","25","34","28","184","47.17","60","66","76","44.12"
"206","Mike Reilly","Alexander Nikishin","CAR","41","218","254","167","60.33","178","125","58.75","110","88","55.56","9","5","64.29","12.46","8.33","59.93","113","86","56.78","52","33","61.18","6","4","60.00","61","53","53.51","1","1","50.00","157","84","65.15","2","0","100.00","8.18","94.32","1.025","48","67","13","138","78.69","95","86","33","74.22"
"207","Spencer Stastney","Justin Barron","NSH","19","216.83333333333","206","189","52.15","142","133","51.64","86","90","48.86","8","9","47.06","9.55","8.77","52.14","97","85","53.30","36","43","45.57","5","6","45.45","61","42","59.22","2","2","50.00","124","124","50.00","1","1","50.00","9.30","90.00","0.993","35","50","19","149","64.81","67","84","64","51.15"
"208","Thomas Chabot","Artem Zub","OTT","57","214.66666666667","159","228","41.09","123","165","42.71","79","103","43.41","9","11","45.00","11.2","12.39","47.47","85","111","43.37","39","55","41.49","5","7","41.67","46","56","45.10","2","1","66.67","71","132","34.98","2","3","40.00","11.39","89.32","1.007","7","27","32","264","17.95","30","49","73","29.13"
"209","Radko Gudas","Pavel Mintyukov","ANA","51","214.18333333333","238","242","49.58","173","177","49.43","98","107","47.80","7","11","38.89","11.93","13.41","47.08","119","131","47.60","57","61","48.31","5","7","41.67","62","70","46.97","2","3","40.00","120","127","48.58","0","1","0.00","7.14","89.72","0.969","13","46","25","184","34.21","45","69","63","41.67"
"210","Ian Moore","Olen Zellweger","ANA","61","212.21666666667","208","189","52.39","157","133","54.14","98","83","54.14","5","8","38.46","9.61","10.2","48.49","96","93","50.79","42","42","50.00","2","3","40.00","54","51","51.43","3","4","42.86","117","108","52.00","0","1","0.00","5.10","90.36","0.955","26","26","29","200","47.27","53","43","49","51.96"
"211","Mike Matheson","Kaiden Guhle","MTL","38","211.51666666667","161","266","37.70","119","208","36.39","76","127","37.44","10","12","45.45","11.61","17.12","40.40","64","136","32.00","25","68","26.88","4","5","44.44","39","68","36.45","4","5","44.44","89","157","36.18","0","2","0.00","13.16","90.55","1.037","10","41","46","137","17.86","32","62","93","25.60"
"212","Joel Hanley","Brayden Pachal","CGY","28","209.68333333333","210","181","53.71","145","129","52.92","99","74","57.23","6","6","50.00","9.43","9.92","48.74","92","89","50.83","41","40","50.62","0","4","0.00","51","49","51.00","5","1","83.33","133","83","61.57","1","1","50.00","6.06","91.89","0.980","25","36","22","169","53.19","67","56","44","60.36"
"213","Ryan Lindgren","Cale Fleury","SEA","20","208.93333333333","160","224","41.67","117","155","43.01","71","106","40.11","5","8","38.46","7.04","10.86","39.32","70","100","41.18","33","51","39.29","5","6","45.45","37","49","43.02","0","2","0.00","88","137","39.11","0","0","-","7.04","92.45","0.995","15","42","33","148","31.25","44","72","75","36.97"
"214","Olli Maatta","Hunter Brzustewicz","CGY","16","208.56666666667","157","190","45.24","123","139","46.95","85","87","49.42","12","9","57.14","8.58","10.32","45.38","78","85","47.85","42","43","49.41","10","7","58.82","36","42","46.15","2","2","50.00","87","115","43.07","0","0","-","14.12","89.66","1.038","16","53","26","103","38.10","54","84","56","49.09"
"215","Matthew Robertson","Scott Morrow","NYR","29","208.1","230","224","50.66","160","159","50.16","98","101","49.25","6","6","50.00","11.85","10.6","52.78","115","112","50.66","49","46","51.58","5","5","50.00","66","66","50.00","0","0","-","125","121","50.81","0","1","0.00","6.12","94.06","1.002","21","36","24","123","46.67","55","54","63","46.61"
"216","Esa Lindell","Thomas Harley","DAL","70","205.51666666667","170","178","48.85","130","138","48.51","93","87","51.67","13","14","48.15","13.05","11.13","53.97","95","85","52.78","40","34","54.05","10","4","71.43","55","51","51.89","2","6","25.00","77","105","42.31","1","2","33.33","13.98","83.91","0.979","21","18","21","332","50.00","39","31","51","43.33"
"217","Noah Juulsen","Emil Andrae","PHI","31","204.8","157","164","48.91","112","118","48.70","72","66","52.17","9","7","56.25","8","8.82","47.57","84","79","51.53","38","34","52.78","4","1","80.00","46","45","50.55","5","4","55.56","84","99","45.90","0","2","0.00","12.50","89.39","1.019","34","34","21","157","61.82","62","59","51","54.87"
"218","Darnell Nurse","Ty Emberson","EDM","72","204.55","146","206","41.48","114","143","44.36","73","89","45.06","4","12","25.00","7.07","9.9","41.66","72","102","41.38","27","34","44.26","1","4","20.00","45","68","39.82","2","3","40.00","80","127","38.65","1","5","16.67","5.48","86.52","0.920","15","49","25","168","37.50","44","66","60","42.31"
"219","Mikhail Sergachev","Dmitri Simashev","UTA","27","202.33333333333","179","179","50.00","139","129","51.87","96","83","53.63","4","9","30.77","9.56","9.26","50.80","84","92","47.73","43","48","47.25","0","5","0.00","41","44","48.24","2","2","50.00","110","110","50.00","2","2","50.00","4.17","89.16","0.933","30","68","36","78","45.45","72","84","75","48.98"
"220","Roman Josi","Adam Wilsby","NSH","50","202","184","188","49.46","128","147","46.55","91","100","47.64","7","10","41.18","10.06","11.62","46.42","85","104","44.97","40","51","43.96","2","6","25.00","45","53","45.92","3","2","60.00","112","99","53.08","2","2","50.00","7.69","90.00","0.977","19","40","26","171","42.22","66","58","51","56.41"
"221","Josh Morrissey","Neal Pionk","WPG","51","201.8","212","185","53.40","155","133","53.82","94","91","50.81","13","14","48.15","10.25","13.74","42.72","115","97","54.25","48","47","50.53","6","5","54.55","67","50","57.26","6","3","66.67","145","80","64.44","1","4","20.00","13.83","84.62","0.984","56","18","10","184","84.85","127","39","29","81.41"
"222","Alexandre Carrier","Kaiden Guhle","MTL","33","201.36666666667","151","212","41.60","115","142","44.75","69","90","43.40","6","8","42.86","8.43","9.8","46.26","71","93","43.29","35","33","51.47","1","2","33.33","36","60","37.50","2","3","40.00","73","135","35.10","2","3","40.00","8.70","91.11","0.998","11","32","46","147","19.30","24","48","84","22.22"
"223","Nick Seeler","Emil Andrae","PHI","59","200.95","199","170","53.93","134","108","55.37","86","67","56.21","5","3","62.50","9.29","6.04","60.59","94","81","53.71","42","26","61.76","4","1","80.00","52","55","48.60","0","2","0.00","114","85","57.29","1","0","100.00","5.81","95.52","1.013","29","24","12","230","70.73","59","46","29","67.05"
"224","Joel Hanley","Hunter Brzustewicz","CGY","25","199.91666666667","204","174","53.97","134","130","50.76","89","88","50.28","6","9","40.00","7.75","8.83","46.76","92","85","51.98","26","40","39.39","1","4","20.00","66","45","59.46","3","5","37.50","121","86","58.45","2","0","100.00","6.74","89.77","0.965","24","35","21","127","53.33","67","55","34","66.34"
"225","Brandon Montour","Ryker Evans","SEA","53","197.66666666667","166","204","44.86","139","155","47.28","97","107","47.55","12","8","60.00","8.52","11","43.65","79","97","44.89","32","46","41.03","7","5","58.33","47","51","47.96","5","1","83.33","91","103","46.91","0","2","0.00","12.37","92.52","1.049","25","19","18","164","58.14","52","32","34","60.47"
"226","Connor Clifton","Ryan Graves","PIT","16","197.15","184","167","52.42","130","100","56.52","82","63","56.55","5","3","62.50","9.12","6.58","58.10","95","70","57.58","37","21","63.79","3","1","75.00","58","49","54.21","1","0","100.00","90","113","44.33","1","2","33.33","6.10","95.24","1.013","10","49","23","85","30.30","40","69","59","40.40"
"227","Urho Vaakanainen","Braden Schneider","NYR","34","196.8","172","185","48.18","120","134","47.24","74","84","46.84","6","7","46.15","6.82","8.3","45.10","74","83","47.13","28","33","45.90","2","2","50.00","46","50","47.92","3","3","50.00","92","118","43.81","1","2","33.33","8.11","91.67","0.998","3","18","34","117","8.11","24","37","61","28.24"
"228","Joel Hanley","Zayne Parekh","CGY","26","195.25","184","163","53.03","126","108","53.85","90","82","52.33","7","5","58.33","7.05","5.93","54.32","86","70","55.13","26","29","47.27","3","0","100.00","60","41","59.41","4","3","57.14","136","88","60.71","0","2","0.00","7.78","93.90","1.017","46","34","8","156","85.19","95","51","23","80.51"
"229","Tyler Kleven","Nikolas Matinpalo","OTT","38","195.06666666667","124","231","34.93","89","167","34.77","59","100","37.11","5","8","38.46","5.48","11.75","31.79","62","112","35.63","22","38","36.67","3","3","50.00","40","74","35.09","1","4","20.00","71","124","36.41","1","1","50.00","8.47","92.00","1.005","18","58","26","164","40.91","30","80","74","28.85"
"230","Conor Timmins","Owen Power","BUF","38","193.11666666667","163","228","41.69","121","167","42.01","74","118","38.54","8","10","44.44","8.68","12.16","41.65","90","112","44.55","39","43","47.56","4","6","40.00","51","69","42.50","4","3","57.14","86","142","37.72","0","0","-","10.81","91.53","1.023","31","44","40","138","43.66","58","59","72","44.62"
"231","Kaiden Guhle","Lane Hutson","MTL","39","189.48333333333","168","183","47.86","115","128","47.33","68","87","43.87","7","7","50.00","9.71","9.24","51.22","91","82","52.60","38","34","52.78","3","5","37.50","53","48","52.48","2","0","100.00","85","103","45.21","2","2","50.00","10.29","91.95","1.022","15","33","14","139","51.72","42","58","41","50.60"
"232","Dante Fabbro","Jake Christiansen","CBJ","35","189.11666666667","177","216","45.04","117","141","45.35","73","100","42.20","1","11","8.33","6.65","11.05","37.57","74","100","42.53","28","52","35.00","0","7","0.00","46","48","48.94","1","2","33.33","104","120","46.43","0","2","0.00","1.37","89.00","0.904","18","33","27","90","40.00","45","50","61","42.45"
"233","Brett Kulak","Sam Malinski","COL","27","188.51666666667","191","156","55.04","130","111","53.94","80","73","52.29","6","1","85.71","6.94","7.39","48.41","80","62","56.34","29","32","47.54","3","0","100.00","51","30","62.96","2","0","100.00","121","99","55.00","1","1","50.00","7.50","98.63","1.061","22","31","22","98","50.00","51","51","49","51.00"
"234","Tyler Kleven","Artem Zub","OTT","69","188.11666666667","133","196","40.43","104","146","41.60","74","96","43.53","2","12","14.29","6.72","8.98","42.80","58","85","40.56","22","34","39.29","0","6","0.00","36","51","41.38","1","4","20.00","65","114","36.31","1","2","33.33","2.70","87.50","0.902","9","29","35","267","20.45","20","46","76","20.83"
"235","Morgan Rielly","Philippe Myers","TOR","35","187.26666666667","164","205","44.44","123","156","44.09","73","107","40.56","7","16","30.43","6.58","10.62","38.25","69","107","39.20","31","46","40.26","2","10","16.67","38","61","38.38","4","4","50.00","115","107","51.80","1","2","33.33","9.59","85.05","0.946","35","41","20","133","63.64","65","54","44","59.63"
"236","Tony DeAngelo","Matthew Schaefer","NYI","76","187","229","148","60.74","169","110","60.57","103","73","58.52","12","9","57.14","11.46","10.57","52.01","119","80","59.80","43","41","51.19","4","3","57.14","76","39","66.09","6","5","54.55","124","57","68.51","2","0","100.00","11.65","87.67","0.993","25","17","11","350","69.44","55","23","20","73.33"
"237","Dmitry Orlov","Vincent Desharnais","S.J","53","186.93333333333","170","167","50.45","118","122","49.17","80","81","49.69","7","8","46.67","9.38","7.71","54.88","67","74","47.52","30","34","46.88","3","1","75.00","37","40","48.05","3","7","30.00","108","114","48.65","1","0","100.00","8.75","90.12","0.989","12","61","32","148","27.27","43","82","73","37.07"
"238","Jonas Siegenthaler","Simon Nemec","N.J","68","186.61666666667","154","215","41.73","104","154","40.31","67","109","38.07","6","9","40.00","7.2","12.26","36.99","68","110","38.20","26","47","35.62","2","5","28.57","42","63","40.00","3","3","50.00","85","125","40.48","1","1","50.00","8.96","91.74","1.007","19","29","33","203","36.54","35","47","54","39.33"
"239","Jackson LaCombe","Ian Moore","ANA","67","186.26666666667","196","151","56.48","135","109","55.33","84","61","57.93","6","9","40.00","9.32","8.19","53.22","87","71","55.06","46","27","63.01","2","3","40.00","41","44","48.24","0","2","0.00","113","99","53.30","4","4","50.00","7.14","85.25","0.924","20","35","36","153","35.71","43","54","76","36.13"
"240","Philippe Myers","Simon Benoit","TOR","31","185.15","119","238","33.33","84","172","32.81","45","114","28.30","5","14","26.32","4.75","12.4","27.71","51","122","29.48","15","56","21.13","2","5","28.57","36","66","35.29","3","5","37.50","57","135","29.69","0","4","0.00","11.11","87.72","0.988","4","36","44","139","8.33","13","50","77","14.44"
"241","Elias Pettersson","Tom Willander","VAN","59","185.11666666667","121","194","38.41","83","145","36.40","53","97","35.33","9","9","50.00","4.91","11.67","29.62","57","100","36.31","21","43","32.81","1","7","12.50","36","57","38.71","4","1","80.00","70","98","41.67","4","1","80.00","16.98","90.72","1.077","21","39","12","150","63.64","32","61","34","48.48"
"242","Carson Soucy","Braden Schneider","NYR","46","184.21666666667","133","203","39.58","98","142","40.83","61","91","40.13","8","8","50.00","6.42","10.39","38.20","58","104","35.80","25","39","39.06","1","3","25.00","33","65","33.67","5","3","62.50","82","107","43.39","2","2","50.00","13.11","91.21","1.043","15","22","36","130","29.41","38","45","69","35.51"
"243","Jacob Middleton","Brock Faber","MIN","73","181.65","101","303","25.00","79","218","26.60","55","146","27.36","12","17","41.38","9.04","19.77","31.37","35","157","18.23","17","53","24.29","3","9","25.00","18","104","14.75","3","8","27.27","35","217","13.89","2","0","100.00","21.82","88.36","1.102","3","25","78","171","3.70","11","39","155","6.63"
"244","Brayden McNabb","Kaedan Korczak","VGK","59","180.98333333333","154","187","45.16","118","128","47.97","70","80","46.67","8","13","38.10","8.62","8.6","50.04","93","99","48.44","46","35","56.79","4","5","44.44","47","64","42.34","4","3","57.14","54","96","36.00","0","5","0.00","11.43","83.75","0.952","12","36","29","148","29.27","30","52","52","36.59"
"245","Conor Timmins","Mattias Samuelsson","BUF","36","180.3","88","307","22.28","67","225","22.95","46","153","23.12","3","19","13.64","5.19","20.06","20.54","37","158","18.97","18","65","21.69","3","7","30.00","19","93","16.96","0","8","0.00","50","233","17.67","0","4","0.00","6.52","87.58","0.941","8","25","88","137","8.33","21","40","165","11.29"
"246","Radko Gudas","Jackson LaCombe","ANA","56","177.7","171","159","51.82","120","109","52.40","80","68","54.05","7","11","38.89","7.21","7.92","47.65","72","91","44.17","31","36","46.27","4","2","66.67","41","55","42.71","2","7","22.22","88","86","50.57","1","1","50.00","8.75","83.82","0.926","15","40","26","215","36.59","36","57","54","40.00"
"247","Jeff Petry","Donovan Sebrango","FLA","18","176.63333333333","188","189","49.87","141","132","51.65","83","88","48.54","6","11","35.29","9.78","8.47","53.59","85","75","53.13","44","31","58.67","3","6","33.33","41","44","48.24","2","3","40.00","112","110","50.45","1","2","33.33","7.23","87.50","0.947","26","45","16","99","61.90","53","84","37","58.89"
"248","Miro Heiskanen","Thomas Harley","DAL","65","175.21666666667","166","161","50.76","112","120","48.28","70","77","47.62","6","9","40.00","6.93","11.44","37.75","78","89","46.71","32","35","47.76","2","2","50.00","46","54","46.00","3","4","42.86","136","72","65.38","1","1","50.00","8.57","88.31","0.969","64","7","8","158","88.89","125","17","35","78.13"
"249","Christopher Tanev","Jake McCabe","TOR","11","175","129","185","41.08","96","137","41.20","69","80","46.31","13","4","76.47","9.21","11.47","44.54","60","102","37.04","26","41","38.81","7","1","87.50","34","61","35.79","2","3","40.00","73","118","38.22","2","0","100.00","18.84","95.00","1.138","13","44","54","113","19.40","35","65","81","30.17"
"250","Nikita Zadorov","Jonathan Aspirot","BOS","60","172.81666666667","167","187","47.18","125","139","47.35","81","93","46.55","11","6","64.71","8.24","10.03","45.09","74","87","45.96","29","39","42.65","5","2","71.43","45","48","48.39","5","4","55.56","82","107","43.39","1","0","100.00","13.58","93.55","1.071","11","30","26","157","29.73","35","43","53","39.77"
"251","Scott Mayfield","Adam Boqvist","NYI","26","172.68333333333","133","183","42.09","96","125","43.44","53","80","39.85","4","7","36.36","7.23","8.17","46.94","70","88","44.30","33","35","48.53","1","3","25.00","37","53","41.11","3","3","50.00","81","87","48.21","0","1","0.00","7.55","91.25","0.988","26","35","15","97","63.41","58","59","32","64.44"
"252","John Carlson","Rasmus Sandin","WSH","48","170.13333333333","181","171","51.42","130","131","49.81","86","89","49.14","13","12","52.00","10.49","10.56","49.85","85","91","48.30","37","41","47.44","7","7","50.00","48","50","48.98","1","5","16.67","101","88","53.44","3","0","100.00","15.12","86.52","1.016","18","14","18","161","50.00","54","38","41","56.84"
"253","Darren Raddysh","Charles-Edouard D'Astous","T.B","63","170.1","184","157","53.96","136","119","53.33","87","77","53.05","13","11","54.17","11.28","13.29","45.91","101","84","54.59","55","43","56.12","6","3","66.67","46","41","52.87","5","4","55.56","95","69","57.93","2","1","66.67","14.94","85.71","1.007","14","11","14","270","50.00","44","19","34","56.41"
"254","Charlie McAvoy","Mason Lohrei","BOS","60","169.78333333333","186","176","51.38","122","121","50.21","80","74","51.95","9","11","45.00","7.44","9.06","45.08","90","87","50.85","35","41","46.05","4","6","40.00","55","46","54.46","4","1","80.00","124","98","55.86","1","4","20.00","11.25","85.14","0.964","29","42","18","149","61.70","77","69","58","57.04"
"255","Jakob Chychrun","Rasmus Sandin","WSH","71","169.68333333333","172","131","56.77","125","90","58.14","81","50","61.83","11","7","61.11","9.25","6.11","60.21","81","60","57.45","35","23","60.34","5","3","62.50","46","37","55.42","4","1","80.00","122","70","63.54","2","3","40.00","13.58","86.00","0.996","45","16","18","140","71.43","91","21","34","72.80"
"256","Jake Walman","Ty Emberson","EDM","43","168","142","158","47.33","104","108","49.06","66","64","50.77","3","7","30.00","5.09","7.55","40.25","62","74","45.59","31","30","50.82","1","4","20.00","31","44","41.33","1","2","33.33","82","90","47.67","1","1","50.00","4.55","89.06","0.936","18","25","22","152","45.00","49","34","43","53.26"
"257","Trevor van Riemsdyk","Martin Fehervary","WSH","67","167.86666666667","133","164","44.78","99","113","46.70","69","68","50.36","2","5","28.57","7.07","8.4","45.69","69","73","48.59","35","33","51.47","2","4","33.33","34","40","45.95","0","1","0.00","68","103","39.77","0","0","-","2.90","92.65","0.955","8","26","30","256","21.05","20","44","60","25.00"
"258","Ben Chiarot","Albert Johansson","DET","82","167.03333333333","98","212","31.61","68","153","30.77","42","102","29.17","4","13","23.53","5.84","12.45","31.91","43","110","28.10","19","48","28.36","1","8","11.11","24","62","27.91","0","3","0.00","65","128","33.68","1","2","33.33","9.52","87.25","0.968","16","22","38","185","29.63","39","39","72","35.14"
"259","John Marino","Mikhail Sergachev","UTA","76","166.96666666667","173","161","51.80","122","118","50.83","82","81","50.31","9","9","50.00","8.6","9.41","47.76","84","86","49.41","38","39","49.35","5","4","55.56","46","47","49.46","4","2","66.67","100","89","52.91","0","3","0.00","10.98","88.89","0.999","18","28","38","291","32.14","49","43","73","40.16"
"260","Jamie Oleksiak","Josh Mahura","SEA","21","165.25","106","205","34.08","73","137","34.76","46","94","32.86","9","5","64.29","3.66","8.7","29.60","39","83","31.97","12","36","25.00","2","3","40.00","27","47","36.49","4","0","100.00","72","136","34.62","3","2","60.00","19.57","94.68","1.142","20","33","29","117","40.82","42","53","63","40.00"
"261","William Borgen","Braden Schneider","NYR","75","165.13333333333","129","216","37.39","93","149","38.43","61","91","40.13","9","10","47.37","6.94","12.52","35.67","71","111","39.01","31","55","36.05","6","5","54.55","40","56","41.67","2","2","50.00","60","117","33.90","1","3","25.00","14.75","89.01","1.038","7","24","42","241","14.29","23","41","74","23.71"
"262","Morgan Rielly","Troy Stecher","TOR","55","164.71666666667","168","182","48.00","131","151","46.45","81","96","45.76","11","10","52.38","10.81","10.92","49.73","89","93","48.90","43","39","52.44","5","3","62.50","46","54","46.00","4","5","44.44","88","114","43.56","2","2","50.00","13.58","89.58","1.032","25","28","22","176","53.19","57","38","43","57.00"
"263","Matt Grzelcyk","Sam Rinzel","CHI","41","164.38333333333","153","181","45.81","116","141","45.14","76","101","42.94","7","9","43.75","6.6","11.68","36.11","68","91","42.77","22","43","33.85","3","6","33.33","46","48","48.94","2","2","50.00","104","91","53.33","2","1","66.67","9.21","91.09","1.003","36","28","15","142","70.59","76","47","37","67.26"
"264","Michael Kesselring","Owen Power","BUF","34","163.71666666667","170","174","49.42","126","132","48.84","80","89","47.34","7","3","70.00","6.9","8.35","45.26","70","83","45.75","29","34","46.03","3","2","60.00","41","49","45.56","0","1","0.00","106","100","51.46","3","0","100.00","8.75","96.63","1.054","22","26","25","143","46.81","48","39","48","50.00"
"265","Ryan Shea","Jack St. Ivany","PIT","19","162.3","164","175","48.38","127","123","50.80","82","79","50.93","12","6","66.67","7.12","8.54","45.47","83","71","53.90","31","32","49.21","4","1","80.00","52","39","57.14","8","3","72.73","94","118","44.34","0","2","0.00","14.63","92.41","1.070","12","23","25","97","32.43","55","45","63","46.61"
"266","Tyler Tucker","Matthew Kessel","STL","23","158.98333333333","130","137","48.69","100","100","50.00","59","67","46.83","4","5","44.44","4.97","6.02","45.25","55","56","49.55","20","28","41.67","0","3","0.00","35","28","55.56","2","0","100.00","82","74","52.56","2","2","50.00","6.78","92.54","0.993","18","41","11","111","62.07","41","54","28","59.42"
"267","Oliver Ekman-Larsson","Troy Stecher","TOR","54","158.76666666667","142","169","45.66","109","135","44.67","72","92","43.90","8","12","40.00","6.35","8.06","44.06","70","74","48.61","25","36","40.98","3","3","50.00","45","38","54.22","4","7","36.36","81","94","46.29","1","2","33.33","11.11","86.96","0.981","26","27","24","186","52.00","49","40","45","52.13"
"268","John Carlson","Pavel Mintyukov","ANA","12","158.63333333333","157","142","52.51","118","109","51.98","76","69","52.41","9","6","60.00","9.36","6.86","57.71","73","68","51.77","32","20","61.54","4","3","57.14","41","48","46.07","1","2","33.33","92","89","50.83","4","1","80.00","11.84","91.30","1.031","25","29","15","96","62.50","58","55","55","51.33"
"269","Jamie Oleksiak","Ryan Lindgren","SEA","72","158.35","121","179","40.33","86","122","41.35","54","86","38.57","3","9","25.00","5.05","8.52","37.20","46","75","38.02","14","35","28.57","1","4","20.00","32","40","44.44","2","4","33.33","77","133","36.67","0","1","0.00","5.56","89.53","0.951","10","22","41","170","19.61","33","32","84","28.21"
"270","Alex Petrovic","Thomas Harley","DAL","42","158.21666666667","140","171","45.02","95","121","43.98","68","72","48.57","7","10","41.18","8.15","8.7","48.37","72","91","44.17","40","33","54.79","5","6","45.45","32","58","35.56","0","4","0.00","74","92","44.58","2","0","100.00","10.29","86.11","0.964","12","27","19","146","38.71","34","38","40","45.95"
"271","Tyler Myers","Zeev Buium","VAN","20","157.56666666667","157","156","50.16","117","118","49.79","76","73","51.01","3","6","33.33","7.32","7.89","48.12","73","70","51.05","40","37","51.95","2","4","33.33","33","33","50.00","0","1","0.00","95","101","48.47","1","1","50.00","3.95","91.78","0.957","18","34","23","101","43.90","50","48","47","51.55"
"272","Simon Edvinsson","Axel Sandin-Pellikka","DET","58","157.33333333333","137","167","45.07","93","111","45.59","53","63","45.69","3","8","27.27","5.33","8.81","37.68","57","87","39.58","25","38","39.68","1","5","16.67","32","49","39.51","0","2","0.00","89","98","47.59","2","1","66.67","5.66","87.30","0.930","14","25","27","138","34.15","45","39","55","45.00"
"273","Dylan DeMelo","Logan Stanley","WPG","59","156.86666666667","134","155","46.37","95","113","45.67","60","72","45.45","5","7","41.67","7.06","8.61","45.05","69","83","45.39","30","37","44.78","3","4","42.86","39","46","45.88","1","2","33.33","79","71","52.67","1","1","50.00","8.33","90.28","0.986","18","24","21","164","46.15","40","40","32","55.56"
"274","Jordan Spence","Jake Sanderson","OTT","58","156.8","219","90","70.87","158","69","69.60","103","48","68.21","8","3","72.73","10.15","4.92","67.34","96","45","68.09","45","21","68.18","5","3","62.50","51","24","68.00","1","0","100.00","172","48","78.18","2","0","100.00","7.77","93.75","1.015","70","18","7","217","90.91","123","27","15","89.13"
"275","Brian Dumoulin","Brandt Clarke","L.A","82","156","173","133","56.54","118","89","57.00","75","55","57.69","7","2","77.78","6.55","5.97","52.31","66","55","54.55","25","21","54.35","4","0","100.00","41","34","54.67","2","1","66.67","105","77","57.69","1","1","50.00","9.33","96.36","1.057","22","26","15","234","59.46","43","34","33","56.58"
"276","Adam Pelech","Matthew Schaefer","NYI","82","154.23333333333","180","146","55.21","133","115","53.63","88","72","55.00","7","6","53.85","10.1","9.63","51.20","93","77","54.71","37","36","50.68","4","2","66.67","56","41","57.73","2","3","40.00","85","72","54.14","0","1","0.00","7.95","91.67","0.996","3","17","10","352","23.08","20","23","29","40.82"
"277","Ian Cole","John Marino","UTA","80","154.1","122","134","47.66","92","104","46.94","61","64","48.80","11","9","55.00","6.5","6.93","48.41","52","61","46.02","27","29","48.21","6","5","54.55","25","32","43.86","2","2","50.00","67","85","44.08","1","2","33.33","18.03","85.94","1.040","11","18","19","264","36.67","20","28","41","32.79"
"278","Brenden Dillon","Colton White","N.J","23","153.83333333333","118","140","45.74","87","101","46.28","64","71","47.41","7","4","63.64","5.68","5.88","49.13","56","52","51.85","23","23","50.00","4","0","100.00","33","29","53.23","2","2","50.00","73","90","44.79","1","2","33.33","10.94","94.37","1.053","16","36","20","86","44.44","37","51","36","50.68"
"279","Tyler Myers","Lian Bichsel","DAL","15","153.73333333333","117","121","49.16","79","88","47.31","48","62","43.64","7","7","50.00","5.99","5.28","53.16","57","47","54.81","22","25","46.81","4","4","50.00","35","22","61.40","1","1","50.00","65","76","46.10","1","2","33.33","14.58","88.71","1.033","18","37","15","89","54.55","40","52","37","51.95"
"280","Tyler Myers","Pierre-Olivier Joseph","VAN","21","153.31666666667","146","146","50.00","106","114","48.18","58","74","43.94","3","14","17.65","5.21","7.03","42.56","64","62","50.79","23","27","46.00","0","5","0.00","41","35","53.95","1","7","12.50","88","99","47.06","2","2","50.00","5.17","81.08","0.863","14","25","16","81","46.67","36","44","42","46.15"
"281","Justin Barron","Adam Wilsby","NSH","32","152.16666666667","147","152","49.16","103","110","48.36","61","69","46.92","8","6","57.14","7.29","8.46","46.28","66","75","46.81","26","31","45.61","5","4","55.56","40","44","47.62","3","2","60.00","89","91","49.44","0","0","-","13.11","91.30","1.044","14","30","22","122","38.89","39","45","58","40.21"
"282","Ben Hutton","Zach Whitecloud","VGK","40","150.5","161","141","53.31","108","104","50.94","71","71","50.00","9","8","52.94","6.17","7.01","46.82","63","70","47.37","28","33","45.90","5","6","45.45","35","37","48.61","2","2","50.00","107","76","58.47","2","0","100.00","12.68","88.73","1.014","23","26","23","115","50.00","48","38","36","57.14"
"283","Ian Cole","Olli Maatta","UTA","22","149.83333333333","156","125","55.52","105","88","54.40","65","50","56.52","6","9","40.00","7.69","4.96","60.81","72","55","56.69","35","21","62.50","2","4","33.33","37","34","52.11","2","4","33.33","74","73","50.34","1","1","50.00","9.23","82.00","0.912","19","24","8","96","70.37","45","39","36","55.56"
"284","Hampus Lindholm","Henri Jokiharju","BOS","26","148.31666666667","158","125","55.83","115","94","55.02","71","65","52.21","7","12","36.84","6.91","6.48","51.58","74","64","53.62","27","23","54.00","3","4","42.86","47","41","53.41","3","5","37.50","87","69","55.77","1","3","25.00","9.86","81.54","0.914","15","28","30","88","33.33","40","41","52","43.48"
"285","Ilya Lyubushkin","Lian Bichsel","DAL","30","148.25","114","129","46.91","81","87","48.21","44","57","43.56","5","2","71.43","5.46","5.71","48.90","55","62","47.01","20","25","44.44","2","1","66.67","35","37","48.61","2","1","66.67","60","78","43.48","1","0","100.00","11.36","96.49","1.079","13","27","17","101","43.33","29","39","45","39.19"
"286","Matt Roy","Cole Hutson","WSH","14","148.03333333333","118","136","46.46","85","94","47.49","49","59","45.37","4","6","40.00","6.08","6.36","48.89","58","64","47.54","27","25","51.92","2","4","33.33","31","39","44.29","1","2","33.33","62","78","44.29","1","0","100.00","8.16","89.83","0.980","7","27","13","44","35.00","42","48","35","54.55"
"287","Joel Edmundson","Cody Ceci","L.A","82","148.01666666667","83","224","27.04","56","170","24.78","31","122","20.26","4","18","18.18","8.35","16.58","33.49","30","127","19.11","14","55","20.29","2","7","22.22","16","72","18.18","0","7","0.00","36","154","18.95","1","4","20.00","12.90","85.25","0.981","4","18","69","152","5.48","12","25","121","9.02"
"288","Ben Hutton","Noah Hanifin","VGK","44","147.35","134","134","50.00","102","95","51.78","68","56","54.84","8","7","53.33","8.02","5.89","57.63","72","63","53.33","40","28","58.82","7","4","63.64","32","35","47.76","0","1","0.00","84","79","51.53","1","2","33.33","11.76","87.50","0.993","32","23","17","128","65.31","55","38","38","59.14"
"289","MacKenzie Weegar","Kevin Bahl","CGY","59","146.01666666667","135","169","44.41","107","130","45.15","70","87","44.59","6","12","33.33","6.22","11.09","35.95","48","105","31.37","27","45","37.50","3","4","42.86","21","60","25.93","1","5","16.67","86","71","54.78","2","3","40.00","8.57","86.21","0.948","9","16","22","341","29.03","37","35","37","50.00"
"290","Zach Bogosian","Zeev Buium","MIN","15","145.08333333333","116","151","43.45","72","119","37.70","57","82","41.01","6","5","54.55","5.05","7.57","40.04","53","78","40.46","23","33","41.07","4","2","66.67","30","45","40.00","1","1","50.00","61","75","44.85","1","2","33.33","10.53","93.90","1.044","10","24","10","79","50.00","38","44","36","51.35"
"291","Esa Lindell","Ilya Lyubushkin","DAL","53","144.93333333333","62","148","29.52","50","100","33.33","33","68","32.67","7","6","53.85","3.56","7.26","32.91","28","75","27.18","18","24","42.86","4","1","80.00","10","51","16.39","2","3","40.00","35","100","25.93","1","2","33.33","21.21","91.18","1.124","4","23","24","75","14.29","12","41","60","16.67"
"292","Jake Walman","Spencer Stastney","EDM","21","143.9","112","158","41.48","83","114","42.13","60","66","47.62","2","10","16.67","4.83","8.08","37.42","43","95","31.16","23","46","33.33","1","3","25.00","20","49","28.99","0","6","0.00","83","68","54.97","1","1","50.00","3.33","84.85","0.882","19","23","21","103","47.50","45","34","38","54.22"
"293","Cam Fowler","Tyler Tucker","STL","69","143.7","129","132","49.43","92","106","46.46","56","69","44.80","10","7","58.82","8.24","7.46","52.46","73","67","52.14","35","34","50.72","4","4","50.00","38","33","53.52","5","1","83.33","69","77","47.26","1","2","33.33","17.86","89.86","1.077","13","21","15","171","46.43","32","42","33","49.23"
"294","Jonas Siegenthaler","Johnathan Kovacevic","N.J","34","143.46666666667","108","156","40.91","86","114","43.00","47","76","38.21","3","9","25.00","4.99","8.39","37.29","46","75","38.02","15","32","31.91","1","4","20.00","31","43","41.89","1","4","20.00","69","106","39.43","1","1","50.00","6.38","88.16","0.945","9","19","35","92","20.45","18","36","66","21.43"
"295","Janis Moser","Emil Martinsen Lilleberg","T.B","47","141.71666666667","94","172","35.34","73","135","35.10","49","82","37.40","9","9","50.00","6.25","12.49","33.37","49","92","34.75","18","45","28.57","4","4","50.00","31","47","39.74","4","4","50.00","53","111","32.32","1","1","50.00","18.37","89.02","1.074","4","11","25","133","13.79","25","24","64","28.09"
"296","Albert Johansson","Axel Sandin-Pellikka","DET","68","141.63333333333","161","103","60.98","108","81","57.14","64","59","52.03","6","13","31.58","7.1","5.65","55.69","70","48","59.32","28","25","52.83","3","8","27.27","42","23","64.62","0","2","0.00","99","58","63.06","3","3","50.00","9.38","77.97","0.873","30","22","14","128","68.18","50","40","32","60.98"
"297","Rasmus Andersson","Jeremy Lauzon","VGK","33","140.73333333333","137","121","53.10","101","90","52.88","62","56","52.54","3","10","23.08","8.01","6.89","53.77","65","68","48.87","31","31","50.00","2","4","33.33","34","37","47.89","0","4","0.00","82","62","56.94","1","2","33.33","4.84","82.14","0.870","21","45","22","140","48.84","49","59","40","55.06"
"298","Moritz Seider","Albert Johansson","DET","82","139.63333333333","110","154","41.67","85","113","42.93","60","63","48.78","3","10","23.08","6.32","8.82","41.74","56","77","42.11","26","36","41.94","3","4","42.86","30","41","42.25","0","3","0.00","60","89","40.27","0","3","0.00","5.00","84.13","0.891","8","20","24","191","25.00","26","37","41","38.81"
"299","Drew Helleson","Olen Zellweger","ANA","57","138.85","123","142","46.42","92","98","48.42","56","63","47.06","5","5","50.00","5.29","8.98","37.04","59","75","44.03","26","35","42.62","4","4","50.00","33","40","45.21","1","1","50.00","72","73","49.66","0","0","-","8.93","92.06","1.010","12","22","15","184","44.44","37","36","29","56.06"
"300","Darnell Nurse","Evan Bouchard","EDM","82","137.25","153","148","50.83","114","106","51.82","79","73","51.97","10","8","55.56","8.12","8.24","49.64","80","77","50.96","42","28","60.00","4","4","50.00","38","49","43.68","4","2","66.67","79","72","52.32","2","2","50.00","12.66","89.04","1.017","13","13","15","222","46.43","37","26","30","55.22"
"301","Alex Petrovic","Kyle Capobianco","DAL","27","136.7","120","132","47.62","92","84","52.27","64","62","50.79","9","4","69.23","6.48","5.2","55.47","57","57","50.00","28","22","56.00","6","2","75.00","29","35","45.31","1","2","33.33","74","75","49.66","2","0","100.00","14.06","93.55","1.076","16","29","12","80","57.14","41","42","33","55.41"
"302","Scott Mayfield","Adam Pelech","NYI","80","136.46666666667","110","123","47.21","86","88","49.43","48","53","47.52","5","5","50.00","7.75","6.06","56.13","53","68","43.80","23","25","47.92","2","1","66.67","30","43","41.10","1","2","33.33","50","75","40.00","1","2","33.33","10.42","90.57","1.010","3","9","29","263","9.38","10","23","59","14.49"
"303","Brenden Dillon","Brett Pesce","N.J","37","135.98333333333","61","221","21.63","46","151","23.35","35","107","24.65","5","11","31.25","5.09","15.91","24.24","26","130","16.67","10","60","14.29","2","8","20.00","16","70","18.60","1","3","25.00","22","151","12.72","0","0","-","14.29","89.72","1.040","7","8","78","93","8.24","13","14","122","9.63"
"304","Brent Burns","Devon Toews","COL","68","135.85","137","162","45.82","97","126","43.50","59","91","39.33","4","10","28.57","7.41","8.9","45.43","59","82","41.84","30","31","49.18","2","4","33.33","29","51","36.25","2","3","40.00","78","100","43.82","0","3","0.00","6.78","89.01","0.958","14","15","23","193","37.84","32","25","63","33.68"
"305","Zach Whitecloud","Yan Kuznetsov","CGY","20","135.35","137","178","43.49","107","121","46.93","75","77","49.34","4","4","50.00","6.55","8.9","42.39","64","98","39.51","31","33","48.44","3","3","50.00","33","65","33.67","1","1","50.00","68","93","42.24","0","0","-","5.33","94.81","1.001","7","28","22","99","24.14","30","44","44","40.54"
"306","Jacob Bryson","Owen Power","BUF","34","133.98333333333","132","127","50.97","94","96","49.47","64","64","50.00","5","6","45.45","6.92","5.64","55.10","68","45","60.18","33","23","58.93","2","4","33.33","35","22","61.40","3","1","75.00","73","93","43.98","0","1","0.00","7.81","90.63","0.984","12","41","21","122","36.36","30","52","35","46.15"
"307","Shayne Gostisbehere","Sean Walker","CAR","54","132.53333333333","173","104","62.45","128","79","61.84","90","53","62.94","7","8","46.67","8.39","6.17","57.62","77","54","58.78","34","20","62.96","4","5","44.44","43","34","55.84","2","3","40.00","103","58","63.98","1","0","100.00","7.78","84.91","0.927","19","32","11","122","63.33","53","46","27","66.25"
"308","Ryan Lindgren","Ryker Evans","SEA","61","131.8","79","150","34.50","53","111","32.32","36","68","34.62","10","3","76.92","4.1","7.79","34.47","38","67","36.19","16","38","29.63","4","1","80.00","22","29","43.14","3","1","75.00","47","83","36.15","3","1","75.00","27.78","95.59","1.234","9","19","15","154","37.50","19","35","38","33.33"
"309","Travis Sanheim","Jamie Drysdale","PHI","78","130.91666666667","133","123","51.95","105","81","56.45","65","57","53.28","9","6","60.00","9.34","5.02","65.03","72","57","55.81","36","23","61.02","3","2","60.00","36","34","51.43","5","2","71.43","66","66","50.00","1","2","33.33","13.85","89.47","1.033","15","16","10","280","60.00","27","22","23","54.00"
"310","Jacob Trouba","Ian Moore","ANA","66","130.35","128","125","50.59","89","87","50.57","52","52","50.00","2","6","25.00","5.58","6.22","47.30","54","61","46.96","25","24","51.02","1","0","100.00","29","37","43.94","0","4","0.00","81","91","47.09","1","2","33.33","3.85","88.46","0.923","18","26","34","89","34.62","33","38","68","32.67"
"311","Ryan McDonagh","Charles-Edouard D'Astous","T.B","37","129.28333333333","128","110","53.78","92","79","53.80","56","57","49.56","6","7","46.15","5.56","6.43","46.41","58","54","51.79","26","20","56.52","5","4","55.56","32","34","48.48","0","1","0.00","73","52","58.40","1","2","33.33","10.71","87.72","0.984","16","27","7","105","69.57","46","35","16","74.19"
"312","Nate Schmidt","Sean Durzi","UTA","60","129","128","123","51.00","93","88","51.38","57","57","50.00","1","7","12.50","7.42","5.97","55.41","63","66","48.84","31","28","52.54","1","4","20.00","32","38","45.71","0","3","0.00","69","61","53.08","0","0","-","1.75","87.72","0.895","23","22","11","176","67.65","46","31","22","67.65"
"313","Jared Spurgeon","Quinn Hughes","MIN","46","127.36666666667","109","99","52.40","85","74","53.46","52","46","53.06","6","4","60.00","5.7","5.32","51.74","56","56","50.00","29","24","54.72","5","4","55.56","27","32","45.76","0","0","-","59","46","56.19","1","0","100.00","11.54","91.30","1.028","8","22","12","207","40.00","38","31","26","59.38"
"314","Brenden Dillon","Dougie Hamilton","N.J","77","127.25","140","119","54.05","104","92","53.06","56","52","51.85","5","4","55.56","7.37","7.46","49.70","66","65","50.38","28","29","49.12","3","2","60.00","38","36","51.35","2","0","100.00","81","63","56.25","0","2","0.00","8.93","92.31","1.012","20","14","22","167","47.62","39","19","41","48.75"
"315","Jeremy Lauzon","Zach Whitecloud","VGK","33","126.68333333333","98","161","37.84","68","111","37.99","43","64","40.19","4","10","28.57","4.02","7.75","34.14","43","86","33.33","21","35","37.50","4","5","44.44","22","51","30.14","0","1","0.00","55","93","37.16","0","4","0.00","9.30","84.38","0.937","10","25","20","111","33.33","28","38","40","41.18"
"316","Mike Reilly","Charles-Alexis Legault","CAR","12","126.08333333333","125","103","54.82","90","75","54.55","53","49","51.96","3","2","60.00","5.32","6.01","46.94","52","58","47.27","16","25","39.02","0","2","0.00","36","33","52.17","2","0","100.00","80","56","58.82","0","0","-","5.66","95.92","1.016","26","37","15","65","63.41","48","57","31","60.76"
"317","Dmitry Orlov","Shakir Mukhamadullin","S.J","50","123.58333333333","102","105","49.28","73","78","48.34","51","52","49.51","6","7","46.15","5.39","5.06","51.57","60","44","57.69","28","19","59.57","3","4","42.86","32","25","56.14","3","2","60.00","46","72","38.98","0","1","0.00","11.76","86.54","0.983","9","23","13","114","40.91","27","37","35","43.55"
"318","Nicolas Hague","Adam Wilsby","NSH","38","123.46666666667","95","119","44.39","64","89","41.83","41","56","42.27","2","6","25.00","3.59","5.23","40.75","32","48","40.00","17","16","51.52","0","3","0.00","15","32","31.91","2","2","50.00","67","79","45.89","0","1","0.00","4.88","89.29","0.942","8","26","12","101","40.00","30","38","34","46.88"
"319","Brent Burns","Sam Malinski","COL","82","122.96666666667","155","108","58.94","109","78","58.29","81","46","63.78","5","3","62.50","7.29","5.86","55.45","63","58","52.07","23","27","46.00","2","2","50.00","40","31","56.34","2","0","100.00","92","60","60.53","1","1","50.00","6.17","93.48","0.997","8","16","16","211","33.33","32","19","28","53.33"
"320","Vincent Iorio","Sam Dickinson","S.J","18","122.71666666667","98","141","41.00","72","104","40.91","39","69","36.11","5","5","50.00","4.38","7.96","35.51","44","73","37.61","20","32","38.46","3","2","60.00","24","41","36.92","1","1","50.00","65","74","46.76","1","2","33.33","12.82","92.75","1.056","14","25","16","56","46.67","35","38","34","50.72"
"321","Brandon Montour","Vince Dunn","SEA","64","122.41666666667","159","135","54.08","118","101","53.88","77","64","54.61","6","20","23.08","8.78","19.38","31.19","64","41","60.95","25","19","56.82","3","3","50.00","39","22","63.93","0","4","0.00","137","65","67.82","3","4","42.86","7.79","68.75","0.765","35","4","2","199","94.59","96","12","20","82.76"
"322","Drew Doughty","Brandt Clarke","L.A","72","122.03333333333","181","75","70.70","130","56","69.89","91","38","70.54","6","5","54.55","11.91","4.59","72.19","94","34","73.44","41","9","82.00","4","0","100.00","53","25","67.95","1","3","25.00","102","41","71.33","1","1","50.00","6.59","86.84","0.934","24","7","7","184","77.42","55","12","17","76.39"
"323","Tony DeAngelo","Alexander Romanov","NYI","15","121.61666666667","119","132","47.41","93","97","48.95","65","69","48.51","5","9","35.71","4.96","8.81","36.02","53","79","40.15","16","44","26.67","3","8","27.27","37","35","51.39","1","1","50.00","82","64","56.16","1","0","100.00","7.69","86.96","0.946","16","23","13","51","55.17","60","42","33","64.52"
"324","Ian Cole","Nate Schmidt","UTA","82","119.35","71","142","33.33","60","99","37.74","43","57","43.00","3","9","25.00","3.94","7.88","33.35","32","74","30.19","12","20","37.50","2","5","28.57","20","54","27.03","1","3","25.00","35","97","26.52","0","1","0.00","6.98","84.21","0.912","3","8","32","238","8.57","11","12","64","14.67"
"325","Gustav Forsling","Niko Mikkola","FLA","67","119","113","101","52.80","91","75","54.82","60","50","54.55","8","8","50.00","6.56","6.15","51.61","51","59","46.36","22","26","45.83","4","6","40.00","29","33","46.77","1","2","33.33","69","49","58.47","1","0","100.00","13.33","84.00","0.973","6","14","12","131","33.33","20","20","33","37.74"
"326","Nick Perbix","Ryan Ufko","NSH","18","118.98333333333","104","125","45.41","68","95","41.72","40","70","36.36","3","4","42.86","3.68","6.1","37.67","47","58","44.76","18","28","39.13","2","4","33.33","29","30","49.15","1","0","100.00","70","71","49.65","0","0","-","7.50","94.29","1.018","12","15","11","93","52.17","40","31","34","54.05"
"327","Mario Ferraro","Vincent Iorio","S.J","21","118.6","85","138","38.12","61","104","36.97","38","67","36.19","2","7","22.22","3.81","8.73","30.41","46","71","39.32","24","40","37.50","2","3","40.00","22","31","41.51","0","2","0.00","40","75","34.78","0","2","0.00","5.26","89.55","0.948","5","26","19","74","20.83","22","37","42","34.38"
"328","Dougie Hamilton","Luke Hughes","N.J","63","118.46666666667","155","96","61.75","108","68","61.36","67","45","59.82","8","2","80.00","6.87","4.93","58.21","77","52","59.69","30","16","65.22","1","1","50.00","47","36","56.63","4","1","80.00","94","51","64.83","3","0","100.00","11.94","95.56","1.075","19","25","13","150","59.38","55","32","29","65.48"
"329","Mike Reilly","Joel Nystrom","CAR","22","117.66666666667","128","86","59.81","90","68","56.96","52","49","51.49","3","7","30.00","8.56","5.02","63.05","69","41","62.73","37","20","64.91","2","5","28.57","32","21","60.38","1","1","50.00","72","51","58.54","0","1","0.00","5.77","85.71","0.915","38","35","12","53","76.00","63","58","33","65.63"
"330","Brendan Smith","Dante Fabbro","CBJ","15","117.23333333333","81","116","41.12","55","81","40.44","39","52","42.86","3","7","30.00","3.92","4.75","45.24","33","55","37.50","15","17","46.88","1","1","50.00","18","38","32.14","1","6","14.29","56","54","50.91","1","0","100.00","7.69","86.54","0.942","19","24","16","76","54.29","34","39","30","53.13"
"331","Tom Willander","Zeev Buium","VAN","43","116.68333333333","99","106","48.29","79","87","47.59","52","60","46.43","5","8","38.46","6.16","8.49","42.06","51","57","47.22","23","25","47.92","5","5","50.00","28","32","46.67","0","1","0.00","50","52","49.02","0","2","0.00","9.62","86.67","0.963","15","7","6","145","71.43","36","10","19","65.45"
"332","Parker Wotherspoon","Ryan Shea","PIT","78","116.35","82","121","40.39","65","90","41.94","45","56","44.55","7","8","46.67","5.3","7.75","40.62","39","64","37.86","15","23","39.47","4","4","50.00","24","41","36.92","2","2","50.00","45","69","39.47","1","2","33.33","15.56","85.71","1.013","9","18","26","131","25.71","18","31","49","26.87"
"333","Jalen Chatfield","Alexander Nikishin","CAR","71","116.25","96","145","39.83","58","110","34.52","40","70","36.36","3","4","42.86","3.94","9.86","28.54","40","80","33.33","13","39","25.00","1","1","50.00","27","41","39.71","1","2","33.33","56","76","42.42","1","1","50.00","7.50","94.29","1.018","7","18","17","172","29.17","22","32","39","36.07"
"334","Dmitry Orlov","Mario Ferraro","S.J","82","116.1","113","132","46.12","83","104","44.39","54","76","41.54","2","7","22.22","4.78","8.3","36.55","51","63","44.74","23","31","42.59","0","3","0.00","28","32","46.67","2","2","50.00","59","69","46.09","0","2","0.00","3.70","90.79","0.945","3","13","17","174","15.00","15","18","38","28.30"
"335","Jacob Bernard-Docker","Moritz Seider","DET","63","115.46666666667","104","95","52.26","77","56","57.89","54","35","60.67","5","2","71.43","4.56","3.23","58.51","50","42","54.35","17","13","56.67","4","2","66.67","33","29","53.23","1","0","100.00","64","58","52.46","0","0","-","9.26","94.29","1.035","8","22","22","145","26.67","22","29","46","32.35"
"336","Jayden Struble","Arber Xhekaj","MTL","42","115.15","80","86","48.19","55","62","47.01","34","46","42.50","4","5","44.44","3.32","5.01","39.82","34","47","41.98","13","19","40.63","2","1","66.67","21","28","42.86","2","4","33.33","50","37","57.47","0","0","-","11.76","89.13","1.009","9","20","4","121","69.23","25","32","16","60.98"
"337","Michael Kesselring","Bowen Byram","BUF","34","114.81666666667","88","135","39.46","70","83","45.75","43","56","43.43","2","8","20.00","3.8","4.41","46.30","38","56","40.43","13","23","36.11","0","4","0.00","25","33","43.10","1","3","25.00","58","84","40.85","1","1","50.00","4.65","85.71","0.904","8","22","18","106","30.77","39","31","37","51.32"
"338","Spencer Stastney","Nick Blankenburg","NSH","20","114.45","123","78","61.19","91","56","61.90","57","41","58.16","5","3","62.50","6.3","4.13","60.44","58","40","59.18","33","17","66.00","4","2","66.67","25","23","52.08","1","1","50.00","74","41","64.35","0","0","-","8.77","92.68","1.015","6","21","12","114","33.33","35","31","30","53.85"
"339","Erik Gudbranson","Denton Mateychuk","CBJ","32","114.38333333333","78","131","37.32","57","99","36.54","43","65","39.81","2","8","20.00","3.62","7.78","31.76","37","62","37.37","12","35","25.53","2","5","28.57","25","27","48.08","0","1","0.00","39","74","34.51","0","2","0.00","4.65","87.69","0.923","8","16","17","73","32.00","21","22","33","38.89"
"340","Brett Kulak","Cale Makar","COL","20","114.38333333333","82","130","38.68","67","100","40.12","46","55","45.54","3","5","37.50","5.14","7.94","39.29","34","67","33.66","18","34","34.62","3","3","50.00","16","33","32.65","0","1","0.00","57","73","43.85","0","1","0.00","6.52","90.91","0.974","18","23","19","74","48.65","36","35","37","49.32"
"341","Erik Cernak","Janis Moser","T.B","58","114.13333333333","66","136","32.67","46","107","30.07","32","68","32.00","3","8","27.27","4.49","10.96","29.07","37","83","30.83","16","33","32.65","1","4","20.00","21","50","29.58","2","4","33.33","32","92","25.81","0","0","-","9.38","88.24","0.976","4","9","38","163","9.52","14","22","76","15.56"
"342","Trevor van Riemsdyk","Declan Chisholm","WSH","17","113.78333333333","113","95","54.33","79","72","52.32","51","42","54.84","6","4","60.00","6.34","5.3","54.48","56","44","56.00","26","28","48.15","5","4","55.56","30","16","65.22","0","0","-","62","63","49.60","1","0","100.00","11.76","90.48","1.022","11","22","13","70","45.83","24","37","28","46.15"
"343","Erik Gudbranson","Dante Fabbro","CBJ","29","113.43333333333","90","132","40.54","59","90","39.60","42","55","43.30","2","5","28.57","3.69","5.01","42.44","38","48","44.19","14","21","40.00","1","2","33.33","24","27","47.06","0","1","0.00","54","91","37.24","0","2","0.00","4.76","90.91","0.957","11","22","14","73","44.00","28","35","36","43.75"
"344","Colin Miller","Logan Stanley","WPG","15","112.98333333333","93","100","48.19","64","74","46.38","40","55","42.11","1","9","10.00","2.9","5.86","33.08","30","57","34.48","11","26","29.73","0","2","0.00","19","31","38.00","1","4","20.00","64","51","55.65","0","3","0.00","2.50","83.64","0.861","9","22","18","67","33.33","33","28","31","51.56"
"345","Nick Perbix","Adam Wilsby","NSH","55","112.61666666667","97","98","49.74","76","75","50.33","53","53","50.00","7","7","50.00","5.47","4.84","53.03","45","51","46.88","20","24","45.45","4","4","50.00","25","27","48.08","2","3","40.00","51","53","49.04","1","0","100.00","13.21","86.79","1.000","8","18","11","175","42.11","18","28","32","36.00"
"346","Haydn Fleury","Jacob Bryson","WPG","12","112.48333333333","81","114","41.54","61","87","41.22","38","54","41.30","5","11","31.25","3.84","5.48","41.19","40","56","41.67","18","18","50.00","4","4","50.00","22","38","36.67","1","6","14.29","49","64","43.36","0","1","0.00","13.16","79.63","0.928","11","23","12","41","47.83","27","39","26","50.94"
"347","Jared Spurgeon","Brock Faber","MIN","78","111.65","116","102","53.21","82","79","50.93","61","56","52.14","8","4","66.67","7.18","7.54","48.78","62","55","52.99","27","28","49.09","5","1","83.33","35","27","56.45","2","2","50.00","63","56","52.94","1","1","50.00","13.11","92.86","1.060","19","7","10","261","65.52","34","11","33","50.75"
"348","Mario Ferraro","Sam Dickinson","S.J","72","110.95","97","112","46.41","74","82","47.44","52","54","49.06","6","12","33.33","4.84","7.67","38.70","41","62","39.81","23","42","35.38","3","8","27.27","18","20","47.37","1","1","50.00","53","58","47.75","2","3","40.00","11.54","77.78","0.893","7","11","11","123","38.89","17","20","36","32.08"
"349","Luke Schenn","Haydn Fleury","WPG","15","110.7","65","138","32.02","47","95","33.10","31","64","32.63","2","10","16.67","2.34","8.67","21.29","24","77","23.76","10","30","25.00","2","5","28.57","14","47","22.95","0","4","0.00","52","70","42.62","0","1","0.00","6.45","84.38","0.908","8","20","22","79","26.67","29","27","36","44.62"
"350","Jared Spurgeon","Zeev Buium","MIN","31","110.68333333333","111","108","50.68","73","71","50.69","43","55","43.88","1","6","14.29","4.68","4.21","52.65","56","54","50.91","16","22","42.11","0","3","0.00","40","32","55.56","1","3","25.00","58","61","48.74","0","0","-","2.33","89.09","0.914","14","11","12","93","53.85","31","29","30","50.82"
"351","Radko Gudas","Ian Moore","ANA","41","110.63333333333","101","109","48.10","70","81","46.36","42","46","47.73","4","2","66.67","4.7","4.49","51.11","47","52","47.47","20","13","60.61","2","0","100.00","27","39","40.91","0","2","0.00","51","57","47.22","2","0","100.00","9.52","95.65","1.052","8","20","13","102","38.10","19","29","22","46.34"
"352","Darnell Nurse","Spencer Stastney","EDM","36","108.96666666667","84","107","43.98","62","85","42.18","42","60","41.18","3","6","33.33","3.9","4.93","44.19","30","56","34.88","12","20","37.50","1","2","33.33","18","36","33.33","1","3","25.00","60","63","48.78","0","1","0.00","7.14","90.00","0.971","14","21","13","97","51.85","33","29","31","51.56"
"353","Matt Grzelcyk","Louis Crevier","CHI","65","108.16666666667","107","84","56.02","85","66","56.29","60","42","58.82","7","3","70.00","5.96","5.14","53.68","54","43","55.67","25","19","56.82","4","2","66.67","29","24","54.72","3","1","75.00","58","44","56.86","0","0","-","11.67","92.86","1.045","5","13","17","138","22.73","22","22","32","40.74"
"354","Kris Letang","Erik Karlsson","PIT","70","107.26666666667","147","94","61.00","93","71","56.71","61","44","58.10","8","14","36.36","7.17","15.69","31.36","69","50","57.98","34","22","60.71","6","3","66.67","35","28","55.56","0","4","0.00","124","27","82.12","2","2","50.00","13.11","68.18","0.813","58","4","2","237","96.67","120","12","9","93.02"
"355","Braden Schneider","Drew Fortescue","NYR","9","106.23333333333","86","105","45.03","63","74","45.99","38","46","45.24","6","3","66.67","3.56","5.11","41.06","42","51","45.16","19","22","46.34","3","2","60.00","23","29","44.23","3","1","75.00","42","56","42.86","0","0","-","15.79","93.48","1.093","11","16","14","61","44.00","24","29","36","40.00"
"356","Nicolas Hague","Justin Barron","NSH","32","105.61666666667","96","105","47.76","60","82","42.25","34","48","41.46","3","4","42.86","4.94","5.91","45.53","45","50","47.37","22","22","50.00","1","2","33.33","23","28","45.10","1","2","33.33","59","63","48.36","1","0","100.00","8.82","91.67","1.005","11","21","13","64","45.83","26","34","35","42.62"
"357","Tyler Tucker","Logan Mailloux","STL","55","103.2","98","85","53.55","70","67","51.09","41","38","51.90","3","9","25.00","5.13","4.93","50.96","54","40","57.45","20","22","47.62","2","6","25.00","34","18","65.38","0","0","-","47","44","51.65","1","3","25.00","7.32","76.32","0.836","8","21","6","115","57.14","23","30","17","57.50"
"358","Oliver Ekman-Larsson","Philippe Myers","TOR","35","103.1","87","108","44.62","71","74","48.97","50","47","51.55","6","2","75.00","3.6","4.7","43.40","36","46","43.90","14","19","42.42","2","1","66.67","22","27","44.90","2","0","100.00","58","65","47.15","2","1","66.67","12.00","95.74","1.077","12","21","14","103","46.15","20","29","29","40.82"
"359","Alex Petrovic","Ilya Lyubushkin","DAL","36","103.03333333333","76","94","44.71","49","63","43.75","42","38","52.50","1","4","20.00","3.05","3.88","44.00","35","40","46.67","12","15","44.44","0","2","0.00","23","25","47.92","1","0","100.00","39","50","43.82","0","2","0.00","2.38","89.47","0.919","6","19","15","106","28.57","17","28","28","37.78"
"360","Bowen Byram","Zach Metsa","BUF","43","102.61666666667","71","99","41.76","51","73","41.13","32","42","43.24","7","3","70.00","3.25","4.44","42.29","36","39","48.00","18","14","56.25","5","2","71.43","18","25","41.86","2","1","66.67","40","69","36.70","0","0","-","21.88","92.86","1.147","8","21","13","71","38.10","17","32","26","39.53"
"361","Dante Fabbro","Denton Mateychuk","CBJ","70","102.2","86","123","41.15","63","86","42.28","40","48","45.45","5","5","50.00","4.62","6.86","40.22","44","61","41.90","19","23","45.24","2","2","50.00","25","38","39.68","2","2","50.00","39","64","37.86","1","1","50.00","12.50","89.58","1.021","4","16","11","137","26.67","12","20","24","33.33"
"362","Esa Lindell","Nils Lundkvist","DAL","52","101.08333333333","70","106","39.77","41","72","36.28","26","46","36.11","2","3","40.00","2.7","5.57","32.64","34","49","40.96","13","25","34.21","1","0","100.00","21","24","46.67","1","1","50.00","43","64","40.19","0","2","0.00","7.69","93.48","1.012","11","26","12","61","47.83","25","36","26","49.02"
"363","Adam Larsson","Jamie Oleksiak","SEA","78","100.28333333333","43","168","20.38","29","132","18.01","23","88","20.72","3","17","15.00","2.96","12.2","19.51","13","97","11.82","6","45","11.76","1","10","9.09","7","52","11.86","1","2","33.33","28","102","21.54","1","5","16.67","13.04","80.68","0.937","2","10","37","223","5.13","5","11","67","6.94"
"364","Ilya Solovyov","Sam Malinski","COL","16","100.16666666667","123","82","60.00","86","57","60.14","55","39","58.51","1","2","33.33","5.02","2.82","64.01","55","28","66.27","25","12","67.57","1","2","33.33","30","16","65.22","0","0","-","68","53","56.20","0","0","-","1.82","94.87","0.967","14","21","11","48","56.00","33","28","22","60.00"
"365","Victor Mancini","Zeev Buium","VAN","17","99.916666666667","55","109","33.54","41","81","33.61","31","48","39.24","4","7","36.36","2.49","5.7","30.39","26","60","30.23","12","26","31.58","2","5","28.57","14","34","29.17","2","1","66.67","40","52","43.48","0","1","0.00","12.90","85.42","0.983","20","11","13","77","60.61","36","17","29","55.38"
"366","Adam Larsson","Ryker Evans","SEA","67","99.15","68","100","40.48","53","69","43.44","36","50","41.86","0","4","0.00","3.52","4.56","43.57","33","48","40.74","14","14","50.00","0","2","0.00","19","34","35.85","0","2","0.00","33","64","34.02","0","0","-","0.00","92.00","0.920","3","14","13","273","18.75","13","19","35","27.08"
"367","Jeff Petry","Niko Mikkola","FLA","58","99.05","63","99","38.89","53","75","41.41","27","52","34.18","1","7","12.50","3.12","5.46","36.37","30","44","40.54","13","20","39.39","0","4","0.00","17","24","41.46","1","2","33.33","39","63","38.24","0","1","0.00","3.70","86.54","0.902","10","13","15","110","40.00","16","22","33","32.65"
"368","Scott Mayfield","Alexander Romanov","NYI","13","99.033333333333","53","119","30.81","39","87","30.95","27","60","31.03","2","4","33.33","2.33","8.3","21.89","20","63","24.10","10","32","23.81","1","1","50.00","10","31","24.39","1","2","33.33","38","63","37.62","0","1","0.00","7.41","93.33","1.007","12","8","12","75","50.00","27","19","31","46.55"
"369","Arber Xhekaj","Lane Hutson","MTL","65","98.966666666667","87","86","50.29","63","64","49.61","34","42","44.74","5","5","50.00","3.93","5.43","41.97","35","46","43.21","15","23","39.47","2","3","40.00","20","23","46.51","1","1","50.00","58","42","58.00","2","1","66.67","14.71","88.10","1.028","7","4","5","179","58.33","21","9","16","56.76"
"370","Jeff Petry","Tobias Bjornfot","FLA","10","98.75","104","68","60.47","70","50","58.33","39","34","53.42","6","3","66.67","4.46","3.08","59.18","50","31","61.73","19","9","67.86","2","1","66.67","31","22","58.49","4","1","80.00","60","40","60.00","0","1","0.00","15.38","91.18","1.066","8","29","8","60","50.00","26","44","22","54.17"
"371","Henri Jokiharju","Jonathan Aspirot","BOS","28","98.383333333333","78","100","43.82","51","71","41.80","32","44","42.11","3","2","60.00","3.19","5.48","36.80","31","52","37.35","13","17","43.33","2","1","66.67","18","35","33.96","1","1","50.00","38","56","40.43","0","0","-","9.38","95.45","1.048","3","18","14","67","17.65","10","27","35","22.22"
"372","Alexandre Carrier","Jayden Struble","MTL","50","97.516666666667","91","125","42.13","64","92","41.03","38","58","39.58","3","3","50.00","4.52","8.71","34.18","45","70","39.13","18","46","28.13","3","2","60.00","27","24","52.94","0","1","0.00","46","53","46.46","0","0","-","7.89","94.83","1.027","4","20","9","103","30.77","16","26","23","41.03"
"373","William Borgen","Urho Vaakanainen","NYR","31","97.366666666667","82","90","47.67","51","64","44.35","26","44","37.14","2","4","33.33","2.62","4.4","37.27","36","49","42.35","13","15","46.43","1","2","33.33","23","34","40.35","1","1","50.00","36","45","44.44","0","1","0.00","7.69","90.91","0.986","4","15","11","75","26.67","12","18","25","32.43"
"374","Seth Jones","Donovan Sebrango","FLA","21","97.35","87","96","47.54","68","69","49.64","37","48","43.53","6","6","50.00","6.07","6.8","47.17","46","54","46.00","20","27","42.55","4","4","50.00","26","27","49.06","1","1","50.00","46","53","46.46","1","1","50.00","16.22","87.50","1.037","11","19","17","52","39.29","29","34","28","50.88"
"375","Mike Matheson","Lane Hutson","MTL","78","97.2","83","75","52.53","66","57","53.66","53","33","61.63","6","1","85.71","5.64","4.62","54.94","52","32","61.90","27","15","64.29","3","1","75.00","25","17","59.52","2","0","100.00","28","43","39.44","1","0","100.00","11.32","96.97","1.083","3","3","6","263","33.33","7","6","14","33.33"
"376","Josh Manson","Sam Malinski","COL","79","96.4","102","78","56.67","72","54","57.14","51","38","57.30","8","3","72.73","4.59","3.89","54.18","43","36","54.43","18","13","58.06","5","2","71.43","25","23","52.08","0","1","0.00","62","44","58.49","3","0","100.00","15.69","92.11","1.078","7","9","11","165","38.89","16","18","30","34.78"
"377","Connor Clifton","Ilya Solovyov","PIT","11","96.25","84","100","45.65","69","64","51.88","43","41","51.19","6","7","46.15","6.88","5.74","54.50","55","48","53.40","28","25","52.83","2","4","33.33","27","23","54.00","3","2","60.00","29","53","35.37","1","1","50.00","13.95","82.93","0.969","4","26","10","56","28.57","17","41","26","39.53"
"378","Drew Helleson","Ian Moore","ANA","45","96.216666666667","68","87","43.87","50","55","47.62","33","34","49.25","2","4","33.33","2.68","3.37","44.29","28","36","43.75","10","11","47.62","0","2","0.00","18","25","41.86","1","1","50.00","43","65","39.81","1","1","50.00","6.06","88.24","0.943","13","21","17","84","43.33","31","29","32","49.21"
"379","Josh Manson","Brett Kulak","COL","24","96.066666666667","101","82","55.19","69","59","53.91","44","33","57.14","1","2","33.33","4.24","4.5","48.55","46","38","54.76","18","13","58.06","0","0","-","28","25","52.83","1","2","33.33","52","55","48.60","0","0","-","2.27","93.94","0.962","4","18","22","81","15.38","15","26","31","32.61"
"380","Mike Benning","Donovan Sebrango","FLA","17","95.866666666667","87","109","44.39","66","85","43.71","39","55","41.49","7","7","50.00","4.54","6.83","39.94","43","50","46.24","19","28","40.43","1","5","16.67","24","22","52.17","3","1","75.00","45","61","42.45","3","1","75.00","17.95","87.27","1.052","7","18","13","80","35.00","21","27","29","42.00"
"381","Nate Schmidt","Mikhail Sergachev","UTA","78","95.783333333333","86","102","45.74","63","82","43.45","48","60","44.44","5","7","41.67","4.37","7.02","38.37","40","53","43.01","13","23","36.11","3","5","37.50","27","30","47.37","2","1","66.67","47","73","39.17","0","1","0.00","10.42","88.33","0.988","11","7","29","204","27.50","19","10","46","29.23"
"382","Victor Soderstrom","Mason Lohrei","BOS","8","95.533333333333","84","113","42.64","58","80","42.03","35","44","44.30","4","2","66.67","3.5","6","36.86","37","56","39.78","18","23","43.90","2","1","66.67","19","33","36.54","1","1","50.00","55","63","46.61","1","0","100.00","11.43","95.45","1.069","16","19","9","38","64.00","40","29","24","62.50"
"383","William Borgen","Vladislav Gavrikov","NYR","75","95.1","42","149","21.99","31","109","22.14","24","77","23.76","5","10","33.33","1.96","11.43","14.63","17","74","18.68","6","31","16.22","1","8","11.11","11","43","20.37","2","1","66.67","24","93","20.51","1","1","50.00","20.83","87.01","1.078","2","10","30","193","6.25","9","15","49","15.52"
"384","Mattias Ekholm","Darnell Nurse","EDM","82","95.066666666667","126","83","60.29","94","59","61.44","61","42","59.22","10","6","62.50","8.23","3.58","69.67","62","34","64.58","34","7","82.93","6","3","66.67","28","27","50.91","3","2","60.00","63","54","53.85","1","0","100.00","16.39","85.71","1.021","3","6","7","254","30.00","17","9","21","44.74"
"385","Roman Josi","Nick Blankenburg","NSH","40","94.666666666667","83","92","47.43","60","74","44.78","35","45","43.75","3","6","33.33","3.63","8.06","31.06","37","43","46.25","16","13","55.17","1","3","25.00","21","30","41.18","0","0","-","54","44","55.10","2","3","40.00","8.57","86.67","0.952","15","17","8","100","65.22","32","28","20","61.54"
"386","Hampus Lindholm","Nikita Zadorov","BOS","66","94.083333333333","67","138","32.68","52","101","33.99","36","72","33.33","2","8","20.00","6.49","8.89","42.19","30","73","29.13","11","29","27.50","1","4","20.00","19","44","30.16","0","1","0.00","28","89","23.93","1","3","25.00","5.56","88.89","0.944","2","7","29","201","6.45","8","11","54","12.90"
"387","Mattias Ekholm","Jake Walman","EDM","53","93.566666666667","118","71","62.43","85","55","60.71","52","34","60.47","5","4","55.56","7.04","3.46","67.06","55","35","61.11","30","17","63.83","2","3","40.00","25","18","58.14","3","1","75.00","67","46","59.29","0","0","-","9.62","88.24","0.979","19","12","13","147","59.38","31","24","21","59.62"
"388","Brent Burns","Cale Makar","COL","75","93.016666666667","106","88","54.64","75","65","53.57","50","43","53.76","7","2","77.78","6.21","4.08","60.35","53","50","51.46","21","20","51.22","2","1","66.67","32","30","51.61","1","1","50.00","46","43","51.69","3","0","100.00","14.00","95.35","1.093","9","2","8","227","52.94","30","8","19","61.22"
"389","Luke Schenn","Dylan Samberg","WPG","33","92.633333333333","68","91","42.77","46","59","43.81","30","31","49.18","3","3","50.00","4.49","3.35","57.24","32","36","47.06","16","12","57.14","3","1","75.00","16","24","40.00","0","2","0.00","37","58","38.95","0","0","-","10.00","90.32","1.003","5","16","19","105","20.83","15","26","37","28.85"
"390","Tyler Myers","Quinn Hughes","VAN","26","92.283333333333","98","93","51.31","78","69","53.06","49","39","55.68","3","6","33.33","6.65","4.11","61.80","49","46","51.58","26","21","55.32","2","5","28.57","23","25","47.92","1","1","50.00","47","54","46.53","0","0","-","6.12","84.62","0.907","6","12","10","148","37.50","15","15","21","41.67"
"391","Brett Pesce","Jonas Siegenthaler","N.J","37","91.85","59","107","35.54","41","80","33.88","19","49","27.94","1","6","14.29","2.56","6.55","28.08","24","52","31.58","9","26","25.71","1","3","25.00","15","26","36.59","0","2","0.00","38","65","36.89","0","1","0.00","5.26","87.76","0.930","9","24","13","93","40.91","16","26","34","32.00"
"392","Albert Johansson","Simon Edvinsson","DET","72","90.65","62","90","40.79","46","63","42.20","31","38","44.93","4","5","44.44","3.92","5.03","43.79","32","38","45.71","13","10","56.52","1","2","33.33","19","28","40.43","2","1","66.67","29","57","33.72","0","1","0.00","12.90","86.84","0.997","3","7","13","222","18.75","11","10","21","34.38"
"393","Samuel Girard","Cale Makar","COL","40","90.55","89","92","49.17","59","74","44.36","39","48","44.83","5","4","55.56","3.12","4.83","39.25","36","43","45.57","10","17","37.04","3","0","100.00","26","26","50.00","0","2","0.00","63","57","52.50","2","2","50.00","12.82","91.67","1.045","11","12","15","122","42.31","26","25","26","50.00"
"394","Oliver Ekman-Larsson","Brandon Carlo","TOR","51","90.316666666667","91","110","45.27","65","88","42.48","40","58","40.82","8","6","57.14","5.58","4.99","52.78","43","49","46.74","22","23","48.89","7","2","77.78","21","26","44.68","0","3","0.00","39","71","35.45","1","1","50.00","20.00","89.66","1.097","6","29","15","129","28.57","13","37","29","30.95"
"395","Scott Mayfield","Travis Mitchell","NYI","9","90.25","59","91","39.33","45","66","40.54","29","41","41.43","3","3","50.00","2.38","4.15","36.47","25","41","37.88","8","17","32.00","1","1","50.00","17","24","41.46","2","1","66.67","44","49","47.31","0","1","0.00","10.34","92.68","1.030","17","31","9","21","65.38","38","41","18","67.86"
"396","Shea Theodore","Noah Hanifin","VGK","60","89.4","107","66","61.85","82","54","60.29","56","31","64.37","8","2","80.00","6.21","3.32","65.17","55","31","63.95","24","13","64.86","3","2","60.00","31","18","63.27","2","0","100.00","59","36","62.11","3","0","100.00","14.29","93.55","1.078","16","8","2","169","88.89","22","11","13","62.86"
"397","Andrew Peeke","Jonathan Aspirot","BOS","56","89.4","68","118","36.56","49","86","36.30","34","61","35.79","4","6","40.00","3.1","8.96","25.68","30","70","30.00","17","37","31.48","2","4","33.33","13","33","28.26","2","1","66.67","32","54","37.21","0","1","0.00","11.76","90.16","1.019","2","10","11","154","15.38","6","18","24","20.00"
"398","Daemon Hunt","David Jiricek","MIN","12","89.25","79","116","40.51","56","86","39.44","36","56","39.13","4","3","57.14","3.13","6.38","32.96","37","55","40.22","13","26","33.33","0","2","0.00","24","29","45.28","3","1","75.00","41","70","36.94","1","0","100.00","11.11","94.64","1.058","13","12","16","40","44.83","24","25","39","38.10"
"399","Logan Stanley","Zach Metsa","BUF","10","88.883333333333","84","72","53.85","67","54","55.37","46","37","55.42","4","4","50.00","3.36","3.54","48.70","29","34","46.03","13","12","52.00","3","1","75.00","16","22","42.11","0","2","0.00","57","60","48.72","1","1","50.00","8.70","89.19","0.979","7","21","22","43","24.14","17","31","43","28.33"
"400","Ethan Del Mastro","Kevin Korchinski","CHI","8","88.733333333333","74","74","50.00","54","53","50.47","34","36","48.57","2","3","40.00","3.08","3.16","49.32","29","38","43.28","12","13","48.00","1","1","50.00","17","25","40.48","1","1","50.00","51","41","55.43","0","1","0.00","5.88","91.67","0.975","7","12","14","49","33.33","26","19","29","47.27"
"401","Justin Holl","Cam Fowler","STL","9","88.666666666667","72","82","46.75","49","60","44.95","34","37","47.89","6","2","75.00","3.26","3.71","46.81","37","38","49.33","14","18","43.75","6","1","85.71","23","20","53.49","0","0","-","36","53","40.45","0","1","0.00","17.65","94.59","1.122","7","14","11","44","38.89","22","26","22","50.00"
"402","Nick Jensen","Tyler Kleven","OTT","56","87.633333333333","69","87","44.23","46","68","40.35","27","43","38.57","4","8","33.33","3.5","5.82","37.54","35","47","42.68","14","16","46.67","2","4","33.33","21","31","40.38","1","4","20.00","27","46","36.99","0","0","-","14.81","81.40","0.962","4","14","6","148","40.00","10","21","14","41.67"
"403","Jake Walman","Evan Bouchard","EDM","53","87.283333333333","116","56","67.44","92","41","69.17","68","25","73.12","9","6","60.00","7.08","5.03","58.47","67","26","72.04","23","9","71.88","4","1","80.00","44","17","72.13","4","3","57.14","65","27","70.65","1","1","50.00","13.24","76.00","0.892","16","8","4","167","80.00","40","11","10","80.00"
"404","Morgan Rielly","Jake McCabe","TOR","76","87.216666666667","86","107","44.56","69","85","44.81","52","59","46.85","8","11","42.11","4.56","5.5","45.30","46","60","43.40","17","22","43.59","4","9","30.77","29","38","43.28","3","1","75.00","46","45","50.55","1","1","50.00","15.38","81.36","0.967","15","3","5","325","75.00","21","7","8","72.41"
"405","Steven Santini","Declan Carlile","T.B","11","87.216666666667","59","76","43.70","38","56","40.43","24","37","39.34","1","2","33.33","2.41","3.24","42.60","27","30","47.37","9","7","56.25","0","0","-","18","23","43.90","1","2","33.33","33","48","40.74","0","0","-","4.17","94.59","0.988","13","28","7","37","65.00","22","43","19","53.66"
"406","Arber Xhekaj","Adam Engstrom","MTL","12","87.183333333333","78","78","50.00","57","52","52.29","26","33","44.07","2","4","33.33","4.02","3.91","50.70","38","39","49.35","19","15","55.88","0","1","0.00","19","24","44.19","1","2","33.33","44","40","52.38","1","1","50.00","7.69","87.88","0.956","12","17","9","44","57.14","25","27","19","56.82"
"407","MacKenzie Weegar","Jake Bean","CGY","16","87.166666666667","100","75","57.14","64","50","56.14","48","38","55.81","2","5","28.57","3.91","3.75","51.05","42","39","51.85","18","19","48.65","1","2","33.33","24","20","54.55","1","2","33.33","55","40","57.89","0","1","0.00","4.17","86.84","0.910","10","20","12","71","45.45","23","34","19","54.76"
"408","K'Andre Miller","Joel Nystrom","CAR","29","86.983333333333","112","48","70.00","82","35","70.09","45","25","64.29","6","4","60.00","5.93","2.09","73.91","55","23","70.51","25","8","75.76","3","3","50.00","30","15","66.67","3","1","75.00","68","36","65.38","0","0","-","13.33","84.00","0.973","22","13","16","48","57.89","42","20","32","56.76"
"409","Jacob Bryson","Zach Metsa","BUF","11","86.85","55","90","37.93","39","65","37.50","21","44","32.31","3","1","75.00","1.86","3.95","32.08","18","43","29.51","7","18","28.00","1","1","50.00","11","25","30.56","1","0","100.00","39","49","44.32","1","0","100.00","14.29","97.73","1.120","12","22","11","53","52.17","27","32","24","52.94"
"410","Haydn Fleury","Neal Pionk","WPG","26","86.283333333333","71","94","43.03","48","73","39.67","32","50","39.02","0","9","0.00","3.09","4.72","39.58","30","55","35.29","15","19","44.12","0","3","0.00","15","36","29.41","0","5","0.00","44","55","44.44","0","1","0.00","0.00","82.00","0.820","6","14","16","85","27.27","18","20","31","36.73"
"411","Adam Pelech","Carson Soucy","NYI","30","86.25","78","63","55.32","59","47","55.66","34","33","50.75","1","4","20.00","4.96","2.8","63.90","45","29","60.81","20","14","58.82","1","3","25.00","25","15","62.50","0","1","0.00","38","39","49.35","0","0","-","2.94","87.88","0.908","4","15","13","105","23.53","18","28","24","42.86"
"412","Marcus Pettersson","Victor Mancini","VAN","24","86.066666666667","55","109","33.54","34","78","30.36","24","58","29.27","2","5","28.57","2.68","4.84","35.66","27","48","36.00","11","21","34.38","1","2","33.33","16","27","37.21","1","2","33.33","31","69","31.00","0","1","0.00","8.33","91.38","0.997","6","7","10","81","37.50","16","10","24","40.00"
"413","Dmitry Orlov","Sam Dickinson","S.J","72","85.35","79","75","51.30","50","60","45.45","38","40","48.72","2","5","28.57","3.22","5.11","38.64","32","39","45.07","14","22","38.89","1","4","20.00","18","17","51.43","1","0","100.00","48","42","53.33","0","1","0.00","5.26","87.50","0.928","7","13","6","143","53.85","21","22","16","56.76"
"414","Josh Manson","Samuel Girard","COL","40","84.666666666667","95","60","61.29","68","46","59.65","48","32","60.00","5","4","55.56","3.82","2.06","64.94","44","23","65.67","16","8","66.67","2","1","66.67","28","15","65.12","2","3","40.00","48","47","50.53","1","0","100.00","10.42","87.50","0.979","9","8","10","118","47.37","20","16","24","45.45"
"415","John Klingberg","Sam Dickinson","S.J","47","84.633333333333","79","87","47.59","57","67","45.97","42","44","48.84","6","3","66.67","4.37","4.14","51.32","39","44","46.99","19","23","45.24","3","1","75.00","20","21","48.78","2","1","66.67","38","46","45.24","1","1","50.00","14.29","93.18","1.075","10","19","7","88","58.82","22","28","20","52.38"
"416","Maxwell Crozier","Emil Martinsen Lilleberg","T.B","15","84.216666666667","77","69","52.74","62","48","56.36","40","38","51.28","5","3","62.50","3.7","3.63","50.45","32","27","54.24","16","12","57.14","2","2","50.00","16","15","51.61","2","1","66.67","51","48","51.52","1","0","100.00","12.50","92.11","1.046","10","18","12","48","45.45","27","25","29","48.21"
"417","Kris Letang","Parker Wotherspoon","PIT","74","83.55","52","84","38.24","36","67","34.95","27","47","36.49","1","7","12.50","2.18","4.54","32.39","20","43","31.75","8","25","24.24","0","4","0.00","12","18","40.00","1","1","50.00","31","47","39.74","0","2","0.00","3.70","85.11","0.888","0","5","3","231","0.00","3","9","13","18.75"
"418","Jonas Brodin","Jacob Middleton","MIN","59","83.066666666667","76","87","46.63","59","46","56.19","42","28","60.00","9","3","75.00","4.91","2.35","67.58","39","32","54.93","22","6","78.57","5","2","71.43","17","26","39.53","2","1","66.67","35","52","40.23","2","0","100.00","21.43","89.29","1.107","2","4","8","208","20.00","12","13","14","46.15"
"419","Trevor van Riemsdyk","Matt Roy","WSH","65","83.033333333333","55","133","29.26","40","99","28.78","27","67","28.72","3","10","23.08","4.01","9.96","28.72","26","70","27.08","11","32","25.58","0","6","0.00","15","38","28.30","2","0","100.00","27","76","26.21","1","4","20.00","11.11","85.07","0.962","3","8","23","91","11.54","6","12","36","14.29"
"420","Josh Morrissey","Logan Stanley","WPG","55","82.966666666667","70","90","43.75","55","59","48.25","34","39","46.58","9","6","60.00","4.13","6.63","38.41","34","41","45.33","15","18","45.45","5","5","50.00","19","23","45.24","0","1","0.00","43","47","47.78","3","0","100.00","26.47","84.62","1.111","14","4","3","186","82.35","31","7","8","79.49"
"421","Matt Dumba","Ryan Graves","PIT","6","82.083333333333","71","89","44.38","48","56","46.15","31","36","46.27","2","7","22.22","2.51","3.78","39.90","25","43","36.76","10","17","37.04","1","3","25.00","15","26","36.59","0","3","0.00","53","52","50.48","1","1","50.00","6.45","80.56","0.870","2","15","8","38","20.00","19","26","23","45.24"
"422","Vladislav Gavrikov","Matthew Robertson","NYR","72","82.016666666667","40","119","25.16","35","77","31.25","26","57","31.33","3","4","42.86","1.96","8.24","19.23","18","59","23.38","8","26","23.53","1","3","25.00","10","33","23.26","1","1","50.00","17","64","20.99","1","0","100.00","11.54","92.98","1.045","1","4","12","247","7.69","1","5","24","4.00"
"423","Jordan Spence","Nikolas Matinpalo","OTT","41","81.6","72","82","46.75","53","55","49.07","36","32","52.94","2","8","20.00","4.4","3.45","56.03","41","39","51.25","22","16","57.89","1","4","20.00","19","23","45.24","1","3","25.00","35","46","43.21","0","1","0.00","5.56","75.00","0.806","8","20","15","89","34.78","18","28","27","40.00"
"424","Ivan Provorov","Egor Zamula","CBJ","20","81.45","61","88","40.94","43","65","39.81","29","44","39.73","3","4","42.86","2.21","4.45","33.15","26","42","38.24","11","15","42.31","2","1","66.67","15","27","35.71","1","0","100.00","30","52","36.59","0","3","0.00","10.34","90.91","1.013","6","14","7","26","46.15","13","22","27","32.50"
"425","Cody Ceci","Jacob Moverare","L.A","15","81.2","117","80","59.39","73","52","58.40","44","32","57.89","3","4","42.86","5.12","3.09","62.38","65","36","64.36","30","13","69.77","1","1","50.00","35","23","60.34","2","2","50.00","54","46","54.00","0","1","0.00","6.82","87.50","0.943","7","13","7","46","50.00","25","25","18","58.14"
"426","Brady Skjei","Justin Barron","NSH","52","81.05","76","65","53.90","63","41","60.58","43","22","66.15","5","2","71.43","4.76","2.11","69.35","37","24","60.66","19","6","76.00","2","1","66.67","18","18","50.00","2","1","66.67","42","41","50.60","1","0","100.00","11.63","90.91","1.025","6","8","11","83","35.29","19","14","23","45.24"
"427","Charles-Edouard D'Astous","Maxwell Crozier","T.B","28","80.55","64","59","52.03","49","43","53.26","25","25","50.00","2","5","28.57","3.63","2.18","62.49","35","18","66.04","15","8","65.22","0","4","0.00","20","10","66.67","2","1","66.67","26","42","38.24","0","0","-","8.00","80.00","0.880","6","12","4","114","60.00","10","14","15","40.00"
"428","Brent Burns","Samuel Girard","COL","40","80.3","81","98","45.25","53","72","42.40","39","48","44.83","4","2","66.67","4.01","4.42","47.57","38","38","50.00","13","12","52.00","1","1","50.00","25","26","49.02","2","1","66.67","49","60","44.95","1","0","100.00","10.26","95.83","1.061","10","5","13","65","43.48","20","19","24","45.45"
"429","Brian Dumoulin","Mikey Anderson","L.A","80","80.216666666667","64","83","43.54","45","49","47.87","32","28","53.33","4","2","66.67","2.86","4.72","37.76","30","39","43.48","13","17","43.33","2","1","66.67","17","22","43.59","2","1","66.67","26","41","38.81","0","0","-","12.50","92.86","1.054","1","9","3","221","25.00","4","11","11","26.67"
"430","Josh Manson","Devon Toews","COL","66","80.183333333333","67","95","41.36","50","72","40.98","33","44","42.86","6","7","46.15","6.02","7.73","43.80","32","52","38.10","11","31","26.19","2","5","28.57","21","21","50.00","2","1","66.67","25","68","26.88","1","1","50.00","18.18","84.09","1.023","1","11","22","169","4.35","4","16","47","7.84"
"431","Jeff Petry","Jacob Middleton","MIN","9","79.816666666667","79","75","51.30","65","55","54.17","43","32","57.33","4","8","33.33","4.87","3.35","59.27","43","37","53.75","21","15","58.33","3","3","50.00","22","22","50.00","0","3","0.00","36","40","47.37","1","2","33.33","9.30","75.00","0.843","2","10","8","50","20.00","13","23","20","39.39"
"432","Ian Cole","Dmitri Simashev","UTA","28","79.8","54","94","36.49","40","57","41.24","26","36","41.94","2","3","40.00","2.74","3.37","44.85","23","46","33.33","13","14","48.15","1","1","50.00","10","32","23.81","1","1","50.00","34","48","41.46","0","1","0.00","7.69","91.67","0.994","7","15","3","67","70.00","20","20","15","57.14"
"433","Dylan DeMelo","Neal Pionk","WPG","51","79.416666666667","43","123","25.90","38","83","31.40","28","59","32.18","4","8","33.33","4.96","7.86","38.69","18","72","20.00","9","30","23.08","3","6","33.33","9","42","17.65","0","1","0.00","19","77","19.79","1","1","50.00","14.29","86.44","1.007","1","7","28","189","3.45","3","9","53","5.36"
"434","Rasmus Sandin","Declan Chisholm","WSH","20","79.35","74","92","44.58","49","66","42.61","33","38","46.48","2","4","33.33","3.09","5.23","37.17","33","47","41.25","12","24","33.33","2","3","40.00","21","23","47.73","0","1","0.00","40","51","43.96","0","0","-","6.06","89.47","0.955","5","13","11","43","31.25","21","23","23","47.73"
"435","Victor Hedman","Erik Cernak","T.B","28","78.65","53","99","34.87","37","70","34.58","22","48","31.43","5","4","55.56","5.39","4.95","52.13","27","52","34.18","17","20","45.95","5","1","83.33","10","32","23.81","0","2","0.00","24","52","31.58","0","1","0.00","22.73","91.67","1.144","4","15","7","107","36.36","15","21","17","46.88"
"436","Jake Bean","Brayden Pachal","CGY","7","78.533333333333","82","76","51.90","61","51","54.46","40","27","59.70","4","6","40.00","3.87","2.61","59.77","40","33","54.79","21","11","65.63","3","2","60.00","19","22","46.34","0","3","0.00","52","49","51.49","1","1","50.00","10.00","77.78","0.878","14","10","9","47","60.87","28","23","17","62.22"
"437","John Marino","Sean Durzi","UTA","58","78.233333333333","50","86","36.76","36","67","34.95","20","45","30.77","2","4","33.33","2.01","5.52","26.63","22","44","33.33","8","19","29.63","0","2","0.00","14","25","35.90","1","0","100.00","23","43","34.85","1","2","33.33","10.00","91.11","1.011","1","1","10","246","9.09","4","2","18","18.18"
"438","Cam Fowler","Philip Broberg","STL","81","78.033333333333","70","60","53.85","57","43","57.00","39","24","61.90","5","2","71.43","3.36","3.22","51.10","39","30","56.52","11","13","45.83","1","2","33.33","28","17","62.22","4","0","100.00","27","27","50.00","0","0","-","12.82","91.67","1.045","2","1","1","280","66.67","6","2","5","54.55"
"439","Seth Jones","Gustav Forsling","FLA","51","77.733333333333","59","98","37.58","42","71","37.17","24","47","33.80","4","7","36.36","3.63","6.92","34.41","25","53","32.05","9","29","23.68","3","4","42.86","16","24","40.00","0","2","0.00","33","48","40.74","1","1","50.00","16.67","85.11","1.018","3","3","11","123","21.43","11","6","25","30.56"
"440","Brady Skjei","Nicolas Hague","NSH","62","77.633333333333","38","89","29.92","31","65","32.29","20","54","27.03","2","5","28.57","2.88","6.65","30.23","13","52","20.00","6","26","18.75","1","3","25.00","7","26","21.21","0","2","0.00","20","53","27.40","1","0","100.00","10.00","90.74","1.007","1","4","17","149","5.56","3","13","42","6.67"
"441","Gustav Forsling","Mike Benning","FLA","16","77.333333333333","99","62","61.49","67","46","59.29","45","26","63.38","4","5","44.44","5.25","4.15","55.87","50","33","60.24","19","15","55.88","1","1","50.00","31","18","63.27","3","1","75.00","60","35","63.16","0","1","0.00","8.89","80.77","0.897","13","8","13","66","50.00","35","21","23","60.34"
"442","Ben Chiarot","Simon Edvinsson","DET","72","77.3","68","84","44.74","51","68","42.86","33","48","40.74","3","5","37.50","6.27","5.5","53.26","37","44","45.68","19","26","42.22","1","2","33.33","18","18","50.00","0","2","0.00","26","42","38.24","2","1","66.67","9.09","89.58","0.987","0","0","0","281","-","1","1","6","14.29"
"443","Morgan Rielly","Simon Benoit","TOR","69","76.916666666667","55","105","34.38","40","77","34.19","25","47","34.72","3","6","33.33","3.25","5.63","36.57","26","60","30.23","11","20","35.48","2","2","50.00","15","40","27.27","1","4","20.00","25","46","35.21","0","0","-","12.00","87.23","0.992","4","2","5","182","44.44","8","3","10","44.44"
"444","Josh Morrissey","Elias Salomonsson","WPG","27","76.9","81","85","48.80","50","70","41.67","30","49","37.97","2","4","33.33","3.6","6.59","35.33","46","34","57.50","19","16","54.29","0","2","0.00","27","18","60.00","1","1","50.00","40","53","43.01","1","1","50.00","6.67","91.84","0.985","10","14","4","73","71.43","31","19","17","64.58"
"445","Brayden McNabb","Jeremy Lauzon","VGK","49","76.866666666667","18","122","12.86","17","87","16.35","13","53","19.70","1","11","8.33","1.56","8.5","15.48","5","70","6.67","2","23","8.00","0","5","0.00","3","47","6.00","1","4","20.00","7","89","7.29","0","2","0.00","7.69","79.25","0.869","1","2","46","113","2.13","3","6","74","3.90"
"446","Brenden Dillon","Jonas Siegenthaler","N.J","82","76.783333333333","44","88","33.33","38","69","35.51","24","49","32.88","1","10","9.09","2.61","5.76","31.18","19","48","28.36","10","17","37.04","0","1","0.00","9","31","22.50","0","7","0.00","21","44","32.31","0","2","0.00","4.17","79.59","0.838","2","3","8","198","20.00","5","7","18","21.74"
"447","Nikita Zadorov","Mason Lohrei","BOS","72","76.683333333333","73","76","48.99","51","53","49.04","39","40","49.37","2","0","100.00","2.17","4.07","34.79","25","39","39.06","7","17","29.17","2","0","100.00","18","22","45.00","0","0","-","43","35","55.13","0","0","-","5.13","100.00","1.051","6","9","3","192","66.67","18","10","6","75.00"
"448","Brenden Dillon","Johnathan Kovacevic","N.J","34","76.566666666667","53","98","35.10","43","70","38.05","35","49","41.67","6","8","42.86","4.14","7.39","35.90","26","61","29.89","14","27","34.15","1","4","20.00","12","34","26.09","3","4","42.86","23","57","28.75","1","0","100.00","17.14","83.67","1.008","4","19","32","62","11.11","10","25","50","16.67"
"449","Jonathan Aspirot","Mason Lohrei","BOS","52","75.633333333333","66","78","45.83","53","61","46.49","38","32","54.29","7","1","87.50","3.14","4.14","43.10","35","36","49.30","12","15","44.44","2","1","66.67","23","21","52.27","3","0","100.00","29","42","40.85","2","0","100.00","18.42","96.88","1.153","5","13","4","93","55.56","12","22","13","48.00"
"450","Brock Faber","Zeev Buium","MIN","31","75.366666666667","71","82","46.41","55","61","47.41","35","42","45.45","4","2","66.67","4.08","3.85","51.42","35","35","50.00","16","16","50.00","3","1","75.00","19","19","50.00","1","1","50.00","34","53","39.08","0","0","-","11.43","95.24","1.067","5","9","9","79","35.71","12","14","23","34.29"
"451","Darren Raddysh","Emil Martinsen Lilleberg","T.B","42","75.333333333333","56","67","45.53","36","50","41.86","26","35","42.62","1","3","25.00","2.75","3.8","42.00","24","31","43.64","10","16","38.46","1","2","33.33","14","15","48.28","0","0","-","36","44","45.00","0","1","0.00","3.85","91.43","0.953","12","9","8","110","60.00","25","16","19","56.82"
"452","Dougie Hamilton","Brett Pesce","N.J","36","75.316666666667","76","77","49.67","59","57","50.86","43","35","55.13","2","3","40.00","3.13","3.5","47.24","32","32","50.00","12","13","48.00","0","1","0.00","20","19","51.28","1","0","100.00","50","40","55.56","1","2","33.33","4.65","91.43","0.961","12","22","9","114","57.14","25","28","15","62.50"
"453","Josh Mahura","Ryker Evans","SEA","9","75.133333333333","57","78","42.22","43","57","43.00","26","43","37.68","2","3","40.00","2.1","3.3","38.84","26","30","46.43","10","15","40.00","0","2","0.00","16","15","51.61","1","1","50.00","35","50","41.18","1","0","100.00","7.69","93.02","1.007","7","18","7","46","50.00","17","23","25","40.48"
"454","Ryan McDonagh","Janis Moser","T.B","46","74.766666666667","48","81","37.21","33","61","35.11","20","42","32.26","3","4","42.86","3.6","4.71","43.29","23","37","38.33","10","15","40.00","1","2","33.33","13","22","37.14","0","1","0.00","24","54","30.77","0","1","0.00","15.00","90.48","1.055","2","6","21","85","8.70","5","11","37","11.90"
"455","Zach Bogosian","Jared Spurgeon","MIN","40","74.766666666667","62","91","40.52","51","62","45.13","35","40","46.67","6","2","75.00","3.84","6.12","38.56","25","49","33.78","12","15","44.44","1","0","100.00","13","34","27.66","0","1","0.00","31","46","40.26","3","1","75.00","17.14","95.00","1.121","2","10","12","100","14.29","9","15","22","29.03"
"456","Jaccob Slavin","Sean Walker","CAR","39","74.75","75","63","54.35","56","48","53.85","34","31","52.31","3","8","27.27","6.76","3.66","64.89","38","32","54.29","14","14","50.00","1","4","20.00","24","18","57.14","1","2","33.33","28","47","37.33","0","2","0.00","8.82","74.19","0.830","9","13","17","73","34.62","18","24","43","29.51"
"457","Justin Barron","Nick Blankenburg","NSH","22","74.75","77","73","51.33","54","58","48.21","31","44","41.33","1","7","12.50","3.54","3.45","50.65","33","29","53.23","16","12","57.14","1","4","20.00","17","17","50.00","0","1","0.00","38","42","47.50","0","2","0.00","3.23","84.09","0.873","1","15","4","53","20.00","14","30","15","48.28"
"458","Brandon Carlo","Simon Benoit","TOR","50","74.716666666667","35","105","25.00","30","76","28.30","19","55","25.68","4","5","44.44","2","6.6","23.23","17","51","25.00","7","25","21.88","1","4","20.00","10","26","27.78","2","0","100.00","16","63","20.25","0","0","-","21.05","90.91","1.120","1","10","23","95","4.17","2","20","40","4.76"
"459","Carson Soucy","Scott Morrow","NYR","22","74.55","63","72","46.67","44","55","44.44","29","38","43.28","3","5","37.50","3.09","3.17","49.42","27","36","42.86","12","10","54.55","1","1","50.00","15","26","36.59","0","3","0.00","41","40","50.62","2","1","66.67","10.34","86.84","0.972","7","17","10","54","41.18","19","27","21","47.50"
"460","Dmitry Kulikov","Seth Jones","FLA","12","74.216666666667","62","66","48.44","46","57","44.66","27","41","39.71","4","4","50.00","3.12","4.25","42.33","26","28","48.15","12","18","40.00","3","2","60.00","14","10","58.33","0","1","0.00","34","45","43.04","1","1","50.00","14.81","90.24","1.051","6","20","18","56","25.00","15","34","28","34.88"
"461","Josh Manson","Cale Makar","COL","73","73.866666666667","73","73","50.00","60","49","55.05","40","33","54.79","7","4","63.64","5.03","3.43","59.46","37","34","52.11","13","16","44.83","3","4","42.86","24","18","57.14","0","0","-","34","40","45.95","3","0","100.00","17.50","87.88","1.054","2","1","5","214","28.57","7","2","14","33.33"
"462","Olli Maatta","Kevin Bahl","CGY","16","73.683333333333","52","90","36.62","35","66","34.65","25","40","38.46","2","5","28.57","1.92","6.43","22.99","20","39","33.90","7","16","30.43","1","2","33.33","13","23","36.11","0","2","0.00","33","66","33.33","1","1","50.00","8.00","87.50","0.955","6","15","28","65","17.65","14","22","39","26.42"
"463","Henri Jokiharju","Mason Lohrei","BOS","33","73.683333333333","79","66","54.48","58","50","53.70","41","33","55.41","7","3","70.00","5.05","3.77","57.22","38","35","52.05","21","14","60.00","3","1","75.00","17","21","44.74","2","2","50.00","46","32","58.97","2","0","100.00","17.07","90.91","1.080","6","11","3","132","66.67","18","18","9","66.67"
"464","Mike Reilly","Jalen Chatfield","CAR","32","73.316666666667","87","95","47.80","64","67","48.85","44","48","47.83","7","4","63.64","5.31","6.41","45.31","44","64","40.74","19","28","40.43","4","1","80.00","25","36","40.98","2","3","40.00","38","39","49.35","1","0","100.00","15.91","91.67","1.076","7","23","15","69","31.82","18","39","28","39.13"
"465","Rasmus Dahlin","Zach Metsa","BUF","41","73.316666666667","80","59","57.55","56","40","58.33","39","24","61.90","3","1","75.00","3.99","3.23","55.29","38","32","54.29","16","11","59.26","2","1","66.67","22","21","51.16","1","0","100.00","41","28","59.42","0","0","-","7.69","95.83","1.035","8","14","7","65","53.33","23","23","16","58.97"
"466","Noah Dobson","Kaiden Guhle","MTL","37","73.25","47","89","34.56","41","56","42.27","33","35","48.53","3","2","60.00","3.97","5.62","41.42","26","49","34.67","13","22","37.14","1","2","33.33","13","27","32.50","1","0","100.00","23","37","38.33","0","0","-","9.09","94.29","1.034","7","9","12","98","36.84","11","15","18","37.93"
"467","Caleb Jones","Harrison Brunicke","PIT","6","72.75","68","76","47.22","51","49","51.00","38","28","57.58","4","2","66.67","4.5","3.84","53.91","35","40","46.67","21","23","47.73","2","1","66.67","14","17","45.16","1","1","50.00","34","44","43.59","1","0","100.00","10.53","92.86","1.034","9","14","8","47","52.94","20","22","23","46.51"
"468","Brady Skjei","Nick Blankenburg","NSH","49","72.733333333333","59","71","45.38","48","56","46.15","30","35","46.15","3","4","42.86","4.17","5.02","45.38","38","41","48.10","18","21","46.15","3","2","60.00","20","20","50.00","0","1","0.00","21","38","35.59","0","0","-","10.00","88.57","0.986","11","6","7","87","61.11","14","12","21","40.00"
"469","Dougie Hamilton","Simon Nemec","N.J","63","72.416666666667","79","63","55.63","51","49","51.00","33","38","46.48","2","9","18.18","2.85","3.48","45.02","33","31","51.56","10","14","41.67","0","3","0.00","23","17","57.50","2","4","33.33","52","33","61.18","0","1","0.00","6.06","76.32","0.824","14","2","2","218","87.50","24","7","8","75.00"
"470","Hampus Lindholm","Jonathan Aspirot","BOS","54","72.4","69","57","54.76","50","43","53.76","33","30","52.38","3","0","100.00","3","4.02","42.76","27","34","44.26","14","18","43.75","2","0","100.00","13","16","44.83","1","0","100.00","45","30","60.00","0","0","-","9.09","100.00","1.091","6","8","5","140","54.55","16","16","13","55.17"
"471","Jeff Petry","Gustav Forsling","FLA","58","72.266666666667","75","53","58.59","54","45","54.55","36","25","59.02","0","5","0.00","4.55","3.61","55.80","40","23","63.49","16","13","55.17","0","3","0.00","24","10","70.59","0","1","0.00","34","32","51.52","0","1","0.00","0.00","80.00","0.800","3","3","3","117","50.00","15","4","12","55.56"
"472","Brett Kulak","Ryan Shea","PIT","25","72.233333333333","58","58","50.00","49","51","49.00","33","31","51.56","3","6","33.33","4.55","2.83","61.62","30","29","50.85","14","12","53.85","2","2","50.00","16","17","48.48","0","1","0.00","31","39","44.29","1","3","25.00","9.09","80.65","0.897","8","7","13","57","38.10","22","11","22","50.00"
"473","Mattias Samuelsson","Michael Kesselring","BUF","33","71.866666666667","74","63","54.01","55","42","56.70","30","27","52.63","4","5","44.44","3.21","2.76","53.77","32","20","61.54","13","11","54.17","3","2","60.00","19","9","67.86","1","1","50.00","37","43","46.25","0","2","0.00","13.33","81.48","0.948","1","14","11","71","8.33","6","19","18","25.00"
"474","Noah Juulsen","Egor Zamula","PHI","9","71.466666666667","63","59","51.64","39","41","48.75","27","25","51.92","3","4","42.86","2.54","2.36","51.83","23","27","46.00","11","11","50.00","3","0","100.00","12","16","42.86","0","2","0.00","45","32","58.44","0","2","0.00","11.11","84.00","0.951","15","20","6","49","71.43","29","31","8","78.38"
"475","Mattias Samuelsson","Zach Metsa","BUF","41","70.8","57","98","36.77","44","69","38.94","29","40","42.03","5","0","100.00","3.39","3.82","47.04","31","47","39.74","16","13","55.17","2","0","100.00","15","34","30.61","3","0","100.00","34","53","39.08","0","0","-","17.24","100.00","1.172","7","8","9","58","43.75","23","12","17","57.50"
"476","Timothy Liljegren","Sam Dickinson","S.J","34","70.083333333333","54","93","36.73","39","66","37.14","28","39","41.79","2","8","20.00","3.32","4.36","43.23","33","54","37.93","19","19","50.00","1","4","20.00","14","35","28.57","1","3","25.00","21","49","30.00","0","1","0.00","7.14","79.49","0.866","6","12","15","70","28.57","15","18","30","33.33"
"477","Jacob Middleton","David Jiricek","MIN","19","69.333333333333","78","76","50.65","55","55","50.00","34","35","49.28","0","2","0.00","3.8","3.42","52.61","42","38","52.50","16","17","48.48","0","1","0.00","26","21","55.32","0","0","-","34","42","44.74","0","1","0.00","0.00","94.29","0.943","7","11","12","46","36.84","18","18","29","38.30"
"478","Brent Burns","Brett Kulak","COL","27","69","53","79","40.15","42","63","40.00","27","35","43.55","1","2","33.33","3.29","5.42","37.75","25","46","35.21","10","21","32.26","1","1","50.00","15","25","37.50","0","1","0.00","22","43","33.85","0","0","-","3.70","94.29","0.980","5","10","15","77","25.00","12","15","32","27.27"
"479","Yan Kuznetsov","Zayne Parekh","CGY","16","68.95","65","79","45.14","46","60","43.40","27","40","40.30","2","4","33.33","3.23","4.3","42.89","25","53","32.05","13","20","39.39","2","2","50.00","12","33","26.67","0","2","0.00","50","24","67.57","0","0","-","7.41","90.00","0.974","13","6","3","74","81.25","29","11","4","87.88"
"480","Jakob Chychrun","Declan Chisholm","WSH","25","68.75","60","78","43.48","40","57","41.24","27","31","46.55","3","5","37.50","2.3","4.55","33.56","27","42","39.13","9","16","36.00","1","2","33.33","18","26","40.91","2","3","40.00","36","31","53.73","0","0","-","11.11","83.87","0.950","1","4","1","34","50.00","15","12","8","65.22"
"481","Andrew Peeke","Jordan Harris","BOS","8","68.733333333333","72","59","54.96","53","42","55.79","31","29","51.67","2","5","28.57","2.84","2.72","51.04","33","25","56.90","13","11","54.17","0","4","0.00","20","14","58.82","2","0","100.00","41","34","54.67","0","1","0.00","6.45","82.76","0.892","6","17","5","38","54.55","14","25","18","43.75"
"482","Janis Moser","Declan Carlile","T.B","41","68.55","47","69","40.52","32","49","39.51","22","28","44.00","5","3","62.50","1.56","3.35","31.76","21","32","39.62","6","15","28.57","2","2","50.00","15","17","46.88","2","1","66.67","29","36","44.62","1","0","100.00","22.73","89.29","1.120","9","9","6","77","60.00","20","21","12","62.50"
"483","Aaron Ekblad","Niko Mikkola","FLA","66","68.216666666667","48","71","40.34","30","48","38.46","26","33","44.07","2","4","33.33","1.57","4.24","26.96","20","34","37.04","7","12","36.84","0","3","0.00","13","22","37.14","1","1","50.00","20","45","30.77","1","0","100.00","7.69","87.88","0.956","2","7","6","202","25.00","6","7","30","16.67"
"484","Roman Josi","Justin Barron","NSH","39","67.783333333333","65","62","51.18","50","50","50.00","34","36","48.57","4","2","66.67","4.84","4.3","52.96","38","34","52.78","11","16","40.74","1","1","50.00","27","18","60.00","2","1","66.67","29","36","44.62","1","0","100.00","11.76","94.44","1.062","6","14","5","103","54.55","18","18","18","50.00"
"485","Nick Jensen","Jake Sanderson","OTT","59","67.65","55","86","39.01","45","60","42.86","33","41","44.59","4","9","30.77","3.49","4.28","44.90","32","42","43.24","12","18","40.00","2","4","33.33","20","24","45.45","1","2","33.33","23","40","36.51","1","3","25.00","12.12","78.05","0.902","3","1","7","230","30.00","5","3","12","29.41"
"486","Jordan Spence","Artem Zub","OTT","72","67.05","59","62","48.76","42","48","46.67","31","28","52.54","4","1","80.00","4.93","2.77","64.06","35","24","59.32","10","13","43.48","3","1","75.00","25","11","69.44","1","0","100.00","27","38","41.54","0","0","-","12.90","96.43","1.093","4","9","5","155","44.44","14","14","10","58.33"
"487","Colton Parayko","Tyler Tucker","STL","64","66.833333333333","58","56","50.88","39","39","50.00","23","27","46.00","4","8","33.33","3.49","2.62","57.15","34","28","54.84","15","11","57.69","3","4","42.86","19","17","52.78","1","3","25.00","22","33","40.00","0","1","0.00","17.39","70.37","0.878","4","8","10","141","28.57","8","14","21","27.59"
"488","Thomas Harley","Lian Bichsel","DAL","42","66.8","58","63","47.93","43","45","48.86","26","29","47.27","1","4","20.00","2.82","3.13","47.36","29","33","46.77","15","14","51.72","1","2","33.33","14","19","42.42","0","1","0.00","26","34","43.33","0","1","0.00","3.85","86.21","0.901","2","3","8","118","20.00","6","5","13","31.58"
"489","Dennis Cholowski","Simon Nemec","N.J","15","66.766666666667","57","84","40.43","41","54","43.16","22","36","37.93","2","4","33.33","2.42","3.27","42.49","25","34","42.37","7","14","33.33","0","3","0.00","18","20","47.37","2","0","100.00","33","49","40.24","0","1","0.00","9.09","88.89","0.980","7","7","9","65","43.75","11","15","20","35.48"
"490","Darnell Nurse","Troy Stecher","EDM","6","66.1","41","75","35.34","26","57","31.33","16","34","32.00","0","1","0.00","1.17","3.31","26.20","15","34","30.61","7","14","33.33","0","0","-","8","20","28.57","0","1","0.00","31","46","40.26","0","0","-","0.00","97.06","0.971","6","18","2","33","75.00","16","21","17","48.48"
"491","Jalen Chatfield","Joel Nystrom","CAR","30","65.833333333333","72","58","55.38","57","45","55.88","41","26","61.19","4","3","57.14","3.59","3.16","53.14","32","26","55.17","14","12","53.85","2","2","50.00","18","14","56.25","2","1","66.67","42","33","56.00","0","0","-","9.76","88.46","0.982","8","7","4","60","66.67","27","14","17","61.36"
"492","Kyle Capobianco","Ilya Lyubushkin","DAL","18","65.816666666667","50","68","42.37","37","48","43.53","22","27","44.90","3","4","42.86","2.48","3.65","40.48","24","35","40.68","14","15","48.28","2","2","50.00","10","20","33.33","1","2","33.33","29","34","46.03","0","0","-","13.64","85.19","0.988","5","15","4","38","55.56","11","22","14","44.00"
"493","Dmitry Kulikov","Donovan Sebrango","FLA","15","65.616666666667","49","65","42.98","42","51","45.16","20","32","38.46","1","2","33.33","2.38","3.96","37.58","20","32","38.46","10","17","37.04","0","2","0.00","10","15","40.00","1","0","100.00","27","33","45.00","0","0","-","5.00","93.75","0.988","10","11","4","47","71.43","15","16","10","60.00"
"494","Shayne Gostisbehere","K'Andre Miller","CAR","50","65.333333333333","66","48","57.89","46","32","58.97","31","19","62.00","4","2","66.67","3.42","2.38","59.02","40","20","66.67","15","6","71.43","2","1","66.67","25","14","64.10","2","1","66.67","27","28","49.09","0","0","-","12.90","89.47","1.024","4","6","3","157","57.14","9","13","12","42.86"
"495","Urho Vaakanainen","Scott Morrow","NYR","7","65.233333333333","62","60","50.82","44","46","48.89","25","29","46.30","3","3","50.00","3.13","3.2","49.44","34","31","52.31","14","18","43.75","1","3","25.00","20","13","60.61","2","0","100.00","30","30","50.00","0","0","-","12.00","89.66","1.017","5","17","4","34","55.56","16","27","16","50.00"
"496","Justin Faulk","Matthew Kessel","STL","25","65.116666666667","38","53","41.76","32","39","45.07","22","25","46.81","2","1","66.67","1.62","1.68","49.09","18","18","50.00","8","7","53.33","0","0","-","10","11","47.62","2","1","66.67","25","37","40.32","0","0","-","9.09","96.00","1.051","10","13","9","59","52.63","14","16","18","43.75"
"497","Tyler Myers","Filip Hronek","VAN","57","64.783333333333","36","98","26.87","28","78","26.42","17","58","22.67","3","11","21.43","2.9","6.46","30.98","17","55","23.61","6","15","28.57","1","3","25.00","11","40","21.57","0","4","0.00","15","69","17.86","0","4","0.00","17.65","81.03","0.987","2","6","24","107","7.69","10","13","45","18.18"
"498","Erik Karlsson","Ryan Shea","PIT","73","64.75","91","74","55.15","66","63","51.16","47","41","53.41","7","3","70.00","6","5.64","51.52","48","46","51.06","19","19","50.00","3","3","50.00","29","27","51.79","4","0","100.00","43","39","52.44","0","0","-","14.89","92.68","1.076","4","4","6","128","40.00","11","5","20","35.48"
"499","Brayden Pachal","Zayne Parekh","CGY","15","64.5","56","92","37.84","41","67","37.96","27","47","36.49","0","4","0.00","2.17","4.44","32.77","25","40","38.46","9","17","34.62","0","3","0.00","16","23","41.03","0","1","0.00","30","49","37.97","0","0","-","0.00","91.49","0.915","7","12","3","80","70.00","22","18","17","56.41"
"500","Dmitry Kulikov","Niko Mikkola","FLA","11","64.466666666667","59","55","51.75","43","42","50.59","24","30","44.44","0","3","0.00","2.52","2.02","55.49","24","22","52.17","9","5","64.29","0","0","-","15","17","46.88","0","1","0.00","44","45","49.44","0","2","0.00","0.00","90.00","0.900","11","15","15","46","42.31","24","24","26","48.00"
"501","Rasmus Andersson","Yan Kuznetsov","CGY","34","64.466666666667","56","75","42.75","43","59","42.16","34","36","48.57","4","3","57.14","2.05","3.58","36.40","20","38","34.48","7","10","41.18","1","2","33.33","13","28","31.71","2","0","100.00","37","40","48.05","1","1","50.00","11.76","91.67","1.034","3","5","5","164","37.50","11","7","16","40.74"
"502","Dylan DeMelo","Haydn Fleury","WPG","38","64.216666666667","48","58","45.28","38","45","45.78","21","30","41.18","2","3","40.00","2.58","2.64","49.44","24","21","53.33","12","9","57.14","0","2","0.00","12","12","50.00","2","1","66.67","31","45","40.79","0","0","-","9.52","90.00","0.995","9","10","9","83","50.00","13","12","20","39.39"
"503","Nick Seeler","Cam York","PHI","72","63.983333333333","43","73","37.07","33","46","41.77","26","25","50.98","7","6","53.85","3.65","3.44","51.51","22","36","37.93","8","14","36.36","1","4","20.00","14","22","38.89","5","0","100.00","16","47","25.40","0","2","0.00","26.92","76.00","1.029","1","2","15","268","6.25","2","6","21","8.70"
"504","Nick Leddy","Dmitry Orlov","S.J","32","63.533333333333","39","47","45.35","29","35","45.31","24","20","54.55","1","1","50.00","1.57","2.14","42.33","15","26","36.59","8","9","47.06","0","0","-","7","17","29.17","0","1","0.00","30","27","52.63","1","0","100.00","4.17","95.00","0.992","8","11","10","66","44.44","20","17","20","50.00"
"505","Victor Hedman","Darren Raddysh","T.B","26","63.5","80","56","58.82","53","42","55.79","37","28","56.92","6","4","60.00","4.42","4.04","52.25","40","25","61.54","19","10","65.52","2","2","50.00","21","15","58.33","1","0","100.00","44","26","62.86","3","0","100.00","16.22","85.71","1.019","8","11","2","75","80.00","24","19","8","75.00"
"506","Josh Morrissey","Dylan Samberg","WPG","61","63.466666666667","51","29","63.75","40","20","66.67","27","12","69.23","2","2","50.00","2.66","1.42","65.26","28","17","62.22","10","7","58.82","0","2","0.00","18","10","64.29","2","0","100.00","22","10","68.75","0","0","-","7.41","83.33","0.907","0","0","2","295","0.00","1","0","2","33.33"
"507","Kaiden Guhle","Arber Xhekaj","MTL","25","63.2","48","69","41.03","37","45","45.12","22","32","40.74","2","2","50.00","1.72","3.38","33.72","22","31","41.51","5","13","27.78","1","2","33.33","17","18","48.57","1","0","100.00","31","32","49.21","0","0","-","9.09","93.75","1.028","4","7","3","54","57.14","18","16","12","60.00"
"508","Ryan McDonagh","Darren Raddysh","T.B","39","63.183333333333","73","70","51.05","56","50","52.83","35","28","55.56","8","3","72.73","4.47","2.51","64.06","41","26","61.19","16","13","55.17","6","2","75.00","25","13","65.79","2","1","66.67","33","43","43.42","0","0","-","22.86","89.29","1.121","5","2","3","110","62.50","11","2","11","50.00"
"509","Maxwell Crozier","Janis Moser","T.B","32","63.133333333333","56","70","44.44","45","58","43.69","29","37","43.94","5","3","62.50","3.64","4.96","42.34","30","42","41.67","14","21","40.00","2","2","50.00","16","21","43.24","2","1","66.67","26","39","40.00","1","0","100.00","17.24","91.89","1.091","4","2","9","125","30.77","11","9","20","35.48"
"510","Nick Leddy","Mario Ferraro","S.J","32","62.983333333333","46","87","34.59","34","62","35.42","26","48","35.14","1","12","7.69","2.49","5.5","31.13","26","45","36.62","13","19","40.63","1","6","14.29","13","26","33.33","0","4","0.00","20","49","28.99","0","2","0.00","3.85","75.00","0.788","3","8","12","90","20.00","11","13","21","34.38"
"511","Colton White","Dennis Cholowski","N.J","6","62.816666666667","48","48","50.00","34","34","50.00","24","17","58.54","1","0","100.00","1.81","1.84","49.67","19","21","47.50","8","6","57.14","0","0","-","11","15","42.31","1","0","100.00","33","27","55.00","0","0","-","4.17","100.00","1.042","10","8","7","36","58.82","17","13","12","58.62"
"512","Logan Stanley","Dylan Samberg","WPG","43","62.683333333333","43","56","43.43","32","44","42.11","19","29","39.58","3","1","75.00","2.43","2.42","50.05","23","20","53.49","8","7","53.33","2","0","100.00","15","13","53.57","1","1","50.00","22","40","35.48","0","0","-","15.79","96.55","1.123","6","5","5","149","54.55","9","8","13","40.91"
"513","Dennis Gilbert","Nikolas Matinpalo","OTT","8","61.916666666667","50","59","45.87","37","38","49.33","25","24","51.02","3","2","60.00","2.89","2.61","52.53","25","32","43.86","12","13","48.00","1","1","50.00","13","19","40.63","1","1","50.00","31","32","49.21","1","0","100.00","12.00","91.67","1.037","7","19","6","41","53.85","19","25","17","52.78"
"514","Scott Mayfield","Marshall Warren","NYI","8","61.733333333333","52","56","48.15","35","42","45.45","24","24","50.00","1","2","33.33","3.02","2.84","51.56","28","27","50.91","13","8","61.90","1","0","100.00","15","19","44.12","0","2","0.00","33","33","50.00","0","0","-","4.17","91.67","0.958","13","16","5","28","72.22","25","22","12","67.57"
"515","Erik Gudbranson","Zach Werenski","CBJ","34","61.716666666667","40","89","31.01","30","70","30.00","17","43","28.33","2","4","33.33","1.75","4.27","29.03","18","38","32.14","5","15","25.00","1","2","33.33","13","23","36.11","0","2","0.00","21","60","25.93","1","0","100.00","11.76","90.70","1.025","2","5","13","81","13.33","14","7","30","31.82"
"516","Mikhail Sergachev","Nick DeSimone","UTA","36","61.416666666667","64","39","62.14","45","32","58.44","28","24","53.85","2","3","40.00","2.65","1.89","58.46","30","21","58.82","9","10","47.37","1","1","50.00","21","11","65.63","0","2","0.00","38","23","62.30","1","0","100.00","7.14","87.50","0.946","12","10","7","69","63.16","24","16","14","63.16"
"517","Ryan Pulock","Tony DeAngelo","NYI","70","61.4","61","57","51.69","46","46","50.00","30","27","52.63","2","4","33.33","2.39","5.5","30.34","27","32","45.76","9","13","40.91","1","1","50.00","18","19","48.65","1","2","33.33","37","17","68.52","0","1","0.00","6.67","85.19","0.919","10","4","1","192","90.91","14","5","5","73.68"
"518","Vincent Desharnais","Shakir Mukhamadullin","S.J","35","61.4","32","58","35.56","24","42","36.36","17","28","37.78","2","2","50.00","1.58","2.34","40.30","11","20","35.48","8","6","57.14","2","0","100.00","3","14","17.65","0","1","0.00","21","42","33.33","0","1","0.00","11.76","92.86","1.046","4","13","7","77","36.36","8","18","23","25.81"
"519","Parker Wotherspoon","Jack St. Ivany","PIT","18","61.166666666667","46","61","42.99","34","39","46.58","22","22","50.00","2","1","66.67","2.09","2.46","45.98","22","32","40.74","10","10","50.00","1","0","100.00","12","22","35.29","1","1","50.00","18","38","32.14","0","0","-","9.09","95.45","1.045","2","11","11","50","15.38","8","17","20","28.57"
"520","Jakob Chychrun","Martin Fehervary","WSH","79","61.15","35","78","30.97","28","56","33.33","18","37","32.73","1","2","33.33","1.76","4.46","28.26","15","43","25.86","9","19","32.14","0","1","0.00","6","24","20.00","0","1","0.00","21","38","35.59","1","0","100.00","5.56","94.59","1.002","4","4","2","145","66.67","7","10","10","41.18"
"521","Drew Doughty","Joel Edmundson","L.A","72","60.966666666667","53","79","40.15","38","56","40.43","27","35","43.55","6","5","54.55","5.09","4.49","53.13","21","43","32.81","7","18","28.00","3","3","50.00","14","25","35.90","0","1","0.00","28","51","35.44","2","1","66.67","22.22","85.71","1.079","5","2","17","108","22.73","10","9","38","20.83"
"522","Seth Jones","Aaron Ekblad","FLA","47","60.816666666667","107","34","75.89","71","28","71.72","43","15","74.14","6","3","66.67","6.86","5.93","53.63","54","14","79.41","23","6","79.31","0","1","0.00","31","8","79.49","2","1","66.67","69","13","84.15","4","1","80.00","13.95","80.00","0.940","19","5","1","98","95.00","41","6","2","95.35"
"523","Connor Clifton","Parker Wotherspoon","PIT","48","60.683333333333","44","93","32.12","28","68","29.17","19","36","34.55","1","4","20.00","3.75","5.28","41.55","21","50","29.58","11","16","40.74","1","1","50.00","10","34","22.73","0","1","0.00","13","46","22.03","0","2","0.00","5.26","88.89","0.942","0","4","11","102","0.00","0","6","19","0.00"
"524","Brent Burns","Nick Blankenburg","COL","12","60.583333333333","61","59","50.83","46","46","50.00","29","30","49.15","6","1","85.71","2.65","2.92","47.53","20","25","44.44","11","9","55.00","1","0","100.00","9","16","36.00","1","0","100.00","52","33","61.18","4","1","80.00","20.69","96.67","1.174","9","10","5","45","64.29","20","22","15","57.14"
"525","Scott Mayfield","Tony DeAngelo","NYI","74","60.583333333333","50","49","50.51","38","32","54.29","26","25","50.98","2","1","66.67","2.59","2.75","48.46","27","22","55.10","9","13","40.91","0","1","0.00","18","9","66.67","2","0","100.00","18","26","40.91","0","0","-","7.69","96.00","1.037","1","0","2","207","33.33","3","1","9","25.00"
"526","Travis Hamonic","Ben Chiarot","DET","26","60.55","45","97","31.69","34","67","33.66","20","37","35.09","4","4","50.00","2.76","5.19","34.73","21","56","27.27","9","14","39.13","2","3","40.00","12","42","22.22","0","0","-","19","56","25.33","1","1","50.00","20.00","89.19","1.092","2","18","17","77","10.53","3","26","28","9.68"
"527","Jonas Siegenthaler","Luke Hughes","N.J","68","60.266666666667","32","40","44.44","25","33","43.10","17","22","43.59","1","3","25.00","1.8","3.37","34.77","18","29","38.30","8","15","34.78","1","3","25.00","10","14","41.67","0","0","-","14","15","48.28","0","0","-","5.88","86.36","0.922","2","1","5","139","28.57","4","6","12","25.00"
"528","Erik Gudbranson","Jake Christiansen","CBJ","11","59.833333333333","67","70","48.91","47","48","49.47","31","28","52.54","3","1","75.00","3.89","3.09","55.71","30","36","45.45","18","11","62.07","3","1","75.00","12","25","32.43","0","0","-","32","37","46.38","0","0","-","9.68","96.43","1.061","4","4","3","37","57.14","14","12","15","48.28"
"529","Shakir Mukhamadullin","Sam Dickinson","S.J","41","59.166666666667","37","70","34.58","28","54","34.15","20","41","32.79","3","5","37.50","2.17","3.3","39.70","21","27","43.75","10","9","52.63","1","2","33.33","11","18","37.93","1","1","50.00","16","47","25.40","1","2","33.33","15.00","87.80","1.028","4","9","8","79","33.33","7","15","20","25.93"
"530","Scott Mayfield","Ryan Pulock","NYI","74","58.65","20","56","26.32","19","35","35.19","10","18","35.71","2","2","50.00","0.95","2.8","25.42","8","34","19.05","3","13","18.75","0","1","0.00","5","21","19.23","2","1","66.67","12","22","35.29","0","0","-","20.00","88.89","1.089","1","3","3","216","25.00","1","7","8","11.11"
"531","K'Andre Miller","Alexander Nikishin","CAR","71","58.283333333333","52","51","50.49","38","37","50.67","24","24","50.00","1","2","33.33","2.64","3.72","41.51","31","31","50.00","11","20","35.48","0","1","0.00","20","11","64.52","1","1","50.00","16","21","43.24","0","0","-","4.17","91.67","0.958","2","2","1","182","66.67","3","2","2","60.00"
"532","Ian Cole","Maveric Lamoureux","UTA","5","58.116666666667","48","59","44.86","37","37","50.00","22","25","46.81","5","1","83.33","1.82","2.31","44.10","19","27","41.30","8","10","44.44","1","1","50.00","11","17","39.29","1","0","100.00","29","32","47.54","3","0","100.00","22.73","96.00","1.187","4","5","7","38","36.36","11","11","12","47.83"
"533","Zach Whitecloud","Zayne Parekh","CGY","24","57.816666666667","60","72","45.45","38","52","42.22","24","35","40.68","3","2","60.00","2.87","3.14","47.76","29","37","43.94","11","11","50.00","1","1","50.00","18","26","40.91","0","0","-","33","32","50.77","1","1","50.00","12.50","94.29","1.068","10","10","5","52","66.67","23","12","14","62.16"
"534","Luke Schenn","Josh Morrissey","WPG","42","57.683333333333","47","53","47.00","34","45","43.04","24","21","53.33","3","2","60.00","2.59","2.34","52.44","21","24","46.67","9","8","52.94","1","1","50.00","12","16","42.86","2","1","66.67","30","42","41.67","0","0","-","12.50","90.48","1.030","4","3","13","83","23.53","14","8","23","37.84"
"535","Dakota Mermis","Troy Stecher","TOR","7","57.583333333333","50","51","49.50","34","35","49.28","22","22","50.00","1","2","33.33","2.47","1.75","58.47","28","20","58.33","10","2","83.33","0","0","-","18","18","50.00","0","2","0.00","22","34","39.29","1","0","100.00","4.55","90.91","0.955","8","9","7","44","53.33","14","15","12","53.85"
"536","Filip Hronek","Tom Willander","VAN","70","57.216666666667","58","54","51.79","41","45","47.67","28","27","50.91","4","6","40.00","3.93","3.87","50.37","30","32","48.39","15","14","51.72","1","2","33.33","15","18","45.45","2","2","50.00","31","26","54.39","1","2","33.33","14.29","77.78","0.921","8","4","8","81","50.00","25","8","10","71.43"
"537","Brett Kulak","Alec Regula","EDM","17","57.116666666667","44","47","48.35","31","37","45.59","22","24","47.83","2","5","28.57","2.77","1.84","60.12","18","26","40.91","9","8","52.94","2","4","33.33","9","18","33.33","0","0","-","27","22","55.10","0","1","0.00","9.09","79.17","0.883","7","14","5","36","58.33","16","19","15","51.61"
"538","Kyle Capobianco","Nils Lundkvist","DAL","16","57.016666666667","44","43","50.57","29","30","49.15","19","21","47.50","2","3","40.00","2.42","1.48","62.11","23","24","48.94","9","10","47.37","1","1","50.00","14","14","50.00","1","2","33.33","23","28","45.10","0","0","-","10.53","85.71","0.962","4","12","5","45","44.44","8","16","18","30.77"
"539","Olli Maatta","Brayden Pachal","CGY","11","57","42","75","35.90","36","52","40.91","27","32","45.76","5","6","45.45","2.99","3.39","46.91","23","33","41.07","15","10","60.00","2","4","33.33","8","23","25.81","2","2","50.00","23","42","35.38","1","0","100.00","18.52","81.25","0.998","1","11","10","51","9.09","12","16","19","38.71"
"540","Cale Fleury","Ryker Evans","SEA","18","56.816666666667","38","59","39.18","32","39","45.07","20","21","48.78","4","3","57.14","1.92","2.43","44.08","18","27","40.00","8","7","53.33","2","1","66.67","10","20","33.33","1","2","33.33","17","32","34.69","1","0","100.00","20.00","85.71","1.057","2","11","6","52","25.00","5","21","14","26.32"
"541","Cam Fowler","Matthew Kessel","STL","29","56.733333333333","54","52","50.94","34","40","45.95","17","26","39.53","2","2","50.00","2.4","3.51","40.62","21","31","40.38","12","16","42.86","2","1","66.67","9","15","37.50","0","1","0.00","40","23","63.49","0","0","-","11.76","92.31","1.041","10","6","10","49","50.00","16","9","15","51.61"
"542","Quinn Hughes","Tom Willander","VAN","17","56.116666666667","64","64","50.00","46","44","51.11","27","25","51.92","1","3","25.00","4.01","3.75","51.69","34","40","45.95","13","23","36.11","0","3","0.00","21","17","55.26","0","0","-","36","28","56.25","1","0","100.00","3.70","88.00","0.917","8","9","8","34","50.00","15","11","16","48.39"
"543","Jack Ahcan","Sam Malinski","COL","11","56.1","76","43","63.87","55","32","63.22","37","17","68.52","4","0","100.00","3.96","2.16","64.73","43","24","64.18","19","9","67.86","2","0","100.00","24","15","61.54","2","0","100.00","31","20","60.78","0","0","-","10.81","100.00","1.108","4","15","5","25","44.44","10","20","14","41.67"
"544","Daemon Hunt","Zeev Buium","MIN","9","56.083333333333","42","77","35.29","32","53","37.65","19","30","38.78","1","1","50.00","2.59","3.23","44.54","23","31","42.59","11","14","44.00","1","1","50.00","12","17","41.38","0","0","-","25","50","33.33","0","0","-","5.26","96.67","1.019","9","14","7","34","56.25","16","21","17","48.48"
"545","Jalen Chatfield","Sean Walker","CAR","72","55.866666666667","54","39","58.06","38","29","56.72","23","20","53.49","2","2","50.00","3.42","2.2","60.85","26","21","55.32","10","9","52.63","1","1","50.00","16","12","57.14","1","0","100.00","22","20","52.38","0","1","0.00","8.70","90.00","0.987","4","4","4","181","50.00","7","8","9","43.75"
"546","David Jiricek","Zeev Buium","MIN","12","55.816666666667","59","60","49.58","42","49","46.15","30","34","46.88","2","5","28.57","3.02","4.21","41.73","30","32","48.39","15","18","45.45","1","2","33.33","15","14","51.72","1","2","33.33","32","31","50.79","0","0","-","6.67","85.29","0.920","4","12","5","45","44.44","13","17","15","46.43"
"547","John Carlson","Ian Moore","ANA","16","55.616666666667","44","46","48.89","31","34","47.69","15","27","35.71","1","6","14.29","1.45","1.79","44.83","17","22","43.59","9","7","56.25","0","2","0.00","8","15","34.78","1","3","25.00","31","26","54.39","0","1","0.00","6.67","77.78","0.844","5","12","8","46","38.46","13","24","23","36.11"
"548","Kyle Capobianco","Vladislav Kolyachonok","DAL","11","55.416666666667","47","42","52.81","30","35","46.15","18","22","45.00","2","2","50.00","1.71","2.37","41.92","21","21","50.00","8","9","47.06","1","1","50.00","13","12","52.00","0","1","0.00","34","21","61.82","1","0","100.00","11.11","90.91","1.020","10","8","4","35","71.43","20","12","8","71.43"
"549","Justin Faulk","Colton Parayko","STL","58","54.966666666667","28","53","34.57","13","41","24.07","7","20","25.93","0","3","0.00","0.68","3.09","18.11","11","26","29.73","2","11","15.38","0","1","0.00","9","15","37.50","0","0","-","15","27","35.71","0","2","0.00","0.00","85.00","0.850","1","1","2","241","33.33","1","1","7","12.50"
"550","Urho Vaakanainen","Matthew Robertson","NYR","24","54.816666666667","49","51","49.00","32","41","43.84","15","24","38.46","1","3","25.00","1.19","2.73","30.42","18","28","39.13","3","12","20.00","0","0","-","15","16","48.39","1","2","33.33","33","30","52.38","0","1","0.00","6.67","87.50","0.942","4","9","8","94","33.33","13","14","19","40.63"
"551","Tony DeAngelo","Adam Boqvist","NYI","23","54.583333333333","44","74","37.29","31","58","34.83","23","42","35.38","2","3","40.00","2.28","4.52","33.54","24","42","36.36","12","24","33.33","1","2","33.33","12","18","40.00","1","1","50.00","24","39","38.10","0","0","-","8.70","92.86","1.016","3","11","4","37","42.86","12","19","13","48.00"
"552","Brett Kulak","Darnell Nurse","EDM","31","54.516666666667","34","66","34.00","25","45","35.71","17","30","36.17","2","3","40.00","3.05","4.06","42.88","13","32","28.89","4","16","20.00","0","2","0.00","9","16","36.00","1","1","50.00","21","31","40.38","0","0","-","11.76","90.00","1.018","8","5","3","75","72.73","13","8","12","52.00"
"553","Jared Spurgeon","Daemon Hunt","MIN","30","54.316666666667","21","57","26.92","17","36","32.08","10","28","26.32","0","6","0.00","0.71","2.93","19.58","9","28","24.32","1","9","10.00","0","3","0.00","8","19","29.63","0","1","0.00","8","29","21.62","0","2","0.00","0.00","78.57","0.786","3","10","3","52","50.00","6","17","9","40.00"
"554","Connor Murphy","Jake Walman","EDM","20","54.316666666667","30","79","27.52","23","49","31.94","13","29","30.95","3","6","33.33","1.67","3.2","34.24","14","40","25.93","7","15","31.82","0","1","0.00","7","25","21.88","2","3","40.00","18","47","27.69","1","2","33.33","23.08","79.31","1.024","5","9","4","66","55.56","7","12","18","28.00"
"555","Damon Severson","Dante Fabbro","CBJ","63","53.733333333333","38","60","38.78","32","50","39.02","20","30","40.00","0","2","0.00","1.78","3.48","33.87","16","34","32.00","6","10","37.50","0","1","0.00","10","24","29.41","0","1","0.00","21","26","44.68","0","0","-","0.00","93.33","0.933","0","5","3","122","0.00","1","5","7","12.50"
"556","MacKenzie Weegar","Sean Durzi","UTA","18","53.633333333333","49","51","49.00","31","38","44.93","18","24","42.86","3","5","37.50","1.59","3.49","31.27","20","26","43.48","5","10","33.33","0","3","0.00","15","16","48.39","1","1","50.00","28","28","50.00","2","1","66.67","16.67","79.17","0.958","9","11","6","78","60.00","16","15","14","53.33"
"557","Zach Bogosian","Daemon Hunt","MIN","9","53.483333333333","39","62","38.61","25","43","36.76","16","24","40.00","1","4","20.00","1.56","2.47","38.67","14","32","30.43","6","13","31.58","0","1","0.00","8","19","29.63","1","2","33.33","23","35","39.66","0","1","0.00","6.25","83.33","0.896","2","9","8","46","20.00","10","20","15","40.00"
"558","Tyler Myers","Thomas Harley","DAL","16","53.183333333333","49","54","47.57","39","41","48.75","25","22","53.19","3","3","50.00","5.28","2.81","65.24","26","26","50.00","13","11","54.17","2","2","50.00","13","15","46.43","1","0","100.00","22","34","39.29","0","1","0.00","12.00","86.36","0.984","4","10","7","48","36.36","13","16","18","41.94"
"559","Nick Seeler","Egor Zamula","PHI","13","52.566666666667","45","62","42.06","38","39","49.35","29","20","59.18","5","1","83.33","2.2","2.67","45.21","19","33","36.54","9","11","45.00","2","1","66.67","10","22","31.25","2","0","100.00","30","26","53.57","1","0","100.00","17.24","95.00","1.122","2","7","4","46","33.33","11","17","9","55.00"
"560","Lassi Thomson","Nikolas Matinpalo","OTT","11","52.55","35","57","38.04","30","46","39.47","24","28","46.15","2","2","50.00","2.58","3.93","39.67","17","26","39.53","8","16","33.33","0","1","0.00","9","10","47.37","2","0","100.00","17","32","34.69","0","1","0.00","8.33","92.86","1.012","4","17","4","36","50.00","5","24","15","25.00"
"561","Matthew Robertson","Vincent Iorio","NYR","6","52.45","49","48","50.52","30","34","46.88","22","23","48.89","1","2","33.33","2.02","2.4","45.65","26","24","52.00","8","9","47.06","1","1","50.00","18","15","54.55","0","0","-","29","21","58.00","0","1","0.00","4.55","91.30","0.958","4","11","4","29","50.00","15","14","10","60.00"
"562","Charles-Edouard D'Astous","Declan Carlile","T.B","37","52.316666666667","53","47","53.00","28","34","45.16","15","25","37.50","1","4","20.00","2.28","1.88","54.84","30","23","56.60","10","8","55.56","0","2","0.00","20","15","57.14","1","1","50.00","23","28","45.10","0","1","0.00","6.67","84.00","0.907","1","8","8","57","11.11","5","11","17","22.73"
"563","Shea Theodore","Rasmus Andersson","VGK","32","52.183333333333","62","39","61.39","45","29","60.81","28","16","63.64","3","1","75.00","3.36","2.45","57.88","27","22","55.10","10","9","52.63","0","1","0.00","17","13","56.67","0","0","-","38","15","71.70","3","0","100.00","10.71","93.75","1.045","9","3","5","111","64.29","15","6","7","68.18"
"564","Erik Gudbranson","Egor Zamula","CBJ","15","52.1","36","45","44.44","28","29","49.12","19","19","50.00","3","0","100.00","1.27","2.45","34.12","15","25","37.50","5","12","29.41","2","0","100.00","10","13","43.48","0","0","-","23","18","56.10","1","0","100.00","15.79","100.00","1.158","4","12","3","44","57.14","8","21","5","61.54"
"565","Adam Larsson","Brandon Montour","SEA","64","51.95","57","34","62.64","42","26","61.76","29","16","64.44","2","0","100.00","4.15","2.31","64.23","23","19","54.76","11","10","52.38","1","0","100.00","12","9","57.14","1","0","100.00","28","14","66.67","0","0","-","6.90","100.00","1.069","0","0","0","208","-","0","0","5","0.00"
"566","Adam Boqvist","Matthew Schaefer","NYI","28","51.716666666667","54","39","58.06","41","28","59.42","31","18","63.27","1","2","33.33","3.23","1.63","66.47","27","18","60.00","12","6","66.67","1","1","50.00","15","12","55.56","0","1","0.00","35","19","64.81","0","0","-","3.23","88.89","0.921","14","6","2","67","87.50","28","9","3","90.32"
"567","Charles-Edouard D'Astous","Janis Moser","T.B","69","51.7","44","40","52.38","32","37","46.38","20","25","44.44","0","4","0.00","1.75","3.38","34.05","24","20","54.55","6","11","35.29","0","0","-","18","9","66.67","0","1","0.00","26","22","54.17","0","3","0.00","0.00","84.00","0.840","5","6","3","139","62.50","11","6","7","61.11"
"568","Rasmus Ristolainen","Cam York","PHI","44","51.683333333333","47","47","50.00","35","35","50.00","20","25","44.44","1","3","25.00","3.34","3.14","51.59","29","22","56.86","14","8","63.64","0","0","-","15","14","51.72","1","2","33.33","23","26","46.94","0","1","0.00","5.00","88.00","0.930","4","8","5","97","44.44","16","13","10","61.54"
"569","Brayden McNabb","Zach Whitecloud","VGK","38","51.483333333333","19","55","25.68","12","33","26.67","8","20","28.57","2","3","40.00","1.77","2.57","40.73","10","32","23.81","5","9","35.71","1","1","50.00","5","23","17.86","0","2","0.00","7","29","19.44","1","0","100.00","25.00","85.00","1.100","1","3","11","95","8.33","2","8","21","8.70"
"570","Tyler Myers","Esa Lindell","DAL","16","51.266666666667","26","68","27.66","22","48","31.43","16","29","35.56","4","3","57.14","1.55","3.34","31.75","13","31","29.55","7","12","36.84","3","3","50.00","6","19","24.00","1","0","100.00","17","45","27.42","0","0","-","25.00","89.66","1.147","7","8","9","42","43.75","14","11","21","40.00"
"571","Pierre-Olivier Joseph","Zeev Buium","VAN","15","51.1","39","47","45.35","30","32","48.39","15","22","40.54","1","4","20.00","2.06","1.88","52.27","28","18","60.87","11","7","61.11","0","0","-","17","11","60.71","0","1","0.00","21","31","40.38","1","3","25.00","6.67","81.82","0.885","6","12","2","50","75.00","19","15","9","67.86"
"572","Pierre-Olivier Joseph","Elias Pettersson","VAN","21","50.983333333333","30","49","37.97","21","31","40.38","13","22","37.14","0","2","0.00","0.99","2.22","30.79","7","22","24.14","5","10","33.33","0","1","0.00","2","12","14.29","0","1","0.00","22","25","46.81","0","0","-","0.00","90.91","0.909","6","13","2","49","75.00","11","18","9","55.00"
"573","Artem Zub","Nikolas Matinpalo","OTT","49","50.933333333333","36","60","37.50","30","46","39.47","23","29","44.23","2","2","50.00","2.7","4.87","35.71","13","36","26.53","7","14","33.33","1","1","50.00","6","22","21.43","0","0","-","21","37","36.21","1","1","50.00","8.70","93.10","1.018","0","1","17","150","0.00","4","4","34","10.53"
"574","Dante Fabbro","Egor Zamula","CBJ","13","50.783333333333","45","39","53.57","32","27","54.24","19","16","54.29","1","1","50.00","1.81","2.32","43.85","19","24","44.19","4","12","25.00","0","1","0.00","15","12","55.56","1","0","100.00","26","17","60.47","0","0","-","5.26","93.75","0.990","6","12","5","25","54.55","14","18","12","53.85"
"575","Donovan Sebrango","Marek Alscher","FLA","4","50.633333333333","42","43","49.41","29","31","48.33","17","19","47.22","4","1","80.00","2.06","2.72","43.11","19","27","41.30","8","12","40.00","1","0","100.00","11","15","42.31","3","1","75.00","20","21","48.78","0","0","-","23.53","94.74","1.183","5","13","12","26","29.41","11","15","18","37.93"
"576","Logan Stanley","Elias Salomonsson","WPG","17","50.316666666667","56","49","53.33","42","38","52.50","32","25","56.14","1","1","50.00","3.79","4.13","47.85","28","29","49.12","12","12","50.00","0","0","-","16","17","48.48","1","1","50.00","29","26","52.73","0","0","-","3.13","96.00","0.991","6","5","3","38","66.67","14","8","9","60.87"
"577","Brayden Pachal","Yan Kuznetsov","CGY","27","49.516666666667","46","59","43.81","31","43","41.89","20","29","40.82","3","0","100.00","2.24","3.31","40.43","25","31","44.64","9","10","47.37","2","0","100.00","16","21","43.24","1","0","100.00","20","30","40.00","0","0","-","15.00","100.00","1.150","1","7","5","81","16.67","6","11","11","35.29"
"578","Colin Miller","Dylan Samberg","WPG","14","49.266666666667","37","54","40.66","28","41","40.58","17","27","38.64","3","1","75.00","1.85","3.2","36.59","18","33","35.29","6","16","27.27","1","1","50.00","12","17","41.38","2","0","100.00","21","26","44.68","0","0","-","17.65","96.30","1.139","2","11","8","46","20.00","12","15","16","42.86"
"579","Brandon Montour","Josh Mahura","SEA","15","49.133333333333","52","53","49.52","41","37","52.56","30","24","55.56","4","1","80.00","2.94","1.92","60.44","25","20","55.56","13","8","61.90","3","1","75.00","12","12","50.00","0","0","-","25","37","40.32","1","0","100.00","13.33","95.83","1.092","5","7","8","17","38.46","8","11","13","38.10"
"580","Cody Ceci","Brandt Clarke","L.A","82","49.05","67","45","59.82","45","33","57.69","31","23","57.41","2","1","66.67","2.46","2.08","54.14","31","23","57.41","10","8","55.56","2","1","66.67","21","15","58.33","0","0","-","31","23","57.41","0","0","-","6.45","95.65","1.021","0","0","1","165","0.00","0","0","5","0.00"
"581","Gustav Forsling","Uvis Balinskis","FLA","54","48.966666666667","46","42","52.27","32","33","49.23","24","18","57.14","3","4","42.86","3.12","2.47","55.85","23","20","53.49","11","5","68.75","3","0","100.00","12","15","44.44","0","3","0.00","27","23","54.00","0","1","0.00","12.50","77.78","0.903","6","3","1","107","85.71","10","6","7","58.82"
"582","Nick Perbix","Nick Blankenburg","NSH","46","48.966666666667","28","60","31.82","20","48","29.41","17","31","35.42","2","5","28.57","1.19","4.44","21.14","10","39","20.41","6","17","26.09","2","2","50.00","4","22","15.38","0","3","0.00","17","34","33.33","0","0","-","11.76","83.87","0.956","1","5","8","112","11.11","4","8","21","16.00"
"583","Travis Sanheim","Emil Andrae","PHI","60","48.833333333333","53","35","60.23","39","25","60.94","25","18","58.14","2","0","100.00","3.21","1.15","73.65","27","12","69.23","11","2","84.62","0","0","-","16","10","61.54","1","0","100.00","22","24","47.83","1","0","100.00","8.00","100.00","1.080","1","5","5","94","16.67","3","8","9","25.00"
"584","Tobias Bjornfot","Ludvig Jansson","FLA","4","48.65","35","52","40.23","25","36","40.98","15","20","42.86","4","2","66.67","3.23","2.87","52.93","14","31","31.11","6","12","33.33","2","1","66.67","8","19","29.63","0","0","-","20","23","46.51","2","1","66.67","26.67","90.00","1.167","7","12","9","13","43.75","12","19","16","42.86"
"585","Kevin Bahl","Zayne Parekh","CGY","31","48.633333333333","57","45","55.88","35","38","47.95","22","30","42.31","1","4","20.00","2.12","3.02","41.25","23","20","53.49","8","6","57.14","0","1","0.00","15","14","51.72","0","0","-","32","22","59.26","1","2","33.33","4.55","86.67","0.912","3","5","1","103","75.00","17","6","3","85.00"
"586","Dmitry Kulikov","Mike Benning","FLA","12","48.616666666667","49","44","52.69","36","34","51.43","19","24","44.19","2","1","66.67","2.43","2.76","46.79","25","18","58.14","9","12","42.86","2","0","100.00","16","6","72.73","0","1","0.00","24","27","47.06","0","0","-","10.53","95.83","1.064","7","10","5","36","58.33","11","15","13","45.83"
"587","Philip Broberg","Matthew Kessel","STL","28","48.416666666667","25","49","33.78","21","34","38.18","16","23","41.03","1","1","50.00","1.32","1.92","40.68","10","23","30.30","5","7","41.67","0","0","-","5","16","23.81","1","1","50.00","18","24","42.86","0","0","-","6.25","95.65","1.019","6","5","8","36","42.86","9","7","12","42.86"
"588","Elias Pettersson","Victor Mancini","VAN","18","48.216666666667","28","54","34.15","21","33","38.89","15","23","39.47","0","3","0.00","1.04","2.07","33.42","11","31","26.19","6","8","42.86","0","1","0.00","5","23","17.86","0","2","0.00","17","24","41.46","0","0","-","0.00","86.96","0.870","3","7","4","52","42.86","9","8","12","42.86"
"589","Mikey Anderson","Brandt Clarke","L.A","80","48.183333333333","58","39","59.79","43","26","62.32","27","18","60.00","2","2","50.00","3.08","2.54","54.83","28","23","54.90","12","10","54.55","1","1","50.00","16","13","55.17","1","1","50.00","25","15","62.50","0","0","-","7.41","88.89","0.963","0","2","2","187","0.00","1","3","6","14.29"
"590","Mike Reilly","Sean Walker","CAR","41","47.9","57","43","57.00","42","38","52.50","26","21","55.32","4","4","50.00","2.4","2.7","47.07","20","24","45.45","7","8","46.67","1","3","25.00","13","16","44.83","2","1","66.67","32","28","53.33","1","0","100.00","15.38","80.95","0.963","3","5","15","88","16.67","11","12","24","31.43"
"591","Alex Petrovic","Esa Lindell","DAL","54","47.733333333333","45","47","48.91","34","34","50.00","27","21","56.25","2","1","66.67","2.94","2.05","58.92","25","24","51.02","12","9","57.14","1","1","50.00","13","15","46.43","1","0","100.00","21","23","47.73","0","0","-","7.41","95.24","1.026","4","8","4","98","50.00","7","11","9","43.75"
"592","Darren Raddysh","Declan Carlile","T.B","39","47.433333333333","39","53","42.39","26","33","44.07","18","25","41.86","1","4","20.00","1.53","2.27","40.29","17","24","41.46","7","13","35.00","0","1","0.00","10","11","47.62","0","2","0.00","18","24","42.86","1","1","50.00","5.56","84.00","0.896","0","3","3","85","0.00","3","6","6","33.33"
"593","Noah Dobson","Jayden Struble","MTL","57","47.4","34","46","42.50","27","28","49.09","14","22","38.89","2","2","50.00","1.89","1.73","52.29","20","22","47.62","7","7","50.00","1","2","33.33","13","15","46.43","0","0","-","17","28","37.78","1","0","100.00","14.29","90.91","1.052","2","5","5","74","28.57","7","9","15","31.82"
"594","Adam Fox","Braden Schneider","NYR","55","47.25","38","67","36.19","29","46","38.67","21","35","37.50","3","4","42.86","3.42","3.17","51.84","16","34","32.00","5","11","31.25","0","3","0.00","11","23","32.35","2","1","66.67","17","35","32.69","1","0","100.00","14.29","88.57","1.029","2","2","3","139","40.00","4","4","11","26.67"
"595","Jacob Middleton","Quinn Hughes","MIN","45","47.05","40","34","54.05","29","28","50.88","16","21","43.24","2","1","66.67","2.1","1.24","62.89","23","13","63.89","6","7","46.15","1","1","50.00","17","6","73.91","1","0","100.00","15","19","44.12","0","0","-","12.50","95.24","1.077","0","0","1","155","0.00","2","1","5","28.57"
"596","Johnathan Kovacevic","Simon Nemec","N.J","32","46.966666666667","52","55","48.60","37","38","49.33","24","26","48.00","3","2","60.00","2.89","2.04","58.65","27","29","48.21","12","7","63.16","2","1","66.67","15","22","40.54","1","0","100.00","24","29","45.28","0","1","0.00","12.50","92.31","1.048","5","2","3","81","62.50","8","6","10","44.44"
"597","Ben Hutton","Jeremy Lauzon","VGK","41","46.9","45","43","51.14","32","28","53.33","20","18","52.63","0","2","0.00","1.93","1.81","51.65","22","18","55.00","7","7","50.00","0","1","0.00","15","11","57.69","0","0","-","21","20","51.22","0","1","0.00","0.00","88.89","0.889","4","13","1","65","80.00","11","17","5","68.75"
"598","Tyler Tucker","Philip Broberg","STL","68","46.9","38","37","50.67","28","27","50.91","17","15","53.13","3","3","50.00","1.98","2.44","44.81","19","23","45.24","9","13","40.91","1","1","50.00","10","10","50.00","1","2","33.33","16","16","50.00","1","0","100.00","17.65","80.00","0.976","0","1","1","169","0.00","4","2","5","44.44"
"599","Victor Hedman","Declan Carlile","T.B","7","46.8","33","43","43.42","25","34","42.37","17","22","43.59","3","2","60.00","1.11","2.03","35.29","13","20","39.39","3","5","37.50","0","0","-","10","15","40.00","2","1","66.67","22","30","42.31","1","1","50.00","17.65","90.91","1.086","4","9","7","38","36.36","10","14","17","37.04"
"600","John Carlson","Olen Zellweger","ANA","11","46.583333333333","54","44","55.10","36","36","50.00","20","23","46.51","3","3","50.00","2.58","2.2","53.98","29","24","54.72","11","10","52.38","2","1","66.67","18","14","56.25","1","2","33.33","35","26","57.38","0","0","-","15.00","86.96","1.020","9","6","7","41","56.25","23","9","12","65.71"
"601","Rasmus Dahlin","Michael Kesselring","BUF","29","46.566666666667","50","41","54.95","41","30","57.75","18","21","46.15","3","0","100.00","3.08","1.7","64.40","27","18","60.00","17","11","60.71","3","0","100.00","10","7","58.82","0","0","-","25","22","53.19","0","0","-","16.67","100.00","1.167","5","10","5","50","50.00","9","16","8","52.94"
"602","Carson Soucy","Vladislav Gavrikov","NYR","46","46.516666666667","26","47","35.62","21","37","36.21","14","27","34.15","1","1","50.00","1.66","3.3","33.46","10","19","34.48","5","11","31.25","1","1","50.00","5","8","38.46","0","0","-","9","26","25.71","0","0","-","7.14","96.30","1.034","0","4","1","227","0.00","0","4","5","0.00"
"603","Alexandre Carrier","Noah Dobson","MTL","73","46.45","21","76","21.65","18","56","24.32","12","39","23.53","2","11","15.38","1.98","6.1","24.53","8","47","14.55","4","28","12.50","0","6","0.00","4","19","17.39","1","3","25.00","11","34","24.44","0","2","0.00","16.67","71.79","0.885","1","3","11","131","8.33","1","4","21","4.55"
"604","Carson Soucy","Tony DeAngelo","NYI","24","46.416666666667","48","50","48.98","36","37","49.32","18","21","46.15","2","2","50.00","1.87","3.59","34.22","21","27","43.75","8","18","30.77","0","1","0.00","13","9","59.09","2","0","100.00","27","21","56.25","0","1","0.00","11.11","90.48","1.016","6","9","2","76","75.00","11","13","7","61.11"
"605","Jaccob Slavin","Alexander Nikishin","CAR","39","46.35","41","34","54.67","33","21","61.11","20","14","58.82","3","0","100.00","2.8","1.25","69.20","19","11","63.33","7","5","58.33","2","0","100.00","12","6","66.67","1","0","100.00","23","24","48.94","0","0","-","15.00","100.00","1.150","8","9","3","83","72.73","12","13","9","57.14"
"606","Victor Hedman","Charles-Edouard D'Astous","T.B","23","45.95","53","49","51.96","38","40","48.72","21","27","43.75","1","4","20.00","2.59","2.53","50.57","25","28","47.17","12","10","54.55","0","1","0.00","13","18","41.94","1","2","33.33","35","25","58.33","0","0","-","4.76","85.19","0.899","11","10","7","36","61.11","16","16","14","53.33"
"607","Brett Kulak","Jack St. Ivany","PIT","17","45.95","26","52","33.33","15","42","26.32","9","24","27.27","0","1","0.00","0.79","3.16","20.02","12","31","27.91","3","11","21.43","0","0","-","9","20","31.03","0","1","0.00","10","21","32.26","0","0","-","0.00","95.83","0.958","1","10","3","47","25.00","4","16","5","44.44"
"608","Pierre-Olivier Joseph","Tom Willander","VAN","25","45.883333333333","36","47","43.37","32","35","47.76","12","24","33.33","1","1","50.00","1.48","2.02","42.23","14","21","40.00","5","8","38.46","1","0","100.00","9","13","40.91","0","1","0.00","22","29","43.14","0","0","-","8.33","95.83","1.042","2","10","3","56","40.00","7","15","9","43.75"
"609","Olli Maatta","Zach Whitecloud","CGY","18","45.716666666667","25","60","29.41","19","42","31.15","15","30","33.33","0","4","0.00","1.15","5.54","17.14","11","36","23.40","2","15","11.76","0","2","0.00","9","21","30.00","0","1","0.00","14","34","29.17","0","1","0.00","0.00","86.67","0.867","0","2","12","69","0.00","3","7","25","10.71"
"610","Alex Petrovic","Miro Heiskanen","DAL","50","45.1","27","44","38.03","20","34","37.04","17","23","42.50","1","4","20.00","1.28","2.22","36.56","10","18","35.71","6","9","40.00","1","3","25.00","4","9","30.77","0","0","-","16","28","36.36","0","1","0.00","5.88","82.61","0.885","1","3","2","96","33.33","3","3","10","23.08"
"611","Louis Crevier","Ethan Del Mastro","CHI","17","45.066666666667","30","40","42.86","22","31","41.51","15","21","41.67","1","3","25.00","0.57","3.2","15.21","11","28","28.21","2","13","13.33","0","1","0.00","9","15","37.50","1","2","33.33","18","23","43.90","0","0","-","6.67","85.71","0.924","2","6","12","40","14.29","3","8","18","14.29"
"612","Olli Maatta","Zayne Parekh","CGY","20","44.766666666667","46","42","52.27","33","31","51.56","18","23","43.90","2","3","40.00","2.28","2.19","50.99","19","20","48.72","8","6","57.14","1","2","33.33","11","14","44.00","0","0","-","36","22","62.07","1","1","50.00","11.11","86.96","0.981","8","3","2","53","80.00","26","7","7","78.79"
"613","Charlie McAvoy","Andrew Peeke","BOS","64","44.65","22","60","26.83","21","43","32.81","14","32","30.43","4","4","50.00","1.21","3.47","25.88","11","30","26.83","6","15","28.57","1","1","50.00","5","15","25.00","1","2","33.33","8","28","22.22","2","1","66.67","28.57","87.50","1.161","0","0","2","192","0.00","0","0","7","0.00"
"614","Conor Timmins","Rasmus Dahlin","BUF","35","44.1","23","45","33.82","15","27","35.71","10","20","33.33","2","1","66.67","0.94","1.79","34.49","11","17","39.29","4","8","33.33","1","1","50.00","7","9","43.75","1","0","100.00","9","30","23.08","0","0","-","20.00","95.00","1.150","0","5","1","110","0.00","0","6","10","0.00"
"615","John Carlson","Jackson LaCombe","ANA","16","44.016666666667","69","30","69.70","62","26","70.45","40","16","71.43","5","3","62.50","4.73","3.85","55.10","33","18","64.71","19","13","59.38","2","3","40.00","14","5","73.68","2","0","100.00","41","15","73.21","1","0","100.00","12.50","81.25","0.938","5","5","3","67","62.50","15","10","8","65.22"
"616","Vince Dunn","Ryker Evans","SEA","66","44.016666666667","40","41","49.38","26","33","44.07","14","22","38.89","2","2","50.00","1.54","2.3","40.11","16","20","44.44","5","7","41.67","1","0","100.00","11","13","45.83","1","1","50.00","28","19","59.57","0","0","-","14.29","90.91","1.052","12","1","2","112","85.71","19","3","3","86.36"
"617","John Marino","Dmitri Simashev","UTA","26","43.966666666667","28","38","42.42","17","31","35.42","9","23","28.13","0","3","0.00","0.85","2.24","27.62","8","21","27.59","1","8","11.11","0","1","0.00","7","13","35.00","0","2","0.00","20","18","52.63","0","0","-","0.00","86.96","0.870","3","9","3","57","50.00","7","12","6","53.85"
"618","Roman Josi","Ryan Ufko","NSH","16","43.9","43","48","47.25","29","37","43.94","19","25","43.18","4","3","57.14","1.56","2.93","34.73","16","24","40.00","7","8","46.67","4","0","100.00","9","16","36.00","0","1","0.00","31","22","58.49","0","2","0.00","21.05","88.00","1.091","7","4","1","45","87.50","20","13","4","83.33"
"619","Radko Gudas","Drew Helleson","ANA","39","43.816666666667","22","65","25.29","14","42","25.00","12","30","28.57","3","5","37.50","1.14","3.32","25.58","13","31","29.55","6","13","31.58","2","4","33.33","7","18","28.00","1","1","50.00","10","44","18.52","0","0","-","25.00","83.33","1.083","2","6","10","65","16.67","5","9","18","21.74"
"620","Dougie Hamilton","Dennis Cholowski","N.J","13","43.5","40","37","51.95","33","32","50.77","24","20","54.55","0","2","0.00","1.6","1.84","46.45","18","19","48.65","7","9","43.75","0","2","0.00","11","10","52.38","0","0","-","21","19","52.50","0","0","-","0.00","90.00","0.900","1","9","5","42","16.67","8","13","10","44.44"
"621","Kevin Bahl","Yan Kuznetsov","CGY","54","43.4","43","43","50.00","32","34","48.48","23","24","48.94","1","5","16.67","2.79","3.89","41.82","23","32","41.82","14","19","42.42","1","1","50.00","9","13","40.91","0","4","0.00","17","19","47.22","0","0","-","4.35","79.17","0.835","4","13","7","128","36.36","8","17","13","38.10"
"622","Victor Hedman","Maxwell Crozier","T.B","9","43.316666666667","47","26","64.38","30","19","61.22","20","15","57.14","0","1","0.00","1.41","1.06","56.99","18","10","64.29","8","6","57.14","0","1","0.00","10","4","71.43","0","0","-","29","19","60.42","0","0","-","0.00","93.33","0.933","6","6","4","38","60.00","11","6","7","61.11"
"623","Rasmus Ristolainen","Emil Andrae","PHI","33","43.283333333333","37","33","52.86","27","25","51.92","21","19","52.50","2","2","50.00","2.27","1.46","60.77","16","15","51.61","8","4","66.67","0","0","-","8","11","42.11","1","2","33.33","19","15","55.88","1","0","100.00","9.52","89.47","0.990","2","8","0","65","100.00","8","14","4","66.67"
"624","Donovan Sebrango","Uvis Balinskis","FLA","15","43.2","41","34","54.67","28","26","51.85","12","13","48.00","0","2","0.00","1.59","1.39","53.36","17","17","50.00","5","8","38.46","0","2","0.00","12","9","57.14","0","0","-","21","17","55.26","0","0","-","0.00","84.62","0.846","6","15","2","35","75.00","10","16","6","62.50"
"625","Riley Stillman","Ty Emberson","EDM","4","43.116666666667","28","39","41.79","20","32","38.46","14","18","43.75","2","1","66.67","1.42","2.55","35.69","16","22","42.11","6","10","37.50","2","1","66.67","10","12","45.45","0","0","-","13","22","37.14","0","0","-","14.29","94.44","1.087","3","11","11","27","21.43","8","16","16","33.33"
"626","Spencer Stastney","Adam Wilsby","NSH","20","43.05","36","35","50.70","24","25","48.98","14","14","50.00","1","2","33.33","1.04","2.88","26.63","12","21","36.36","2","12","14.29","0","1","0.00","10","9","52.63","1","0","100.00","30","16","65.22","0","1","0.00","7.14","85.71","0.929","2","9","3","45","40.00","14","15","8","63.64"
"627","Oliver Ekman-Larsson","William Villeneuve","TOR","3","42.7","30","35","46.15","25","26","49.02","14","18","43.75","1","0","100.00","1.07","2.06","34.25","9","18","33.33","6","10","37.50","0","0","-","3","8","27.27","1","0","100.00","29","21","58.00","0","0","-","7.14","100.00","1.071","7","9","8","10","46.67","19","18","13","59.38"
"628","Nick DeSimone","Sean Durzi","UTA","31","42.583333333333","57","42","57.58","37","33","52.86","27","21","56.25","1","2","33.33","2.4","2.34","50.64","27","27","50.00","13","10","56.52","1","1","50.00","14","17","45.16","0","1","0.00","27","15","64.29","0","0","-","3.70","90.48","0.942","3","7","3","119","50.00","5","7","7","41.67"
"629","Jaccob Slavin","K'Andre Miller","CAR","38","42.283333333333","31","35","46.97","24","25","48.98","17","16","51.52","4","3","57.14","2.5","2.37","51.33","17","20","45.95","8","6","57.14","3","1","75.00","9","14","39.13","0","1","0.00","8","17","32.00","1","1","50.00","23.53","81.25","1.048","0","7","1","121","0.00","0","9","5","0.00"
"630","Dmitry Kulikov","Gustav Forsling","FLA","18","42.15","36","38","48.65","26","34","43.33","16","24","40.00","2","5","28.57","1.69","2.99","36.12","16","19","45.71","10","7","58.82","1","1","50.00","6","12","33.33","1","2","33.33","26","21","55.32","0","2","0.00","12.50","79.17","0.917","6","10","9","40","40.00","16","14","13","55.17"
"631","Cameron Crotty","Lassi Thomson","OTT","6","42.066666666667","34","39","46.58","25","28","47.17","20","16","55.56","3","3","50.00","2.74","1.52","64.27","20","18","52.63","12","5","70.59","2","2","50.00","8","13","38.10","0","1","0.00","13","24","35.14","1","0","100.00","15.00","81.25","0.963","4","10","8","24","33.33","6","15","15","28.57"
"632","Brian Dumoulin","Joel Edmundson","L.A","82","42.033333333333","31","42","42.47","23","32","41.82","13","21","38.24","0","0","-","1.23","2.77","30.80","15","21","41.67","6","13","31.58","0","0","-","9","8","52.94","0","0","-","11","19","36.67","0","0","-","0.00","100.00","1.000","1","2","2","193","33.33","1","4","6","14.29"
"633","Joel Hanley","Jake Bean","CGY","13","41.816666666667","41","39","51.25","31","25","55.36","19","16","54.29","1","2","33.33","2.46","1.88","56.66","24","15","61.54","9","10","47.37","0","1","0.00","15","5","75.00","1","1","50.00","17","23","42.50","0","0","-","5.26","87.50","0.928","2","5","7","47","22.22","9","6","10","47.37"
"634","Thomas Chabot","Tyler Kleven","OTT","50","41.616666666667","15","48","23.81","10","39","20.41","8","29","21.62","0","6","0.00","1.05","4.45","19.12","9","34","20.93","6","17","26.09","0","3","0.00","3","17","15.00","0","2","0.00","5","22","18.52","0","1","0.00","0.00","79.31","0.793","0","3","11","78","0.00","4","6","20","16.67"
"635","Luke Schenn","Dylan DeMelo","WPG","46","41.6","21","47","30.88","14","34","29.17","9","24","27.27","1","7","12.50","1.36","3.23","29.62","7","29","19.44","2","10","16.67","0","3","0.00","5","19","20.83","0","3","0.00","13","18","41.94","1","1","50.00","11.11","70.83","0.819","1","1","4","101","20.00","5","3","8","38.46"
"636","Adam Fox","Matthew Robertson","NYR","45","41.566666666667","56","32","63.64","39","23","62.90","23","17","57.50","4","4","50.00","2.48","1.43","63.42","29","10","74.36","9","6","60.00","3","2","60.00","20","4","83.33","1","0","100.00","32","18","64.00","0","2","0.00","17.39","76.47","0.939","4","5","2","68","66.67","10","9","3","76.92"
"637","Noah Juulsen","Adam Ginning","PHI","5","41.55","12","52","18.75","6","36","14.29","2","23","8.00","1","3","25.00","0.36","2.74","11.57","7","25","21.88","2","9","18.18","0","0","-","5","16","23.81","1","2","33.33","5","30","14.29","0","1","0.00","50.00","86.96","1.370","2","8","3","30","40.00","7","14","8","46.67"
"638","Logan Stanley","Conor Timmins","BUF","5","41.416666666667","47","43","52.22","35","35","50.00","19","25","43.18","1","0","100.00","2.6","1.42","64.63","22","13","62.86","10","4","71.43","0","0","-","12","9","57.14","1","0","100.00","27","35","43.55","0","0","-","5.26","100.00","1.053","7","10","9","29","43.75","12","14","19","38.71"
"639","Nate Schmidt","Dmitri Simashev","UTA","28","41.266666666667","32","39","45.07","25","30","45.45","14","20","41.18","0","1","0.00","1.54","1.97","43.96","18","21","46.15","4","11","26.67","0","1","0.00","14","10","58.33","0","0","-","15","22","40.54","0","0","-","0.00","95.00","0.950","7","4","3","62","70.00","8","8","10","44.44"
"640","Drew Helleson","Tyson Hinds","ANA","4","41.266666666667","40","32","55.56","33","25","56.90","21","13","61.76","1","1","50.00","2.54","1.4","64.43","24","16","60.00","9","6","60.00","1","0","100.00","15","10","60.00","0","1","0.00","24","16","60.00","0","0","-","4.76","92.31","0.971","5","8","2","26","71.43","17","12","6","73.91"
"641","Miro Heiskanen","Lian Bichsel","DAL","48","41.116666666667","34","36","48.57","25","29","46.30","16","21","43.24","3","1","75.00","1.91","1.95","49.40","20","16","55.56","8","9","47.06","2","1","66.67","12","7","63.16","1","0","100.00","14","26","35.00","0","0","-","18.75","95.24","1.140","3","4","4","54","42.86","11","5","10","52.38"
"642","Carson Soucy","Matthew Schaefer","NYI","30","41.066666666667","41","45","47.67","29","36","44.62","19","22","46.34","2","4","33.33","3.28","2.09","61.11","22","19","53.66","7","7","50.00","0","1","0.00","15","12","55.56","1","0","100.00","16","25","39.02","1","3","25.00","10.53","81.82","0.923","1","1","1","117","50.00","3","1","7","30.00"
"643","Jacob Middleton","Daemon Hunt","MIN","26","40.666666666667","18","54","25.00","14","37","27.45","8","24","25.00","0","3","0.00","1.04","1.65","38.56","9","19","32.14","5","3","62.50","0","1","0.00","4","16","20.00","0","1","0.00","11","36","23.40","0","1","0.00","0.00","87.50","0.875","2","5","5","40","28.57","7","8","13","35.00"
"644","Egor Zamula","Jamie Drysdale","PHI","13","40.566666666667","21","37","36.21","15","30","33.33","10","23","30.30","0","2","0.00","1.16","2.12","35.48","13","17","43.33","5","8","38.46","0","2","0.00","8","9","47.06","0","0","-","13","22","37.14","0","0","-","0.00","91.30","0.913","5","6","5","36","50.00","16","11","13","55.17"
"645","Filip Hronek","Pierre-Olivier Joseph","VAN","31","40.533333333333","46","40","53.49","39","34","53.42","29","26","52.73","4","4","50.00","2.9","3.34","46.42","22","21","51.16","11","11","50.00","1","3","25.00","11","10","52.38","3","0","100.00","26","18","59.09","0","1","0.00","13.79","84.62","0.984","3","2","6","81","33.33","8","5","8","50.00"
"646","Josh Morrissey","Haydn Fleury","WPG","35","40.216666666667","30","55","35.29","27","43","38.57","18","26","40.91","3","4","42.86","2.31","3.87","37.37","16","28","36.36","9","10","47.37","1","3","25.00","7","18","28.00","1","0","100.00","14","30","31.82","0","1","0.00","16.67","84.62","1.013","1","0","3","108","25.00","1","1","5","16.67"
"647","Jake McCabe","Philippe Myers","TOR","37","40.05","32","33","49.23","21","26","44.68","17","16","51.52","1","2","33.33","1.17","2.12","35.51","14","19","42.42","5","8","38.46","1","0","100.00","9","11","45.00","0","2","0.00","20","13","60.61","0","0","-","5.88","87.50","0.934","4","2","6","90","40.00","6","3","12","33.33"
"648","Nils Lundkvist","Lian Bichsel","DAL","26","39.933333333333","33","34","49.25","23","21","52.27","17","16","51.52","0","1","0.00","1.41","1.62","46.52","13","11","54.17","6","4","60.00","0","0","-","7","7","50.00","0","0","-","15","21","41.67","0","0","-","0.00","93.75","0.938","1","12","5","49","16.67","4","13","14","22.22"
"649","Colton Parayko","Logan Mailloux","STL","62","39.916666666667","20","31","39.22","13","21","38.24","9","16","36.00","1","1","50.00","0.82","1.29","38.77","10","15","40.00","4","5","44.44","0","0","-","6","10","37.50","1","1","50.00","11","16","40.74","0","0","-","11.11","93.75","1.049","2","2","0","162","100.00","4","2","1","80.00"
"650","Colton White","Simon Nemec","N.J","11","39.383333333333","37","33","52.86","28","21","57.14","19","15","55.88","2","1","66.67","1.73","1.53","53.18","18","16","52.94","6","6","50.00","2","0","100.00","12","10","54.55","0","1","0.00","21","16","56.76","0","0","-","10.53","93.33","1.039","4","7","6","42","40.00","11","14","10","52.38"
"651","Owen Power","Zach Metsa","BUF","43","39.383333333333","39","43","47.56","29","32","47.54","24","22","52.17","2","1","66.67","1.58","2.7","36.87","16","20","44.44","5","12","29.41","1","1","50.00","11","8","57.89","1","0","100.00","19","26","42.22","0","0","-","8.33","95.45","1.038","2","8","4","61","33.33","5","15","7","41.67"
"652","MacKenzie Weegar","Rasmus Andersson","CGY","48","39.15","68","32","68.00","44","23","65.67","28","18","60.87","2","5","28.57","3.02","2.48","54.93","23","13","63.89","8","6","57.14","1","3","25.00","15","7","68.18","0","1","0.00","50","20","71.43","1","0","100.00","7.14","72.22","0.794","12","1","3","125","80.00","34","3","8","80.95"
"653","Moritz Seider","Axel Sandin-Pellikka","DET","68","39.033333333333","49","29","62.82","39","19","67.24","23","13","63.89","0","1","0.00","2.41","2.11","53.31","19","18","51.35","8","6","57.14","0","0","-","11","12","47.83","0","0","-","27","10","72.97","0","1","0.00","0.00","92.31","0.923","1","2","2","108","33.33","4","3","3","57.14"
"654","Nate Schmidt","Nick DeSimone","UTA","40","38.916666666667","29","24","54.72","21","17","55.26","13","12","52.00","2","1","66.67","1.21","0.79","60.45","9","10","47.37","5","5","50.00","0","1","0.00","4","5","44.44","0","0","-","16","15","51.61","2","0","100.00","15.38","91.67","1.071","1","6","4","78","20.00","4","9","8","33.33"
"655","Ryan McDonagh","Emil Martinsen Lilleberg","T.B","32","38.883333333333","31","45","40.79","25","38","39.68","13","21","38.24","0","2","0.00","1.57","3.38","31.80","19","23","45.24","5","11","31.25","0","0","-","14","12","53.85","0","1","0.00","16","26","38.10","0","1","0.00","0.00","90.48","0.905","3","5","2","55","60.00","6","6","10","37.50"
"656","Marcus Pettersson","Elias Pettersson","VAN","70","38.716666666667","17","43","28.33","13","33","28.26","9","28","24.32","1","3","25.00","1.2","3.87","23.62","12","30","28.57","8","16","33.33","1","1","50.00","4","14","22.22","0","2","0.00","3","18","14.29","0","0","-","11.11","89.29","1.004","2","5","5","149","28.57","2","7","14","12.50"
"657","Henri Jokiharju","Michael Callahan","BOS","3","38.65","36","27","57.14","31","17","64.58","22","12","64.71","2","3","40.00","2.12","1.42","59.98","14","15","48.28","8","6","57.14","1","1","50.00","6","9","40.00","1","2","33.33","21","17","55.26","0","0","-","9.09","75.00","0.841","3","11","6","17","33.33","13","19","11","54.17"
"658","Noah Juulsen"," ","PHI","3","38.383333333333","15","24","38.46","11","15","42.31","6","9","40.00","1","1","50.00","0.51","0.83","38.34","6","14","30.00","2","3","40.00","0","0","-","4","11","26.67","1","1","50.00","13","12","52.00","0","0","-","16.67","88.89","1.056","8","8","7","21","53.33","15","14","14","51.72"
"659","Ethan Del Mastro","Sam Rinzel","CHI","18","38.333333333333","27","35","43.55","21","28","42.86","16","18","47.06","0","3","0.00","0.83","1.99","29.41","11","21","34.38","5","8","38.46","0","2","0.00","6","13","31.58","0","0","-","19","16","54.29","0","1","0.00","0.00","83.33","0.833","0","6","2","47","0.00","6","7","7","46.15"
"660","Aaron Ekblad","Uvis Balinskis","FLA","52","38.116666666667","23","43","34.85","20","27","42.55","13","18","41.94","1","2","33.33","0.84","2.26","27.13","7","28","20.00","2","9","18.18","0","1","0.00","5","19","20.83","1","1","50.00","13","15","46.43","0","0","-","7.69","88.89","0.966","1","1","1","112","50.00","2","3","6","25.00"
"661","Zach Bogosian","Quinn Hughes","MIN","25","38.1","41","39","51.25","29","29","50.00","13","19","40.63","4","2","66.67","2.17","1.69","56.19","17","24","41.46","10","9","52.63","3","1","75.00","7","15","31.82","0","0","-","20","19","51.28","0","1","0.00","30.77","89.47","1.202","0","0","3","71","0.00","3","1","8","27.27"
"662","Ben Hutton","Dylan Coghlan","VGK","3","37.616666666667","40","37","51.95","27","28","49.09","17","14","54.84","3","2","60.00","1.81","1.83","49.83","17","19","47.22","8","8","50.00","2","1","66.67","9","11","45.00","1","0","100.00","27","19","58.70","0","1","0.00","17.65","85.71","1.034","11","8","2","16","84.62","18","11","6","75.00"
"663","Matt Grzelcyk","Wyatt Kaiser","CHI","64","37.466666666667","30","20","60.00","22","15","59.46","18","9","66.67","2","0","100.00","1.13","0.83","57.64","11","11","50.00","2","4","33.33","0","0","-","9","7","56.25","1","0","100.00","21","9","70.00","1","0","100.00","11.11","100.00","1.111","3","6","3","113","50.00","8","7","6","57.14"
"664","Martin Fehervary","Declan Chisholm","WSH","25","37.133333333333","46","45","50.55","31","30","50.82","21","15","58.33","5","2","71.43","2.6","2.33","52.71","28","22","56.00","12","10","54.55","3","1","75.00","16","12","57.14","2","1","66.67","12","23","34.29","0","0","-","23.81","86.67","1.105","0","7","6","36","0.00","1","12","13","7.14"
"665","Nicolas Hague","Spencer Stastney","NSH","22","37.083333333333","28","20","58.33","21","15","58.33","16","11","59.26","0","4","0.00","1.98","1.17","62.72","19","12","61.29","11","5","68.75","0","2","0.00","8","7","53.33","0","2","0.00","7","11","38.89","0","0","-","0.00","63.64","0.636","1","3","4","49","20.00","4","6","10","28.57"
"666","Pierre-Olivier Joseph","Victor Mancini","VAN","5","36.983333333333","45","41","52.33","34","32","51.52","22","21","51.16","3","4","42.86","2.91","2.2","57.00","23","21","52.27","13","9","59.09","2","2","50.00","10","12","45.45","1","2","33.33","22","22","50.00","0","0","-","13.64","80.95","0.946","8","9","5","34","61.54","10","13","10","50.00"
"667","Matt Kiersted","Viking Gustafsson-Nyberg","MIN","2","36.866666666667","16","45","26.23","13","39","25.00","7","24","22.58","2","2","50.00","1.78","2.81","38.80","11","23","32.35","3","7","30.00","0","1","0.00","8","16","33.33","2","1","66.67","8","30","21.05","0","0","-","28.57","91.67","1.202","5","8","10","16","33.33","9","14","17","34.62"
"668","Jamie Oleksiak","Vince Dunn","SEA","77","36.85","41","37","52.56","28","29","49.12","22","15","59.46","3","0","100.00","1.55","1.99","43.72","23","22","51.11","6","11","35.29","1","0","100.00","17","11","60.71","2","0","100.00","14","15","48.28","0","0","-","13.64","100.00","1.136","0","0","0","154","-","1","0","2","33.33"
"669","John Carlson","Matt Roy","WSH","52","36.666666666667","20","49","28.99","12","38","24.00","8","21","27.59","0","3","0.00","0.69","4.33","13.73","6","29","17.14","2","14","12.50","0","2","0.00","4","15","21.05","0","1","0.00","8","27","22.86","0","0","-","0.00","85.71","0.857","3","1","5","80","37.50","6","3","15","28.57"
"670","Yan Kuznetsov","Hunter Brzustewicz","CGY","23","36.566666666667","34","29","53.97","24","22","52.17","20","13","60.61","2","1","66.67","1.31","1.02","56.26","15","9","62.50","7","3","70.00","1","0","100.00","8","6","57.14","1","1","50.00","17","15","53.13","0","0","-","10.00","92.31","1.023","2","3","2","60","50.00","5","6","4","55.56"
"671","Miro Heiskanen","Nils Lundkvist","DAL","49","36.533333333333","21","24","46.67","16","17","48.48","10","10","50.00","1","0","100.00","1.11","0.93","54.51","14","6","70.00","4","2","66.67","0","0","-","10","4","71.43","1","0","100.00","7","17","29.17","0","0","-","10.00","100.00","1.100","3","3","2","76","60.00","7","4","3","70.00"
"672","Carson Soucy","Matthew Robertson","NYR","36","36.45","27","29","48.21","25","19","56.82","17","11","60.71","1","1","50.00","2.71","1.03","72.47","19","16","54.29","11","6","64.71","1","1","50.00","8","10","44.44","0","0","-","8","16","33.33","0","0","-","5.88","90.91","0.968","2","6","2","68","50.00","5","9","11","31.25"
"673","Brandon Carlo","Troy Stecher","TOR","32","36.333333333333","25","48","34.25","22","35","38.60","17","22","43.59","0","1","0.00","1.86","4.28","30.32","16","33","32.65","6","19","24.00","0","0","-","10","14","41.67","0","1","0.00","6","18","25.00","0","0","-","0.00","95.45","0.955","0","2","7","112","0.00","0","2","14","0.00"
"674","Drew Doughty","Cody Ceci","L.A","72","36.233333333333","36","25","59.02","29","16","64.44","18","11","62.07","0","2","0.00","2","1.01","66.30","19","14","57.58","8","4","66.67","0","1","0.00","11","10","52.38","0","1","0.00","17","6","73.91","0","0","-","0.00","81.82","0.818","0","0","0","158","-","0","0","2","0.00"
"675","Nick Leddy","Shakir Mukhamadullin","S.J","16","35.95","18","38","32.14","12","29","29.27","8","17","32.00","0","3","0.00","0.46","2.41","15.98","5","21","19.23","1","9","10.00","0","2","0.00","4","12","25.00","0","0","-","14","24","36.84","0","1","0.00","0.00","82.35","0.824","4","5","5","36","44.44","11","8","14","44.00"
"676","Ben Hutton","Shea Theodore","VGK","43","35.85","39","37","51.32","29","29","50.00","23","18","56.10","2","0","100.00","3","1.52","66.39","28","16","63.64","13","6","68.42","2","0","100.00","15","10","60.00","0","0","-","14","21","40.00","0","0","-","8.70","100.00","1.087","6","2","0","87","100.00","14","3","2","87.50"
"677","Jakob Chychrun","Timothy Liljegren","WSH","4","35.766666666667","25","48","34.25","19","39","32.76","11","24","31.43","1","1","50.00","1.25","2.83","30.57","12","24","33.33","3","10","23.08","0","0","-","9","14","39.13","1","0","100.00","15","25","37.50","0","1","0.00","9.09","95.83","1.049","6","4","4","17","60.00","12","7","10","54.55"
"678","Simon Benoit","Henry Thrun","TOR","4","35.75","22","37","37.29","15","25","37.50","9","16","36.00","0","1","0.00","0.87","2.07","29.70","11","18","37.93","3","8","27.27","0","0","-","8","10","44.44","0","1","0.00","13","21","38.24","0","0","-","0.00","93.75","0.938","3","10","9","14","25.00","6","13","17","26.09"
"679","Shayne Gostisbehere","Jaccob Slavin","CAR","25","35.633333333333","31","35","46.97","23","29","44.23","16","19","45.71","2","3","40.00","1.53","1.98","43.64","13","21","38.24","7","7","50.00","1","1","50.00","6","14","30.00","0","2","0.00","17","17","50.00","1","0","100.00","12.50","84.21","0.967","9","12","5","42","64.29","14","16","6","70.00"
"680","Noah Dobson","Arber Xhekaj","MTL","63","35.466666666667","17","51","25.00","11","36","23.40","8","24","25.00","1","3","25.00","0.48","2.64","15.30","8","29","21.62","2","11","15.38","1","2","33.33","6","18","25.00","0","0","-","8","22","26.67","0","1","0.00","12.50","87.50","1.000","0","3","2","82","0.00","3","4","7","30.00"
"681","Mike Matheson","Jayden Struble","MTL","55","35.45","30","30","50.00","24","25","48.98","18","15","54.55","4","1","80.00","1.41","1.33","51.51","19","12","61.29","4","3","57.14","2","0","100.00","15","9","62.50","2","1","66.67","7","16","30.43","0","0","-","22.22","93.33","1.156","0","0","1","116","0.00","0","1","3","0.00"
"682","Nick Leddy","John Klingberg","S.J","14","35.366666666667","23","51","31.08","16","42","27.59","11","29","27.50","2","6","25.00","0.6","3.42","14.96","12","27","30.77","3","12","20.00","1","3","25.00","9","15","37.50","1","2","33.33","17","25","40.48","0","1","0.00","18.18","79.31","0.975","10","7","4","36","71.43","15","11","10","60.00"
"683","Cam York","Emil Andrae","PHI","55","35.283333333333","31","34","47.69","26","22","54.17","15","15","50.00","1","1","50.00","1.87","2.15","46.53","18","17","51.43","10","9","52.63","1","1","50.00","8","8","50.00","0","0","-","12","15","44.44","0","0","-","6.67","93.33","1.000","3","4","1","160","75.00","4","5","4","50.00"
"684","Joel Hanley","Rasmus Andersson","CGY","45","35.15","40","42","48.78","31","35","46.97","21","26","44.68","3","3","50.00","1.58","2.93","35.13","18","22","45.00","7","14","33.33","2","3","40.00","11","8","57.89","1","0","100.00","20","22","47.62","0","0","-","14.29","88.46","1.027","0","2","4","123","0.00","3","4","10","23.08"
"685","Samuel Girard","Ilya Solovyov","COL","7","34.966666666667","50","34","59.52","35","23","60.34","22","18","55.00","1","2","33.33","1.64","1.44","53.19","22","14","61.11","9","6","60.00","1","1","50.00","13","8","61.90","0","1","0.00","31","18","63.27","0","0","-","4.55","88.89","0.934","2","6","3","12","40.00","12","8","9","57.14"
"686","Brett Pesce","Simon Nemec","N.J","25","34.933333333333","26","24","52.00","20","18","52.63","14","13","51.85","1","1","50.00","1.26","1.59","44.29","13","7","65.00","2","5","28.57","1","1","50.00","11","2","84.62","0","0","-","15","12","55.56","0","0","-","7.14","92.31","0.995","4","3","0","57","100.00","7","4","3","70.00"
"687","Nick Leddy","Vincent Desharnais","S.J","18","34.816666666667","29","34","46.03","19","24","44.19","12","18","40.00","0","2","0.00","1.15","2.45","31.94","13","18","41.94","5","12","29.41","0","1","0.00","8","6","57.14","0","1","0.00","18","20","47.37","0","0","-","0.00","88.89","0.889","2","8","7","40","22.22","5","12","12","29.41"
"688","Scott Mayfield","Cole McWard","NYI","3","34.816666666667","19","47","28.79","18","33","35.29","13","23","36.11","2","2","50.00","1.05","2.55","29.20","10","23","30.30","6","12","33.33","1","2","33.33","4","11","26.67","1","0","100.00","10","24","29.41","0","0","-","15.38","91.30","1.067","3","9","2","15","60.00","4","13","8","33.33"
"689","Vince Dunn","Ryan Lindgren","SEA","75","34.433333333333","33","34","49.25","25","26","49.02","18","12","60.00","2","1","66.67","1.28","1.65","43.76","14","18","43.75","7","7","50.00","0","0","-","7","11","38.89","1","1","50.00","18","13","58.06","1","0","100.00","11.11","91.67","1.028","0","1","1","62","0.00","0","1","2","0.00"
"690","Nate Schmidt","MacKenzie Weegar","UTA","19","34.366666666667","33","45","42.31","21","35","37.50","17","21","44.74","3","3","50.00","2.05","3.69","35.70","10","27","27.03","4","13","23.53","1","2","33.33","6","14","30.00","0","0","-","15","20","42.86","0","1","0.00","17.65","85.71","1.034","0","6","5","48","0.00","5","11","10","33.33"
"691","Ilya Lyubushkin","Vladislav Kolyachonok","DAL","3","34.316666666667","38","34","52.78","29","18","61.70","21","12","63.64","1","0","100.00","1.81","1.15","61.22","16","14","53.33","10","4","71.43","0","0","-","6","10","37.50","1","0","100.00","26","20","56.52","0","0","-","4.76","100.00","1.048","0","11","1","22","0.00","9","11","11","45.00"
"692","Mike Matheson","Arber Xhekaj","MTL","61","34.116666666667","28","36","43.75","23","28","45.10","14","17","45.16","1","1","50.00","1.58","1.94","44.82","18","21","46.15","9","7","56.25","0","1","0.00","9","14","39.13","1","0","100.00","9","12","42.86","0","0","-","7.14","94.12","1.013","0","1","0","122","-","1","1","1","50.00"
"693","Sean Walker","Joel Nystrom","CAR","37","34","20","39","33.90","14","30","31.82","11","20","35.48","1","4","20.00","1.53","2.23","40.71","12","21","36.36","4","7","36.36","0","1","0.00","8","14","36.36","1","2","33.33","7","19","26.92","0","1","0.00","9.09","80.00","0.891","1","0","5","52","16.67","3","3","10","23.08"
"694","Adam Wilsby","Nick Blankenburg","NSH","33","34","17","29","36.96","16","22","42.11","12","13","48.00","1","1","50.00","1.01","1.61","38.49","6","14","30.00","3","8","27.27","0","0","-","3","6","33.33","0","0","-","11","22","33.33","1","1","50.00","8.33","92.31","1.006","2","6","6","90","25.00","4","9","11","26.67"
"695","Thomas Chabot","Jake Sanderson","OTT","49","33.866666666667","40","22","64.52","28","11","71.79","16","8","66.67","2","0","100.00","1.45","1.2","54.68","15","9","62.50","3","4","42.86","0","0","-","12","5","70.59","2","0","100.00","39","11","78.00","0","0","-","12.50","100.00","1.125","17","2","3","136","85.00","36","4","5","87.80"
"696","Dylan McIlrath","Rasmus Sandin","WSH","10","33.616666666667","21","30","41.18","13","20","39.39","9","13","40.91","1","0","100.00","1.16","1.09","51.46","10","9","52.63","7","4","63.64","0","0","-","3","5","37.50","1","0","100.00","7","29","19.44","0","0","-","11.11","100.00","1.111","1","7","12","16","7.69","7","12","20","25.93"
"697","Shea Theodore","Kaedan Korczak","VGK","66","33.4","30","27","52.63","24","19","55.81","18","8","69.23","3","1","75.00","1.82","1.26","59.08","16","17","48.48","11","6","64.71","3","1","75.00","5","11","31.25","0","0","-","12","10","54.55","0","0","-","16.67","87.50","1.042","0","3","2","120","0.00","2","3","5","28.57"
"698","Lane Hutson","Adam Engstrom","MTL","15","33.266666666667","30","30","50.00","20","23","46.51","17","15","53.13","2","1","66.67","1.99","1.76","53.03","16","16","50.00","8","7","53.33","1","0","100.00","8","9","47.06","0","1","0.00","13","15","46.43","1","0","100.00","11.76","93.33","1.051","3","4","2","25","60.00","8","9","7","53.33"
"699","Haydn Fleury","Elias Salomonsson","WPG","15","33","22","32","40.74","15","24","38.46","10","14","41.67","2","1","66.67","1.74","1.59","52.25","10","15","40.00","4","5","44.44","1","0","100.00","6","10","37.50","0","1","0.00","13","20","39.39","1","0","100.00","20.00","92.86","1.129","3","5","2","34","60.00","9","5","5","64.29"
"700","Noah Hanifin","Jeremy Lauzon","VGK","57","32.816666666667","33","24","57.89","29","17","63.04","15","11","57.69","1","2","33.33","1.97","1.24","61.43","16","12","57.14","10","6","62.50","1","1","50.00","6","6","50.00","0","0","-","14","12","53.85","0","1","0.00","6.67","81.82","0.885","0","0","1","167","0.00","0","0","3","0.00"
"701","William Borgen","Adam Fox","NYR","48","32.766666666667","27","23","54.00","19","20","48.72","11","10","52.38","2","1","66.67","2.79","0.9","75.66","15","14","51.72","6","1","85.71","0","0","-","9","13","40.91","0","1","0.00","11","12","47.83","1","0","100.00","18.18","90.00","1.082","1","0","5","149","16.67","4","0","7","36.36"
"702","Jacob Bernard-Docker","Simon Edvinsson","DET","54","32.666666666667","19","42","31.15","12","30","28.57","11","19","36.67","1","2","33.33","0.56","1.73","24.33","8","22","26.67","3","9","25.00","0","1","0.00","5","13","27.78","1","1","50.00","11","23","32.35","0","0","-","9.09","89.47","0.986","1","5","1","83","50.00","3","10","7","30.00"
"703","Marcus Pettersson","Pierre-Olivier Joseph","VAN","31","32.616666666667","31","29","51.67","24","20","54.55","17","15","53.13","0","2","0.00","1.65","1.01","61.95","15","15","50.00","7","3","70.00","0","2","0.00","8","12","40.00","0","0","-","16","17","48.48","0","0","-","0.00","86.67","0.867","5","3","1","48","83.33","9","3","5","64.29"
"704","Vladislav Gavrikov","Scott Morrow","NYR","29","32.3","29","23","55.77","20","18","52.63","17","11","60.71","1","1","50.00","1.17","1.43","44.90","13","14","48.15","7","3","70.00","0","0","-","6","11","35.29","1","0","100.00","23","8","74.19","0","1","0.00","5.88","90.91","0.968","6","2","1","81","85.71","15","4","6","71.43"
"705","Brayden McNabb","Noah Hanifin","VGK","52","32.25","28","34","45.16","20","23","46.51","12","15","44.44","1","1","50.00","1.97","1.45","57.54","15","21","41.67","8","6","57.14","1","0","100.00","7","15","31.82","0","1","0.00","8","14","36.36","0","0","-","8.33","93.33","1.017","0","0","0","189","-","0","1","4","0.00"
"706","Erik Gustafsson","Axel Sandin-Pellikka","DET","2","31.75","24","28","46.15","16","21","43.24","9","10","47.37","0","2","0.00","1.13","1.56","42.00","10","9","52.63","5","6","45.45","0","1","0.00","5","3","62.50","0","1","0.00","21","20","51.22","0","0","-","0.00","80.00","0.800","7","6","6","7","53.85","19","10","8","70.37"
"707","Travis Sanheim","Noah Juulsen","PHI","51","31.683333333333","28","27","50.91","26","20","56.52","15","11","57.69","2","2","50.00","2.15","1.39","60.63","20","12","62.50","14","3","82.35","1","1","50.00","6","9","40.00","1","1","50.00","6","14","30.00","0","0","-","13.33","81.82","0.952","0","0","2","99","0.00","1","2","5","16.67"
"708","Damon Severson","Jake Christiansen","CBJ","34","31.566666666667","25","25","50.00","21","16","56.76","15","8","65.22","1","0","100.00","1.32","0.71","65.10","13","8","61.90","6","2","75.00","0","0","-","7","6","53.85","1","0","100.00","9","15","37.50","0","0","-","6.67","100.00","1.067","1","5","0","43","100.00","2","7","4","33.33"
"709","Justin Faulk","Logan Mailloux","STL","46","31.55","26","24","52.00","19","17","52.78","13","9","59.09","1","1","50.00","1.52","1.61","48.54","14","8","63.64","7","4","63.64","0","0","-","7","4","63.64","1","0","100.00","13","14","48.15","0","1","0.00","7.69","88.89","0.966","2","3","0","121","100.00","5","5","2","71.43"
"710","Rasmus Ristolainen","Jamie Drysdale","PHI","41","31.55","23","24","48.94","21","19","52.50","15","13","53.57","2","2","50.00","1.67","1.01","62.30","12","11","52.17","3","4","42.86","0","1","0.00","9","7","56.25","1","1","50.00","7","15","31.82","0","0","-","13.33","84.62","0.979","0","1","0","131","-","1","1","5","16.67"
"711","Luke Schenn","Logan Stanley","BUF","4","31.45","29","29","50.00","21","19","52.50","11","14","44.00","1","3","25.00","1.34","0.88","60.38","12","12","50.00","6","2","75.00","0","0","-","6","10","37.50","1","3","25.00","19","18","51.35","0","0","-","9.09","78.57","0.877","2","7","8","10","20.00","5","11","14","26.32"
"712","Dmitry Orlov","Vincent Iorio","S.J","21","31.383333333333","19","33","36.54","11","20","35.48","7","14","33.33","1","2","33.33","0.93","1.72","35.08","13","14","48.15","4","4","50.00","1","1","50.00","9","10","47.37","0","1","0.00","7","20","25.93","0","0","-","14.29","85.71","1.000","2","4","6","45","25.00","3","6","9","25.00"
"713","Colin Miller","Haydn Fleury","WPG","5","31.216666666667","25","37","40.32","18","30","37.50","9","14","39.13","1","1","50.00","1.23","2.57","32.46","14","22","38.89","7","9","43.75","1","0","100.00","7","13","35.00","0","0","-","15","21","41.67","0","1","0.00","11.11","92.86","1.040","4","5","2","22","66.67","8","7","6","57.14"
"714","Evan Bouchard","Ty Emberson","EDM","72","31","19","33","36.54","13","24","35.14","11","12","47.83","0","3","0.00","0.64","1.65","27.79","12","18","40.00","1","9","10.00","0","1","0.00","11","9","55.00","0","1","0.00","7","13","35.00","0","1","0.00","0.00","75.00","0.750","0","0","0","146","-","0","0","1","0.00"
"715","Dylan McIlrath","Martin Fehervary","WSH","12","30.716666666667","21","28","42.86","14","16","46.67","8","11","42.11","0","1","0.00","1.02","0.99","50.59","11","13","45.83","4","5","44.44","0","1","0.00","7","8","46.67","0","0","-","10","14","41.67","0","0","-","0.00","90.91","0.909","2","7","4","26","33.33","7","10","10","41.18"
"716","Nick Leddy","Vincent Iorio","S.J","8","30.666666666667","28","27","50.91","19","21","47.50","16","13","55.17","2","2","50.00","1.39","1.33","51.09","17","14","54.84","9","8","52.94","1","2","33.33","8","6","57.14","1","0","100.00","17","14","54.84","0","0","-","12.50","84.62","0.971","10","7","2","20","83.33","12","10","4","75.00"
"717","Erik Cernak","Emil Martinsen Lilleberg","T.B","37","30.633333333333","24","23","51.06","15","16","48.39","9","10","47.37","2","2","50.00","1.3","1.23","51.44","12","12","50.00","4","6","40.00","0","1","0.00","8","6","57.14","2","1","66.67","10","11","47.62","0","0","-","22.22","80.00","1.022","1","5","4","65","20.00","3","8","7","30.00"
"718","Brett Kulak","Parker Wotherspoon","PIT","25","30.516666666667","20","34","37.04","16","24","40.00","8","14","36.36","1","0","100.00","0.74","1.46","33.75","8","15","34.78","3","5","37.50","1","0","100.00","5","10","33.33","0","0","-","11","21","34.38","0","0","-","12.50","100.00","1.125","2","5","1","48","66.67","6","7","6","50.00"
"719","Daemon Hunt","Brock Faber","MIN","30","30.45","16","38","29.63","11","24","31.43","8","10","44.44","1","1","50.00","0.8","1.49","35.05","11","13","45.83","3","2","60.00","1","0","100.00","8","11","42.11","0","1","0.00","6","25","19.35","0","0","-","12.50","90.00","1.025","2","7","5","49","28.57","3","9","12","20.00"
"720","Dennis Cholowski","Johnathan Kovacevic","N.J","2","30.333333333333","17","29","36.96","15","20","42.86","11","13","45.83","2","3","40.00","0.72","2.01","26.41","7","17","29.17","3","7","30.00","0","1","0.00","4","10","28.57","1","2","33.33","11","12","47.83","1","0","100.00","18.18","76.92","0.951","4","4","1","16","80.00","6","5","9","40.00"
"721","Jamie Oleksiak","Cale Fleury","SEA","21","29.95","16","37","30.19","13","26","33.33","7","18","28.00","3","1","75.00","1.27","1.38","47.83","7","15","31.82","3","8","27.27","0","1","0.00","4","7","36.36","0","0","-","10","25","28.57","3","0","100.00","42.86","94.44","1.373","1","2","1","62","50.00","2","3","7","22.22"
"722","Miro Heiskanen","Ilya Lyubushkin","DAL","48","29.916666666667","20","33","37.74","15","23","39.47","13","15","46.43","0","3","0.00","0.82","1.45","36.17","8","13","38.10","4","6","40.00","0","1","0.00","4","7","36.36","0","0","-","12","22","35.29","0","2","0.00","0.00","80.00","0.800","2","4","3","63","40.00","5","6","7","41.67"
"723","Jonas Brodin","Quinn Hughes","MIN","31","29.783333333333","28","23","54.90","22","16","57.89","13","10","56.52","3","1","75.00","2.06","0.74","73.71","11","11","50.00","6","3","66.67","2","1","66.67","5","8","38.46","1","0","100.00","14","12","53.85","0","0","-","23.08","90.00","1.131","0","1","1","107","0.00","0","1","3","0.00"
"724","Vince Dunn","Cale Fleury","SEA","22","29.516666666667","29","27","51.79","21","16","56.76","15","9","62.50","1","1","50.00","1.41","0.76","65.14","12","10","54.55","5","4","55.56","1","0","100.00","7","6","53.85","0","1","0.00","15","22","40.54","0","0","-","6.67","88.89","0.956","2","4","4","31","33.33","4","7","14","22.22"
"725","Jacob Bryson","Mattias Samuelsson","BUF","33","29.516666666667","26","17","60.47","17","11","60.71","11","8","57.89","3","0","100.00","0.9","0.59","60.46","12","6","66.67","4","2","66.67","1","0","100.00","8","4","66.67","0","0","-","16","12","57.14","2","0","100.00","27.27","100.00","1.273","2","6","7","35","22.22","6","9","10","37.50"
"726","Esa Lindell","Lian Bichsel","DAL","50","29.466666666667","7","22","24.14","6","18","25.00","3","13","18.75","0","1","0.00","0.28","1.28","17.66","1","17","5.56","1","5","16.67","0","1","0.00","0","12","0.00","0","0","-","6","5","54.55","0","0","-","0.00","92.31","0.923","0","0","0","96","-","1","1","2","33.33"
"727","Cameron Crotty","Nikolas Matinpalo","OTT","6","29.35","20","23","46.51","18","21","46.15","9","14","39.13","0","0","-","0.9","1.02","46.91","7","11","38.89","3","1","75.00","0","0","-","4","10","28.57","0","0","-","15","14","51.72","0","0","-","0.00","100.00","1.000","2","7","1","26","66.67","5","14","4","55.56"
"728","Thomas Chabot","Nikolas Matinpalo","OTT","25","29.333333333333","39","37","51.32","32","28","53.33","24","18","57.14","5","3","62.50","2.64","1.27","67.53","27","15","64.29","17","4","80.95","3","1","75.00","10","11","47.62","2","1","66.67","8","20","28.57","0","1","0.00","20.83","83.33","1.042","0","3","1","62","0.00","1","4","2","33.33"
"729","Jacob Bryson","Michael Kesselring","BUF","6","29.333333333333","23","40","36.51","16","32","33.33","11","23","32.35","2","4","33.33","1.33","1.76","43.11","14","19","42.42","7","4","63.64","1","1","50.00","7","15","31.82","0","2","0.00","7","19","26.92","1","1","50.00","18.18","82.61","1.008","4","8","5","21","44.44","11","12","6","64.71"
"730","Jeff Petry","Aaron Ekblad","FLA","56","29.3","44","25","63.77","32","17","65.31","18","13","58.06","2","1","66.67","2.96","1.87","61.28","22","9","70.97","12","5","70.59","2","0","100.00","10","4","71.43","0","1","0.00","23","13","63.89","0","0","-","11.11","92.31","1.034","3","2","2","103","60.00","6","5","4","60.00"
"731","John Marino","Nick DeSimone","UTA","40","29.233333333333","27","24","52.94","21","15","58.33","11","10","52.38","1","0","100.00","1.51","1.05","58.99","17","14","54.84","6","5","54.55","0","0","-","11","9","55.00","1","0","100.00","12","10","54.55","0","0","-","9.09","100.00","1.091","1","0","1","130","50.00","3","0","6","33.33"
"732","Victor Mancini","Tom Willander","VAN","18","29.2","20","33","37.74","12","23","34.29","8","11","42.11","0","3","0.00","0.36","1.63","18.15","7","21","25.00","3","6","33.33","0","0","-","4","15","21.05","0","3","0.00","17","10","62.96","0","0","-","0.00","72.73","0.727","4","3","0","31","100.00","9","3","2","81.82"
"733","Olli Maatta","John Marino","UTA","22","29.15","17","28","37.78","15","21","41.67","7","15","31.82","1","0","100.00","0.91","1.66","35.35","6","15","28.57","1","5","16.67","0","0","-","5","10","33.33","0","0","-","8","14","36.36","0","0","-","14.29","100.00","1.143","2","3","1","44","66.67","6","3","4","60.00"
"734","Connor Murphy","Ethan Del Mastro","CHI","2","28.866666666667","19","42","31.15","13","30","30.23","9","18","33.33","0","1","0.00","0.57","1.79","24.06","8","19","29.63","2","7","22.22","0","1","0.00","6","12","33.33","0","0","-","12","31","27.91","0","0","-","0.00","94.44","0.944","3","5","9","11","25.00","6","6","18","25.00"
"735","Niko Mikkola","Mike Benning","FLA","4","28.75","26","21","55.32","19","14","57.58","7","12","36.84","0","1","0.00","1.42","1.45","49.53","12","13","48.00","6","6","50.00","0","1","0.00","6","7","46.15","0","0","-","20","10","66.67","0","0","-","0.00","91.67","0.917","3","5","2","19","60.00","12","5","4","75.00"
"736","Johnathan Kovacevic","Topias Vilen","N.J","2","28.616666666667","25","21","54.35","15","18","45.45","10","12","45.45","1","0","100.00","1.21","1.22","49.79","10","10","50.00","3","4","42.86","1","0","100.00","7","6","53.85","0","0","-","15","14","51.72","0","0","-","10.00","100.00","1.100","3","5","5","11","37.50","5","10","8","38.46"
"737","William Borgen","Connor Mackey","NYR","3","28.283333333333","25","18","58.14","21","13","61.76","11","9","55.00","0","2","0.00","0.94","0.79","54.57","8","9","47.06","3","3","50.00","0","0","-","5","6","45.45","0","1","0.00","19","13","59.38","0","0","-","0.00","77.78","0.778","0","3","6","27","0.00","6","5","10","37.50"
"738","Kevin Bahl","Brayden Pachal","CGY","34","28.266666666667","27","33","45.00","16","23","41.03","9","13","40.91","1","0","100.00","0.97","1.05","48.01","14","9","60.87","4","3","57.14","1","0","100.00","10","6","62.50","0","0","-","12","23","34.29","0","0","-","11.11","100.00","1.111","1","1","2","63","33.33","5","3","7","41.67"
"739","Noah Juulsen","Jamie Drysdale","PHI","48","28.15","25","36","40.98","19","32","37.25","17","19","47.22","2","2","50.00","1.39","2.21","38.53","18","24","42.86","5","11","31.25","0","2","0.00","13","13","50.00","2","0","100.00","8","12","40.00","0","0","-","11.76","89.47","1.012","0","1","0","134","-","3","2","2","60.00"
"740","Andrew Peeke","Henri Jokiharju","BOS","36","28.05","15","39","27.78","13","31","29.55","11","23","32.35","0","2","0.00","0.71","3.72","16.04","5","29","14.71","2","17","10.53","0","1","0.00","3","12","20.00","0","1","0.00","9","10","47.37","0","0","-","0.00","91.30","0.913","0","0","0","105","-","0","1","1","0.00"
"741","Joel Hanley","Yan Kuznetsov","CGY","48","27.683333333333","15","26","36.59","10","19","34.48","6","17","26.09","1","0","100.00","0.74","1.92","27.81","9","14","39.13","2","9","18.18","1","0","100.00","7","5","58.33","0","0","-","7","13","35.00","0","0","-","16.67","100.00","1.167","0","4","2","99","0.00","4","6","6","40.00"
"742","Olli Maatta","Nate Schmidt","UTA","22","27.65","26","18","59.09","17","11","60.71","13","10","56.52","1","0","100.00","0.79","1.01","43.86","9","8","52.94","3","5","37.50","1","0","100.00","6","3","66.67","0","0","-","16","8","66.67","0","0","-","7.69","100.00","1.077","1","6","4","46","20.00","3","6","5","37.50"
"743","Jayden Struble","Adam Engstrom","MTL","10","27.65","16","23","41.03","11","19","36.67","7","14","33.33","1","0","100.00","0.53","1.6","24.98","10","8","55.56","3","3","50.00","0","0","-","7","5","58.33","1","0","100.00","10","13","43.48","0","0","-","14.29","100.00","1.143","6","1","4","15","60.00","12","3","7","63.16"
"744","Erik Karlsson","Brett Kulak","PIT","20","27.3","15","38","28.30","10","29","25.64","6","19","24.00","2","1","66.67","0.44","1.57","21.83","4","16","20.00","3","7","30.00","2","1","66.67","1","9","10.00","0","0","-","9","25","26.47","0","0","-","33.33","94.74","1.281","5","2","3","41","62.50","8","2","8","50.00"
"745","Ryan Graves","Ilya Solovyov","PIT","2","27.283333333333","21","26","44.68","13","18","41.94","7","12","36.84","2","5","28.57","0.57","1.59","26.23","8","13","38.10","3","7","30.00","1","3","25.00","5","6","45.45","1","2","33.33","15","16","48.39","0","0","-","28.57","58.33","0.869","3","7","2","16","60.00","5","11","11","31.25"
"746","Brett Kulak","Nick Blankenburg","COL","12","27.083333333333","22","31","41.51","19","21","47.50","16","13","55.17","0","2","0.00","0.9","2.12","29.83","11","21","34.38","3","11","21.43","0","1","0.00","8","10","44.44","0","1","0.00","12","11","52.17","0","0","-","0.00","84.62","0.846","1","7","2","18","33.33","5","9","7","41.67"
"747","Brett Pesce","Johnathan Kovacevic","N.J","13","27","21","30","41.18","16","21","43.24","11","14","44.00","0","3","0.00","0.92","1.63","35.97","11","18","37.93","4","9","30.77","0","2","0.00","7","9","43.75","0","1","0.00","12","14","46.15","0","0","-","0.00","78.57","0.786","3","2","5","31","37.50","7","9","8","46.67"
"748","Kyle Capobianco","Miro Heiskanen","DAL","30","26.883333333333","28","18","60.87","23","13","63.89","16","10","61.54","1","1","50.00","1.78","1.26","58.47","14","7","66.67","7","5","58.33","0","1","0.00","7","2","77.78","0","0","-","17","9","65.38","1","0","100.00","6.25","90.00","0.963","3","2","2","39","60.00","10","3","2","83.33"
"749","Lassi Thomson","Artem Zub","OTT","11","26.616666666667","22","24","47.83","17","17","50.00","10","10","50.00","1","0","100.00","0.66","0.91","42.00","7","7","50.00","3","4","42.86","0","0","-","4","3","57.14","1","0","100.00","17","19","47.22","0","0","-","10.00","100.00","1.100","2","2","2","30","50.00","7","3","8","46.67"
"750","Esa Lindell","Kyle Capobianco","DAL","33","26.516666666667","28","15","65.12","23","11","67.65","13","8","61.90","0","1","0.00","1.14","0.67","62.96","11","6","64.71","5","2","71.43","0","1","0.00","6","4","60.00","0","0","-","17","7","70.83","0","0","-","0.00","87.50","0.875","4","3","0","62","100.00","4","4","2","66.67"
"751","Jake Sanderson","Nikolas Matinpalo","OTT","35","26.283333333333","19","32","37.25","10","21","32.26","5","17","22.73","1","2","33.33","1.63","1.88","46.43","10","15","40.00","4","6","40.00","1","1","50.00","6","9","40.00","0","1","0.00","7","20","25.93","0","0","-","20.00","88.24","1.082","0","3","3","67","0.00","0","5","9","0.00"
"752","Seth Jones","Uvis Balinskis","FLA","31","26.266666666667","29","28","50.88","24","20","54.55","15","12","55.56","1","1","50.00","1.9","1.57","54.71","16","11","59.26","7","8","46.67","0","1","0.00","9","3","75.00","1","0","100.00","11","16","40.74","0","0","-","6.67","91.67","0.983","2","4","1","28","66.67","4","5","3","57.14"
"753","John Klingberg","Shakir Mukhamadullin","S.J","33","26.216666666667","24","17","58.54","21","10","67.74","13","7","65.00","0","1","0.00","1.37","0.83","62.22","13","8","61.90","6","3","66.67","0","1","0.00","7","5","58.33","0","0","-","12","8","60.00","0","0","-","0.00","85.71","0.857","1","1","1","76","50.00","3","3","2","60.00"
"754","Logan Stanley","Owen Power","BUF","17","26.183333333333","14","29","32.56","8","24","25.00","7","15","31.82","2","1","66.67","0.47","2.21","17.51","6","14","30.00","3","9","25.00","2","1","66.67","3","5","37.50","0","0","-","9","20","31.03","0","0","-","28.57","93.33","1.219","0","4","3","49","0.00","1","4","7","12.50"
"755","Jonas Brodin","Zeev Buium","MIN","30","26.133333333333","32","23","58.18","22","18","55.00","17","13","56.67","1","0","100.00","1","0.88","53.28","15","10","60.00","3","3","50.00","0","0","-","12","7","63.16","0","0","-","13","13","50.00","1","0","100.00","5.88","100.00","1.059","0","0","0","91","-","1","0","1","50.00"
"756","Charlie McAvoy","Henri Jokiharju","BOS","33","26.1","26","30","46.43","20","20","50.00","16","13","55.17","3","2","60.00","1.93","2.16","47.22","15","16","48.39","8","5","61.54","3","1","75.00","7","11","38.89","0","1","0.00","8","14","36.36","0","0","-","18.75","84.62","1.034","0","1","2","100","0.00","1","4","5","16.67"
"757","Rasmus Andersson","Jake Bean","CGY","16","26.083333333333","30","26","53.57","22","17","56.41","16","15","51.61","0","1","0.00","1.02","1.55","39.59","11","14","44.00","5","7","41.67","0","1","0.00","6","7","46.15","0","0","-","16","15","51.61","0","0","-","0.00","93.33","0.933","1","4","5","64","16.67","3","5","7","30.00"
"758","Justin Holl","Tyler Tucker","STL","2","26.066666666667","26","17","60.47","18","14","56.25","11","8","57.89","1","1","50.00","2.13","0.66","76.35","17","7","70.83","8","2","80.00","0","0","-","9","5","64.29","1","1","50.00","8","12","40.00","0","0","-","9.09","87.50","0.966","4","7","2","13","66.67","6","7","6","50.00"
"759","Alex Petrovic","Nils Lundkvist","DAL","25","25.966666666667","22","30","42.31","16","22","42.11","11","15","42.31","3","1","75.00","1.43","1.15","55.41","12","12","50.00","7","3","70.00","2","0","100.00","5","9","35.71","1","0","100.00","9","18","33.33","0","1","0.00","27.27","93.33","1.206","1","5","2","45","33.33","4","10","5","44.44"
"760","Tobias Bjornfot","Mike Benning","FLA","8","25.95","23","24","48.94","14","18","43.75","5","10","33.33","1","2","33.33","1.21","1.48","45.06","13","14","48.15","6","5","54.55","1","1","50.00","7","9","43.75","0","1","0.00","6","13","31.58","0","0","-","20.00","80.00","1.000","2","5","3","20","40.00","3","6","7","30.00"
"761","Alexander Romanov","Matthew Schaefer","NYI","15","25.866666666667","26","44","37.14","21","32","39.62","13","17","43.33","2","1","66.67","1.34","3.72","26.45","12","26","31.58","5","13","27.78","0","1","0.00","7","13","35.00","1","0","100.00","10","18","35.71","1","0","100.00","15.38","94.12","1.095","1","2","3","50","25.00","1","2","7","12.50"
"762","Jordan Spence","Carter Yakemchuk","OTT","4","25.833333333333","23","28","45.10","17","24","41.46","7","14","33.33","0","2","0.00","0.99","1.5","39.66","9","13","40.91","3","7","30.00","0","2","0.00","6","6","50.00","0","0","-","18","17","51.43","0","0","-","0.00","85.71","0.857","8","4","2","3","80.00","18","5","4","81.82"
"763","Logan Stanley","Mattias Samuelsson","BUF","15","25.8","14","36","28.00","12","31","27.91","4","17","19.05","1","1","50.00","0.9","2.64","25.49","9","18","33.33","4","10","28.57","1","0","100.00","5","8","38.46","0","1","0.00","6","23","20.69","0","0","-","25.00","94.12","1.191","0","2","9","27","0.00","2","2","13","13.33"
"764","Mattias Ekholm","Ty Emberson","EDM","72","25.666666666667","29","26","52.73","26","19","57.78","20","11","64.52","4","1","80.00","2.31","1.17","66.51","15","19","44.12","7","3","70.00","1","0","100.00","8","16","33.33","2","0","100.00","12","11","52.17","1","1","50.00","20.00","90.91","1.109","1","3","3","61","25.00","1","4","7","12.50"
"765","Rasmus Sandin","Cole Hutson","WSH","12","25.55","23","32","41.82","18","25","41.86","7","14","33.33","2","1","66.67","1.63","1.32","55.13","14","13","51.85","2","8","20.00","0","0","-","12","5","70.59","2","1","66.67","14","24","36.84","0","0","-","28.57","92.86","1.214","5","4","5","35","50.00","13","5","10","56.52"
"766","Donovan Sebrango","Nikolas Matinpalo","OTT","2","25.35","20","21","48.78","9","11","45.00","5","11","31.25","0","1","0.00","0.35","0.51","40.54","5","9","35.71","1","1","50.00","0","0","-","4","8","33.33","0","1","0.00","11","11","50.00","0","0","-","0.00","90.91","0.909","2","9","3","9","40.00","3","10","7","30.00"
"767","Vincent Desharnais","Luca Cagnoni","S.J","2","25.283333333333","15","23","39.47","10","15","40.00","6","10","37.50","1","0","100.00","1.12","0.79","58.74","8","10","44.44","1","5","16.67","0","0","-","7","5","58.33","1","0","100.00","12","12","50.00","0","0","-","16.67","100.00","1.167","4","6","2","10","66.67","13","7","6","68.42"
"768","Nick Perbix","Justin Barron","NSH","52","25.283333333333","17","23","42.50","12","15","44.44","8","8","50.00","0","0","-","0.63","0.83","43.23","4","11","26.67","2","6","25.00","0","0","-","2","5","28.57","0","0","-","9","9","50.00","0","0","-","0.00","100.00","1.000","0","1","0","94","-","0","1","1","0.00"
"769","Carson Soucy","Ryan Pulock","NYI","26","25.2","14","36","28.00","10","26","27.78","6","19","24.00","0","3","0.00","0.49","3.22","13.20","9","18","33.33","3","9","25.00","0","1","0.00","6","9","40.00","0","1","0.00","6","18","25.00","0","1","0.00","0.00","84.21","0.842","0","2","3","50","0.00","2","4","7","22.22"
"770","Joel Hanley","Kevin Bahl","CGY","67","25.166666666667","11","26","29.73","11","19","36.67","5","12","29.41","0","1","0.00","0.68","1.94","26.05","7","16","30.43","1","7","12.50","0","1","0.00","6","9","40.00","0","0","-","5","10","33.33","0","0","-","0.00","91.67","0.917","0","4","3","135","0.00","1","4","5","16.67"
"771","Shakir Mukhamadullin","Vincent Iorio","S.J","7","25.15","15","26","36.59","13","20","39.39","9","15","37.50","3","3","50.00","1.39","1.62","46.07","11","16","40.74","7","8","46.67","2","1","66.67","4","8","33.33","0","1","0.00","7","11","38.89","1","1","50.00","33.33","80.00","1.133","6","6","0","27","100.00","10","9","6","62.50"
"772","Olli Maatta","Mikhail Sergachev","UTA","22","24.9","15","25","37.50","10","15","40.00","5","8","38.46","0","1","0.00","0.58","1.36","29.93","6","12","33.33","2","4","33.33","0","0","-","4","8","33.33","0","1","0.00","9","14","39.13","0","0","-","0.00","87.50","0.875","2","5","0","31","100.00","5","7","3","62.50"
"773","Matt Grzelcyk","Kevin Korchinski","CHI","4","24.833333333333","11","25","30.56","11","21","34.38","7","17","29.17","1","2","33.33","0.53","1.72","23.49","6","13","31.58","3","9","25.00","0","2","0.00","3","4","42.86","1","0","100.00","13","13","50.00","0","0","-","14.29","88.24","1.025","4","4","2","20","66.67","12","9","8","60.00"
"774","Nick DeSimone","Dmitri Simashev","UTA","9","24.8","27","29","48.21","21","19","52.50","17","14","54.84","1","0","100.00","1.45","1.34","51.97","11","15","42.31","3","6","33.33","0","0","-","8","9","47.06","0","0","-","17","14","54.84","1","0","100.00","5.88","100.00","1.059","2","6","2","14","50.00","6","11","6","50.00"
"775","Brenden Dillon","Dennis Cholowski","N.J","17","24.733333333333","22","14","61.11","19","13","59.38","9","10","47.37","0","2","0.00","1.51","0.61","71.28","10","5","66.67","6","3","66.67","0","1","0.00","4","2","66.67","0","0","-","13","13","50.00","0","1","0.00","0.00","80.00","0.800","2","5","3","31","40.00","4","5","7","36.36"
"776","Matt Dumba","Connor Clifton","PIT","2","24.716666666667","25","29","46.30","18","19","48.65","11","10","52.38","0","1","0.00","1.36","0.55","71.16","13","12","52.00","7","1","87.50","0","1","0.00","6","11","35.29","0","0","-","11","18","37.93","0","0","-","0.00","90.00","0.900","3","3","5","11","37.50","6","9","10","37.50"
"777","Jake Christiansen","Denton Mateychuk","CBJ","34","24.666666666667","20","23","46.51","15","20","42.86","9","11","45.00","0","0","-","0.81","0.98","45.22","7","6","53.85","3","4","42.86","0","0","-","4","2","66.67","0","0","-","12","20","37.50","0","0","-","0.00","100.00","1.000","2","6","3","40","40.00","6","6","7","46.15"
"778","Dylan McIlrath","Trevor van Riemsdyk","WSH","8","24.4","21","24","46.67","13","15","46.43","8","9","47.06","0","0","-","1.22","1.33","47.83","10","14","41.67","8","7","53.33","0","0","-","2","7","22.22","0","0","-","9","15","37.50","0","0","-","0.00","100.00","1.000","1","8","6","18","14.29","3","9","12","20.00"
"779","Matt Dumba","Owen Pickering","PIT","2","24.383333333333","20","31","39.22","16","22","42.11","13","14","48.15","1","0","100.00","1.11","1.35","45.22","9","14","39.13","4","7","36.36","0","0","-","5","7","41.67","0","0","-","14","18","43.75","1","0","100.00","7.69","100.00","1.077","2","6","4","6","33.33","10","10","6","62.50"
"780","Brian Dumoulin","Jacob Moverare","L.A","15","24.333333333333","34","26","56.67","26","13","66.67","13","9","59.09","0","1","0.00","1.36","1.02","57.01","16","12","57.14","8","3","72.73","0","1","0.00","8","9","47.06","0","0","-","17","12","58.62","0","0","-","0.00","88.89","0.889","3","3","4","23","42.86","8","4","6","57.14"
"781","Adam Pelech","Adam Boqvist","NYI","28","24.183333333333","32","25","56.14","22","17","56.41","12","13","48.00","0","2","0.00","2.14","0.82","72.33","17","10","62.96","9","5","64.29","0","2","0.00","8","5","61.54","0","0","-","12","14","46.15","0","0","-","0.00","84.62","0.846","3","4","1","37","75.00","4","8","2","66.67"
"782","Jeff Petry","Seth Jones","FLA","38","24.083333333333","21","19","52.50","13","14","48.15","8","11","42.11","0","1","0.00","1.04","1.22","46.10","8","9","47.06","6","5","54.55","0","1","0.00","2","4","33.33","0","0","-","9","12","42.86","0","0","-","0.00","90.91","0.909","0","3","1","88","0.00","0","4","4","0.00"
"783","Victor Hedman","Emil Martinsen Lilleberg","T.B","21","24.066666666667","18","29","38.30","15","23","39.47","10","18","35.71","0","4","0.00","1.66","1.61","50.78","10","14","41.67","3","8","27.27","0","1","0.00","7","6","53.85","0","2","0.00","9","15","37.50","0","1","0.00","0.00","77.78","0.778","1","2","2","36","33.33","3","6","6","33.33"
"784","Jacob Bernard-Docker","Axel Sandin-Pellikka","DET","49","24","20","17","54.05","16","12","57.14","12","11","52.17","0","0","-","0.76","0.68","52.94","9","8","52.94","2","2","50.00","0","0","-","7","6","53.85","0","0","-","11","12","47.83","0","0","-","0.00","100.00","1.000","4","3","2","56","66.67","7","6","8","46.67"
"785","Kyle Capobianco","Thomas Harley","DAL","21","23.983333333333","28","31","47.46","21","23","47.73","14","16","46.67","2","3","40.00","2.22","1.87","54.19","19","19","50.00","9","9","50.00","2","2","50.00","10","10","50.00","0","1","0.00","9","13","40.91","0","0","-","14.29","81.25","0.955","4","1","2","62","66.67","6","1","4","60.00"
"786","Erik Karlsson","Samuel Girard","PIT","19","23.85","28","16","63.64","24","13","64.86","19","7","73.08","1","0","100.00","1.54","0.82","65.17","16","11","59.26","5","4","55.56","0","0","-","11","7","61.11","1","0","100.00","11","6","64.71","0","0","-","5.26","100.00","1.053","1","0","0","25","100.00","2","0","2","50.00"
"787","Timothy Liljegren","Martin Fehervary","WSH","4","23.783333333333","24","17","58.54","18","12","60.00","10","6","62.50","0","0","-","1.81","0.85","67.87","14","9","60.87","9","5","64.29","0","0","-","5","4","55.56","0","0","-","12","9","57.14","0","0","-","0.00","100.00","1.000","0","3","1","23","0.00","5","3","4","55.56"
"788","Matt Roy","Declan Chisholm","WSH","23","23.733333333333","17","27","38.64","13","14","48.15","7","6","53.85","0","0","-","0.62","0.87","41.71","8","9","47.06","2","4","33.33","0","0","-","6","5","54.55","0","0","-","7","17","29.17","0","0","-","0.00","100.00","1.000","0","1","2","56","0.00","0","1","5","0.00"
"789","Jacob Bryson","Rasmus Dahlin","BUF","31","23.666666666667","20","21","48.78","13","14","48.15","8","9","47.06","0","0","-","0.66","0.25","72.82","7","4","63.64","2","0","100.00","0","0","-","5","4","55.56","0","0","-","13","16","44.83","0","0","-","0.00","100.00","1.000","1","3","3","28","25.00","4","8","4","50.00"
"790","Nils Lundkvist","Ilya Lyubushkin","DAL","30","23.633333333333","24","13","64.86","21","11","65.63","16","6","72.73","2","0","100.00","1.28","0.31","80.54","11","3","78.57","5","0","100.00","1","0","100.00","6","3","66.67","1","0","100.00","13","12","52.00","0","0","-","12.50","100.00","1.125","3","4","2","40","60.00","6","4","5","54.55"
"791","Mattias Ekholm","Brett Kulak","EDM","31","23.616666666667","18","28","39.13","12","18","40.00","6","12","33.33","1","4","20.00","0.51","1.55","24.90","4","13","23.53","2","4","33.33","1","2","33.33","2","9","18.18","0","1","0.00","14","14","50.00","0","1","0.00","16.67","66.67","0.833","1","1","0","63","100.00","2","2","2","50.00"
"792","Alec Regula","Spencer Stastney","EDM","12","23.6","17","21","44.74","13","13","50.00","9","12","42.86","0","1","0.00","0.54","0.76","41.86","7","11","38.89","4","5","44.44","0","1","0.00","3","6","33.33","0","0","-","12","11","52.17","0","0","-","0.00","91.67","0.917","1","5","1","22","50.00","4","7","3","57.14"
"793","Brett Kulak","Devon Toews","COL","26","23.583333333333","19","22","46.34","15","18","45.45","12","10","54.55","0","0","-","1.04","1.67","38.31","9","11","45.00","3","6","33.33","0","0","-","6","5","54.55","0","0","-","6","9","40.00","0","0","-","0.00","100.00","1.000","0","0","2","79","0.00","2","0","2","50.00"
"794","Dmitry Kulikov","Aaron Ekblad","FLA","17","23.566666666667","22","25","46.81","19","22","46.34","13","18","41.94","1","1","50.00","0.76","2.59","22.66","8","15","34.78","4","10","28.57","1","1","50.00","4","5","44.44","0","0","-","15","10","60.00","0","0","-","7.69","94.44","1.021","1","4","5","46","16.67","3","4","8","27.27"
"795","Josh Mahura","Cale Fleury","SEA","5","23.566666666667","12","28","30.00","11","22","33.33","7","14","33.33","0","1","0.00","0.52","0.84","38.17","5","9","35.71","3","3","50.00","0","1","0.00","2","6","25.00","0","0","-","9","21","30.00","0","0","-","0.00","92.86","0.929","4","6","1","32","80.00","5","8","7","41.67"
"796","Dylan Samberg","Jacob Bryson","WPG","15","23.483333333333","14","28","33.33","10","17","37.04","6","10","37.50","0","2","0.00","0.66","1.1","37.58","8","10","44.44","2","5","28.57","0","2","0.00","6","5","54.55","0","0","-","7","21","25.00","0","0","-","0.00","80.00","0.800","0","6","7","25","0.00","3","6","11","21.43"
"797","Oliver Ekman-Larsson","Dakota Mermis","TOR","11","23.35","20","22","47.62","16","15","51.61","11","12","47.83","0","0","-","0.44","1.12","28.44","3","10","23.08","2","6","25.00","0","0","-","1","4","20.00","0","0","-","17","14","54.84","0","0","-","0.00","100.00","1.000","1","5","4","21","20.00","5","6","8","38.46"
"798","Jake Christiansen","Egor Zamula","CBJ","5","23.35","12","13","48.00","8","11","42.11","4","5","44.44","1","2","33.33","0.48","0.53","47.46","7","6","53.85","3","2","60.00","0","0","-","4","4","50.00","1","2","33.33","5","8","38.46","0","0","-","25.00","60.00","0.850","1","3","3","17","25.00","3","6","6","33.33"
"799","Brendan Smith","Jake Christiansen","CBJ","3","23.283333333333","21","19","52.50","15","15","50.00","6","12","33.33","0","0","-","0.43","1.07","28.71","3","11","21.43","1","5","16.67","0","0","-","2","6","25.00","0","0","-","19","9","67.86","0","0","-","0.00","100.00","1.000","5","5","2","9","71.43","8","6","6","57.14"
"800","MacKenzie Weegar","John Marino","UTA","17","23.216666666667","22","31","41.51","13","22","37.14","8","18","30.77","1","2","33.33","0.72","1.85","27.96","6","13","31.58","3","8","27.27","1","1","50.00","3","5","37.50","0","1","0.00","14","14","50.00","0","0","-","12.50","88.89","1.014","2","1","4","47","33.33","5","2","7","41.67"
"801","Carson Soucy","Adam Fox","NYR","26","23.216666666667","21","24","46.67","15","15","50.00","9","10","47.37","2","1","66.67","2.23","1.02","68.68","10","17","37.04","7","6","53.85","1","1","50.00","3","11","21.43","0","0","-","8","8","50.00","1","0","100.00","22.22","90.00","1.122","0","3","2","65","0.00","2","5","6","25.00"
"802","John Carlson","Tyson Hinds","ANA","6","23.2","32","13","71.11","24","10","70.59","13","7","65.00","0","2","0.00","1.99","0.68","74.63","12","8","60.00","7","3","70.00","0","1","0.00","5","5","50.00","0","1","0.00","16","5","76.19","0","0","-","0.00","71.43","0.714","0","5","2","16","0.00","4","8","4","50.00"
"803","MacKenzie Weegar","Zayne Parekh","CGY","16","23.183333333333","17","19","47.22","11","16","40.74","9","12","42.86","0","2","0.00","0.55","2.72","16.86","9","11","45.00","2","5","28.57","0","1","0.00","7","6","53.85","0","0","-","17","8","68.00","0","0","-","0.00","83.33","0.833","8","0","1","21","88.89","20","3","4","83.33"
"804","Alex Vlasic","Wyatt Kaiser","CHI","76","23.15","9","24","27.27","7","23","23.33","3","23","11.54","0","5","0.00","0.59","1.61","26.66","4","14","22.22","2","7","22.22","0","2","0.00","2","7","22.22","0","3","0.00","5","16","23.81","0","0","-","0.00","78.26","0.783","1","1","3","79","25.00","2","1","11","15.38"
"805","Adam Ginning","Jamie Drysdale","PHI","5","23.066666666667","22","21","51.16","15","20","42.86","8","14","36.36","0","0","-","0.94","0.84","52.70","10","10","50.00","4","2","66.67","0","0","-","6","8","42.86","0","0","-","16","13","55.17","0","0","-","0.00","100.00","1.000","4","4","2","20","66.67","8","5","6","57.14"
"806","Mike Reilly","K'Andre Miller","CAR","33","23","35","14","71.43","27","12","69.23","24","9","72.73","3","1","75.00","1.57","1.39","53.08","17","11","60.71","6","4","60.00","1","0","100.00","11","7","61.11","2","1","66.67","16","3","84.21","0","0","-","12.50","88.89","1.014","0","1","2","97","0.00","0","2","3","0.00"
"807","Kirill Kudryavtsev","Elias Pettersson","VAN","3","22.966666666667","15","26","36.59","14","19","42.42","12","9","57.14","2","1","66.67","0.92","1.39","39.86","5","17","22.73","4","8","33.33","1","0","100.00","1","9","10.00","0","1","0.00","11","6","64.71","1","0","100.00","16.67","88.89","1.056","4","4","3","10","57.14","9","5","7","56.25"
"808","Timothy Liljegren","Shakir Mukhamadullin","S.J","17","22.8","9","40","18.37","7","30","18.92","6","21","22.22","2","0","100.00","0.99","2.94","25.22","7","17","29.17","4","7","36.36","1","0","100.00","3","10","23.08","1","0","100.00","2","23","8.00","0","0","-","33.33","100.00","1.333","0","2","1","40","0.00","1","4","2","33.33"
"809","Gustav Forsling","Donovan Sebrango","FLA","38","22.766666666667","17","19","47.22","12","14","46.15","9","9","50.00","2","0","100.00","0.94","1.01","48.30","5","11","31.25","4","5","44.44","2","0","100.00","1","6","14.29","0","0","-","8","8","50.00","0","0","-","22.22","100.00","1.222","0","0","1","67","0.00","0","2","5","0.00"
"810","Dakota Mermis","Philippe Myers","TOR","4","22.683333333333","17","32","34.69","11","23","32.35","4","14","22.22","0","3","0.00","0.78","0.91","46.22","6","13","31.58","2","5","28.57","0","2","0.00","4","8","33.33","0","1","0.00","12","18","40.00","0","0","-","0.00","78.57","0.786","1","7","0","14","100.00","5","8","4","55.56"
"811","Seth Jones","Tobias Bjornfot","FLA","4","22.566666666667","13","29","30.95","10","19","34.48","4","10","28.57","0","3","0.00","0.79","2.09","27.36","5","19","20.83","2","7","22.22","0","2","0.00","3","12","20.00","0","1","0.00","10","10","50.00","0","0","-","0.00","70.00","0.700","5","4","3","17","62.50","7","6","5","58.33"
"812","Alexander Nikishin","Charles-Alexis Legault","CAR","12","22.4","25","23","52.08","19","16","54.29","14","12","53.85","3","0","100.00","1.34","1.54","46.55","12","9","57.14","4","4","50.00","1","0","100.00","8","5","61.54","2","0","100.00","11","15","42.31","0","0","-","21.43","100.00","1.214","0","4","4","25","0.00","2","8","9","18.18"
"813","Brett Kulak","Connor Clifton","PIT","12","22.283333333333","19","22","46.34","13","18","41.94","9","13","40.91","3","1","75.00","0.75","1.2","38.47","9","12","42.86","5","5","50.00","3","0","100.00","4","7","36.36","0","0","-","7","10","41.18","0","1","0.00","33.33","92.31","1.256","1","0","2","35","33.33","2","4","6","25.00"
"814","Brayden Pachal","Abram Wiebe","CGY","3","22.166666666667","22","24","47.83","17","17","50.00","11","10","52.38","1","1","50.00","1.31","1.34","49.32","12","13","48.00","5","7","41.67","1","1","50.00","7","6","53.85","0","0","-","16","13","55.17","0","0","-","9.09","90.00","0.991","4","3","4","16","50.00","13","4","5","72.22"
"815","Damon Severson","Egor Zamula","CBJ","14","22.133333333333","27","20","57.45","18","12","60.00","11","8","57.89","1","1","50.00","1.53","0.55","73.43","14","7","66.67","7","2","77.78","0","1","0.00","7","5","58.33","1","0","100.00","11","12","47.83","0","0","-","9.09","87.50","0.966","3","5","1","18","75.00","5","7","3","62.50"
"816","Zach Bogosian","Jonas Brodin","MIN","33","22.05","22","28","44.00","17","22","43.59","12","17","41.38","0","1","0.00","1.37","1.51","47.46","10","17","37.04","5","5","50.00","0","0","-","5","12","29.41","0","1","0.00","9","9","50.00","0","0","-","0.00","94.12","0.941","0","4","0","55","-","2","4","1","66.67"
"817","Erik Cernak","Declan Carlile","T.B","24","22.016666666667","16","30","34.78","8","23","25.81","4","14","22.22","0","2","0.00","0.39","1.73","18.39","8","13","38.10","1","8","11.11","0","1","0.00","7","5","58.33","0","0","-","7","16","30.43","0","1","0.00","0.00","85.71","0.857","0","3","4","39","0.00","0","4","7","0.00"
"818","Jonas Brodin","Daemon Hunt","MIN","14","21.9","17","22","43.59","14","18","43.75","6","13","31.58","0","0","-","0.74","1.43","33.96","6","14","30.00","3","6","33.33","0","0","-","3","8","27.27","0","0","-","15","9","62.50","0","0","-","0.00","100.00","1.000","0","6","2","27","0.00","9","6","3","75.00"
"819","Kevin Bahl","Hunter Brzustewicz","CGY","29","21.883333333333","9","42","17.65","6","33","15.38","5","21","19.23","0","1","0.00","0.27","2.07","11.61","2","24","7.69","0","9","0.00","0","0","-","2","15","11.76","0","0","-","6","18","25.00","0","1","0.00","0.00","95.24","0.952","2","1","0","80","100.00","2","1","3","40.00"
"820","Colin Miller","Josh Morrissey","WPG","18","21.85","22","22","50.00","16","16","50.00","9","12","42.86","0","0","-","0.83","1.26","39.87","8","15","34.78","4","5","44.44","0","0","-","4","10","28.57","0","0","-","16","4","80.00","0","0","-","0.00","100.00","1.000","4","5","0","40","100.00","7","5","1","87.50"
"821","Tony DeAngelo","Marshall Warren","NYI","8","21.816666666667","20","16","55.56","15","13","53.57","7","8","46.67","1","1","50.00","0.88","0.6","59.37","12","9","57.14","3","4","42.86","1","0","100.00","9","5","64.29","0","1","0.00","9","10","47.37","0","0","-","14.29","87.50","1.018","3","4","5","13","37.50","5","6","7","41.67"
"822","Dysin Mayo","Jake Christiansen","CBJ","3","21.816666666667","32","9","78.05","26","6","81.25","16","4","80.00","2","1","66.67","1.49","0.42","77.95","16","4","80.00","7","2","77.78","1","0","100.00","9","2","81.82","1","1","50.00","21","5","80.77","0","0","-","12.50","75.00","0.875","9","5","1","6","90.00","10","7","5","66.67"
"823","Jacob Middleton","Zeev Buium","MIN","28","21.733333333333","16","10","61.54","9","8","52.94","6","5","54.55","1","0","100.00","0.66","0.58","53.13","11","7","61.11","3","4","42.86","0","0","-","8","3","72.73","0","0","-","6","3","66.67","1","0","100.00","16.67","100.00","1.167","1","0","1","67","50.00","5","1","3","62.50"
"824","Olli Maatta","Joel Hanley","CGY","10","21.716666666667","12","29","29.27","8","19","29.63","6","13","31.58","0","3","0.00","0.59","1.72","25.47","5","16","23.81","3","9","25.00","0","2","0.00","2","7","22.22","0","0","-","8","12","40.00","0","1","0.00","0.00","76.92","0.769","2","2","3","25","40.00","3","5","5","37.50"
"825","Josh Manson","Ilya Solovyov","COL","16","21.55","17","21","44.74","15","13","53.57","13","10","56.52","3","0","100.00","0.55","0.62","46.84","8","8","50.00","2","4","33.33","1","0","100.00","6","4","60.00","1","0","100.00","11","13","45.83","1","0","100.00","23.08","100.00","1.231","0","1","2","32","0.00","4","4","4","50.00"
"826","Justin Faulk","Simon Edvinsson","DET","17","21.366666666667","17","31","35.42","11","25","30.56","8","15","34.78","1","1","50.00","0.51","2.71","15.85","11","23","32.35","3","14","17.65","0","1","0.00","8","9","47.06","1","0","100.00","6","7","46.15","0","0","-","12.50","93.33","1.058","1","6","2","46","33.33","2","8","3","40.00"
"827","Jackson LaCombe","Olen Zellweger","ANA","76","21.283333333333","32","11","74.42","23","8","74.19","12","6","66.67","2","1","66.67","1.29","1.44","47.22","16","5","76.19","7","2","77.78","1","0","100.00","9","3","75.00","1","0","100.00","17","5","77.27","0","0","-","16.67","83.33","1.000","3","2","1","40","75.00","8","6","2","80.00"
"828","Jacob Bryson","Ryan Johnson","BUF","3","21.216666666667","22","28","44.00","16","19","45.71","10","13","43.48","1","1","50.00","1.6","1.3","55.21","12","13","48.00","10","6","62.50","1","1","50.00","2","7","22.22","0","0","-","6","13","31.58","0","0","-","10.00","92.31","1.023","0","6","6","13","0.00","2","7","9","18.18"
"829","Adam Larsson","Josh Mahura","SEA","23","21.05","17","25","40.48","12","18","40.00","5","10","33.33","0","2","0.00","1.38","1.24","52.72","8","11","42.11","3","4","42.86","0","1","0.00","5","7","41.67","0","1","0.00","6","13","31.58","0","0","-","0.00","80.00","0.800","0","0","1","63","0.00","2","1","2","50.00"
"830","Samuel Girard","Jack Ahcan","COL","3","20.966666666667","19","18","51.35","14","13","51.85","10","6","62.50","1","2","33.33","0.97","0.94","50.79","12","10","54.55","5","7","41.67","1","2","33.33","7","3","70.00","0","0","-","9","8","52.94","0","0","-","10.00","66.67","0.767","2","8","2","14","50.00","4","10","4","50.00"
"831","Ethan Del Mastro","Artyom Levshunov","CHI","10","20.95","20","16","55.56","13","12","52.00","10","7","58.82","0","2","0.00","0.6","0.52","53.40","9","6","60.00","3","3","50.00","0","2","0.00","6","3","66.67","0","0","-","10","11","47.62","0","0","-","0.00","71.43","0.714","2","3","2","29","50.00","3","9","4","42.86"
"832","Adam Boqvist","Isaiah George","NYI","2","20.85","9","26","25.71","8","16","33.33","6","9","40.00","0","0","-","0.34","1.03","25.13","4","11","26.67","0","5","0.00","0","0","-","4","6","40.00","0","0","-","10","12","45.45","0","0","-","0.00","100.00","1.000","2","4","3","9","40.00","5","6","8","38.46"
"833","Tobias Bjornfot","Mikulas Hovorka","FLA","3","20.783333333333","8","27","22.86","5","18","21.74","2","9","18.18","0","1","0.00","0.26","0.96","21.25","5","12","29.41","1","6","14.29","0","1","0.00","4","6","40.00","0","0","-","3","15","16.67","0","0","-","0.00","88.89","0.889","4","6","3","5","57.14","5","9","9","35.71"
"834","Joel Hanley","Zach Whitecloud","CGY","20","20.766666666667","16","19","45.71","11","14","44.00","7","8","46.67","1","0","100.00","0.6","1.35","30.67","8","10","44.44","3","4","42.86","1","0","100.00","5","6","45.45","0","0","-","8","10","44.44","0","0","-","14.29","100.00","1.143","1","3","1","69","50.00","1","4","2","33.33"
"835","Brett Kulak","Jake Walman","EDM","17","20.45","20","16","55.56","12","15","44.44","5","9","35.71","0","3","0.00","0.52","1.16","30.97","4","13","23.53","1","2","33.33","0","1","0.00","3","11","21.43","0","2","0.00","18","3","85.71","0","0","-","0.00","66.67","0.667","5","4","0","37","100.00","9","5","2","81.82"
"836","Jared Spurgeon","Matt Kiersted","MIN","5","20.433333333333","24","25","48.98","19","17","52.78","12","8","60.00","1","0","100.00","1.12","1.61","40.98","11","16","40.74","5","6","45.45","0","0","-","6","10","37.50","0","0","-","13","12","52.00","0","0","-","8.33","100.00","1.083","3","2","5","15","37.50","6","3","9","40.00"
"837","Quinn Hughes","Victor Mancini","VAN","4","20.383333333333","21","29","42.00","15","23","39.47","8","19","29.63","0","2","0.00","1.08","2.39","31.10","12","18","40.00","5","9","35.71","0","1","0.00","7","9","43.75","0","1","0.00","11","7","61.11","0","0","-","0.00","89.47","0.895","5","1","0","9","100.00","9","4","2","81.82"
"838","Brady Skjei","Ryan Ufko","NSH","18","20.333333333333","26","15","63.41","23","13","63.89","19","8","70.37","2","0","100.00","1.78","0.9","66.36","9","6","60.00","4","2","66.67","0","0","-","5","4","55.56","0","0","-","23","9","71.88","2","0","100.00","10.53","100.00","1.105","3","1","0","39","100.00","7","1","1","87.50"
"839","Jack Ahcan","Nick Blankenburg","COL","2","20.333333333333","26","13","66.67","23","12","65.71","16","10","61.54","0","1","0.00","1.9","0.44","81.28","14","5","73.68","7","2","77.78","0","0","-","7","3","70.00","0","0","-","16","9","64.00","0","1","0.00","0.00","90.00","0.900","1","2","7","9","12.50","6","2","13","31.58"
"840","Jaycob Megna","Zach Whitecloud","VGK","3","20.283333333333","11","21","34.38","8","17","32.00","5","8","38.46","0","2","0.00","0.5","1.74","22.37","6","13","31.58","2","6","25.00","0","1","0.00","4","7","36.36","0","0","-","7","9","43.75","0","1","0.00","0.00","75.00","0.750","1","2","4","14","20.00","3","5","6","33.33"
"841","Jacob Trouba","Drew Helleson","ANA","59","20.266666666667","7","26","21.21","6","20","23.08","5","16","23.81","0","0","-","0.39","1.6","19.56","4","15","21.05","2","5","28.57","0","0","-","2","10","16.67","0","0","-","2","17","10.53","0","0","-","0.00","100.00","1.000","0","4","7","83","0.00","1","4","9","10.00"
"842","John Carlson","Jacob Trouba","ANA","16","20.216666666667","12","28","30.00","11","18","37.93","7","12","36.84","0","3","0.00","0.69","1.69","29.07","6","16","27.27","3","4","42.86","0","0","-","3","12","20.00","0","2","0.00","5","22","18.52","0","1","0.00","0.00","75.00","0.750","2","1","9","50","18.18","5","3","18","21.74"
"843","Niko Mikkola","Donovan Sebrango","FLA","26","20.033333333333","13","17","43.33","11","14","44.00","5","10","33.33","0","4","0.00","0.36","0.85","29.66","3","10","23.08","1","4","20.00","0","2","0.00","2","6","25.00","0","1","0.00","11","9","55.00","0","1","0.00","0.00","60.00","0.600","3","2","1","57","75.00","3","3","3","50.00"
"844","Haydn Fleury","Dylan Samberg","WPG","23","20.016666666667","13","19","40.63","10","15","40.00","8","8","50.00","1","0","100.00","0.56","1.51","27.12","4","14","22.22","3","5","37.50","1","0","100.00","1","9","10.00","0","0","-","11","4","73.33","0","0","-","12.50","100.00","1.125","2","0","1","80","66.67","2","0","2","50.00"
"845","Connor Clifton","Samuel Girard","PIT","18","19.833333333333","21","24","46.67","15","18","45.45","8","11","42.11","0","1","0.00","1.07","1.13","48.76","12","12","50.00","5","3","62.50","0","0","-","7","9","43.75","0","1","0.00","7","15","31.82","0","0","-","0.00","90.91","0.909","0","0","1","55","0.00","0","1","4","0.00"
"846","Noah Juulsen","Cam York","PHI","44","19.783333333333","13","23","36.11","11","19","36.67","10","11","47.62","3","1","75.00","0.67","0.83","44.42","10","7","58.82","4","3","57.14","0","0","-","6","4","60.00","2","0","100.00","3","16","15.79","1","1","50.00","30.00","90.91","1.209","0","3","1","103","0.00","0","5","5","0.00"
"847","Nick Leddy","Timothy Liljegren","S.J","12","19.766666666667","7","31","18.42","6","26","18.75","3","15","16.67","1","1","50.00","0.27","1.46","15.75","3","19","13.64","1","6","14.29","0","0","-","2","13","13.33","1","0","100.00","4","13","23.53","0","1","0.00","33.33","93.33","1.267","1","5","7","28","12.50","1","7","11","8.33"
"848","Shea Theodore","Zach Whitecloud","VGK","36","19.75","18","17","51.43","15","10","60.00","10","4","71.43","0","0","-","0.76","0.64","54.48","6","8","42.86","4","3","57.14","0","0","-","2","5","28.57","0","0","-","9","10","47.37","0","0","-","0.00","100.00","1.000","1","1","0","74","100.00","1","1","3","25.00"
"849","Adam Boqvist","Alexander Romanov","NYI","3","19.716666666667","14","23","37.84","7","17","29.17","2","12","14.29","1","2","33.33","0.6","1.17","33.71","7","12","36.84","2","5","28.57","0","1","0.00","5","7","41.67","0","1","0.00","8","12","40.00","1","0","100.00","50.00","83.33","1.333","4","3","0","13","100.00","7","4","1","87.50"
"850","Matthew Kessel","Logan Mailloux","STL","14","19.633333333333","8","26","23.53","5","15","25.00","2","7","22.22","0","0","-","0.22","0.65","24.74","3","10","23.08","1","4","20.00","0","0","-","2","6","25.00","0","0","-","5","13","27.78","0","0","-","0.00","100.00","1.000","6","4","1","24","85.71","6","9","3","66.67"
"851","Carson Soucy","Urho Vaakanainen","NYR","16","19.6","6","18","25.00","5","12","29.41","1","7","12.50","1","0","100.00","0.4","0.47","45.78","4","3","57.14","0","2","0.00","0","0","-","4","1","80.00","1","0","100.00","1","11","8.33","0","0","-","100.00","100.00","2.000","1","4","0","24","100.00","1","5","1","50.00"
"852","Jack St. Ivany","Ilya Solovyov","PIT","3","19.433333333333","28","14","66.67","21","11","65.63","11","9","55.00","0","0","-","1.49","0.57","72.40","15","5","75.00","6","2","75.00","0","0","-","9","3","75.00","0","0","-","12","12","50.00","0","0","-","0.00","100.00","1.000","1","6","2","16","33.33","4","7","9","30.77"
"853","Olli Maatta","Yan Kuznetsov","CGY","10","19.4","15","20","42.86","11","17","39.29","9","12","42.86","2","3","40.00","1.05","1.71","38.15","12","10","54.55","4","4","50.00","2","0","100.00","8","6","57.14","0","1","0.00","2","13","13.33","0","2","0.00","22.22","75.00","0.972","1","1","4","22","20.00","1","1","7","12.50"
"854","Gustav Forsling","Tobias Bjornfot","FLA","18","19.383333333333","14","21","40.00","10","16","38.46","6","10","37.50","0","1","0.00","0.77","0.84","47.72","8","9","47.06","4","4","50.00","0","1","0.00","4","5","44.44","0","0","-","3","15","16.67","0","0","-","0.00","90.00","0.900","0","1","5","20","0.00","0","2","8","0.00"
"855","Devon Toews","Samuel Girard","COL","27","19.333333333333","15","21","41.67","13","15","46.43","10","12","45.45","1","1","50.00","0.54","1.57","25.65","7","11","38.89","1","5","16.67","0","1","0.00","6","6","50.00","1","0","100.00","6","9","40.00","0","0","-","10.00","91.67","1.017","0","0","0","65","-","0","1","0","-"
"856","Wyatt Kaiser","Ethan Del Mastro","CHI","17","19.25","11","18","37.93","10","15","40.00","8","12","40.00","0","2","0.00","0.56","1.46","27.73","5","12","29.41","2","5","28.57","0","2","0.00","3","7","30.00","0","0","-","6","7","46.15","0","0","-","0.00","83.33","0.833","0","0","3","34","0.00","1","2","6","14.29"
"857","Noah Dobson","Adam Engstrom","MTL","14","19.183333333333","20","18","52.63","17","15","53.13","8","10","44.44","2","0","100.00","0.86","1.45","37.07","9","8","52.94","2","6","25.00","0","0","-","7","2","77.78","1","0","100.00","16","9","64.00","1","0","100.00","25.00","100.00","1.250","4","3","0","13","100.00","14","4","0","100.00"
"858","Radko Gudas","Jacob Trouba","ANA","55","19.066666666667","9","27","25.00","9","17","34.62","5","13","27.78","0","1","0.00","0.85","1.35","38.82","4","14","22.22","2","3","40.00","0","0","-","2","11","15.38","0","0","-","6","12","33.33","0","1","0.00","0.00","92.31","0.923","3","2","3","79","50.00","3","3","5","37.50"
"859","Dylan McIlrath","Declan Chisholm","WSH","2","19.066666666667","11","19","36.67","8","16","33.33","5","10","33.33","0","1","0.00","0.61","1.01","37.60","4","6","40.00","3","4","42.86","0","1","0.00","1","2","33.33","0","0","-","8","10","44.44","0","0","-","0.00","90.00","0.900","2","7","3","12","40.00","3","10","4","42.86"
"860","Lassi Thomson","Jordan Spence","OTT","11","18.983333333333","32","13","71.11","21","12","63.64","10","11","47.62","1","0","100.00","1.1","0.5","68.81","14","5","73.68","4","2","66.67","1","0","100.00","10","3","76.92","0","0","-","26","8","76.47","0","0","-","10.00","100.00","1.100","12","0","0","28","100.00","17","1","0","100.00"
"861","Brett Kulak","Evan Bouchard","EDM","31","18.7","17","18","48.57","11","15","42.31","9","11","45.00","1","0","100.00","0.42","0.62","40.54","6","9","40.00","1","2","33.33","0","0","-","5","7","41.67","1","0","100.00","12","9","57.14","0","0","-","11.11","100.00","1.111","1","0","2","51","33.33","3","1","3","50.00"
"862","Dennis Gilbert","Jordan Spence","OTT","8","18.65","19","10","65.52","16","7","69.57","11","4","73.33","0","0","-","1.27","0.42","75.36","12","6","66.67","6","4","60.00","0","0","-","6","2","75.00","0","0","-","6","9","40.00","0","0","-","0.00","100.00","1.000","4","1","4","31","50.00","4","2","8","33.33"
"863","Haydn Fleury","Logan Stanley","WPG","18","18.616666666667","19","24","44.19","13","19","40.63","8","15","34.78","1","2","33.33","1.05","1.17","47.34","5","9","35.71","2","4","33.33","0","1","0.00","3","5","37.50","0","0","-","13","14","48.15","0","1","0.00","12.50","86.67","0.992","1","0","1","48","50.00","3","0","3","50.00"
"864","Vladislav Gavrikov","Urho Vaakanainen","NYR","34","18.616666666667","13","12","52.00","7","9","43.75","7","6","53.85","1","1","50.00","0.5","0.48","50.99","8","5","61.54","3","1","75.00","1","0","100.00","5","4","55.56","0","1","0.00","4","5","44.44","0","0","-","14.29","83.33","0.976","1","0","1","113","50.00","2","0","1","66.67"
"865","Erik Gudbranson","Damon Severson","CBJ","27","18.5","16","14","53.33","16","12","57.14","10","6","62.50","3","1","75.00","1.76","1","63.93","9","9","50.00","3","5","37.50","1","0","100.00","6","4","60.00","1","1","50.00","6","6","50.00","1","0","100.00","30.00","83.33","1.133","0","0","1","79","0.00","0","1","2","0.00"
"866","Jared Spurgeon","David Jiricek","MIN","25","18.366666666667","18","34","34.62","15","25","37.50","9","14","39.13","2","3","40.00","1.51","2.9","34.19","10","25","28.57","7","8","46.67","2","3","40.00","3","17","15.00","0","0","-","9","9","50.00","0","0","-","22.22","78.57","1.008","0","0","1","34","0.00","4","1","4","50.00"
"867","Dougie Hamilton","Johnathan Kovacevic","N.J","33","18.266666666667","14","14","50.00","14","14","50.00","9","9","50.00","0","1","0.00","0.67","0.87","43.42","4","7","36.36","3","1","75.00","0","1","0.00","1","6","14.29","0","0","-","7","8","46.67","0","0","-","0.00","88.89","0.889","0","0","2","76","0.00","1","1","2","33.33"
"868","Zach Bogosian","Brock Faber","MIN","41","18.2","27","16","62.79","21","12","63.64","10","7","58.82","0","0","-","2.46","1.27","65.99","15","9","62.50","10","6","62.50","0","0","-","5","3","62.50","0","0","-","8","9","47.06","0","0","-","0.00","100.00","1.000","1","0","1","84","50.00","1","0","4","20.00"
"869","Jeff Petry","Dmitry Kulikov","FLA","3","18.133333333333","13","15","46.43","10","12","45.45","7","9","43.75","0","1","0.00","0.51","0.39","56.41","4","5","44.44","3","2","60.00","0","0","-","1","3","25.00","0","1","0.00","14","11","56.00","0","0","-","0.00","88.89","0.889","3","4","4","18","42.86","9","7","6","60.00"
"870","John Klingberg","Timothy Liljegren","S.J","33","18.066666666667","10","18","35.71","7","17","29.17","6","11","35.29","2","1","66.67","0.54","1.48","26.79","5","10","33.33","2","2","50.00","2","0","100.00","3","8","27.27","0","0","-","5","9","35.71","0","1","0.00","33.33","90.91","1.242","0","0","1","82","0.00","0","0","4","0.00"
"871","Luke Hughes","Seamus Casey","N.J","2","18.05","14","17","45.16","5","13","27.78","4","11","26.67","0","1","0.00","0.17","0.79","17.67","4","8","33.33","0","4","0.00","0","1","0.00","4","4","50.00","0","0","-","9","10","47.37","0","0","-","0.00","90.91","0.909","7","4","1","6","87.50","13","5","2","86.67"
"872","Adam Larsson","Cale Fleury","SEA","23","17.916666666667","10","23","30.30","9","17","34.62","8","9","47.06","0","0","-","0.47","0.67","41.05","3","6","33.33","1","2","33.33","0","0","-","2","4","33.33","0","0","-","7","18","28.00","0","0","-","0.00","100.00","1.000","0","0","0","65","-","0","0","3","0.00"
"873","Matt Grzelcyk","Ethan Del Mastro","CHI","7","17.916666666667","16","23","41.03","15","16","48.39","8","12","40.00","0","0","-","1.09","1.85","37.16","8","15","34.78","5","8","38.46","0","0","-","3","7","30.00","0","0","-","9","6","60.00","0","0","-","0.00","100.00","1.000","0","4","2","18","0.00","2","6","2","50.00"
"874","Ryan Shea","Ilya Solovyov","PIT","13","17.883333333333","22","19","53.66","17","15","53.13","12","9","57.14","3","0","100.00","1.38","1.44","48.95","12","11","52.17","7","5","58.33","2","0","100.00","5","6","45.45","0","0","-","11","9","55.00","1","0","100.00","25.00","100.00","1.250","1","6","1","11","50.00","4","12","5","44.44"
"875","Ryan Lindgren","Josh Mahura","SEA","20","17.883333333333","9","30","23.08","7","20","25.93","6","12","33.33","0","1","0.00","0.35","1.2","22.56","4","13","23.53","1","2","33.33","0","0","-","3","11","21.43","0","1","0.00","4","17","19.05","0","0","-","0.00","91.67","0.917","0","1","4","24","0.00","1","2","7","12.50"
"876","Rasmus Andersson","Zayne Parekh","CGY","11","17.85","27","10","72.97","18","8","69.23","10","5","66.67","0","0","-","1.41","1.56","47.53","14","1","93.33","5","0","100.00","0","0","-","9","1","90.00","0","0","-","18","7","72.00","0","0","-","0.00","100.00","1.000","8","0","0","21","100.00","12","0","4","75.00"
"877","Jack St. Ivany","Jake Livanavage","PIT","1","17.783333333333","9","22","29.03","7","17","29.17","4","12","25.00","0","2","0.00","0.75","1.31","36.21","6","13","31.58","5","4","55.56","0","1","0.00","1","9","10.00","0","1","0.00","4","11","26.67","0","0","-","0.00","83.33","0.833","0","6","0","3","-","2","7","6","25.00"
"878","Parker Wotherspoon","Samuel Girard","PIT","19","17.7","9","29","23.68","4","17","19.05","3","11","21.43","2","1","66.67","0.93","1.7","35.40","0","15","0.00","0","10","0.00","0","0","-","0","5","0.00","0","0","-","7","11","38.89","2","1","66.67","66.67","90.91","1.576","3","1","1","19","75.00","5","2","2","71.43"
"879","Mike Reilly","Shayne Gostisbehere","CAR","19","17.683333333333","21","17","55.26","16","13","55.17","11","8","57.89","1","1","50.00","1.17","1.12","51.12","13","9","59.09","4","4","50.00","1","1","50.00","9","5","64.29","0","0","-","8","9","47.06","0","0","-","9.09","87.50","0.966","3","1","0","35","100.00","6","1","2","75.00"
"880","Mattias Ekholm","Spencer Stastney","EDM","36","17.633333333333","21","17","55.26","18","14","56.25","16","8","66.67","2","0","100.00","1.3","0.9","58.93","16","7","69.57","7","3","70.00","1","0","100.00","9","4","69.23","1","0","100.00","5","10","33.33","0","0","-","12.50","100.00","1.125","0","1","1","66","0.00","0","1","1","0.00"
"881","Jayden Struble","Kaiden Guhle","MTL","21","17.616666666667","18","14","56.25","14","11","56.00","7","8","46.67","1","0","100.00","1.18","0.85","58.12","12","7","63.16","6","2","75.00","1","0","100.00","6","5","54.55","0","0","-","7","5","58.33","0","0","-","14.29","100.00","1.143","0","1","0","59","-","2","3","0","100.00"
"882","Ian Cole","MacKenzie Weegar","UTA","19","17.6","23","7","76.67","20","4","83.33","10","4","71.43","0","0","-","1.36","0.17","88.74","11","2","84.62","6","0","100.00","0","0","-","5","2","71.43","0","0","-","9","7","56.25","0","0","-","0.00","100.00","1.000","0","5","4","35","0.00","1","6","9","10.00"
"883","Derek Forbort","Elias Pettersson","VAN","2","17.566666666667","5","17","22.73","4","11","26.67","3","7","30.00","1","1","50.00","0.13","0.98","11.76","4","8","33.33","0","3","0.00","0","0","-","4","5","44.44","1","0","100.00","2","9","18.18","0","1","0.00","33.33","85.71","1.190","4","5","2","4","66.67","5","6","4","55.56"
"884","Olli Maatta","Dmitri Simashev","UTA","15","17.533333333333","18","11","62.07","15","8","65.22","10","8","55.56","0","2","0.00","1.17","0.89","56.89","7","9","43.75","4","4","50.00","0","1","0.00","3","5","37.50","0","1","0.00","10","1","90.91","0","0","-","0.00","75.00","0.750","2","3","1","29","66.67","4","4","1","80.00"
"885","Philippe Myers","Troy Stecher","TOR","24","17.533333333333","9","15","37.50","7","12","36.84","5","6","45.45","1","0","100.00","0.36","0.5","42.29","7","4","63.64","1","1","50.00","0","0","-","6","3","66.67","1","0","100.00","1","11","8.33","0","0","-","20.00","100.00","1.200","0","1","2","74","0.00","0","1","5","0.00"
"886","Matt Kiersted","David Jiricek","MIN","3","17.483333333333","6","15","28.57","5","10","33.33","4","7","36.36","0","0","-","0.2","0.72","21.63","3","9","25.00","1","4","20.00","0","0","-","2","5","28.57","0","0","-","5","7","41.67","0","0","-","0.00","100.00","1.000","5","3","4","6","55.56","6","4","6","50.00"
"887","John Carlson","Trevor van Riemsdyk","WSH","41","17.466666666667","12","24","33.33","9","16","36.00","7","6","53.85","1","1","50.00","0.66","1.77","27.22","5","14","26.32","3","7","30.00","0","1","0.00","2","7","22.22","0","0","-","6","9","40.00","1","0","100.00","14.29","83.33","0.976","1","1","2","63","33.33","1","2","5","16.67"
"888","Ryan Shea","Harrison Brunicke","PIT","9","17.466666666667","15","14","51.72","10","13","43.48","7","10","41.18","0","0","-","0.47","0.85","35.43","7","7","50.00","2","3","40.00","0","0","-","5","4","55.56","0","0","-","8","7","53.33","0","0","-","0.00","100.00","1.000","1","2","0","12","100.00","3","2","1","75.00"
"889","Samuel Girard","Jack St. Ivany","PIT","2","17.433333333333","14","18","43.75","8","14","36.36","2","7","22.22","0","2","0.00","0.52","0.69","42.80","6","9","40.00","2","5","28.57","0","2","0.00","4","4","50.00","0","0","-","12","13","48.00","0","0","-","0.00","71.43","0.714","1","2","2","14","33.33","4","5","4","50.00"
"890","Ryan Pulock","Alexander Romanov","NYI","15","17.416666666667","7","17","29.17","6","13","31.58","3","7","30.00","0","0","-","0.22","0.57","27.59","3","7","30.00","0","1","0.00","0","0","-","3","6","33.33","0","0","-","4","9","30.77","0","0","-","0.00","100.00","1.000","0","2","1","38","0.00","1","2","4","20.00"
"891","Luke Schenn","Ville Heinola","WPG","2","17.333333333333","17","20","45.95","11","14","44.00","8","10","44.44","1","1","50.00","0.74","1.24","37.27","8","12","40.00","4","5","44.44","1","0","100.00","4","7","36.36","0","0","-","9","12","42.86","0","1","0.00","12.50","90.00","1.025","1","2","5","11","16.67","3","4","7","30.00"
"892","Vladislav Kolyachonok","Mason Lohrei","BOS","2","17.25","9","25","26.47","7","22","24.14","5","13","27.78","0","0","-","0.36","0.92","28.06","4","5","44.44","0","1","0.00","0","0","-","4","4","50.00","0","0","-","7","21","25.00","0","0","-","0.00","100.00","1.000","2","4","3","11","40.00","6","5","9","40.00"
"893","Nick Jensen","Artem Zub","OTT","60","17.216666666667","10","17","37.04","10","15","40.00","7","11","38.89","1","1","50.00","0.83","0.88","48.48","7","7","50.00","2","5","28.57","1","1","50.00","5","2","71.43","0","0","-","3","9","25.00","0","0","-","14.29","90.91","1.052","0","1","1","162","0.00","1","1","2","33.33"
"894","Brady Skjei","Spencer Stastney","NSH","30","17.2","14","18","43.75","8","18","30.77","3","11","21.43","0","2","0.00","0.29","1.49","16.12","5","13","27.78","0","7","0.00","0","2","0.00","5","6","45.45","0","0","-","8","6","57.14","0","0","-","0.00","81.82","0.818","0","0","1","48","0.00","1","0","3","25.00"
"895","Jeff Petry","Daemon Hunt","MIN","3","17.033333333333","18","28","39.13","15","22","40.54","7","12","36.84","1","1","50.00","1.45","2.04","41.52","5","22","18.52","2","8","20.00","0","1","0.00","3","14","17.65","1","0","100.00","8","13","38.10","0","0","-","14.29","91.67","1.060","0","1","5","12","0.00","1","3","11","8.33"
"896","Josh Morrissey","Jacob Bryson","WPG","15","16.733333333333","15","14","51.72","13","10","56.52","9","8","52.94","1","1","50.00","0.76","0.59","56.15","7","6","53.85","2","0","100.00","1","0","100.00","5","6","45.45","0","1","0.00","7","8","46.67","0","0","-","11.11","87.50","0.986","3","1","2","34","60.00","4","2","3","57.14"
"897","Wyatt Kaiser","Kevin Korchinski","CHI","11","16.733333333333","10","10","50.00","6","9","40.00","5","9","35.71","2","1","66.67","0.45","0.47","48.88","3","6","33.33","2","1","66.67","1","0","100.00","1","5","16.67","1","1","50.00","11","4","73.33","0","0","-","40.00","88.89","1.289","5","3","1","20","83.33","7","4","1","87.50"
"898","Connor Murphy","Sam Rinzel","CHI","32","16.716666666667","11","14","44.00","10","10","50.00","7","9","43.75","1","1","50.00","0.47","0.57","45.35","8","7","53.33","1","3","25.00","0","1","0.00","7","4","63.64","1","0","100.00","4","7","36.36","0","0","-","14.29","88.89","1.032","0","1","2","34","0.00","4","2","2","66.67"
"899","Ivan Provorov","Jake Christiansen","CBJ","40","16.616666666667","20","14","58.82","14","12","53.85","9","5","64.29","0","0","-","1.01","0.57","63.94","11","5","68.75","4","1","80.00","0","0","-","7","4","63.64","0","0","-","6","8","42.86","0","0","-","0.00","100.00","1.000","0","0","2","46","0.00","0","1","3","0.00"
"900","Alex Petrovic","Vladislav Kolyachonok","DAL","11","16.516666666667","12","18","40.00","7","14","33.33","5","11","31.25","0","0","-","0.27","0.5","35.25","3","4","42.86","1","1","50.00","0","0","-","2","3","40.00","0","0","-","10","15","40.00","0","0","-","0.00","100.00","1.000","0","0","1","20","0.00","2","1","6","25.00"
"901","Tyler Kleven","Jake Sanderson","OTT","57","16.366666666667","8","17","32.00","7","9","43.75","2","6","25.00","0","1","0.00","0.43","0.76","36.29","4","10","28.57","2","1","66.67","0","1","0.00","2","9","18.18","0","0","-","4","11","26.67","0","0","-","0.00","83.33","0.833","0","1","9","73","0.00","0","1","13","0.00"
"902","Jeff Petry","Jonas Brodin","MIN","8","16.35","12","12","50.00","11","8","57.89","9","5","64.29","0","1","0.00","0.22","0.66","25.06","1","6","14.29","0","3","0.00","0","1","0.00","1","3","25.00","0","0","-","15","9","62.50","0","0","-","0.00","80.00","0.800","2","4","3","18","40.00","6","6","5","54.55"
"903","Keaton Middleton","Samuel Girard","COL","3","16.35","10","9","52.63","5","7","41.67","4","3","57.14","1","2","33.33","0.43","0.53","44.48","4","6","40.00","1","3","25.00","0","2","0.00","3","3","50.00","1","0","100.00","3","5","37.50","0","0","-","25.00","33.33","0.583","0","3","4","11","0.00","1","6","5","16.67"
"904","Braden Schneider","Scott Morrow","NYR","29","16.35","20","17","54.05","12","16","42.86","11","9","55.00","0","0","-","0.55","0.8","40.65","8","6","57.14","3","4","42.86","0","0","-","5","2","71.43","0","0","-","9","12","42.86","0","0","-","0.00","100.00","1.000","0","0","1","68","0.00","1","1","3","25.00"
"905","Nick Seeler","David Jiricek","PHI","1","16.316666666667","10","12","45.45","9","7","56.25","9","5","64.29","0","0","-","0.3","0.5","37.20","3","6","33.33","1","1","50.00","0","0","-","2","5","28.57","0","0","-","9","11","45.00","0","0","-","0.00","100.00","1.000","0","6","6","6","0.00","4","7","7","36.36"
"906","Marek Alscher","Mikulas Hovorka","FLA","1","16.3","14","11","56.00","11","8","57.89","9","6","60.00","2","0","100.00","0.94","0.59","61.41","7","3","70.00","3","2","60.00","1","0","100.00","4","1","80.00","1","0","100.00","5","6","45.45","0","0","-","22.22","100.00","1.222","3","3","1","4","75.00","5","5","2","71.43"
"907","Logan Stanley","Michael Kesselring","BUF","2","16.25","14","17","45.16","11","10","52.38","7","4","63.64","0","0","-","0.46","0.47","49.19","3","6","33.33","3","2","60.00","0","0","-","0","4","0.00","0","0","-","10","9","52.63","0","0","-","0.00","100.00","1.000","1","5","2","11","33.33","5","7","5","50.00"
"908","Jacob Bryson","Elias Salomonsson","WPG","9","16.166666666667","23","13","63.89","13","10","56.52","8","7","53.33","1","3","25.00","1.08","0.67","61.86","16","8","66.67","6","3","66.67","1","1","50.00","10","5","66.67","0","2","0.00","8","5","61.54","0","0","-","12.50","57.14","0.696","1","0","1","22","50.00","5","0","3","62.50"
"909","Shayne Gostisbehere","Joel Nystrom","CAR","23","16.083333333333","18","9","66.67","12","5","70.59","6","3","66.67","1","0","100.00","0.73","0.31","70.14","9","6","60.00","3","3","50.00","1","0","100.00","6","3","66.67","0","0","-","8","3","72.73","0","0","-","16.67","100.00","1.167","1","2","0","28","100.00","2","3","1","66.67"
"910","Roman Josi","Spencer Stastney","NSH","18","15.966666666667","9","12","42.86","7","8","46.67","4","6","40.00","0","0","-","0.65","0.63","50.91","4","7","36.36","3","2","60.00","0","0","-","1","5","16.67","0","0","-","6","5","54.55","0","0","-","0.00","100.00","1.000","1","0","1","29","50.00","1","1","2","33.33"
"911","Evan Bouchard","Spencer Stastney","EDM","36","15.966666666667","8","18","30.77","8","13","38.10","4","12","25.00","0","3","0.00","0.56","1.16","32.55","6","11","35.29","3","5","37.50","0","1","0.00","3","6","33.33","0","1","0.00","2","7","22.22","0","1","0.00","0.00","75.00","0.750","0","1","0","63","-","0","1","1","0.00"
"912","Tyler Kleven","Carter Yakemchuk","OTT","4","15.85","19","25","43.18","13","13","50.00","6","7","46.15","0","0","-","0.83","0.89","48.11","7","8","46.67","4","3","57.14","0","0","-","3","5","37.50","0","0","-","14","12","53.85","0","0","-","0.00","100.00","1.000","2","3","0","17","100.00","6","5","1","85.71"
"913","Ian Moore","Tyson Hinds","ANA","6","15.816666666667","7","15","31.82","6","11","35.29","4","5","44.44","0","0","-","0.67","1.2","35.67","4","9","30.77","3","7","30.00","0","0","-","1","2","33.33","0","0","-","5","9","35.71","0","0","-","0.00","100.00","1.000","3","7","3","17","50.00","3","7","5","37.50"
"914","Brent Burns","Ilya Solovyov","COL","16","15.783333333333","18","21","46.15","13","12","52.00","7","11","38.89","1","2","33.33","0.83","0.5","62.41","7","10","41.18","4","3","57.14","0","2","0.00","3","7","30.00","1","0","100.00","13","12","52.00","0","0","-","14.29","81.82","0.961","3","0","0","22","100.00","5","2","4","55.56"
"915","Brandon Carlo","Philippe Myers","TOR","26","15.666666666667","8","19","29.63","7","14","33.33","3","9","25.00","1","1","50.00","0.41","0.93","30.67","5","8","38.46","1","3","25.00","1","1","50.00","4","5","44.44","0","0","-","3","9","25.00","0","0","-","33.33","88.89","1.222","0","0","0","63","-","0","0","3","0.00"
"916","Brenden Dillon","Seamus Casey","N.J","2","15.45","17","11","60.71","12","11","52.17","8","8","50.00","0","2","0.00","0.52","0.42","55.31","7","6","53.85","0","2","0.00","0","0","-","7","4","63.64","0","2","0.00","13","5","72.22","0","0","-","0.00","75.00","0.750","3","3","3","11","50.00","8","3","5","61.54"
"917","Morgan Rielly","Henry Thrun","TOR","4","15.4","9","12","42.86","8","9","47.06","8","6","57.14","0","0","-","0.23","0.53","30.48","4","7","36.36","1","1","50.00","0","0","-","3","6","33.33","0","0","-","6","9","40.00","0","0","-","0.00","100.00","1.000","2","1","2","10","50.00","4","2","6","40.00"
"918","Ben Hutton","Jaycob Megna","VGK","4","15.316666666667","9","11","45.00","7","10","41.18","4","6","40.00","0","3","0.00","0.24","0.91","20.61","4","7","36.36","1","6","14.29","0","3","0.00","3","1","75.00","0","0","-","6","8","42.86","0","0","-","0.00","50.00","0.500","1","3","3","11","25.00","3","4","5","37.50"
"919","Jordan Harris","Jonathan Aspirot","BOS","2","15.283333333333","11","16","40.74","10","9","52.63","6","5","54.55","1","0","100.00","0.37","0.46","44.60","5","6","45.45","1","1","50.00","0","0","-","4","5","44.44","0","0","-","6","11","35.29","1","0","100.00","16.67","100.00","1.167","1","5","1","12","50.00","3","7","6","33.33"
"920","Connor Clifton","Caleb Jones","PIT","1","15.25","9","22","29.03","5","13","27.78","1","8","11.11","0","1","0.00","0.1","0.74","12.33","1","8","11.11","1","3","25.00","0","1","0.00","0","5","0.00","0","0","-","7","14","33.33","0","0","-","0.00","87.50","0.875","0","3","3","5","0.00","1","5","7","12.50"
"921","Dylan DeMelo","Jacob Bryson","WPG","15","15.233333333333","19","7","73.08","13","7","65.00","7","5","58.33","0","0","-","0.93","0.2","82.53","9","3","75.00","2","0","100.00","0","0","-","7","3","70.00","0","0","-","10","7","58.82","0","0","-","0.00","100.00","1.000","0","2","3","23","0.00","1","3","3","25.00"
"922","Olen Zellweger","Pavel Mintyukov","ANA","67","15.216666666667","19","8","70.37","14","6","70.00","5","5","50.00","1","0","100.00","1.14","0.32","77.90","8","4","66.67","4","1","80.00","0","0","-","4","3","57.14","1","0","100.00","13","3","81.25","0","0","-","20.00","100.00","1.200","3","2","1","64","75.00","4","4","2","66.67"
"923","Matt Grzelcyk","Alex Vlasic","CHI","68","15.166666666667","8","14","36.36","7","12","36.84","5","10","33.33","0","0","-","0.33","0.79","29.31","5","8","38.46","2","3","40.00","0","0","-","3","5","37.50","0","0","-","3","6","33.33","0","0","-","0.00","100.00","1.000","1","0","0","106","100.00","2","0","1","66.67"
"924","Marcus Pettersson","Kirill Kudryavtsev","VAN","3","15.083333333333","9","10","47.37","6","7","46.15","4","4","50.00","0","0","-","0.82","0.48","63.40","6","5","54.55","4","4","50.00","0","0","-","2","1","66.67","0","0","-","3","7","30.00","0","0","-","0.00","100.00","1.000","0","2","2","7","0.00","2","3","4","33.33"
"925","Nick Perbix","Spencer Stastney","NSH","27","15.083333333333","10","15","40.00","5","12","29.41","3","8","27.27","0","3","0.00","0.21","1.15","15.57","4","10","28.57","0","5","0.00","0","2","0.00","4","5","44.44","0","1","0.00","5","4","55.56","0","0","-","0.00","62.50","0.625","0","6","0","43","-","0","7","2","0.00"
"926","Daemon Hunt","David Spacek","MIN","2","15.033333333333","6","30","16.67","6","19","24.00","5","12","29.41","1","2","33.33","0.32","0.87","26.60","3","13","18.75","1","4","20.00","1","1","50.00","2","9","18.18","0","1","0.00","7","23","23.33","0","0","-","20.00","83.33","1.033","2","2","5","7","28.57","6","5","10","37.50"
"927","Jacob Bryson","Bowen Byram","BUF","35","15.016666666667","13","19","40.63","10","15","40.00","4","12","25.00","0","2","0.00","0.7","1.67","29.42","7","13","35.00","2","8","20.00","0","2","0.00","5","5","50.00","0","0","-","6","8","42.86","0","0","-","0.00","83.33","0.833","1","4","2","53","33.33","1","4","2","33.33"
"928","Kevin Gravel","Ryan Ufko","NSH","1","14.783333333333","7","21","25.00","6","14","30.00","5","9","35.71","1","1","50.00","0.33","0.98","25.40","4","8","33.33","2","4","33.33","0","0","-","2","4","33.33","1","0","100.00","3","15","16.67","0","1","0.00","20.00","88.89","1.089","1","4","2","8","33.33","4","7","7","36.36"
"929","Marcus Pettersson","Zeev Buium","VAN","45","14.716666666667","14","9","60.87","12","5","70.59","7","3","70.00","1","0","100.00","0.44","0.16","73.07","5","2","71.43","2","2","50.00","1","0","100.00","3","0","100.00","0","0","-","8","4","66.67","0","0","-","14.29","100.00","1.143","0","0","0","87","-","0","0","1","0.00"
"930","Scott Mayfield","Isaiah George","NYI","4","14.616666666667","4","21","16.00","4","13","23.53","4","10","28.57","1","2","33.33","0.41","0.78","34.56","2","8","20.00","1","4","20.00","0","2","0.00","1","4","20.00","0","0","-","2","13","13.33","1","0","100.00","25.00","80.00","1.050","0","4","5","3","0.00","0","8","7","0.00"
"931","Travis Hamonic","Moritz Seider","DET","26","14.6","17","13","56.67","13","6","68.42","10","2","83.33","0","0","-","0.96","0.26","78.70","7","7","50.00","3","0","100.00","0","0","-","4","7","36.36","0","0","-","8","7","53.33","0","0","-","0.00","100.00","1.000","0","0","0","57","-","0","1","2","0.00"
"932","Dennis Cholowski","Luke Hughes","N.J","15","14.533333333333","13","21","38.24","11","13","45.83","9","10","47.37","1","2","33.33","0.51","0.85","37.37","9","8","52.94","3","4","42.86","1","1","50.00","6","4","60.00","0","0","-","4","13","23.53","0","1","0.00","11.11","80.00","0.911","0","2","2","37","0.00","0","3","5","0.00"
"933","Quinn Hughes","Daemon Hunt","MIN","20","14.45","12","7","63.16","8","7","53.33","7","6","53.85","1","0","100.00","0.38","0.31","55.09","5","2","71.43","1","2","33.33","0","0","-","4","0","100.00","0","0","-","5","5","50.00","1","0","100.00","14.29","100.00","1.143","0","0","0","39","-","0","1","0","-"
"934","Aaron Ekblad","Donovan Sebrango","FLA","30","14.366666666667","10","17","37.04","8","15","34.78","4","11","26.67","0","3","0.00","0.5","1.6","23.90","5","11","31.25","1","7","12.50","0","1","0.00","4","4","50.00","0","1","0.00","5","9","35.71","0","1","0.00","0.00","72.73","0.727","0","1","1","54","0.00","1","1","4","20.00"
"935","Conor Timmins","Jacob Bryson","BUF","22","14.366666666667","14","17","45.16","10","11","47.62","8","8","50.00","0","1","0.00","0.9","0.68","56.77","6","9","40.00","4","3","57.14","0","1","0.00","2","6","25.00","0","0","-","8","6","57.14","0","0","-","0.00","87.50","0.875","0","3","0","17","-","1","5","1","50.00"
"936","Matt Dumba","Harrison Brunicke","PIT","1","14.316666666667","11","16","40.74","8","11","42.11","4","10","28.57","0","2","0.00","0.32","0.69","31.52","4","9","30.77","1","3","25.00","0","1","0.00","3","6","33.33","0","1","0.00","5","7","41.67","0","0","-","0.00","80.00","0.800","0","2","2","9","0.00","2","2","3","40.00"
"937","Nick Jensen","Jordan Spence","OTT","52","14.283333333333","13","11","54.17","10","8","55.56","6","6","50.00","1","0","100.00","0.34","0.61","36.21","8","3","72.73","1","2","33.33","0","0","-","7","1","87.50","1","0","100.00","5","6","45.45","0","0","-","16.67","100.00","1.167","1","0","0","119","100.00","2","0","0","100.00"
"938","Samuel Girard","Ilya Solovyov","PIT","3","14.266666666667","17","12","58.62","14","7","66.67","10","5","66.67","1","0","100.00","1.15","0.45","71.80","9","7","56.25","6","2","75.00","1","0","100.00","3","5","37.50","0","0","-","7","5","58.33","0","0","-","10.00","100.00","1.100","0","8","3","5","0.00","1","9","4","20.00"
"939","Logan Stanley","Bowen Byram","BUF","17","14.2","5","13","27.78","4","8","33.33","2","7","22.22","0","1","0.00","0.19","0.51","26.65","3","5","37.50","0","2","0.00","0","0","-","3","3","50.00","0","0","-","2","8","20.00","0","1","0.00","0.00","85.71","0.857","1","0","2","29","33.33","1","2","5","16.67"
"940","Zach Werenski","Jake Christiansen","CBJ","35","14.183333333333","17","18","48.57","10","15","40.00","5","13","27.78","0","2","0.00","0.49","1.88","20.53","9","12","42.86","2","7","22.22","0","2","0.00","7","5","58.33","0","0","-","7","3","70.00","0","0","-","0.00","84.62","0.846","0","2","1","40","0.00","0","2","1","0.00"
"941","Zach Whitecloud","Hunter Brzustewicz","CGY","19","14.066666666667","12","15","44.44","8","11","42.11","6","6","50.00","0","0","-","0.56","0.55","50.58","5","5","50.00","1","2","33.33","0","0","-","4","3","57.14","0","0","-","6","10","37.50","0","0","-","0.00","100.00","1.000","1","2","1","28","50.00","1","4","1","50.00"
"942","MacKenzie Weegar","Daniil Miromanov","CGY","1","14","8","16","33.33","5","12","29.41","4","9","30.77","2","2","50.00","0.19","0.53","26.45","3","7","30.00","1","4","20.00","1","1","50.00","2","3","40.00","0","1","0.00","4","14","22.22","1","0","100.00","50.00","77.78","1.278","1","2","6","8","14.29","2","4","11","15.38"
"943","Trevor van Riemsdyk","Cole Hutson","WSH","14","13.983333333333","17","10","62.96","10","8","55.56","6","5","54.55","0","0","-","0.21","0.27","43.30","3","2","60.00","0","2","0.00","0","0","-","3","0","100.00","0","0","-","10","8","55.56","0","0","-","0.00","100.00","1.000","1","2","0","21","100.00","2","2","2","50.00"
"944","Erik Karlsson","Connor Clifton","PIT","43","13.816666666667","12","10","54.55","10","9","52.63","8","7","53.33","2","0","100.00","0.81","0.77","51.22","6","7","46.15","3","3","50.00","1","0","100.00","3","4","42.86","1","0","100.00","5","4","55.56","0","0","-","25.00","100.00","1.250","0","1","0","73","-","0","1","2","0.00"
"945","Olli Maatta","Sean Durzi","UTA","8","13.616666666667","11","10","52.38","7","8","46.67","4","3","57.14","1","1","50.00","0.62","0.57","51.93","4","7","36.36","3","2","60.00","1","1","50.00","1","5","16.67","0","0","-","4","3","57.14","0","0","-","25.00","66.67","0.917","1","6","1","28","50.00","1","8","2","33.33"
"946","Michael Kesselring","Zach Metsa","BUF","20","13.416666666667","7","14","33.33","4","11","26.67","3","8","27.27","0","0","-","0.23","0.51","31.13","3","6","33.33","1","2","33.33","0","0","-","2","4","33.33","0","0","-","3","9","25.00","0","0","-","0.00","100.00","1.000","2","1","1","20","66.67","3","3","4","42.86"
"947","Zach Bogosian","David Jiricek","MIN","3","13.383333333333","18","15","54.55","14","12","53.85","8","8","50.00","3","0","100.00","1.4","0.47","74.95","11","5","68.75","6","1","85.71","2","0","100.00","5","4","55.56","0","0","-","6","8","42.86","1","0","100.00","37.50","100.00","1.375","0","0","0","7","-","2","1","1","66.67"
"948","Owen Pickering","Harrison Brunicke","PIT","2","13.383333333333","15","10","60.00","9","9","50.00","5","6","45.45","0","4","0.00","0.56","0.92","37.90","9","6","60.00","3","4","42.86","0","2","0.00","6","2","75.00","0","1","0.00","4","5","44.44","0","1","0.00","0.00","33.33","0.333","1","5","0","12","100.00","3","6","2","60.00"
"949","Tyler Myers","Tom Willander","VAN","45","13.35","10","14","41.67","8","11","42.11","8","6","57.14","1","0","100.00","0.33","0.59","36.08","4","9","30.77","1","4","20.00","0","0","-","3","5","37.50","1","0","100.00","7","7","50.00","0","0","-","12.50","100.00","1.125","0","3","0","45","-","2","4","2","50.00"
"950","Justin Faulk","Albert Johansson","DET","17","13.316666666667","12","18","40.00","10","16","38.46","9","11","45.00","2","1","66.67","0.88","1.56","36.10","7","11","38.89","5","5","50.00","2","1","66.67","2","6","25.00","0","0","-","4","8","33.33","0","0","-","22.22","90.91","1.131","1","2","1","30","50.00","3","2","2","60.00"
"951","Connor Murphy","Kevin Korchinski","CHI","4","13.316666666667","11","5","68.75","6","3","66.67","3","1","75.00","1","0","100.00","0.37","0.08","82.61","5","0","100.00","2","0","100.00","1","0","100.00","3","0","100.00","0","0","-","6","4","60.00","0","0","-","33.33","100.00","1.333","1","2","0","14","100.00","8","4","0","100.00"
"952","Nick Jensen","Dennis Gilbert","OTT","1","13.266666666667","17","15","53.13","13","7","65.00","9","5","64.29","0","1","0.00","1.44","0.63","69.59","8","12","40.00","4","4","50.00","0","0","-","4","8","33.33","0","1","0.00","7","3","70.00","0","0","-","0.00","80.00","0.800","0","1","1","11","0.00","5","2","1","83.33"
"953","Luke Schenn","Elias Salomonsson","WPG","13","13.25","6","23","20.69","6","14","30.00","5","10","33.33","0","0","-","0.25","1.32","15.90","3","11","21.43","1","6","14.29","0","0","-","2","5","28.57","0","0","-","3","12","20.00","0","0","-","0.00","100.00","1.000","0","1","3","25","0.00","0","1","4","0.00"
"954","Timothy Liljegren","Vincent Iorio","S.J","13","13.233333333333","10","16","38.46","8","10","44.44","7","9","43.75","2","1","66.67","0.29","0.77","27.40","4","7","36.36","0","3","0.00","0","0","-","4","4","50.00","2","0","100.00","6","9","40.00","0","1","0.00","28.57","88.89","1.175","2","1","0","40","100.00","2","3","1","66.67"
"955","Jakob Chychrun","Cole Hutson","WSH","14","13.183333333333","20","8","71.43","13","7","65.00","8","6","57.14","0","2","0.00","0.92","1.63","35.96","10","4","71.43","6","3","66.67","0","1","0.00","4","1","80.00","0","0","-","11","3","78.57","0","1","0.00","0.00","66.67","0.667","1","5","1","17","50.00","6","5","2","75.00"
"956","Zach Whitecloud","Kaedan Korczak","VGK","47","13.15","4","23","14.81","3","16","15.79","2","8","20.00","0","0","-","0.25","1.09","18.71","2","16","11.11","1","2","33.33","0","0","-","1","14","6.67","0","0","-","2","7","22.22","0","0","-","0.00","100.00","1.000","0","0","0","42","-","0","0","2","0.00"
"957","Michael Callahan","Mason Lohrei","BOS","5","13.05","8","9","47.06","5","3","62.50","4","2","66.67","0","0","-","0.4","0.2","66.80","5","4","55.56","1","1","50.00","0","0","-","4","3","57.14","0","0","-","5","5","50.00","0","0","-","0.00","100.00","1.000","1","3","2","19","33.33","3","5","3","50.00"
"958","Kris Letang","Connor Clifton","PIT","42","13","4","25","13.79","4","22","15.38","2","13","13.33","0","1","0.00","0.13","1.78","6.77","0","16","0.00","0","10","0.00","0","0","-","0","6","0.00","0","0","-","3","8","27.27","0","1","0.00","0.00","92.31","0.923","0","1","0","43","-","0","1","1","0.00"
"959","Steven Santini","Charles-Edouard D'Astous","T.B","12","12.983333333333","17","11","60.71","11","10","52.38","9","3","75.00","1","0","100.00","0.72","0.66","52.07","10","5","66.67","4","2","66.67","0","0","-","6","3","66.67","1","0","100.00","6","9","40.00","0","0","-","11.11","100.00","1.111","0","2","3","24","0.00","1","3","3","25.00"
"960","Donovan Sebrango","Mikulas Hovorka","FLA","4","12.983333333333","11","9","55.00","7","8","46.67","5","6","45.45","0","1","0.00","0.24","0.4","37.04","5","5","50.00","0","4","0.00","0","1","0.00","5","1","83.33","0","0","-","6","4","60.00","0","0","-","0.00","83.33","0.833","0","4","1","13","0.00","2","6","1","66.67"
"961","Andreas Englund","Justin Barron","NSH","3","12.95","14","7","66.67","11","5","68.75","7","5","58.33","0","0","-","0.93","0.4","70.20","7","3","70.00","4","1","80.00","0","0","-","3","2","60.00","0","0","-","6","7","46.15","0","0","-","0.00","100.00","1.000","1","4","2","6","33.33","4","6","4","50.00"
"962","Hampus Lindholm","Jordan Harris","BOS","2","12.9","12","9","57.14","9","6","60.00","3","4","42.86","0","0","-","0.29","0.32","47.51","5","4","55.56","1","3","25.00","0","0","-","4","1","80.00","0","0","-","8","5","61.54","0","0","-","0.00","100.00","1.000","1","4","0","3","100.00","2","6","0","100.00"
"963","Gustav Forsling","Ludvig Jansson","FLA","3","12.783333333333","10","17","37.04","9","12","42.86","6","7","46.15","0","1","0.00","0.44","0.5","47.19","5","6","45.45","3","0","100.00","0","0","-","2","6","25.00","0","1","0.00","6","13","31.58","0","0","-","0.00","85.71","0.857","1","2","6","1","14.29","5","2","10","33.33"
"964","William Borgen","Scott Morrow","NYR","25","12.783333333333","12","10","54.55","8","6","57.14","7","1","87.50","0","1","0.00","0.57","0.43","56.78","7","6","53.85","4","3","57.14","0","1","0.00","3","3","50.00","0","0","-","5","4","55.56","0","0","-","0.00","0.00","0.000","1","0","1","36","50.00","1","0","3","25.00"
"965","Nicolas Hague","Ryan Ufko","NSH","12","12.783333333333","8","14","36.36","7","12","36.84","4","7","36.36","0","0","-","0.48","1.7","21.89","5","9","35.71","3","6","33.33","0","0","-","2","3","40.00","0","0","-","4","7","36.36","0","0","-","0.00","100.00","1.000","0","1","0","25","-","1","3","4","20.00"
"966","Travis Hamonic","Simon Edvinsson","DET","17","12.75","11","16","40.74","9","14","39.13","7","9","43.75","0","1","0.00","0.41","0.95","29.91","5","8","38.46","1","0","100.00","0","0","-","4","8","33.33","0","1","0.00","6","8","42.86","0","0","-","0.00","88.89","0.889","0","2","3","26","0.00","1","4","5","16.67"
"967","Josh Manson","Nick Blankenburg","COL","9","12.733333333333","11","14","44.00","5","11","31.25","2","6","25.00","0","2","0.00","0.14","0.72","16.74","3","10","23.08","0","6","0.00","0","2","0.00","3","4","42.86","0","0","-","6","5","54.55","0","0","-","0.00","66.67","0.667","0","2","1","11","0.00","1","3","3","25.00"
"968","Luke Schenn","Neal Pionk","WPG","28","12.716666666667","6","20","23.08","3","15","16.67","3","9","25.00","0","1","0.00","0.15","1.17","11.06","2","12","14.29","0","5","0.00","0","0","-","2","7","22.22","0","1","0.00","3","9","25.00","0","0","-","0.00","88.89","0.889","0","1","1","48","0.00","0","3","2","0.00"
"969","Dakota Mermis","Simon Benoit","TOR","9","12.716666666667","11","12","47.83","10","8","55.56","9","3","75.00","1","0","100.00","0.85","0.51","62.53","3","7","30.00","3","1","75.00","1","0","100.00","0","6","0.00","0","0","-","8","5","61.54","0","0","-","11.11","100.00","1.111","1","1","0","27","100.00","2","1","1","66.67"
"970","Ryan Pulock","Adam Boqvist","NYI","23","12.683333333333","15","8","65.22","10","5","66.67","8","4","66.67","0","0","-","0.17","0.15","52.78","2","3","40.00","0","0","-","0","0","-","2","3","40.00","0","0","-","13","6","68.42","0","0","-","0.00","100.00","1.000","2","2","1","34","66.67","5","3","3","62.50"
"971","Jordan Oesterle","Ryan Ufko","NSH","1","12.45","8","14","36.36","5","12","29.41","4","8","33.33","0","1","0.00","0.55","0.52","51.69","7","6","53.85","3","2","60.00","0","0","-","4","4","50.00","0","1","0.00","2","7","22.22","0","0","-","0.00","87.50","0.875","2","3","0","3","100.00","2","3","1","66.67"
"972","Kris Letang","Caleb Jones","PIT","7","12.4","9","17","34.62","4","13","23.53","3","11","21.43","0","1","0.00","0.29","1.34","17.98","7","13","35.00","2","4","33.33","0","1","0.00","5","9","35.71","0","0","-","0","5","0.00","0","0","-","0.00","90.91","0.909","0","1","1","18","0.00","0","1","4","0.00"
"973","John Klingberg","Vincent Desharnais","S.J","31","12.383333333333","5","11","31.25","2","9","18.18","2","6","25.00","0","1","0.00","0.19","0.48","29.05","4","4","50.00","1","2","33.33","0","0","-","3","2","60.00","0","1","0.00","2","9","18.18","0","0","-","0.00","83.33","0.833","0","0","0","58","-","1","0","3","25.00"
"974","Ryan McDonagh","Maxwell Crozier","T.B","10","12.366666666667","10","6","62.50","8","4","66.67","4","3","57.14","1","0","100.00","0.49","0.15","76.71","4","3","57.14","0","0","-","0","0","-","4","3","57.14","0","0","-","7","4","63.64","1","0","100.00","25.00","100.00","1.250","2","0","0","29","100.00","4","0","1","80.00"
"975","Hunter McDonald","Oliver Bonk","PHI","1","12.366666666667","10","13","43.48","8","9","47.06","7","4","63.64","3","0","100.00","0.4","0.4","50.23","3","1","75.00","2","1","66.67","2","0","100.00","1","0","100.00","0","0","-","8","10","44.44","1","0","100.00","42.86","100.00","1.429","3","0","1","8","75.00","4","1","2","66.67"
"976","Evan Bouchard","Alec Regula","EDM","29","12.283333333333","10","12","45.45","7","9","43.75","6","5","54.55","1","2","33.33","0.43","0.83","34.38","5","7","41.67","2","3","40.00","1","2","33.33","3","4","42.86","0","0","-","4","4","50.00","0","0","-","16.67","60.00","0.767","0","0","0","58","-","0","0","0","-"
"977","Logan Stanley","Rasmus Dahlin","BUF","16","12.266666666667","14","9","60.87","13","6","68.42","10","5","66.67","3","1","75.00","2.03","0.42","82.96","7","4","63.64","3","1","75.00","0","0","-","4","3","57.14","1","0","100.00","5","4","55.56","1","1","50.00","30.00","80.00","1.100","0","0","1","25","0.00","0","0","3","0.00"
"978","Ronan Seeley","Joel Nystrom","CAR","1","12.116666666667","10","13","43.48","8","9","47.06","6","7","46.15","1","1","50.00","0.82","0.62","56.89","5","7","41.67","2","2","50.00","0","1","0.00","3","5","37.50","1","0","100.00","7","6","53.85","0","0","-","16.67","85.71","1.024","3","2","1","4","75.00","4","3","2","66.67"
"979","Elias Pettersson","Zeev Buium","VAN","37","12.083333333333","7","14","33.33","6","12","33.33","5","8","38.46","2","1","66.67","0.25","1.08","18.65","3","10","23.08","2","6","25.00","0","0","-","1","4","20.00","1","1","50.00","3","3","50.00","1","0","100.00","40.00","87.50","1.275","0","1","1","45","0.00","1","1","4","20.00"
"980","John Carlson","Declan Chisholm","WSH","18","12","13","13","50.00","7","10","41.18","6","6","50.00","0","0","-","0.49","0.57","46.15","6","6","50.00","3","2","60.00","0","0","-","3","4","42.86","0","0","-","5","6","45.45","0","0","-","0.00","100.00","1.000","0","0","2","30","0.00","3","0","2","60.00"
"981","Adam Pelech","Alexander Romanov","NYI","15","11.983333333333","9","5","64.29","3","5","37.50","0","4","0.00","0","0","-","0.22","0.12","64.17","4","0","100.00","0","0","-","0","0","-","4","0","100.00","0","0","-","3","6","33.33","0","0","-","-","100.00","1.00","0","1","1","33","0.00","0","1","3","0.00"
"982","Hunter Brzustewicz","Zayne Parekh","CGY","15","11.966666666667","13","10","56.52","10","9","52.63","7","6","53.85","1","0","100.00","0.57","0.37","60.26","4","4","50.00","2","1","66.67","1","0","100.00","2","3","40.00","0","0","-","9","8","52.94","0","0","-","14.29","100.00","1.143","0","0","0","37","-","1","1","2","33.33"
"983","Morgan Rielly","Dakota Mermis","TOR","10","11.933333333333","14","15","48.28","12","14","46.15","7","9","43.75","1","0","100.00","0.83","1.37","37.75","10","8","55.56","2","4","33.33","0","0","-","8","4","66.67","1","0","100.00","5","8","38.46","0","0","-","14.29","100.00","1.143","1","2","0","29","100.00","1","2","1","50.00"
"984","Esa Lindell","Vladislav Kolyachonok","DAL","11","11.933333333333","12","9","57.14","6","7","46.15","6","5","54.55","2","0","100.00","0.74","0.38","66.22","6","2","75.00","3","1","75.00","2","0","100.00","3","1","75.00","0","0","-","4","4","50.00","0","0","-","33.33","100.00","1.333","0","0","1","21","0.00","1","1","1","50.00"
"985","Charlie McAvoy","Jordan Harris","BOS","7","11.933333333333","14","8","63.64","12","6","66.67","9","3","75.00","0","0","-","0.52","0.48","52.18","5","3","62.50","1","2","33.33","0","0","-","4","1","80.00","0","0","-","6","6","50.00","0","0","-","0.00","100.00","1.000","1","0","3","15","25.00","1","1","3","25.00"
"986","Josh Manson","Jack Ahcan","COL","9","11.916666666667","20","12","62.50","13","7","65.00","9","4","69.23","0","1","0.00","0.92","0.33","73.29","9","7","56.25","3","0","100.00","0","0","-","6","7","46.15","0","1","0.00","10","5","66.67","0","0","-","0.00","75.00","0.750","1","1","0","17","100.00","5","3","1","83.33"
"987","Adam Fox","Urho Vaakanainen","NYR","24","11.916666666667","17","11","60.71","12","6","66.67","8","3","72.73","2","1","66.67","1.06","0.69","60.56","6","6","50.00","4","3","57.14","2","1","66.67","2","3","40.00","0","0","-","11","10","52.38","0","0","-","25.00","66.67","0.917","0","2","6","34","0.00","1","4","7","12.50"
"988","Jacob Moverare","Brandt Clarke","L.A","15","11.916666666667","15","12","55.56","11","8","57.89","9","5","64.29","0","0","-","0.65","0.72","47.42","6","4","60.00","2","3","40.00","0","0","-","4","1","80.00","0","0","-","10","10","50.00","0","0","-","0.00","100.00","1.000","3","1","1","17","75.00","4","2","5","44.44"
"989","Brayden McNabb","Ben Hutton","VGK","36","11.9","6","16","27.27","3","9","25.00","2","8","20.00","0","2","0.00","0.17","0.48","25.90","1","7","12.50","1","2","33.33","0","0","-","0","5","0.00","0","1","0.00","3","6","33.33","0","1","0.00","0.00","75.00","0.750","1","0","0","65","100.00","1","0","0","100.00"
"990","Kris Letang","Ilya Solovyov","PIT","8","11.866666666667","8","13","38.10","6","8","42.86","2","5","28.57","0","2","0.00","0.17","0.34","32.97","5","5","50.00","0","2","0.00","0","1","0.00","5","3","62.50","0","1","0.00","4","7","36.36","0","0","-","0.00","60.00","0.600","1","1","0","16","100.00","2","1","4","33.33"
"991","Tobias Bjornfot","Uvis Balinskis","FLA","11","11.85","7","5","58.33","6","3","66.67","4","3","57.14","0","0","-","0.2","0.11","63.29","2","2","50.00","0","0","-","0","0","-","2","2","50.00","0","0","-","3","3","50.00","0","0","-","0.00","100.00","1.000","0","2","0","25","-","0","3","0","-"
"992","Quinn Hughes","Elias Pettersson","VAN","23","11.833333333333","16","13","55.17","11","9","55.00","7","4","63.64","1","0","100.00","0.69","0.42","62.08","7","6","53.85","2","4","33.33","1","0","100.00","5","2","71.43","0","0","-","10","7","58.82","0","0","-","14.29","100.00","1.143","0","0","1","43","0.00","1","0","2","33.33"
"993","Nick Blankenburg","Sam Malinski","COL","12","11.8","17","9","65.38","13","4","76.47","7","2","77.78","0","0","-","0.93","0.33","73.70","13","6","68.42","6","1","85.71","0","0","-","7","5","58.33","0","0","-","4","1","80.00","0","0","-","0.00","100.00","1.000","0","2","0","23","-","0","2","1","0.00"
"994","Ryan McDonagh","Declan Carlile","T.B","14","11.766666666667","7","12","36.84","5","7","41.67","3","5","37.50","1","0","100.00","0.35","0.33","52.01","3","6","33.33","1","0","100.00","0","0","-","2","6","25.00","1","0","100.00","4","7","36.36","0","0","-","33.33","100.00","1.333","0","0","1","24","0.00","0","0","6","0.00"
"995","Alex Vlasic","Ethan Del Mastro","CHI","18","11.766666666667","7","11","38.89","3","8","27.27","2","5","28.57","0","1","0.00","0.13","0.5","20.19","2","7","22.22","0","1","0.00","0","0","-","2","6","25.00","0","1","0.00","4","5","44.44","0","0","-","0.00","80.00","0.800","1","2","1","25","50.00","1","3","2","33.33"
"996","Alec Regula","Ty Emberson","EDM","24","11.716666666667","2","11","15.38","2","8","20.00","2","4","33.33","0","2","0.00","0.05","0.63","7.33","1","5","16.67","0","3","0.00","0","1","0.00","1","2","33.33","0","1","0.00","0","6","0.00","0","0","-","0.00","50.00","0.500","0","0","0","62","-","0","0","1","0.00"
"997","Travis Sanheim","Egor Zamula","PHI","13","11.566666666667","18","7","72.00","11","5","68.75","8","1","88.89","1","0","100.00","0.65","0.39","62.16","10","4","71.43","1","2","33.33","0","0","-","9","2","81.82","1","0","100.00","5","3","62.50","0","0","-","12.50","100.00","1.125","2","0","0","31","100.00","3","0","0","100.00"
"998","Jake Bean","Zayne Parekh","CGY","6","11.516666666667","15","6","71.43","13","5","72.22","8","5","61.54","0","0","-","0.87","0.33","72.50","8","4","66.67","3","2","60.00","0","0","-","5","2","71.43","0","0","-","9","3","75.00","0","0","-","0.00","100.00","1.000","2","2","0","21","100.00","3","2","1","75.00"
"999","Kevin Korchinski","Sam Rinzel","CHI","9","11.516666666667","7","15","31.82","6","12","33.33","3","7","30.00","0","0","-","0.45","0.4","52.50","4","5","44.44","2","1","66.67","0","0","-","2","4","33.33","0","0","-","2","12","14.29","0","0","-","0.00","100.00","1.000","0","1","0","26","-","1","1","3","25.00"
"1000","Brayden McNabb","Rasmus Andersson","VGK","25","11.5","10","12","45.45","10","5","66.67","5","3","62.50","1","0","100.00","0.97","0.2","82.75","6","5","54.55","5","1","83.33","0","0","-","1","4","20.00","0","0","-","3","8","27.27","1","0","100.00","20.00","100.00","1.200","0","0","1","50","0.00","0","0","3","0.00"
"1001","Cameron Crotty","Jordan Spence","OTT","6","11.5","8","8","50.00","6","7","46.15","5","4","55.56","0","0","-","0.38","0.33","53.81","6","3","66.67","2","1","66.67","0","0","-","4","2","66.67","0","0","-","3","6","33.33","0","0","-","0.00","100.00","1.000","0","2","2","21","0.00","2","2","3","40.00"
"1002","Dylan DeMelo","Elias Salomonsson","WPG","32","11.466666666667","4","10","28.57","3","7","30.00","2","5","28.57","0","0","-","0.05","0.63","7.93","0","7","0.00","0","3","0.00","0","0","-","0","4","0.00","0","0","-","3","3","50.00","0","0","-","0.00","100.00","1.000","0","0","0","72","-","0","0","0","-"
"1003","Quinn Hughes","David Jiricek","MIN","12","11.283333333333","9","10","47.37","6","5","54.55","4","2","66.67","0","0","-","0.24","0.42","36.35","4","7","36.36","0","2","0.00","0","0","-","4","5","44.44","0","0","-","4","7","36.36","0","0","-","0.00","100.00","1.000","0","0","1","25","0.00","0","0","5","0.00"
"1004","Lane Hutson","David Reinbacher","MTL","2","11.25","10","12","45.45","6","9","40.00","6","8","42.86","0","1","0.00","0.54","0.77","41.35","5","7","41.67","3","4","42.86","0","1","0.00","2","3","40.00","0","0","-","9","3","75.00","0","0","-","0.00","87.50","0.875","2","0","0","8","100.00","8","0","2","80.00"
"1005","Jonas Siegenthaler","Colton White","N.J","23","11.1","5","9","35.71","4","7","36.36","3","5","37.50","0","1","0.00","0.25","0.71","26.20","3","3","50.00","2","3","40.00","0","1","0.00","1","0","100.00","0","0","-","2","7","22.22","0","0","-","0.00","80.00","0.800","0","1","1","21","0.00","1","1","2","33.33"
"1006","Jacob Trouba","Tyson Hinds","ANA","6","11.083333333333","12","9","57.14","9","6","60.00","7","2","77.78","0","0","-","0.86","0.9","48.86","6","4","60.00","3","4","42.86","0","0","-","3","0","100.00","0","0","-","4","7","36.36","0","0","-","0.00","100.00","1.000","0","1","1","23","0.00","1","3","3","25.00"
"1007","Vincent Desharnais","Timothy Liljegren","S.J","22","11.083333333333","2","17","10.53","2","10","16.67","1","8","11.11","0","2","0.00","0.26","0.55","32.37","2","5","28.57","2","1","66.67","0","1","0.00","0","4","0.00","0","0","-","0","13","0.00","0","1","0.00","0.00","75.00","0.750","0","0","0","52","-","0","0","3","0.00"
"1008","Zach Werenski","Egor Zamula","CBJ","17","11.05","9","11","45.00","6","8","42.86","4","6","40.00","0","0","-","0.21","0.44","32.49","4","4","50.00","0","1","0.00","0","0","-","4","3","57.14","0","0","-","4","4","50.00","0","0","-","0.00","100.00","1.000","0","2","1","31","0.00","1","2","2","33.33"
"1009","Mattias Ekholm","Connor Murphy","EDM","20","10.983333333333","7","7","50.00","7","6","53.85","5","5","50.00","0","1","0.00","0.4","0.48","45.31","4","3","57.14","1","2","33.33","0","1","0.00","3","1","75.00","0","0","-","3","3","50.00","0","0","-","0.00","80.00","0.800","0","0","0","42","-","0","0","0","-"
"1010","Kaiden Guhle","Adam Engstrom","MTL","1","10.966666666667","10","8","55.56","10","8","55.56","8","8","50.00","1","1","50.00","0.76","0.32","70.13","5","4","55.56","3","1","75.00","1","1","50.00","2","3","40.00","0","0","-","8","3","72.73","0","0","-","12.50","87.50","1.000","0","3","0","7","-","5","4","1","83.33"
"1011","Jake Bean","Kevin Bahl","CGY","16","10.95","4","16","20.00","3","11","21.43","2","7","22.22","0","1","0.00","0.04","0.6","6.56","1","10","9.09","0","6","0.00","0","1","0.00","1","4","20.00","0","0","-","3","9","25.00","0","0","-","0.00","85.71","0.857","0","0","1","46","0.00","0","0","4","0.00"
"1012","Mario Ferraro","Luca Cagnoni","S.J","3","10.933333333333","10","11","47.62","7","9","43.75","5","4","55.56","0","2","0.00","0.22","0.36","38.38","2","4","33.33","1","0","100.00","0","0","-","1","4","20.00","0","1","0.00","9","11","45.00","0","1","0.00","0.00","50.00","0.500","2","0","1","5","66.67","6","1","6","50.00"
"1013","Sean Durzi","Dmitri Simashev","UTA","7","10.9","9","8","52.94","8","6","57.14","6","5","54.55","0","1","0.00","0.5","0.3","62.68","5","4","55.56","1","3","25.00","0","0","-","4","1","80.00","0","0","-","2","3","40.00","0","1","0.00","0.00","80.00","0.800","1","1","0","6","100.00","1","2","0","100.00"
"1014","Tyson Hinds","Tristan Luneau","ANA","1","10.9","20","7","74.07","13","5","72.22","8","2","80.00","2","0","100.00","0.83","0.39","68.10","5","4","55.56","2","3","40.00","1","0","100.00","3","1","75.00","0","0","-","16","3","84.21","1","0","100.00","25.00","100.00","1.250","2","2","2","6","50.00","5","5","3","62.50"
"1015","Rasmus Andersson","Brayden Pachal","CGY","24","10.85","11","13","45.83","6","11","35.29","4","7","36.36","1","1","50.00","0.26","0.64","29.18","1","6","14.29","1","2","33.33","0","0","-","0","4","0.00","0","0","-","10","9","52.63","1","1","50.00","25.00","85.71","1.107","0","1","0","40","-","2","1","3","40.00"
"1016","Abram Wiebe","Zayne Parekh","CGY","4","10.8","8","10","44.44","7","9","43.75","6","7","46.15","0","0","-","0.24","0.45","35.21","2","7","22.22","1","2","33.33","0","0","-","1","5","16.67","0","0","-","3","3","50.00","0","0","-","0.00","100.00","1.000","5","1","0","11","100.00","7","2","0","100.00"
"1017","Arber Xhekaj","David Reinbacher","MTL","2","10.766666666667","8","5","61.54","4","4","50.00","2","3","40.00","1","0","100.00","0.11","0.12","47.75","2","1","66.67","1","0","100.00","0","0","-","1","1","50.00","1","0","100.00","6","4","60.00","0","0","-","50.00","100.00","1.500","0","2","1","6","0.00","1","5","1","50.00"
"1018","Dylan McIlrath","Jakob Chychrun","WSH","12","10.733333333333","7","12","36.84","7","8","46.67","4","7","36.36","0","0","-","0.5","0.3","62.31","4","4","50.00","2","1","66.67","0","0","-","2","3","40.00","0","0","-","3","8","27.27","0","0","-","0.00","100.00","1.000","1","1","0","22","100.00","1","2","1","50.00"
"1019","Travis Hamonic","Axel Sandin-Pellikka","DET","26","10.7","14","5","73.68","12","4","75.00","8","4","66.67","0","0","-","0.68","0.19","78.24","3","4","42.86","1","1","50.00","0","0","-","2","3","40.00","0","0","-","11","2","84.62","0","0","-","0.00","100.00","1.000","0","2","0","48","-","2","2","2","50.00"
"1020","Filip Hronek","Victor Mancini","VAN","24","10.483333333333","6","9","40.00","3","8","27.27","1","8","11.11","0","0","-","0.09","0.46","15.96","0","4","0.00","0","2","0.00","0","0","-","0","2","0.00","0","0","-","7","6","53.85","0","0","-","0.00","100.00","1.000","0","0","1","32","0.00","2","0","4","33.33"
"1021","Emil Martinsen Lilleberg","Declan Carlile","T.B","15","10.45","13","3","81.25","8","3","72.73","6","2","75.00","2","0","100.00","0.44","0.07","86.77","5","0","100.00","2","0","100.00","1","0","100.00","3","0","100.00","0","0","-","7","3","70.00","1","0","100.00","33.33","100.00","1.333","1","0","0","25","100.00","2","0","0","100.00"
"1022","Urho Vaakanainen","Vincent Iorio","NYR","1","10.4","9","18","33.33","7","14","33.33","7","12","36.84","0","0","-","0.56","0.81","41.01","7","9","43.75","4","5","44.44","0","0","-","3","4","42.86","0","0","-","2","13","13.33","0","0","-","0.00","100.00","1.000","1","1","3","4","25.00","1","1","7","12.50"
"1023","Haydn Fleury","Ville Heinola","WPG","2","10.35","8","7","53.33","7","6","53.85","6","4","60.00","0","1","0.00","0.32","0.54","37.35","4","4","50.00","0","2","0.00","0","1","0.00","4","2","66.67","0","0","-","6","3","66.67","0","0","-","0.00","75.00","0.750","1","2","1","14","50.00","4","3","3","57.14"
"1024","Adam Fox","Drew Fortescue","NYR","9","10.333333333333","12","13","48.00","8","10","44.44","4","6","40.00","1","0","100.00","0.4","0.51","43.98","5","4","55.56","2","0","100.00","0","0","-","3","4","42.86","1","0","100.00","7","10","41.18","0","0","-","25.00","100.00","1.250","0","3","1","9","0.00","2","5","2","50.00"
"1025","Louis Crevier","Kevin Korchinski","CHI","11","10.266666666667","5","8","38.46","3","6","33.33","3","5","37.50","0","2","0.00","0.32","0.33","48.95","4","3","57.14","1","2","33.33","0","2","0.00","3","1","75.00","0","0","-","1","8","11.11","0","0","-","0.00","60.00","0.600","0","3","2","9","0.00","3","5","4","42.86"
"1026","Simon Lundmark","Declan Carlile","T.B","1","10.25","4","5","44.44","4","4","50.00","4","3","57.14","1","0","100.00","0.1","0.08","56.95","1","1","50.00","1","0","100.00","0","0","-","0","1","0.00","0","0","-","4","3","57.14","0","0","-","25.00","100.00","1.250","1","4","0","6","100.00","4","6","2","66.67"
"1027","Zach Whitecloud","Brayden Pachal","CGY","12","10.2","1","18","5.26","1","14","6.67","1","6","14.29","0","1","0.00","0","0.94","0.07","0","10","0.00","0","3","0.00","0","1","0.00","0","7","0.00","0","0","-","1","10","9.09","0","0","-","0.00","83.33","0.833","1","1","3","17","25.00","1","1","9","10.00"
"1028","Justin Holl","Philip Broberg","STL","9","10.183333333333","7","7","50.00","5","5","50.00","4","3","57.14","1","0","100.00","0.81","0.24","77.14","4","3","57.14","1","2","33.33","0","0","-","3","1","75.00","0","0","-","3","5","37.50","1","0","100.00","25.00","100.00","1.250","0","0","1","20","0.00","1","0","2","33.33"
"1029","Vince Dunn","Josh Mahura","SEA","22","10.15","7","12","36.84","5","9","35.71","4","3","57.14","0","0","-","0.22","0.36","38.61","2","6","25.00","1","1","50.00","0","0","-","1","5","16.67","0","0","-","3","4","42.86","0","0","-","0.00","100.00","1.000","0","0","0","32","-","0","1","0","-"
"1030","Charles-Edouard D'Astous","Maxim Groshev","T.B","1","10.133333333333","8","13","38.10","5","11","31.25","5","9","35.71","1","0","100.00","0.46","0.87","34.62","4","6","40.00","1","4","20.00","1","0","100.00","3","2","60.00","0","0","-","4","13","23.53","0","0","-","20.00","100.00","1.200","1","2","3","3","25.00","2","3","9","18.18"
"1031","Jake McCabe","Dakota Mermis","TOR","11","10.05","7","11","38.89","5","9","35.71","4","7","36.36","0","1","0.00","0.41","0.86","32.39","4","6","40.00","3","4","42.86","0","1","0.00","1","2","33.33","0","0","-","2","7","22.22","0","0","-","0.00","85.71","0.857","2","1","2","8","50.00","2","1","3","40.00"
"1032","Cale Makar","Ilya Solovyov","COL","16","10.016666666667","11","5","68.75","6","3","66.67","5","3","62.50","0","0","-","0.23","0.26","46.92","5","3","62.50","1","2","33.33","0","0","-","4","1","80.00","0","0","-","5","2","71.43","0","0","-","0.00","100.00","1.000","0","2","0","21","-","0","3","0","-"
"1033","Ryan McDonagh","Victor Hedman","T.B","30","10","3","9","25.00","1","6","14.29","1","4","20.00","0","0","-","0.03","1.39","2.45","1","6","14.29","0","5","0.00","0","0","-","1","1","50.00","0","0","-","2","5","28.57","0","0","-","0.00","100.00","1.000","0","2","0","40","-","0","2","5","0.00"
"1034","Rasmus Ristolainen","Noah Juulsen","PHI","18","9.95","3","10","23.08","3","6","33.33","3","4","42.86","1","0","100.00","0.23","0.43","34.90","3","6","33.33","1","2","33.33","0","0","-","2","4","33.33","1","0","100.00","1","5","16.67","0","0","-","33.33","100.00","1.333","0","0","1","21","0.00","1","0","1","50.00"
"1035","Colton Parayko","Matthew Kessel","STL","24","9.9166666666667","7","7","50.00","4","6","40.00","4","4","50.00","1","1","50.00","0.59","0.26","69.14","4","2","66.67","2","1","66.67","1","1","50.00","2","1","66.67","0","0","-","1","6","14.29","0","0","-","25.00","75.00","1.000","0","1","0","48","-","0","3","1","0.00"
"1036","Alexandre Carrier","Adam Engstrom","MTL","11","9.8833333333333","6","6","50.00","2","5","28.57","2","3","40.00","0","1","0.00","0.07","0.36","16.88","1","1","50.00","0","0","-","0","0","-","1","1","50.00","0","0","-","8","3","72.73","0","0","-","0.00","66.67","0.667","2","1","0","20","100.00","4","2","0","100.00"
"1037","Martin Fehervary","Cole Hutson","WSH","14","9.8666666666667","9","13","40.91","8","7","53.33","4","5","44.44","2","0","100.00","0.4","0.52","43.49","7","5","58.33","0","1","0.00","0","0","-","7","4","63.64","2","0","100.00","2","7","22.22","0","0","-","50.00","100.00","1.500","0","2","1","38","0.00","0","2","1","0.00"
"1038","Marcus Pettersson","Quinn Hughes","VAN","26","9.7","15","3","83.33","12","2","85.71","6","2","75.00","1","0","100.00","0.51","0.03","94.29","7","0","100.00","2","0","100.00","0","0","-","5","0","100.00","1","0","100.00","8","2","80.00","0","0","-","16.67","100.00","1.167","0","0","0","46","-","1","0","0","100.00"
"1039","MacKenzie Weegar","Nick DeSimone","UTA","5","9.65","11","7","61.11","6","5","54.55","3","4","42.86","0","1","0.00","0.27","0.53","33.34","4","2","66.67","0","2","0.00","0","1","0.00","4","0","100.00","0","0","-","10","4","71.43","0","0","-","0.00","75.00","0.750","2","0","2","12","50.00","6","0","2","75.00"
"1040","MacKenzie Weegar","Hunter Brzustewicz","CGY","18","9.4833333333333","14","2","87.50","10","0","100.00","7","0","100.00","1","0","100.00","0.63","0","100.00","5","0","100.00","1","0","100.00","0","0","-","4","0","100.00","1","0","100.00","14","1","93.33","0","0","-","14.29","-","0.14","1","1","0","12","100.00","9","1","0","100.00"
"1041","Ben Hutton","Rasmus Andersson","VGK","13","9.4666666666667","6","12","33.33","6","8","42.86","2","3","40.00","0","0","-","0.34","0.87","28.12","3","6","33.33","2","3","40.00","0","0","-","1","3","25.00","0","0","-","3","5","37.50","0","0","-","0.00","100.00","1.000","0","2","0","19","-","0","2","1","0.00"
"1042","Luke Schenn","Colin Miller","WPG","4","9.2666666666667","9","14","39.13","5","9","35.71","3","6","33.33","0","2","0.00","0.46","0.64","41.66","5","6","45.45","1","2","33.33","0","1","0.00","4","4","50.00","0","1","0.00","4","6","40.00","0","0","-","0.00","66.67","0.667","0","2","1","11","0.00","2","2","3","40.00"
"1043","Andrew Peeke","Michael Callahan","BOS","5","9.2666666666667","10","11","47.62","7","8","46.67","6","6","50.00","0","1","0.00","0.3","1.18","20.24","5","9","35.71","1","5","16.67","0","1","0.00","4","4","50.00","0","0","-","5","3","62.50","0","0","-","0.00","83.33","0.833","0","0","1","15","0.00","0","0","3","0.00"
"1044","Christopher Tanev","Morgan Rielly","TOR","11","9.1833333333333","6","5","54.55","5","4","55.56","3","3","50.00","0","1","0.00","0.3","0.43","40.89","3","3","50.00","2","1","66.67","0","1","0.00","1","2","33.33","0","0","-","5","3","62.50","0","0","-","0.00","66.67","0.667","3","0","2","23","60.00","3","1","4","42.86"
"1045","Devon Toews","Nick Blankenburg","COL","11","9.15","5","6","45.45","2","3","40.00","2","2","50.00","1","0","100.00","0.08","0.25","24.04","1","2","33.33","0","1","0.00","0","0","-","1","1","50.00","1","0","100.00","2","7","22.22","0","0","-","50.00","100.00","1.500","0","2","2","15","0.00","1","3","4","20.00"
"1046","Jeff Petry","Quinn Hughes","MIN","7","9.0666666666667","10","12","45.45","6","6","50.00","4","3","57.14","0","0","-","1.02","0.44","69.89","7","4","63.64","4","2","66.67","0","0","-","3","2","60.00","0","0","-","2","9","18.18","0","0","-","0.00","100.00","1.000","0","0","1","16","0.00","1","1","2","33.33"
"1047","Nikita Zadorov","Jordan Harris","BOS","8","9","4","7","36.36","3","6","33.33","3","5","37.50","1","0","100.00","0.41","0.37","52.73","3","3","50.00","2","2","50.00","0","0","-","1","1","50.00","1","0","100.00","1","5","16.67","0","0","-","33.33","100.00","1.333","0","0","2","20","0.00","0","0","4","0.00"
"1048","Ryan Graves","Ryan Shea","PIT","21","8.9666666666667","8","5","61.54","5","4","55.56","2","2","50.00","1","0","100.00","0.18","0.07","73.15","4","1","80.00","1","0","100.00","0","0","-","3","1","75.00","1","0","100.00","4","3","57.14","0","0","-","50.00","100.00","1.500","0","0","1","54","0.00","1","0","1","50.00"
"1049","Dylan DeMelo","Colin Miller","WPG","18","8.9","11","10","52.38","10","7","58.82","7","6","53.85","0","0","-","0.65","0.24","73.08","6","4","60.00","2","1","66.67","0","0","-","4","3","57.14","0","0","-","4","5","44.44","0","0","-","0.00","100.00","1.000","0","1","0","33","-","0","1","0","-"
"1050","Louis Crevier","Sam Rinzel","CHI","52","8.8666666666667","11","11","50.00","10","6","62.50","6","4","60.00","0","0","-","0.6","0.59","50.58","4","6","40.00","1","3","25.00","0","0","-","3","3","50.00","0","0","-","5","4","55.56","0","0","-","0.00","100.00","1.000","0","2","1","55","0.00","0","2","1","0.00"
"1051","Travis Hamonic","Jacob Bernard-Docker","DET","9","8.85","7","15","31.82","4","10","28.57","2","6","25.00","0","0","-","0.35","0.41","45.77","3","5","37.50","2","1","66.67","0","0","-","1","4","20.00","0","0","-","5","9","35.71","0","0","-","0.00","100.00","1.000","1","1","1","12","50.00","1","1","1","50.00"
"1052","Luke Schenn","Owen Power","BUF","4","8.8","3","11","21.43","1","8","11.11","1","5","16.67","0","0","-","0.01","0.62","1.20","0","4","0.00","0","3","0.00","0","0","-","0","1","0.00","0","0","-","4","7","36.36","0","0","-","0.00","100.00","1.000","1","1","1","12","50.00","2","1","3","40.00"
"1053","Brock Faber","David Jiricek","MIN","25","8.7666666666667","2","17","10.53","1","14","6.67","0","12","0.00","0","2","0.00","0.01","1.82","0.76","0","9","0.00","0","7","0.00","0","1","0.00","0","2","0.00","0","0","-","2","7","22.22","0","1","0.00","-","83.33","0.83","0","0","0","24","-","1","0","1","50.00"
"1054","Nils Lundkvist","Vladislav Kolyachonok","DAL","1","8.7166666666667","8","6","57.14","6","5","54.55","2","2","50.00","0","0","-","0.66","0.12","84.26","4","2","66.67","4","0","100.00","0","0","-","0","2","0.00","0","0","-","4","5","44.44","0","0","-","0.00","100.00","1.000","1","1","1","8","50.00","2","1","3","40.00"
"1055","Brayden Pachal","Hunter Brzustewicz","CGY","7","8.7166666666667","4","12","25.00","3","7","30.00","1","3","25.00","0","0","-","0.18","0.46","27.98","2","8","20.00","2","0","100.00","0","0","-","0","8","0.00","0","0","-","2","5","28.57","0","0","-","0.00","100.00","1.000","1","1","1","10","50.00","2","1","4","33.33"
"1056","Brendan Smith","Damon Severson","CBJ","15","8.7","6","9","40.00","4","9","30.77","4","7","36.36","1","0","100.00","0.38","0.47","44.58","3","5","37.50","1","2","33.33","1","0","100.00","2","3","40.00","0","0","-","4","5","44.44","0","0","-","25.00","100.00","1.250","0","1","2","24","0.00","1","1","2","33.33"
"1057","Hunter Skinner","Matthew Kessel","STL","1","8.5833333333333","4","6","40.00","4","5","44.44","4","4","50.00","2","1","66.67","0.25","0.42","37.02","2","2","50.00","1","1","50.00","0","0","-","1","1","50.00","1","1","50.00","2","3","40.00","1","0","100.00","50.00","75.00","1.250","1","4","0","3","100.00","1","6","0","100.00"
"1058","Justin Faulk","Axel Sandin-Pellikka","DET","3","8.35","7","4","63.64","7","4","63.64","5","3","62.50","0","0","-","0.44","0.37","54.33","3","3","50.00","0","2","0.00","0","0","-","3","1","75.00","0","0","-","5","1","83.33","0","0","-","0.00","100.00","1.000","2","0","0","6","100.00","2","0","0","100.00"
"1059","Erik Karlsson","Caleb Jones","PIT","7","8.3166666666667","10","18","35.71","7","13","35.00","2","8","20.00","0","0","-","0.45","0.76","37.00","8","8","50.00","1","6","14.29","0","0","-","7","2","77.78","0","0","-","2","11","15.38","0","0","-","0.00","100.00","1.000","0","0","3","10","0.00","0","0","4","0.00"
"1060","Cam Fowler","Theo Lindstein","STL","17","8.3","6","4","60.00","4","4","50.00","2","3","40.00","0","0","-","0.38","0.39","49.13","4","2","66.67","1","1","50.00","0","0","-","3","1","75.00","0","0","-","2","3","40.00","0","0","-","0.00","100.00","1.000","1","1","1","34","50.00","2","2","2","50.00"
"1061","Tony DeAngelo","Isaiah George","NYI","3","8.2833333333333","8","6","57.14","5","6","45.45","4","4","50.00","1","0","100.00","0.37","0.62","37.02","4","3","57.14","2","1","66.67","1","0","100.00","2","2","50.00","0","0","-","5","4","55.56","0","0","-","25.00","100.00","1.250","1","0","1","11","50.00","2","2","3","40.00"
"1062","Egor Zamula","Denton Mateychuk","CBJ","15","8.2833333333333","8","10","44.44","6","6","50.00","4","6","40.00","0","0","-","0.18","0.34","34.27","2","7","22.22","0","3","0.00","0","0","-","2","4","33.33","0","0","-","4","3","57.14","0","0","-","0.00","100.00","1.000","0","0","0","16","-","0","0","0","-"
"1063","Kris Letang","Ryan Graves","PIT","19","8.2","7","8","46.67","5","6","45.45","3","4","42.86","1","0","100.00","0.59","0.12","83.29","4","2","66.67","3","0","100.00","1","0","100.00","1","2","33.33","0","0","-","4","4","50.00","0","0","-","33.33","100.00","1.333","1","0","0","22","100.00","2","0","0","100.00"
"1064","Tyler Myers","Nils Lundkvist","DAL","13","8.2","3","12","20.00","3","7","30.00","2","5","28.57","0","1","0.00","0.22","0.48","31.85","1","7","12.50","1","1","50.00","0","0","-","0","6","0.00","0","1","0.00","2","4","33.33","0","0","-","0.00","80.00","0.800","0","0","0","14","-","0","1","0","-"
"1065","Brendan Smith","Ivan Provorov","CBJ","15","8.1666666666667","6","8","42.86","5","4","55.56","5","3","62.50","1","0","100.00","0.42","0.22","65.53","4","3","57.14","1","2","33.33","0","0","-","3","1","75.00","1","0","100.00","1","4","20.00","0","0","-","20.00","100.00","1.200","0","0","0","35","-","0","0","0","-"
"1066","Brent Burns","Keaton Middleton","COL","3","8.15","5","3","62.50","2","2","50.00","0","1","0.00","0","0","-","0.06","0.08","42.84","1","1","50.00","1","1","50.00","0","0","-","0","0","-","0","0","-","1","2","33.33","0","0","-","-","100.00","1.00","1","2","1","3","50.00","1","5","1","50.00"
"1067","Connor Murphy","Evan Bouchard","EDM","20","8.1166666666667","6","13","31.58","6","11","35.29","3","8","27.27","1","1","50.00","0.39","1.06","27.15","5","6","45.45","1","2","33.33","0","0","-","4","4","50.00","1","1","50.00","0","6","0.00","0","0","-","33.33","87.50","1.208","0","0","0","47","-","0","0","0","-"
"1068","Philip Broberg","Theo Lindstein","STL","17","8.1166666666667","8","3","72.73","6","3","66.67","3","2","60.00","1","0","100.00","0.4","0.07","84.79","6","1","85.71","2","0","100.00","1","0","100.00","4","1","80.00","0","0","-","2","1","66.67","0","0","-","33.33","100.00","1.333","0","0","0","20","-","0","0","0","-"
"1069","Justin Barron","Ryan Ufko","NSH","15","8.1","3","6","33.33","1","3","25.00","0","3","0.00","0","2","0.00","0.01","0.13","5.46","1","2","33.33","0","1","0.00","0","1","0.00","1","1","50.00","0","0","-","2","3","40.00","0","1","0.00","-","33.33","0.33","1","0","0","21","100.00","1","0","0","100.00"
"1070","Matthew Benning","Simon Benoit","TOR","1","8.05","7","7","50.00","5","4","55.56","4","3","57.14","0","0","-","0.76","0.12","86.05","4","3","57.14","3","1","75.00","0","0","-","1","2","33.33","0","0","-","3","5","37.50","0","0","-","0.00","100.00","1.000","0","3","2","10","0.00","0","3","4","0.00"
"1071","Kris Letang","Owen Pickering","PIT","4","7.9833333333333","7","5","58.33","6","3","66.67","6","3","66.67","1","1","50.00","0.25","0.15","63.55","4","2","66.67","1","1","50.00","1","1","50.00","3","1","75.00","0","0","-","3","5","37.50","0","0","-","16.67","66.67","0.833","0","1","3","7","0.00","0","2","5","0.00"
"1072","MacKenzie Weegar","Brayden Pachal","CGY","27","7.9833333333333","9","10","47.37","6","6","50.00","5","3","62.50","0","0","-","0.39","0.53","42.47","5","6","45.45","3","1","75.00","0","0","-","2","5","28.57","0","0","-","3","4","42.86","0","0","-","0.00","100.00","1.000","1","0","0","35","100.00","1","0","1","50.00"
"1073","Jonas Siegenthaler","Dennis Cholowski","N.J","17","7.9666666666667","6","9","40.00","5","7","41.67","3","3","50.00","1","0","100.00","0.53","0.24","69.04","5","3","62.50","2","1","66.67","0","0","-","3","2","60.00","0","0","-","1","6","14.29","1","0","100.00","33.33","100.00","1.333","1","0","0","33","100.00","1","0","0","100.00"
"1074","Neal Pionk","Elias Salomonsson","WPG","9","7.95","2","4","33.33","2","4","33.33","1","3","25.00","0","2","0.00","0.08","0.24","24.77","1","1","50.00","0","0","-","0","0","-","1","1","50.00","0","0","-","1","4","20.00","0","2","0.00","0.00","33.33","0.333","0","0","1","24","0.00","0","0","1","0.00"
"1075","Victor Hedman","Steven Santini","T.B","1","7.9333333333333","4","5","44.44","1","4","20.00","1","3","25.00","1","1","50.00","0.05","0.16","23.56","1","3","25.00","0","0","-","0","0","-","1","3","25.00","1","0","100.00","1","3","25.00","0","1","0.00","100.00","66.67","1.667","1","5","2","3","33.33","1","6","2","33.33"
"1076","Parker Wotherspoon","Harrison Brunicke","PIT","9","7.9333333333333","11","5","68.75","5","4","55.56","4","3","57.14","0","0","-","0.51","0.23","69.34","6","2","75.00","3","2","60.00","0","0","-","3","0","100.00","0","0","-","2","3","40.00","0","0","-","0.00","100.00","1.000","0","1","0","18","-","0","1","1","0.00"
"1077","Dougie Hamilton","Colton White","N.J","19","7.9166666666667","7","10","41.18","3","6","33.33","3","5","37.50","0","0","-","0.16","0.34","31.70","5","4","55.56","2","3","40.00","0","0","-","3","1","75.00","0","0","-","2","7","22.22","0","0","-","0.00","100.00","1.000","0","0","2","29","0.00","1","0","4","20.00"
"1078","Jackson LaCombe","Pavel Mintyukov","ANA","73","7.8666666666667","5","5","50.00","3","5","37.50","1","4","20.00","0","2","0.00","0.24","1.2","16.45","3","4","42.86","3","0","100.00","0","0","-","0","4","0.00","0","2","0.00","1","2","33.33","0","0","-","0.00","50.00","0.500","0","0","1","51","0.00","0","0","2","0.00"
"1079","Connor Murphy","Louis Crevier","CHI","57","7.85","2","4","33.33","2","4","33.33","0","1","0.00","0","0","-","0.11","0.47","18.47","2","2","50.00","0","2","0.00","0","0","-","2","0","100.00","0","0","-","0","4","0.00","0","0","-","-","100.00","1.00","0","0","2","82","0.00","0","0","3","0.00"
"1080","Colin Miller","Ville Heinola","WPG","2","7.8333333333333","7","7","50.00","5","7","41.67","3","4","42.86","0","0","-","0.28","0.43","39.33","3","3","50.00","1","3","25.00","0","0","-","2","0","100.00","0","0","-","4","6","40.00","0","0","-","0.00","100.00","1.000","1","4","2","6","33.33","1","5","3","25.00"
"1081","Ryan Shea","Samuel Girard","PIT","18","7.8166666666667","7","8","46.67","6","8","42.86","6","6","50.00","3","1","75.00","0.7","0.41","63.06","5","4","55.56","2","1","66.67","1","0","100.00","3","3","50.00","1","1","50.00","5","5","50.00","1","0","100.00","50.00","83.33","1.333","3","1","1","18","75.00","4","3","1","80.00"
"1082","John Carlson","Drew Helleson","ANA","7","7.8","10","2","83.33","7","1","87.50","4","1","80.00","0","0","-","0.33","0.04","89.96","3","2","60.00","2","1","66.67","0","0","-","1","1","50.00","0","0","-","10","0","100.00","0","0","-","0.00","100.00","1.000","3","1","0","8","100.00","8","1","0","100.00"
"1083","Dylan Samberg","Ville Heinola","WPG","5","7.7166666666667","12","4","75.00","10","3","76.92","2","2","50.00","0","0","-","0.93","0.13","87.44","5","1","83.33","2","1","66.67","0","0","-","3","0","100.00","0","0","-","9","1","90.00","0","0","-","0.00","100.00","1.000","1","3","0","8","100.00","4","3","0","100.00"
"1084","Erik Karlsson","Ryan Graves","PIT","18","7.7","8","11","42.11","8","8","50.00","6","5","54.55","0","0","-","0.23","1.14","16.56","4","4","50.00","0","4","0.00","0","0","-","4","0","100.00","0","0","-","4","9","30.77","0","0","-","0.00","100.00","1.000","0","0","1","22","0.00","1","0","3","25.00"
"1085","Erik Karlsson","Harrison Brunicke","PIT","9","7.6833333333333","2","6","25.00","2","1","66.67","1","0","100.00","0","0","-","0.1","0.01","90.73","1","2","33.33","1","0","100.00","0","0","-","0","2","0.00","0","0","-","2","3","40.00","0","0","-","0.00","-","0.00","0","0","0","16","-","2","1","0","100.00"
"1086","Justin Faulk","Moritz Seider","DET","17","7.6166666666667","5","8","38.46","5","6","45.45","4","4","50.00","0","1","0.00","0.41","0.15","72.85","2","3","40.00","1","0","100.00","0","0","-","1","3","25.00","0","1","0.00","3","5","37.50","0","0","-","0.00","75.00","0.750","0","0","0","41","-","0","0","0","-"
"1087","Carson Lambos","David Jiricek","MIN","1","7.6166666666667","9","7","56.25","7","3","70.00","4","3","57.14","1","0","100.00","0.39","0.11","78.42","7","3","70.00","2","0","100.00","1","0","100.00","5","3","62.50","0","0","-","3","3","50.00","0","0","-","25.00","100.00","1.250","0","2","1","4","0.00","2","2","1","66.67"
"1088","Olli Maatta","Nick DeSimone","UTA","1","7.6","5","3","62.50","3","1","75.00","3","0","100.00","0","0","-","0.3","0.01","97.82","2","1","66.67","2","0","100.00","0","0","-","0","1","0.00","0","0","-","3","4","42.86","0","0","-","0.00","-","0.00","0","2","2","5","0.00","1","3","5","16.67"
"1089","Drew Doughty","Jacob Moverare","L.A","6","7.55","9","11","45.00","5","7","41.67","3","4","42.86","0","2","0.00","0.27","0.33","44.49","4","4","50.00","3","1","75.00","0","1","0.00","1","3","25.00","0","1","0.00","4","7","36.36","0","0","-","0.00","50.00","0.500","1","0","0","3","100.00","1","4","2","33.33"
"1090","William Borgen","Vincent Iorio","NYR","6","7.55","5","8","38.46","4","5","44.44","4","3","57.14","1","0","100.00","0.47","0.38","55.76","2","7","22.22","2","1","66.67","1","0","100.00","0","6","0.00","0","0","-","4","1","80.00","0","0","-","25.00","100.00","1.250","2","1","0","10","100.00","2","1","0","100.00"
"1091","Ryan Graves","Parker Wotherspoon","PIT","20","7.5333333333333","6","8","42.86","3","6","33.33","2","4","33.33","0","0","-","0.13","0.33","28.48","2","5","28.57","1","0","100.00","0","0","-","1","5","16.67","0","0","-","4","5","44.44","0","0","-","0.00","100.00","1.000","0","0","1","30","0.00","0","0","2","0.00"
"1092","Erik Cernak","Maxim Groshev","T.B","1","7.4833333333333","4","9","30.77","4","5","44.44","2","3","40.00","0","0","-","0.17","0.52","24.06","3","3","50.00","0","2","0.00","0","0","-","3","1","75.00","0","0","-","1","5","16.67","0","0","-","0.00","100.00","1.000","0","1","4","5","0.00","0","1","4","0.00"
"1093","Justin Holl","Colton Parayko","STL","8","7.4666666666667","6","4","60.00","4","3","57.14","3","3","50.00","0","0","-","0.19","0.11","62.81","1","1","50.00","1","0","100.00","0","0","-","0","1","0.00","0","0","-","5","2","71.43","0","0","-","0.00","100.00","1.000","0","0","0","38","-","0","0","1","0.00"
"1094","Jorian Donovan","Nikolas Matinpalo","OTT","2","7.45","2","11","15.38","1","10","9.09","0","4","0.00","0","0","-","0.23","0.42","34.91","1","5","16.67","1","3","25.00","0","0","-","0","2","0.00","0","0","-","0","6","0.00","0","0","-","-","100.00","1.00","0","2","0","10","-","0","2","0","-"
"1095","Oliver Ekman-Larsson","Christopher Tanev","TOR","11","7.4166666666667","2","14","12.50","2","12","14.29","1","8","11.11","0","3","0.00","0.07","0.99","6.59","1","8","11.11","1","3","25.00","0","2","0.00","0","5","0.00","0","1","0.00","1","7","12.50","0","0","-","0.00","62.50","0.625","1","2","1","21","50.00","1","2","1","50.00"
"1096","Sean Walker","Charles-Alexis Legault","CAR","11","7.4166666666667","9","4","69.23","7","4","63.64","5","4","55.56","1","0","100.00","0.48","0.43","52.91","4","2","66.67","2","1","66.67","1","0","100.00","2","1","66.67","0","0","-","5","2","71.43","0","0","-","20.00","100.00","1.200","0","1","0","27","-","1","2","1","50.00"
"1097","Radko Gudas","Tyson Hinds","ANA","1","7.35","4","5","44.44","2","4","33.33","1","2","33.33","0","1","0.00","0.13","0.51","19.97","3","3","50.00","0","3","0.00","0","1","0.00","3","0","100.00","0","0","-","0","2","0.00","0","0","-","0.00","50.00","0.500","0","2","1","6","0.00","2","2","1","66.67"
"1098","Jacob Middleton","Matt Kiersted","MIN","3","7.3333333333333","11","8","57.89","5","6","45.45","4","5","44.44","0","2","0.00","0.37","0.69","34.54","6","6","50.00","4","3","57.14","0","2","0.00","2","3","40.00","0","0","-","4","2","66.67","0","0","-","0.00","60.00","0.600","2","0","1","9","66.67","3","4","1","75.00"
"1099","Henri Jokiharju","Jordan Harris","BOS","6","7.3","6","5","54.55","2","4","33.33","2","2","50.00","0","1","0.00","0.33","0.29","53.37","3","2","60.00","1","1","50.00","0","1","0.00","2","1","66.67","0","0","-","2","2","50.00","0","0","-","0.00","50.00","0.500","1","2","0","18","100.00","2","2","1","66.67"
"1100","Derek Forbort","Filip Hronek","VAN","2","7.1833333333333","1","9","10.00","1","6","14.29","1","4","20.00","0","0","-","0.09","0.75","10.84","1","8","11.11","0","3","0.00","0","0","-","1","5","16.67","0","0","-","0","4","0.00","0","0","-","0.00","100.00","1.000","0","0","5","6","0.00","1","1","5","16.67"
"1101","Rasmus Andersson","Hunter Brzustewicz","CGY","14","7.15","7","4","63.64","4","1","80.00","4","0","100.00","1","0","100.00","0.19","0.11","62.28","4","3","57.14","0","0","-","0","0","-","4","3","57.14","1","0","100.00","4","0","100.00","0","0","-","25.00","-","0.25","1","0","0","32","100.00","3","2","1","75.00"
"1102","Ville Heinola","Isaak Phillips","WPG","1","7.15","2","6","25.00","0","4","0.00","0","2","0.00","0","0","-","0","0.23","0.00","0","4","0.00","0","1","0.00","0","0","-","0","3","0.00","0","0","-","4","2","66.67","0","0","-","-","100.00","1.00","2","2","1","3","66.67","2","2","1","66.67"
"1103","Cale Makar","Jack Ahcan","COL","10","7.1333333333333","3","4","42.86","2","4","33.33","1","2","33.33","0","0","-","0.14","0.22","38.54","3","3","50.00","0","1","0.00","0","0","-","3","2","60.00","0","0","-","1","2","33.33","0","0","-","0.00","100.00","1.000","0","1","2","10","0.00","1","2","2","33.33"
"1104","Brent Burns","Jack Ahcan","COL","11","7","6","10","37.50","3","8","27.27","3","5","37.50","1","0","100.00","0.16","0.79","16.59","4","5","44.44","1","2","33.33","1","0","100.00","3","3","50.00","0","0","-","2","7","22.22","0","0","-","33.33","100.00","1.333","0","0","1","6","0.00","1","2","4","20.00"
"1105","Abram Wiebe","Hunter Brzustewicz","CGY","4","6.95","3","7","30.00","0","6","0.00","0","3","0.00","0","0","-","0","0.36","0.00","2","5","28.57","1","3","25.00","0","0","-","1","2","33.33","0","0","-","0","5","0.00","0","0","-","-","100.00","1.00","1","2","2","10","33.33","2","2","5","28.57"
"1106","Caleb Jones","Ryan Shea","PIT","7","6.9333333333333","3","12","20.00","3","7","30.00","3","3","50.00","0","0","-","0.11","0.52","17.70","2","3","40.00","0","2","0.00","0","0","-","2","1","66.67","0","0","-","1","8","11.11","0","0","-","0.00","100.00","1.000","0","0","2","13","0.00","0","0","5","0.00"
"1107","Carson Soucy","Adam Boqvist","NYI","8","6.8833333333333","7","8","46.67","7","6","53.85","6","5","54.55","1","1","50.00","0.68","0.74","48.15","3","6","33.33","1","4","20.00","1","1","50.00","2","2","50.00","0","0","-","6","1","85.71","0","0","-","16.67","80.00","0.967","1","0","1","10","50.00","2","0","1","66.67"
"1108","Steven Santini","Janis Moser","T.B","11","6.8833333333333","5","7","41.67","3","5","37.50","2","3","40.00","1","0","100.00","0.21","0.33","38.34","2","3","40.00","1","1","50.00","1","0","100.00","1","2","33.33","0","0","-","1","5","16.67","0","0","-","50.00","100.00","1.500","0","0","1","22","0.00","0","0","2","0.00"
"1109","Domenick Fensore","Joel Nystrom","CAR","1","6.8833333333333","3","6","33.33","2","5","28.57","2","1","66.67","0","0","-","0.03","0.31","9.39","0","3","0.00","0","2","0.00","0","0","-","0","1","0.00","0","0","-","4","3","57.14","0","0","-","0.00","100.00","1.000","3","5","0","0","100.00","3","7","0","100.00"
"1110","Logan Stanley","Isaak Phillips","WPG","2","6.8333333333333","2","6","25.00","1","5","16.67","1","3","25.00","0","0","-","0.01","0.09","13.55","1","1","50.00","0","0","-","0","0","-","1","1","50.00","0","0","-","1","7","12.50","0","0","-","0.00","100.00","1.000","0","1","2","1","0.00","0","1","3","0.00"
"1111","Darren Raddysh","Erik Cernak","T.B","53","6.8","4","6","40.00","2","5","28.57","1","5","16.67","0","2","0.00","0.11","0.51","17.05","1","5","16.67","0","3","0.00","0","2","0.00","1","2","33.33","0","0","-","3","2","60.00","0","0","-","0.00","60.00","0.600","0","0","0","97","-","0","0","1","0.00"
"1112","Louis Crevier","Artyom Levshunov","CHI","64","6.7833333333333","4","6","40.00","2","5","28.57","1","2","33.33","0","0","-","0.07","0.25","21.78","1","2","33.33","0","1","0.00","0","0","-","1","1","50.00","0","0","-","2","5","28.57","0","0","-","0.00","100.00","1.000","0","0","0","68","-","0","0","2","0.00"
"1113","Sean Walker","Domenick Fensore","CAR","1","6.7666666666667","5","10","33.33","4","5","44.44","1","5","16.67","0","0","-","0.2","0.88","18.30","3","4","42.86","1","3","25.00","0","0","-","2","1","66.67","0","0","-","3","6","33.33","0","0","-","0.00","100.00","1.000","0","2","1","4","0.00","2","4","5","28.57"
"1114","Mattias Ekholm","Alec Regula","EDM","29","6.5833333333333","5","7","41.67","3","5","37.50","2","3","40.00","0","0","-","0.04","0.67","5.28","1","5","16.67","0","2","0.00","0","0","-","1","3","25.00","0","0","-","3","2","60.00","0","0","-","0.00","100.00","1.000","0","0","0","24","-","0","0","0","-"
"1115","Nick Seeler","Adam Ginning","PHI","5","6.5666666666667","0","8","0.00","0","6","0.00","0","2","0.00","0","0","-","0","0.25","0.00","0","3","0.00","0","1","0.00","0","0","-","0","2","0.00","0","0","-","0","5","0.00","0","0","-","-","100.00","1.00","0","0","0","20","-","0","0","1","0.00"
"1116","Niko Mikkola","Tobias Bjornfot","FLA","11","6.5666666666667","10","5","66.67","5","3","62.50","2","1","66.67","1","0","100.00","0.54","0.06","90.26","4","0","100.00","1","0","100.00","1","0","100.00","3","0","100.00","0","0","-","5","6","45.45","0","0","-","50.00","100.00","1.500","1","0","0","12","100.00","1","1","2","33.33"
"1117","Kris Letang","Harrison Brunicke","PIT","9","6.5333333333333","7","6","53.85","6","4","60.00","3","4","42.86","0","0","-","0.49","0.12","79.87","4","1","80.00","2","0","100.00","0","0","-","2","1","66.67","0","0","-","4","5","44.44","0","0","-","0.00","100.00","1.000","0","1","0","18","-","1","2","0","100.00"
"1118","Justin Holl","Theo Lindstein","STL","7","6.5166666666667","12","4","75.00","8","4","66.67","7","3","70.00","0","0","-","0.81","0.37","68.53","6","2","75.00","2","2","50.00","0","0","-","4","0","100.00","0","0","-","6","2","75.00","0","0","-","0.00","100.00","1.000","0","1","0","14","-","1","1","0","100.00"
"1119","Logan Mailloux","Theo Lindstein","STL","17","6.5","4","5","44.44","4","2","66.67","2","2","50.00","0","1","0.00","0.18","0.28","39.85","2","3","40.00","1","1","50.00","0","1","0.00","1","2","33.33","0","0","-","2","2","50.00","0","0","-","0.00","50.00","0.500","0","0","0","22","-","0","0","0","-"
"1120","Dakota Mermis","Brandon Carlo","TOR","3","6.4333333333333","4","7","36.36","3","6","33.33","2","4","33.33","0","0","-","0.18","0.29","38.59","2","2","50.00","2","0","100.00","0","0","-","0","2","0.00","0","0","-","2","5","28.57","0","0","-","0.00","100.00","1.000","0","0","1","9","0.00","2","0","3","40.00"
"1121","Darren Raddysh","Maxwell Crozier","T.B","32","6.4166666666667","3","6","33.33","0","6","0.00","0","3","0.00","0","1","0.00","0","0.63","0.00","0","3","0.00","0","2","0.00","0","1","0.00","0","1","0.00","0","0","-","3","5","37.50","0","0","-","-","66.67","0.67","0","0","1","37","0.00","0","1","2","0.00"
"1122","Erik Karlsson","Ilya Solovyov","PIT","12","6.4","6","0","100.00","3","0","100.00","2","0","100.00","0","0","-","0.31","0","100.00","2","0","100.00","1","0","100.00","0","0","-","1","0","100.00","0","0","-","3","1","75.00","0","0","-","0.00","-","0.00","0","0","0","15","-","0","0","1","0.00"
"1123","Brandon Montour","Cale Fleury","SEA","8","6.3833333333333","5","3","62.50","5","1","83.33","4","0","100.00","0","0","-","0.1","0","95.72","2","1","66.67","0","0","-","0","0","-","2","1","66.67","0","0","-","2","2","50.00","0","0","-","0.00","-","0.00","0","0","1","23","0.00","0","0","2","0.00"
"1124","Tobias Bjornfot","Donovan Sebrango","FLA","8","6.3333333333333","7","3","70.00","6","2","75.00","4","2","66.67","0","0","-","0.13","0.15","47.79","0","2","0.00","0","1","0.00","0","0","-","0","1","0.00","0","0","-","5","2","71.43","0","0","-","0.00","100.00","1.000","0","0","0","28","-","0","1","2","0.00"
"1125","Kyle Capobianco","Lian Bichsel","DAL","12","6.3166666666667","5","5","50.00","3","5","37.50","3","4","42.86","0","0","-","0.31","0.13","70.91","2","2","50.00","1","0","100.00","0","0","-","1","2","33.33","0","0","-","2","4","33.33","0","0","-","0.00","100.00","1.000","1","0","0","30","100.00","1","0","1","50.00"
"1126","Kris Letang","Matt Dumba","PIT","11","6.2666666666667","8","1","88.89","5","1","83.33","4","1","80.00","0","0","-","0.33","0","99.06","4","0","100.00","2","0","100.00","0","0","-","2","0","100.00","0","0","-","2","0","100.00","0","0","-","0.00","100.00","1.000","0","0","0","14","-","0","0","1","0.00"
"1127","Aaron Ekblad","Mike Benning","FLA","10","6.2333333333333","6","2","75.00","6","2","75.00","5","2","71.43","0","0","-","0.78","0.12","86.86","5","1","83.33","3","1","75.00","0","0","-","2","0","100.00","0","0","-","3","0","100.00","0","0","-","0.00","100.00","1.000","1","1","0","14","100.00","3","1","0","100.00"
"1128","Conor Timmins","Michael Kesselring","BUF","12","6.2166666666667","2","14","12.50","2","9","18.18","2","7","22.22","0","0","-","0.06","0.99","5.71","1","8","11.11","0","3","0.00","0","0","-","1","5","16.67","0","0","-","1","3","25.00","0","0","-","0.00","100.00","1.000","0","0","0","19","-","0","0","0","-"
"1129","Colton White","Luke Hughes","N.J","23","6.1666666666667","7","10","41.18","6","9","40.00","6","7","46.15","0","2","0.00","0.22","0.64","25.42","2","7","22.22","1","4","20.00","0","2","0.00","1","3","25.00","0","0","-","5","4","55.56","0","0","-","0.00","71.43","0.714","0","1","0","39","-","0","1","1","0.00"
"1130","Matthew Robertson","Drew Fortescue","NYR","9","6.1166666666667","7","8","46.67","6","6","50.00","4","5","44.44","1","0","100.00","0.42","0.17","70.52","5","1","83.33","2","1","66.67","1","0","100.00","3","0","100.00","0","0","-","2","6","25.00","0","0","-","25.00","100.00","1.250","0","0","0","18","-","0","0","0","-"
"1131","Jalen Chatfield","Charles-Alexis Legault","CAR","7","6.0666666666667","8","4","66.67","4","3","57.14","1","3","25.00","0","0","-","0.48","0.14","77.33","5","1","83.33","3","1","75.00","0","0","-","2","0","100.00","0","0","-","2","3","40.00","0","0","-","0.00","100.00","1.000","0","1","2","12","0.00","0","1","3","0.00"
"1132","Vladislav Kolyachonok","Lian Bichsel","DAL","6","6.0166666666667","3","3","50.00","2","2","50.00","2","1","66.67","0","0","-","0.14","0.13","50.75","1","2","33.33","1","1","50.00","0","0","-","0","1","0.00","0","0","-","2","1","66.67","0","0","-","0.00","100.00","1.000","1","0","0","11","100.00","1","0","0","100.00"
"1133","Mike Benning","Marek Alscher","FLA","4","6","2","7","22.22","1","5","16.67","1","4","20.00","0","2","0.00","0.1","0.23","31.68","1","4","20.00","0","1","0.00","0","1","0.00","1","3","25.00","0","1","0.00","1","2","33.33","0","0","-","0.00","50.00","0.500","0","0","0","7","-","1","1","0","100.00"
"1134","Vladislav Gavrikov","Drew Fortescue","NYR","9","5.95","2","4","33.33","0","3","0.00","0","2","0.00","0","0","-","0","0.16","0.00","0","2","0.00","0","1","0.00","0","0","-","0","1","0.00","0","0","-","2","1","66.67","0","0","-","-","100.00","1.00","0","0","0","20","-","0","0","1","0.00"
"1135","Luke Schenn","Isaak Phillips","WPG","2","5.9","5","8","38.46","3","5","37.50","1","1","50.00","0","0","-","0.08","0.2","28.06","0","3","0.00","0","1","0.00","0","0","-","0","2","0.00","0","0","-","4","7","36.36","0","0","-","0.00","100.00","1.000","2","1","2","1","50.00","2","1","3","40.00"
"1136","Steven Santini","Emil Martinsen Lilleberg","T.B","9","5.8833333333333","5","4","55.56","4","3","57.14","4","2","66.67","0","0","-","0.07","0.11","39.88","2","1","66.67","0","0","-","0","0","-","2","1","66.67","0","0","-","2","3","40.00","0","0","-","0.00","100.00","1.000","0","1","1","10","0.00","0","2","2","0.00"
"1137","Mike Reilly","Jaccob Slavin","CAR","11","5.8166666666667","4","5","44.44","2","5","28.57","2","2","50.00","0","0","-","0.23","0.16","58.67","3","2","60.00","1","0","100.00","0","0","-","2","2","50.00","0","0","-","1","3","25.00","0","0","-","0.00","100.00","1.000","1","0","0","34","100.00","1","0","2","33.33"
"1138","Miro Heiskanen","Vladislav Kolyachonok","DAL","11","5.7333333333333","3","4","42.86","1","1","50.00","1","1","50.00","0","0","-","0.08","0.02","81.05","2","1","66.67","1","0","100.00","0","0","-","1","1","50.00","0","0","-","1","1","50.00","0","0","-","0.00","100.00","1.000","0","0","0","14","-","0","0","1","0.00"
"1139","William Borgen","Drew Fortescue","NYR","9","5.7166666666667","4","4","50.00","3","3","50.00","2","2","50.00","0","1","0.00","0.24","0.11","68.34","3","2","60.00","2","1","66.67","0","1","0.00","1","1","50.00","0","0","-","3","2","60.00","0","0","-","0.00","50.00","0.500","0","1","0","9","-","2","2","0","100.00"
"1140","John Klingberg","Vincent Iorio","S.J","11","5.7","4","6","40.00","3","5","37.50","3","3","50.00","0","0","-","0.06","0.48","11.38","0","4","0.00","0","3","0.00","0","0","-","0","1","0.00","0","0","-","3","3","50.00","0","0","-","0.00","100.00","1.000","0","0","0","27","-","0","0","2","0.00"
"1141","Connor Murphy","Spencer Stastney","EDM","5","5.6666666666667","4","1","80.00","3","1","75.00","2","0","100.00","0","0","-","0.43","0.13","76.86","2","1","66.67","2","0","100.00","0","0","-","0","1","0.00","0","0","-","1","0","100.00","0","0","-","0.00","-","0.00","0","2","0","11","-","1","2","0","100.00"
"1142","MacKenzie Weegar","Dmitri Simashev","UTA","3","5.6333333333333","3","6","33.33","2","3","40.00","0","3","0.00","0","0","-","0.12","0.13","46.92","2","3","40.00","1","1","50.00","0","0","-","1","2","33.33","0","0","-","1","3","25.00","0","0","-","-","100.00","1.00","0","2","0","8","-","0","3","1","0.00"
"1143","Cameron Crotty","Artem Zub","OTT","6","5.6333333333333","3","2","60.00","3","2","60.00","2","1","66.67","1","1","50.00","0.31","0.08","80.28","2","1","66.67","1","1","50.00","1","1","50.00","1","0","100.00","0","0","-","1","1","50.00","0","0","-","50.00","0.00","0.500","0","0","0","24","-","0","0","0","-"
"1144","Seth Jones","Mike Benning","FLA","12","5.6","2","7","22.22","1","4","20.00","0","3","0.00","0","0","-","0.04","0.87","4.33","1","5","16.67","0","3","0.00","0","0","-","1","2","33.33","0","0","-","2","1","66.67","0","0","-","-","100.00","1.00","0","0","0","14","-","1","0","0","100.00"
"1145","Luke Schenn","Bowen Byram","BUF","4","5.5666666666667","1","6","14.29","1","5","16.67","1","3","25.00","0","0","-","0","0.9","0.18","0","5","0.00","0","4","0.00","0","0","-","0","1","0.00","0","0","-","0","3","0.00","0","0","-","0.00","100.00","1.000","0","2","2","6","0.00","0","4","3","0.00"
"1146","Jake Walman","Alec Regula","EDM","8","5.5666666666667","4","6","40.00","3","3","50.00","2","3","40.00","0","0","-","0.22","0.4","34.94","2","3","40.00","1","3","25.00","0","0","-","1","0","100.00","0","0","-","2","3","40.00","0","0","-","0.00","100.00","1.000","0","2","2","7","0.00","3","2","2","60.00"
"1147","Vincent Desharnais","Vincent Iorio","S.J","6","5.5666666666667","2","8","20.00","0","8","0.00","0","6","0.00","0","0","-","0","0.6","0.00","0","4","0.00","0","3","0.00","0","0","-","0","1","0.00","0","0","-","1","5","16.67","0","0","-","-","100.00","1.00","0","1","0","13","-","0","2","1","0.00"
"1148","Jaycob Megna","Kaedan Korczak","VGK","4","5.5333333333333","6","0","100.00","5","0","100.00","2","0","100.00","0","0","-","0.47","0","100.00","4","0","100.00","2","0","100.00","0","0","-","2","0","100.00","0","0","-","1","1","50.00","0","0","-","0.00","-","0.00","0","0","1","9","0.00","0","0","1","0.00"
"1149","Jacob Moverare","Mikey Anderson","L.A","13","5.45","3","3","50.00","2","3","40.00","2","2","50.00","0","0","-","0.15","0.14","52.11","1","1","50.00","1","0","100.00","0","0","-","0","1","0.00","0","0","-","1","2","33.33","0","0","-","0.00","100.00","1.000","0","0","0","38","-","0","0","1","0.00"
"1150","Artem Zub","Carter Yakemchuk","OTT","4","5.45","4","3","57.14","4","3","57.14","2","2","50.00","2","1","66.67","0.25","0.19","57.04","3","2","60.00","0","2","0.00","0","1","0.00","3","0","100.00","2","0","100.00","2","1","66.67","0","0","-","100.00","50.00","1.500","0","0","0","9","-","1","0","0","100.00"
"1151","Brett Kulak","Troy Stecher","EDM","6","5.3666666666667","4","1","80.00","3","0","100.00","3","0","100.00","0","0","-","0.13","0","100.00","2","0","100.00","0","0","-","0","0","-","2","0","100.00","0","0","-","0","0","-","0","0","-","0.00","-","0.00","1","1","1","7","50.00","2","1","1","66.67"
"1152","Tyler Tucker","Theo Lindstein","STL","9","5.3333333333333","8","6","57.14","7","3","70.00","7","2","77.78","0","0","-","1.28","0.26","83.11","6","3","66.67","4","3","57.14","0","0","-","2","0","100.00","0","0","-","2","2","50.00","0","0","-","0.00","100.00","1.000","0","0","0","19","-","1","0","0","100.00"
"1153","Gustav Forsling","Mikulas Hovorka","FLA","3","5.3166666666667","7","7","50.00","5","5","50.00","5","3","62.50","1","1","50.00","0.32","0.24","57.30","5","3","62.50","1","1","50.00","0","1","0.00","4","2","66.67","1","0","100.00","2","3","40.00","0","0","-","20.00","66.67","0.867","0","2","0","2","-","1","2","0","100.00"
"1154","Parker Wotherspoon","Caleb Jones","PIT","7","5.3","3","5","37.50","1","3","25.00","0","3","0.00","0","0","-","0.06","0.21","21.48","2","2","50.00","0","0","-","0","0","-","2","2","50.00","0","0","-","0","3","0.00","0","0","-","-","100.00","1.00","0","0","1","15","0.00","0","0","1","0.00"
"1155","Brendan Smith","Zach Werenski","CBJ","12","5.2833333333333","7","4","63.64","2","4","33.33","2","3","40.00","0","0","-","0.15","0.2","41.46","4","3","57.14","2","1","66.67","0","0","-","2","2","50.00","0","0","-","3","3","50.00","0","0","-","0.00","100.00","1.000","0","0","1","21","0.00","0","0","2","0.00"
"1156","Dmitry Kulikov","Tobias Bjornfot","FLA","3","5.2833333333333","2","6","25.00","1","5","16.67","1","5","16.67","0","0","-","0.07","0.39","15.18","1","5","16.67","0","2","0.00","0","0","-","1","3","25.00","0","0","-","1","1","50.00","0","0","-","0.00","100.00","1.000","2","0","1","8","66.67","2","1","3","40.00"
"1157","Egor Zamula","Cam York","PHI","10","5.2833333333333","6","3","66.67","4","1","80.00","1","0","100.00","0","0","-","0.21","0.02","92.88","3","1","75.00","1","0","100.00","0","0","-","2","1","66.67","0","0","-","1","2","33.33","0","0","-","0.00","-","0.00","0","0","1","21","0.00","0","1","1","0.00"
"1158","Adam Wilsby","Ryan Ufko","NSH","10","5.2666666666667","4","4","50.00","4","1","80.00","3","1","75.00","0","0","-","0.29","0.03","90.58","4","2","66.67","0","0","-","0","0","-","4","2","66.67","0","0","-","0","1","0.00","0","0","-","0.00","100.00","1.000","0","0","0","23","-","1","0","0","100.00"
"1159","Brendan Smith","Denton Mateychuk","CBJ","15","5.25","5","3","62.50","3","1","75.00","3","1","75.00","0","0","-","0.33","0.16","66.91","4","2","66.67","1","1","50.00","0","0","-","3","1","75.00","0","0","-","0","1","0.00","0","0","-","0.00","100.00","1.000","0","0","0","17","-","0","0","1","0.00"
"1160","Joel Nystrom","Charles-Alexis Legault","CAR","8","5.1666666666667","3","5","37.50","3","3","50.00","2","3","40.00","0","1","0.00","0.3","0.12","71.28","3","3","50.00","1","0","100.00","0","0","-","2","3","40.00","0","0","-","0","1","0.00","0","1","0.00","0.00","66.67","0.667","0","3","0","13","-","0","3","1","0.00"
"1161","Olli Maatta","Abram Wiebe","CGY","4","5.1333333333333","3","11","21.43","2","9","18.18","1","6","14.29","0","0","-","0.06","1.14","4.84","1","10","9.09","0","6","0.00","0","0","-","1","4","20.00","0","0","-","1","1","50.00","0","0","-","0.00","100.00","1.000","0","0","0","11","-","0","0","1","0.00"
"1162","Erik Karlsson","Matt Dumba","PIT","11","5.05","4","5","44.44","4","4","50.00","2","2","50.00","1","0","100.00","0.2","0.1","65.99","2","2","50.00","0","0","-","0","0","-","2","2","50.00","1","0","100.00","2","2","50.00","0","0","-","50.00","100.00","1.500","0","0","1","28","0.00","1","0","1","50.00"
"1163","Mattias Ekholm","Troy Stecher","EDM","6","5.05","4","4","50.00","2","3","40.00","2","3","40.00","0","0","-","0.07","0.14","34.54","2","1","66.67","0","0","-","0","0","-","2","1","66.67","0","0","-","1","3","25.00","0","0","-","0.00","100.00","1.000","0","0","1","9","0.00","0","0","2","0.00"
"1164","Hampus Lindholm","Victor Soderstrom","BOS","8","5.05","1","1","50.00","0","0","-","0","0","-","0","0","-","0","0","-","0","0","-","0","0","-","0","0","-","0","0","-","0","0","-","2","1","66.67","0","0","-","-","-","-","1","1","2","9","33.33","1","1","2","33.33"
"1165","Dylan DeMelo","Ville Heinola","WPG","5","5","10","1","90.91","9","0","100.00","8","0","100.00","1","0","100.00","0.9","0","100.00","8","0","100.00","3","0","100.00","1","0","100.00","5","0","100.00","0","0","-","4","2","66.67","0","0","-","12.50","-","0.13","1","0","1","7","50.00","4","2","2","66.67"
"1166","Sam Rinzel","Artyom Levshunov","CHI","41","4.9833333333333","6","1","85.71","5","1","83.33","4","0","100.00","0","0","-","0.28","0.06","81.45","4","0","100.00","2","0","100.00","0","0","-","2","0","100.00","0","0","-","2","1","66.67","0","0","-","0.00","-","0.00","0","0","0","32","-","0","0","0","-"
"1167","Braden Schneider","Vincent Iorio","NYR","6","4.9333333333333","4","1","80.00","4","1","80.00","2","1","66.67","0","0","-","0.2","0.02","91.91","2","0","100.00","1","0","100.00","0","0","-","1","0","100.00","0","0","-","1","2","33.33","0","0","-","0.00","100.00","1.000","0","0","0","8","-","0","0","1","0.00"
"1168","Kirill Kudryavtsev","Zeev Buium","VAN","3","4.9333333333333","4","5","44.44","3","4","42.86","2","4","33.33","1","0","100.00","0.19","0.32","36.92","2","2","50.00","1","2","33.33","1","0","100.00","1","0","100.00","0","0","-","3","3","50.00","0","0","-","50.00","100.00","1.500","0","2","0","10","-","1","2","1","50.00"
"1169","Adam Fox","Scott Morrow","NYR","5","4.85","3","5","37.50","1","4","20.00","1","2","33.33","0","0","-","0.02","0.44","3.98","1","5","16.67","0","1","0.00","0","0","-","1","4","20.00","0","0","-","2","0","100.00","0","0","-","0.00","100.00","1.000","0","0","0","12","-","0","0","0","-"
"1170","Marek Alscher","Ludvig Jansson","FLA","4","4.8333333333333","5","3","62.50","4","1","80.00","3","1","75.00","0","0","-","0.36","0.01","98.09","2","2","50.00","0","0","-","0","0","-","2","2","50.00","0","0","-","3","3","50.00","0","0","-","0.00","100.00","1.000","0","1","0","9","-","2","1","2","50.00"
"1171","Mike Matheson","Adam Engstrom","MTL","11","4.8166666666667","8","1","88.89","5","0","100.00","5","0","100.00","1","0","100.00","0.19","0","100.00","2","0","100.00","1","0","100.00","0","0","-","1","0","100.00","0","0","-","6","0","100.00","1","0","100.00","20.00","-","0.20","1","0","0","17","100.00","2","0","0","100.00"
"1172","Travis Mitchell","Matthew Schaefer","NYI","9","4.8166666666667","2","7","22.22","1","5","16.67","0","2","0.00","0","0","-","0.02","0.38","5.84","1","6","14.29","0","3","0.00","0","0","-","1","3","25.00","0","0","-","1","0","100.00","0","0","-","-","100.00","1.00","0","1","0","10","-","0","1","0","-"
"1173","Tyler Myers","Miro Heiskanen","DAL","13","4.7166666666667","3","5","37.50","3","4","42.86","2","4","33.33","0","0","-","0.13","0.31","29.92","2","3","40.00","1","2","33.33","0","0","-","1","1","50.00","0","0","-","1","1","50.00","0","0","-","0.00","100.00","1.000","0","0","0","21","-","0","0","0","-"
"1174","Dennis Gilbert","Artem Zub","OTT","7","4.6666666666667","0","3","0.00","0","1","0.00","0","0","-","0","0","-","0","0.01","0.00","0","1","0.00","0","0","-","0","0","-","0","1","0.00","0","0","-","0","3","0.00","0","0","-","-","-","-","0","0","0","14","-","0","0","2","0.00"
"1175","Quinn Hughes","Matt Kiersted","MIN","3","4.65","2","4","33.33","2","1","66.67","2","1","66.67","0","0","-","0.04","0.07","32.13","0","3","0.00","0","2","0.00","0","0","-","0","1","0.00","0","0","-","1","0","100.00","0","0","-","0.00","100.00","1.000","1","0","0","8","100.00","2","0","0","100.00"
"1176","Tony DeAngelo","Cole McWard","NYI","3","4.5166666666667","5","3","62.50","4","2","66.67","4","2","66.67","1","0","100.00","0.28","0.1","73.26","2","1","66.67","1","1","50.00","0","0","-","1","0","100.00","1","0","100.00","3","1","75.00","0","0","-","25.00","100.00","1.250","0","0","0","8","-","0","0","1","0.00"
"1177","Mikhail Sergachev","Maveric Lamoureux","UTA","5","4.4833333333333","4","7","36.36","2","5","28.57","1","5","16.67","0","0","-","0.03","0.34","8.48","1","5","16.67","1","0","100.00","0","0","-","0","5","0.00","0","0","-","3","1","75.00","0","0","-","0.00","100.00","1.000","0","0","0","6","-","0","1","1","0.00"
"1178","Isaiah George","Matthew Schaefer","NYI","4","4.4833333333333","5","1","83.33","5","0","100.00","4","0","100.00","1","0","100.00","0.37","0","100.00","4","0","100.00","1","0","100.00","1","0","100.00","3","0","100.00","0","0","-","1","0","100.00","0","0","-","25.00","-","0.25","0","0","0","8","-","0","1","0","-"
"1179","Matt Dumba","Parker Wotherspoon","PIT","11","4.4","6","6","50.00","4","5","44.44","3","2","60.00","0","1","0.00","0.75","0.62","55.09","3","4","42.86","3","2","60.00","0","1","0.00","0","2","0.00","0","0","-","3","3","50.00","0","0","-","0.00","50.00","0.500","0","1","2","7","0.00","0","1","2","0.00"
"1180","Connor Murphy","Artyom Levshunov","CHI","55","4.3833333333333","2","3","40.00","2","2","50.00","2","2","50.00","1","0","100.00","0.2","0.09","69.23","2","1","66.67","1","0","100.00","0","0","-","1","1","50.00","1","0","100.00","0","2","0.00","0","0","-","50.00","100.00","1.500","0","0","1","34","-","0","0","0","-"
"1181","Troy Stecher","Marshall Rifai","TOR","1","4.35","3","10","23.08","1","7","12.50","1","4","20.00","0","0","-","0.01","0.39","1.79","2","4","33.33","1","2","33.33","0","0","-","1","2","33.33","0","0","-","0","7","0.00","0","0","-","0.00","100.00","1.000","0","0","0","1","-","0","0","1","0.00"
"1182","Sean Durzi","Maveric Lamoureux","UTA","5","4.3333333333333","2","5","28.57","2","4","33.33","0","1","0.00","0","0","-","0.05","0.13","29.59","1","2","33.33","0","0","-","0","0","-","1","2","33.33","0","0","-","1","2","33.33","0","0","-","-","100.00","1.00","0","0","0","11","-","0","0","1","0.00"
"1183","Travis Sanheim","Adam Ginning","PHI","5","4.2833333333333","2","9","18.18","2","8","20.00","2","3","40.00","1","0","100.00","0.18","0.4","31.54","2","4","33.33","0","1","0.00","0","0","-","2","3","40.00","1","0","100.00","0","8","0.00","0","0","-","50.00","100.00","1.500","0","0","2","13","0.00","0","0","3","0.00"
"1184","Jalen Chatfield","Domenick Fensore","CAR","1","4.2666666666667","1","8","11.11","0","7","0.00","0","6","0.00","0","2","0.00","0","0.59","0.00","1","5","16.67","0","4","0.00","0","2","0.00","1","1","50.00","0","0","-","1","3","25.00","0","0","-","-","66.67","0.67","1","0","1","3","50.00","1","1","1","50.00"
"1185","Andreas Englund","Nick Blankenburg","NSH","2","4.2166666666667","5","2","71.43","4","1","80.00","0","1","0.00","0","0","-","0.23","0.08","75.59","1","2","33.33","1","0","100.00","0","0","-","0","2","0.00","0","0","-","3","0","100.00","0","0","-","-","100.00","1.00","1","1","1","4","50.00","2","1","1","66.67"
"1186","Pierre-Olivier Joseph","Quinn Hughes","VAN","6","4.1666666666667","3","9","25.00","2","5","28.57","0","5","0.00","0","2","0.00","0.07","0.25","21.11","0","3","0.00","0","1","0.00","0","0","-","0","2","0.00","0","2","0.00","3","7","30.00","0","0","-","-","60.00","0.60","0","1","1","8","0.00","0","1","1","0.00"
"1187","Jacob Bryson","Ville Heinola","WPG","1","4.15","4","5","44.44","4","4","50.00","4","2","66.67","0","0","-","0.28","0.18","60.57","2","2","50.00","1","2","33.33","0","0","-","1","0","100.00","0","0","-","2","3","40.00","0","0","-","0.00","100.00","1.000","0","1","2","4","0.00","0","1","2","0.00"
"1188","Tony DeAngelo","Travis Mitchell","NYI","9","4.0666666666667","2","4","33.33","2","4","33.33","1","3","25.00","0","0","-","0.07","0.12","36.45","1","1","50.00","0","0","-","0","0","-","1","1","50.00","0","0","-","1","2","33.33","0","0","-","0.00","100.00","1.000","0","0","0","14","-","0","0","0","-"
"1189","Rasmus Andersson","Kaedan Korczak","VGK","29","4.05","6","0","100.00","2","0","100.00","1","0","100.00","0","0","-","0.19","0","100.00","2","0","100.00","1","0","100.00","0","0","-","1","0","100.00","0","0","-","3","0","100.00","0","0","-","0.00","-","0.00","0","0","0","29","-","0","0","0","-"
"1190","Timothy Liljegren","Rasmus Sandin","WSH","3","4.0333333333333","4","1","80.00","3","0","100.00","0","0","-","0","0","-","0.16","0","100.00","1","0","100.00","1","0","100.00","0","0","-","0","0","-","0","0","-","3","0","100.00","0","0","-","-","-","-","0","0","0","9","-","0","0","0","-"
"1191","Maxwell Crozier","Maxim Groshev","T.B","2","4.0333333333333","1","13","7.14","1","10","9.09","1","7","12.50","0","0","-","0","1.55","0.06","0","8","0.00","0","6","0.00","0","0","-","0","2","0.00","0","0","-","0","4","0.00","0","0","-","0.00","100.00","1.000","0","1","0","5","-","0","1","0","-"
"1192","Neal Pionk","Jacob Bryson","WPG","6","4.0166666666667","5","4","55.56","3","3","50.00","2","3","40.00","1","0","100.00","0.12","0.05","71.95","3","1","75.00","2","0","100.00","1","0","100.00","1","1","50.00","0","0","-","3","2","60.00","0","0","-","50.00","100.00","1.500","0","0","0","9","-","1","0","1","50.00"
"1193","Josh Manson","Keaton Middleton","COL","3","3.9166666666667","2","3","40.00","1","2","33.33","1","2","33.33","0","0","-","0.15","0.4","27.69","1","2","33.33","1","2","33.33","0","0","-","0","0","-","0","0","-","0","2","0.00","0","0","-","0.00","100.00","1.000","0","1","1","6","0.00","0","1","1","0.00"
"1194","Donovan Sebrango","Artem Zub","OTT","2","3.9166666666667","3","0","100.00","2","0","100.00","0","0","-","0","0","-","0.05","0","100.00","1","0","100.00","0","0","-","0","0","-","1","0","100.00","0","0","-","2","0","100.00","0","0","-","-","-","-","0","0","0","9","-","0","0","0","-"
"1195","Jordan Spence","Jorian Donovan","OTT","2","3.85","2","7","22.22","1","6","14.29","1","3","25.00","0","0","-","0.03","0.18","14.84","1","3","25.00","0","0","-","0","0","-","1","3","25.00","0","0","-","1","4","20.00","0","0","-","0.00","100.00","1.000","0","0","0","2","-","1","0","0","100.00"
"1196","Jordan Harris","Mason Lohrei","BOS","7","3.8333333333333","4","1","80.00","4","1","80.00","2","1","66.67","0","0","-","0.27","0.03","89.15","3","0","100.00","2","0","100.00","0","0","-","1","0","100.00","0","0","-","1","1","50.00","0","0","-","0.00","100.00","1.000","0","0","0","11","-","0","0","0","-"
"1197","Adam Pelech","Isaiah George","NYI","4","3.8166666666667","4","1","80.00","2","1","66.67","2","1","66.67","0","0","-","0.02","0.04","38.02","0","0","-","0","0","-","0","0","-","0","0","-","0","0","-","3","1","75.00","0","0","-","0.00","100.00","1.000","0","2","0","4","-","0","2","2","0.00"
"1198","Cale Makar","Nick Blankenburg","COL","5","3.8166666666667","7","3","70.00","4","3","57.14","0","1","0.00","0","0","-","0.69","0.12","85.62","4","1","80.00","3","1","75.00","0","0","-","1","0","100.00","0","0","-","4","2","66.67","0","0","-","-","100.00","1.00","0","0","0","7","-","1","0","0","100.00"
"1199","Justin Faulk","Jacob Bernard-Docker","DET","14","3.8","0","4","0.00","0","4","0.00","0","3","0.00","0","1","0.00","0","0.27","0.00","0","1","0.00","0","1","0.00","0","0","-","0","0","-","0","0","-","0","3","0.00","0","1","0.00","-","66.67","0.67","0","0","0","12","-","0","0","0","-"
"1200","Morgan Rielly","William Villeneuve","TOR","3","3.75","4","3","57.14","3","2","60.00","1","1","50.00","0","0","-","0.12","0.16","43.73","2","1","66.67","0","0","-","0","0","-","2","1","66.67","0","0","-","2","3","40.00","0","0","-","0.00","100.00","1.000","0","0","0","10","-","1","0","1","50.00"
"1201","Tyson Hinds","Olen Zellweger","ANA","2","3.7333333333333","2","4","33.33","2","3","40.00","2","1","66.67","0","0","-","0.32","0.13","70.89","2","1","66.67","2","0","100.00","0","0","-","0","1","0.00","0","0","-","1","4","20.00","0","0","-","0.00","100.00","1.000","0","0","1","3","0.00","1","1","1","50.00"
"1202","Kevin Korchinski","Artyom Levshunov","CHI","4","3.7333333333333","2","6","25.00","2","6","25.00","1","4","20.00","0","1","0.00","0.06","0.62","9.42","1","4","20.00","0","3","0.00","0","1","0.00","1","1","50.00","0","0","-","1","2","33.33","0","0","-","0.00","75.00","0.750","0","0","0","8","-","0","0","0","-"
"1203","Quinn Hughes","David Spacek","MIN","2","3.7","0","8","0.00","0","5","0.00","0","3","0.00","0","0","-","0","0.16","0.00","0","4","0.00","0","0","-","0","0","-","0","4","0.00","0","0","-","0","4","0.00","0","0","-","-","100.00","1.00","0","1","0","7","-","0","1","0","-"
"1204","Christopher Tanev","Brandon Carlo","TOR","8","3.6833333333333","3","2","60.00","3","1","75.00","2","1","66.67","0","0","-","0.1","0.06","63.25","1","1","50.00","0","0","-","0","0","-","1","1","50.00","0","0","-","2","1","66.67","0","0","-","0.00","100.00","1.000","0","0","0","15","-","0","0","1","0.00"
"1205","Nate Schmidt","Maveric Lamoureux","UTA","5","3.6833333333333","6","5","54.55","4","5","44.44","2","3","40.00","0","0","-","0.46","0.47","49.34","3","3","50.00","2","2","50.00","0","0","-","1","1","50.00","0","0","-","3","2","60.00","0","0","-","0.00","100.00","1.000","0","1","0","9","-","0","1","1","0.00"
"1206","Oliver Ekman-Larsson","Henry Thrun","TOR","4","3.6666666666667","4","2","66.67","3","2","60.00","2","1","66.67","0","1","0.00","0.09","0.06","59.99","1","0","100.00","0","0","-","0","0","-","1","0","100.00","0","0","-","1","3","25.00","0","1","0.00","0.00","0.00","0.000","1","0","1","9","50.00","1","0","2","33.33"
"1207","Troy Stecher","Henry Thrun","TOR","4","3.65","1","4","20.00","1","3","25.00","1","1","50.00","0","0","-","0.05","0.31","12.81","1","3","25.00","0","1","0.00","0","0","-","1","2","33.33","0","0","-","0","0","-","0","0","-","0.00","100.00","1.000","0","0","0","8","-","0","0","0","-"
"1208","Ryan Pulock","Marshall Warren","NYI","8","3.6333333333333","2","7","22.22","2","5","28.57","1","4","20.00","0","0","-","0.07","0.42","14.15","0","2","0.00","0","2","0.00","0","0","-","0","0","-","0","0","-","2","5","28.57","0","0","-","0.00","100.00","1.000","0","0","0","3","-","1","0","0","100.00"
"1209","Ville Heinola","Elias Salomonsson","WPG","3","3.6","6","1","85.71","4","1","80.00","3","0","100.00","0","0","-","0.43","0.04","92.53","5","0","100.00","3","0","100.00","0","0","-","2","0","100.00","0","0","-","4","1","80.00","0","0","-","0.00","-","0.00","2","0","0","3","100.00","5","0","0","100.00"
"1210","John Marino","Maveric Lamoureux","UTA","5","3.5833333333333","6","2","75.00","3","0","100.00","3","0","100.00","0","0","-","0.08","0","100.00","3","0","100.00","0","0","-","0","0","-","3","0","100.00","0","0","-","3","0","100.00","0","0","-","0.00","-","0.00","0","0","0","11","-","0","0","0","-"
"1211","Ryan Pulock","Travis Mitchell","NYI","9","3.5333333333333","0","5","0.00","0","2","0.00","0","0","-","0","0","-","0","0.14","0.00","0","2","0.00","0","1","0.00","0","0","-","0","1","0.00","0","0","-","0","2","0.00","0","0","-","-","-","-","0","0","0","6","-","0","0","1","0.00"
"1212","Matt Dumba","Ryan Shea","PIT","11","3.5166666666667","3","3","50.00","2","0","100.00","2","0","100.00","1","0","100.00","0.08","0","100.00","1","2","33.33","1","0","100.00","1","0","100.00","0","2","0.00","0","0","-","1","1","50.00","0","0","-","50.00","-","0.50","1","0","0","28","100.00","1","0","0","100.00"
"1213","Andreas Englund","Adam Wilsby","NSH","3","3.5166666666667","6","2","75.00","4","2","66.67","1","1","50.00","0","0","-","0.16","0.24","39.54","2","1","66.67","0","1","0.00","0","0","-","2","0","100.00","0","0","-","4","2","66.67","0","0","-","0.00","100.00","1.000","0","1","0","5","-","0","1","1","0.00"
"1214","Parker Wotherspoon","Ilya Solovyov","PIT","12","3.5","4","6","40.00","4","4","50.00","3","2","60.00","0","1","0.00","0.22","0.29","42.45","3","4","42.86","2","1","66.67","0","1","0.00","1","3","25.00","0","0","-","1","2","33.33","0","0","-","0.00","50.00","0.500","0","0","0","20","-","0","0","0","-"
"1215","Andrew Peeke","Victor Soderstrom","BOS","8","3.5","1","3","25.00","1","2","33.33","1","1","50.00","0","0","-","0.01","0.19","6.54","0","3","0.00","0","1","0.00","0","0","-","0","2","0.00","0","0","-","1","0","100.00","0","0","-","0.00","100.00","1.000","0","0","0","20","-","0","0","0","-"
"1216","Shakir Mukhamadullin","Luca Cagnoni","S.J","3","3.5","1","1","50.00","1","0","100.00","1","0","100.00","0","0","-","0.05","0","100.00","1","0","100.00","0","0","-","0","0","-","1","0","100.00","0","0","-","0","1","0.00","0","0","-","0.00","-","0.00","0","0","0","6","-","0","0","0","-"
"1217","Adam Fox","Connor Mackey","NYR","3","3.4666666666667","2","5","28.57","1","5","16.67","0","5","0.00","0","1","0.00","0.09","0.17","33.74","2","2","50.00","1","1","50.00","0","1","0.00","1","1","50.00","0","0","-","0","3","0.00","0","0","-","-","80.00","0.80","0","2","1","6","0.00","0","2","2","0.00"
"1218","Simon Lundmark","Janis Moser","T.B","1","3.4666666666667","3","7","30.00","2","4","33.33","1","3","25.00","0","0","-","0.05","0.37","12.03","1","3","25.00","0","1","0.00","0","0","-","1","2","33.33","0","0","-","2","4","33.33","0","0","-","0.00","100.00","1.000","0","0","0","6","-","0","0","1","0.00"
"1219","Daemon Hunt","Viking Gustafsson-Nyberg","MIN","2","3.3833333333333","3","2","60.00","2","1","66.67","2","1","66.67","1","1","50.00","0.24","0.15","62.06","3","2","60.00","3","0","100.00","1","0","100.00","0","2","0.00","0","1","0.00","0","1","0.00","0","0","-","50.00","0.00","0.500","0","0","0","9","-","0","0","1","0.00"
"1220","Bowen Byram","Ryan Johnson","BUF","3","3.35","2","5","28.57","2","3","40.00","1","1","50.00","0","0","-","0.1","0.14","40.71","1","2","33.33","1","1","50.00","0","0","-","0","1","0.00","0","0","-","1","3","25.00","0","0","-","0.00","100.00","1.000","0","0","0","8","-","0","0","0","-"
"1221","Jonas Brodin","David Jiricek","MIN","13","3.3333333333333","4","0","100.00","3","0","100.00","2","0","100.00","0","0","-","0.04","0","100.00","0","0","-","0","0","-","0","0","-","0","0","-","0","0","-","4","0","100.00","0","0","-","0.00","-","0.00","0","0","0","15","-","0","0","0","-"
"1222","Shea Theodore","Dylan Coghlan","VGK","1","3.3333333333333","3","4","42.86","2","3","40.00","2","3","40.00","0","0","-","0.14","0.3","32.55","2","2","50.00","1","1","50.00","0","0","-","1","1","50.00","0","0","-","1","1","50.00","0","0","-","0.00","100.00","1.000","0","0","0","3","-","0","0","1","0.00"
"1223","Devon Toews","Ilya Solovyov","COL","9","3.2666666666667","4","4","50.00","3","3","50.00","1","3","25.00","0","1","0.00","0.13","0.53","20.26","1","3","25.00","1","2","33.33","0","1","0.00","0","1","0.00","0","0","-","3","2","60.00","0","0","-","0.00","66.67","0.667","0","0","0","15","-","0","0","1","0.00"
"1224","Justin Holl","Logan Mailloux","STL","9","3.25","4","3","57.14","1","3","25.00","0","2","0.00","0","0","-","0.04","0.05","44.42","2","0","100.00","0","0","-","0","0","-","2","0","100.00","0","0","-","1","3","25.00","0","0","-","-","100.00","1.00","0","0","0","9","-","0","0","0","-"
"1225","Travis Sanheim"," ","PHI","3","3.15","4","2","66.67","4","0","100.00","2","0","100.00","1","0","100.00","0.25","0","100.00","4","1","80.00","1","1","50.00","1","0","100.00","3","0","100.00","0","0","-","0","0","-","0","0","-","50.00","-","0.50","0","0","0","4","-","0","0","0","-"
"1226","John Klingberg","Luca Cagnoni","S.J","1","3.1","1","2","33.33","1","2","33.33","1","0","100.00","1","0","100.00","0.08","0.14","36.08","1","2","33.33","0","0","-","0","0","-","1","2","33.33","1","0","100.00","0","0","-","0","0","-","100.00","-","1.00","0","0","0","3","-","0","0","1","0.00"
"1227","Dylan DeMelo","Isaak Phillips","WPG","3","3.0833333333333","2","4","33.33","2","2","50.00","2","2","50.00","0","0","-","0.04","0.08","33.24","0","1","0.00","0","0","-","0","0","-","0","1","0.00","0","0","-","2","4","33.33","0","0","-","0.00","100.00","1.000","1","0","1","4","50.00","1","0","1","50.00"
"1228","Haydn Fleury","Isaak Phillips","WPG","1","3.0833333333333","1","2","33.33","1","2","33.33","1","1","50.00","0","0","-","0.11","0.05","67.97","1","1","50.00","0","0","-","0","0","-","1","1","50.00","0","0","-","0","2","0.00","0","0","-","0.00","100.00","1.000","0","0","1","5","0.00","0","0","1","0.00"
"1229","Charles-Edouard D'Astous","Simon Lundmark","T.B","1","3.0833333333333","4","4","50.00","4","4","50.00","2","3","40.00","0","0","-","0.26","0.19","57.08","2","3","40.00","1","1","50.00","0","0","-","1","2","33.33","0","0","-","3","0","100.00","0","0","-","0.00","100.00","1.000","2","1","0","3","100.00","2","1","1","66.67"
"1230","Nikita Zadorov","Vladislav Kolyachonok","BOS","2","3.0666666666667","3","4","42.86","2","2","50.00","1","2","33.33","0","1","0.00","0.1","0.1","50.34","2","1","66.67","1","1","50.00","0","0","-","1","0","100.00","0","0","-","1","3","25.00","0","1","0.00","0.00","50.00","0.500","0","0","1","4","-","0","1","0","-"
"1231","Brock Faber","Matt Kiersted","MIN","4","3.0666666666667","1","9","10.00","1","6","14.29","0","3","0.00","0","0","-","0","0.3","1.57","0","3","0.00","0","2","0.00","0","0","-","0","1","0.00","0","0","-","1","7","12.50","0","0","-","-","100.00","1.00","0","0","1","6","0.00","0","0","1","0.00"
"1232","Brady Skjei","Andreas Englund","NSH","3","3","2","1","66.67","2","1","66.67","1","1","50.00","0","1","0.00","0.04","0.03","58.30","0","0","-","0","0","-","0","0","-","0","0","-","0","0","-","1","1","50.00","0","1","0.00","0.00","0.00","0.000","0","2","0","8","-","0","2","0","-"
"1233","Dmitry Orlov","Luca Cagnoni","S.J","3","2.9833333333333","3","2","60.00","3","2","60.00","2","2","50.00","0","0","-","0.17","0.14","55.68","2","0","100.00","1","0","100.00","0","0","-","1","0","100.00","0","0","-","2","2","50.00","0","0","-","0.00","100.00","1.000","1","0","0","7","100.00","1","0","0","100.00"
"1234","Tyler Myers","Ilya Lyubushkin","DAL","5","2.95","1","6","14.29","1","2","33.33","0","1","0.00","0","0","-","0.03","0.32","7.95","0","2","0.00","0","1","0.00","0","0","-","0","1","0.00","0","0","-","1","4","20.00","0","0","-","-","100.00","1.00","0","0","0","9","-","0","0","0","-"
"1235","Dmitry Kulikov","Uvis Balinskis","FLA","4","2.9166666666667","2","4","33.33","2","4","33.33","1","3","25.00","0","2","0.00","0.12","0.26","32.11","1","3","25.00","1","1","50.00","0","1","0.00","0","2","0.00","0","1","0.00","1","2","33.33","0","0","-","0.00","33.33","0.333","0","0","0","7","-","0","0","1","0.00"
"1236","Marshall Warren","Matthew Schaefer","NYI","8","2.9","4","2","66.67","4","2","66.67","3","2","60.00","1","0","100.00","0.12","0.03","77.61","2","0","100.00","0","0","-","0","0","-","2","0","100.00","1","0","100.00","2","2","50.00","0","0","-","33.33","100.00","1.333","0","0","0","14","-","0","0","2","0.00"
"1237","Artem Zub","Jorian Donovan","OTT","2","2.8666666666667","3","7","30.00","2","6","25.00","2","4","33.33","0","0","-","0.16","0.5","23.70","1","3","25.00","1","1","50.00","0","0","-","0","2","0.00","0","0","-","2","4","33.33","0","0","-","0.00","100.00","1.000","0","0","0","5","-","0","0","0","-"
"1238","Nikolas Matinpalo","Carter Yakemchuk","OTT","4","2.8666666666667","0","4","0.00","0","3","0.00","0","3","0.00","0","0","-","0","0.11","0.00","0","2","0.00","0","0","-","0","0","-","0","2","0.00","0","0","-","0","2","0.00","0","0","-","-","100.00","1.00","0","2","0","5","-","0","2","1","0.00"
"1239","Filip Hronek","Kirill Kudryavtsev","VAN","3","2.8333333333333","2","3","40.00","1","2","33.33","0","1","0.00","0","0","-","0.01","0.04","18.23","1","1","50.00","0","0","-","0","0","-","1","1","50.00","0","0","-","1","2","33.33","0","0","-","-","100.00","1.00","0","1","1","3","0.00","0","1","1","0.00"
"1240","Ryan Shea","Jake Livanavage","PIT","1","2.8166666666667","2","1","66.67","2","1","66.67","1","1","50.00","0","1","0.00","0.05","0.85","5.43","0","1","0.00","0","0","-","0","0","-","0","1","0.00","0","1","0.00","2","0","100.00","0","0","-","0.00","0.00","0.000","0","0","0","2","-","0","1","0","-"
"1241","Uvis Balinskis","Mikulas Hovorka","FLA","1","2.8166666666667","3","3","50.00","1","2","33.33","0","2","0.00","0","1","0.00","0.15","0.18","44.81","1","1","50.00","0","0","-","0","0","-","1","1","50.00","0","1","0.00","2","4","33.33","0","0","-","-","50.00","0.50","0","0","0","5","-","1","0","2","33.33"
"1242","Alex Vlasic","Kevin Korchinski","CHI","13","2.8","2","1","66.67","2","0","100.00","0","0","-","0","0","-","0.13","0","100.00","2","1","66.67","1","0","100.00","0","0","-","1","1","50.00","0","0","-","0","0","-","0","0","-","-","-","-","0","0","0","10","-","0","1","0","-"
"1243","Luke Schenn","Mattias Samuelsson","BUF","2","2.7666666666667","3","3","50.00","3","3","50.00","2","3","40.00","0","0","-","0.49","0.3","62.44","3","3","50.00","2","2","50.00","0","0","-","1","1","50.00","0","0","-","0","1","0.00","0","0","-","0.00","100.00","1.000","0","0","0","6","-","1","0","1","50.00"
"1244","Zach Whitecloud","Abram Wiebe","CGY","4","2.7666666666667","3","3","50.00","2","3","40.00","1","3","25.00","0","0","-","0.22","0.46","32.48","2","3","40.00","1","3","25.00","0","0","-","1","0","100.00","0","0","-","1","0","100.00","0","0","-","0.00","100.00","1.000","0","1","0","2","-","1","2","0","100.00"
"1245","Simon Benoit","William Villeneuve","TOR","3","2.7166666666667","4","4","50.00","3","3","50.00","1","2","33.33","0","0","-","0.2","0.07","73.89","3","0","100.00","0","0","-","0","0","-","3","0","100.00","0","0","-","1","4","20.00","0","0","-","0.00","100.00","1.000","0","1","0","9","-","0","1","1","0.00"
"1246","Matthew Robertson","Connor Mackey","NYR","3","2.7166666666667","0","2","0.00","0","2","0.00","0","1","0.00","0","0","-","0","0.09","0.00","0","1","0.00","0","0","-","0","0","-","0","1","0.00","0","0","-","0","0","-","0","0","-","-","100.00","1.00","0","1","0","13","-","0","1","0","-"
"1247","Ian Moore","Tristan Luneau","ANA","1","2.7","1","2","33.33","1","2","33.33","1","1","50.00","0","0","-","0.05","0.2","21.27","1","2","33.33","0","2","0.00","0","0","-","1","0","100.00","0","0","-","0","1","0.00","0","0","-","0.00","100.00","1.000","0","2","2","2","0.00","0","2","3","0.00"
"1248","Brett Pesce","Colton White","N.J","10","2.6833333333333","3","0","100.00","3","0","100.00","3","0","100.00","0","0","-","0.21","0","100.00","3","0","100.00","1","0","100.00","0","0","-","2","0","100.00","0","0","-","0","0","-","0","0","-","0.00","-","0.00","0","0","0","10","-","0","0","0","-"
"1249","Brett Kulak","Ilya Solovyov","PIT","5","2.6666666666667","2","0","100.00","2","0","100.00","1","0","100.00","1","0","100.00","0.18","0","100.00","1","0","100.00","0","0","-","0","0","-","1","0","100.00","1","0","100.00","1","0","100.00","0","0","-","100.00","-","1.00","0","1","0","0","-","0","1","0","-"
"1250","Charlie McAvoy","Victor Soderstrom","BOS","5","2.6666666666667","2","4","33.33","1","2","33.33","0","1","0.00","0","1","0.00","0.02","0.1","19.71","1","2","33.33","0","1","0.00","0","0","-","1","1","50.00","0","0","-","1","2","33.33","0","1","0.00","-","0.00","0.00","0","0","0","11","-","0","0","0","-"
"1251","Troy Stecher","Ty Emberson","EDM","6","2.6166666666667","1","1","50.00","1","1","50.00","1","1","50.00","1","0","100.00","0.04","0.07","36.25","1","1","50.00","0","0","-","0","0","-","1","1","50.00","1","0","100.00","0","0","-","0","0","-","100.00","100.00","2.000","0","1","0","11","-","0","2","0","-"
"1252","Aaron Ekblad","Tobias Bjornfot","FLA","11","2.5833333333333","4","0","100.00","4","0","100.00","4","0","100.00","0","0","-","0.12","0","100.00","2","0","100.00","0","0","-","0","0","-","2","0","100.00","0","0","-","1","0","100.00","0","0","-","0.00","-","0.00","0","0","0","20","-","1","0","0","100.00"
"1253","Nick Seeler","Oliver Bonk","PHI","1","2.4833333333333","1","4","20.00","1","2","33.33","0","2","0.00","0","1","0.00","0.05","0.21","19.70","1","2","33.33","0","1","0.00","0","1","0.00","1","1","50.00","0","0","-","0","2","0.00","0","0","-","-","50.00","0.50","0","0","0","3","-","0","0","0","-"
"1254","Josh Morrissey","Ville Heinola","WPG","2","2.4666666666667","6","1","85.71","5","1","83.33","3","0","100.00","0","0","-","0.17","0.03","83.81","3","0","100.00","0","0","-","0","0","-","3","0","100.00","0","0","-","3","1","75.00","0","0","-","0.00","-","0.00","0","0","0","4","-","0","0","0","-"
"1255","Parker Wotherspoon","Owen Pickering","PIT","4","2.4666666666667","2","4","33.33","1","4","20.00","1","3","25.00","0","0","-","0.03","0.11","18.12","0","1","0.00","0","0","-","0","0","-","0","1","0.00","0","0","-","2","3","40.00","0","0","-","0.00","100.00","1.000","0","0","0","8","-","0","0","0","-"
"1256","Jake McCabe","Marshall Rifai","TOR","1","2.45","3","1","75.00","0","0","-","0","0","-","0","0","-","0","0","-","0","0","-","0","0","-","0","0","-","0","0","-","0","0","-","3","0","100.00","0","0","-","-","-","-","1","0","0","1","100.00","1","0","0","100.00"
"1257","Steven Santini","Darren Raddysh","T.B","11","2.45","0","2","0.00","0","2","0.00","0","2","0.00","0","0","-","0","0.1","0.00","0","1","0.00","0","1","0.00","0","0","-","0","0","-","0","0","-","0","1","0.00","0","0","-","-","100.00","1.00","0","0","0","12","-","0","0","0","-"
"1258","Colin Miller","Neal Pionk","WPG","10","2.4333333333333","5","2","71.43","4","1","80.00","3","0","100.00","0","0","-","0.14","0.01","95.45","2","1","66.67","1","0","100.00","0","0","-","1","1","50.00","0","0","-","3","1","75.00","0","0","-","0.00","-","0.00","0","0","0","18","-","0","0","0","-"
"1259","Adam Pelech","Marshall Warren","NYI","8","2.4333333333333","1","2","33.33","1","2","33.33","1","2","33.33","0","0","-","0.02","0.07","25.29","1","1","50.00","0","0","-","0","0","-","1","1","50.00","0","0","-","0","1","0.00","0","0","-","0.00","100.00","1.000","0","0","0","10","-","0","0","0","-"
"1260","Vladislav Gavrikov","Connor Mackey","NYR","3","2.4166666666667","2","4","33.33","1","4","20.00","1","2","33.33","0","0","-","0.09","0.24","27.22","1","2","33.33","1","1","50.00","0","0","-","0","1","0.00","0","0","-","1","3","25.00","0","0","-","0.00","100.00","1.000","0","0","0","3","-","0","0","2","0.00"
"1261","Jaccob Slavin","Charles-Alexis Legault","CAR","1","2.3833333333333","0","0","-","0","0","-","0","0","-","0","0","-","0","0","-","0","0","-","0","0","-","0","0","-","0","0","-","0","0","-","0","0","-","0","0","-","-","-","-","0","0","0","5","-","0","0","1","0.00"
"1262","Jayden Struble","David Reinbacher","MTL","2","2.3666666666667","1","2","33.33","1","1","50.00","0","1","0.00","0","0","-","0.12","0.03","78.79","1","1","50.00","1","1","50.00","0","0","-","0","0","-","0","0","-","0","1","0.00","0","0","-","-","100.00","1.00","0","0","0","2","-","0","0","0","-"
"1263","Devon Toews","Jack Ahcan","COL","7","2.35","1","4","20.00","0","4","0.00","0","2","0.00","0","0","-","0","0.21","0.00","0","1","0.00","0","1","0.00","0","0","-","0","0","-","0","0","-","1","3","25.00","0","0","-","-","100.00","1.00","0","0","0","11","-","0","0","0","-"
"1264","Michael Callahan","Jonathan Aspirot","BOS","2","2.35","1","4","20.00","1","3","25.00","1","1","50.00","0","0","-","0.01","0.28","1.86","0","2","0.00","0","2","0.00","0","0","-","0","0","-","0","0","-","0","2","0.00","0","0","-","0.00","100.00","1.000","0","0","0","4","-","0","0","0","-"
"1265","Timothy Liljegren","Cole Hutson","WSH","1","2.2833333333333","2","5","28.57","2","2","50.00","2","0","100.00","0","0","-","0.13","0.3","29.39","2","3","40.00","0","1","0.00","0","0","-","2","2","50.00","0","0","-","1","3","25.00","0","0","-","0.00","-","0.00","0","0","0","2","-","2","0","2","50.00"
"1266","Adam Fox","Vincent Iorio","NYR","5","2.2666666666667","2","3","40.00","2","1","66.67","1","0","100.00","0","0","-","0.06","0.02","77.82","1","0","100.00","0","0","-","0","0","-","1","0","100.00","0","0","-","1","2","33.33","0","0","-","0.00","-","0.00","0","1","0","7","-","0","1","0","-"
"1267","Egor Zamula","Emil Andrae","PHI","5","2.25","3","0","100.00","3","0","100.00","3","0","100.00","1","0","100.00","0.26","0","100.00","2","0","100.00","0","0","-","0","0","-","2","0","100.00","1","0","100.00","1","0","100.00","0","0","-","33.33","-","0.33","0","0","0","3","-","0","0","0","-"
"1268","Jake Walman","Troy Stecher","EDM","2","2.2333333333333","4","3","57.14","2","2","50.00","2","2","50.00","1","1","50.00","0.18","0.24","42.85","2","2","50.00","1","1","50.00","1","0","100.00","1","1","50.00","0","1","0.00","2","1","66.67","0","0","-","50.00","50.00","1.000","0","0","0","2","-","1","0","1","50.00"
"1269","Mattias Ekholm","Riley Stillman","EDM","4","2.1833333333333","1","1","50.00","1","1","50.00","1","1","50.00","0","0","-","0.06","0.02","77.72","1","0","100.00","0","0","-","0","0","-","1","0","100.00","0","0","-","0","0","-","0","0","-","0.00","100.00","1.000","0","0","0","9","-","0","0","0","-"
"1270","Jacob Middleton","David Spacek","MIN","2","2.1833333333333","3","3","50.00","3","2","60.00","1","1","50.00","0","0","-","0.04","0.09","29.21","0","2","0.00","0","0","-","0","0","-","0","2","0.00","0","0","-","3","1","75.00","0","0","-","0.00","100.00","1.000","0","1","0","3","-","0","1","0","-"
"1271","K'Andre Miller","Charles-Alexis Legault","CAR","5","2.1333333333333","1","1","50.00","1","1","50.00","1","1","50.00","1","0","100.00","0.07","0.05","58.20","1","0","100.00","0","0","-","0","0","-","1","0","100.00","1","0","100.00","0","1","0.00","0","0","-","100.00","100.00","2.000","0","0","0","8","-","0","0","0","-"
"1272","Morgan Rielly","Matthew Benning","TOR","1","2.1166666666667","0","2","0.00","0","1","0.00","0","1","0.00","0","0","-","0","0.02","0.00","0","0","-","0","0","-","0","0","-","0","0","-","0","0","-","0","2","0.00","0","0","-","-","100.00","1.00","1","1","0","1","100.00","1","2","0","100.00"
"1273","Noah Hanifin","Dylan Coghlan","VGK","2","2.1166666666667","2","0","100.00","2","0","100.00","1","0","100.00","0","0","-","0.07","0","100.00","1","0","100.00","0","0","-","0","0","-","1","0","100.00","0","0","-","2","0","100.00","0","0","-","0.00","-","0.00","1","1","0","4","100.00","1","1","0","100.00"
"1274","Zach Bogosian","Matt Kiersted","MIN","1","2.1","0","1","0.00","0","0","-","0","0","-","0","0","-","0","0","-","0","0","-","0","0","-","0","0","-","0","0","-","0","0","-","0","0","-","0","0","-","-","-","-","0","0","0","5","-","0","1","0","-"
"1275","Andrew Peeke","Vladislav Kolyachonok","BOS","2","2.1","3","1","75.00","3","1","75.00","1","1","50.00","0","0","-","0.31","0.01","96.68","3","0","100.00","2","0","100.00","0","0","-","1","0","100.00","0","0","-","0","1","0.00","0","0","-","0.00","100.00","1.000","0","0","0","2","-","0","0","0","-"
"1276","Joel Edmundson","Jacob Moverare","L.A","15","2.0833333333333","2","0","100.00","2","0","100.00","2","0","100.00","0","0","-","0.01","0","100.00","0","0","-","0","0","-","0","0","-","0","0","-","0","0","-","0","0","-","0","0","-","0.00","-","0.00","0","0","0","15","-","0","0","0","-"
"1277","Keaton Middleton","Sam Malinski","COL","3","2.0833333333333","0","5","0.00","0","5","0.00","0","3","0.00","0","0","-","0","0.59","0.00","0","5","0.00","0","3","0.00","0","0","-","0","2","0.00","0","0","-","0","0","-","0","0","-","-","100.00","1.00","0","0","0","3","-","0","0","0","-"
"1278","Adam Pelech","Travis Mitchell","NYI","9","2.0666666666667","2","1","66.67","2","1","66.67","1","1","50.00","0","0","-","0.15","0.02","87.33","1","1","50.00","1","0","100.00","0","0","-","0","1","0.00","0","0","-","1","0","100.00","0","0","-","0.00","100.00","1.000","0","0","0","10","-","0","0","0","-"
"1279","Ryan Graves","Jack St. Ivany","PIT","3","2.0666666666667","1","1","50.00","1","1","50.00","1","1","50.00","1","0","100.00","0.15","0.03","82.46","1","0","100.00","1","0","100.00","1","0","100.00","0","0","-","0","0","-","0","3","0.00","0","0","-","100.00","100.00","2.000","0","0","2","6","0.00","0","0","2","0.00"
"1280","Erik Cernak","Maxwell Crozier","T.B","23","2.0666666666667","1","0","100.00","1","0","100.00","1","0","100.00","1","0","100.00","0.17","0","100.00","1","0","100.00","1","0","100.00","1","0","100.00","0","0","-","0","0","-","0","0","-","0","0","-","100.00","-","1.00","0","0","0","21","-","0","0","0","-"
"1281","Dylan Samberg","Isaak Phillips","WPG","3","2.05","3","0","100.00","1","0","100.00","1","0","100.00","0","0","-","0.1","0","100.00","1","0","100.00","0","0","-","0","0","-","1","0","100.00","0","0","-","2","1","66.67","0","0","-","0.00","-","0.00","1","0","1","5","50.00","2","0","1","66.67"
"1282","Jonathan Aspirot","Victor Soderstrom","BOS","3","2.05","1","3","25.00","1","1","50.00","1","1","50.00","0","0","-","0.03","0.17","13.47","0","2","0.00","0","1","0.00","0","0","-","0","1","0.00","0","0","-","1","1","50.00","0","0","-","0.00","100.00","1.000","0","0","0","9","-","0","0","1","0.00"
"1283","Jake McCabe","William Villeneuve","TOR","3","2.0333333333333","0","3","0.00","0","1","0.00","0","0","-","0","0","-","0","0.12","0.00","0","2","0.00","0","2","0.00","0","0","-","0","0","-","0","0","-","0","1","0.00","0","0","-","-","-","-","0","0","0","5","-","0","0","0","-"
"1284","Tobias Bjornfot","Marek Alscher","FLA","4","2.0333333333333","1","0","100.00","1","0","100.00","1","0","100.00","0","0","-","0.01","0","100.00","0","0","-","0","0","-","0","0","-","0","0","-","0","0","-","1","0","100.00","0","0","-","0.00","-","0.00","0","0","0","5","-","0","0","0","-"
"1285","Gustav Forsling","Marek Alscher","FLA","3","2","1","2","33.33","1","1","50.00","1","0","100.00","0","0","-","0.05","0.08","39.24","1","0","100.00","0","0","-","0","0","-","1","0","100.00","0","0","-","0","2","0.00","0","0","-","0.00","-","0.00","0","0","0","3","-","0","0","0","-"
"1286","Christopher Tanev","Simon Benoit","TOR","8","1.9833333333333","1","0","100.00","0","0","-","0","0","-","0","0","-","0","0","-","0","0","-","0","0","-","0","0","-","0","0","-","0","0","-","0","0","-","0","0","-","-","-","-","0","1","0","14","-","0","1","0","-"
"1287","Dennis Gilbert","Cameron Crotty","OTT","2","1.9333333333333","0","2","0.00","0","2","0.00","0","1","0.00","0","0","-","0","0.11","0.00","0","2","0.00","0","1","0.00","0","0","-","0","1","0.00","0","0","-","0","0","-","0","0","-","-","100.00","1.00","0","0","1","6","0.00","0","0","2","0.00"
"1288","Jeff Petry","Brock Faber","MIN","7","1.9166666666667","2","0","100.00","2","0","100.00","2","0","100.00","0","0","-","0.14","0","100.00","1","0","100.00","0","0","-","0","0","-","1","0","100.00","0","0","-","1","0","100.00","0","0","-","0.00","-","0.00","0","0","0","11","-","0","0","0","-"
"1289","Cam Fowler","Hunter Skinner","STL","1","1.9166666666667","1","3","25.00","0","2","0.00","0","1","0.00","0","0","-","0","0.07","0.00","1","2","33.33","0","1","0.00","0","0","-","1","1","50.00","0","0","-","0","1","0.00","0","0","-","-","100.00","1.00","0","0","0","0","-","0","0","0","-"
"1290","Luke Schenn","Rasmus Dahlin","BUF","3","1.9","1","3","25.00","1","3","25.00","1","1","50.00","0","0","-","0.06","0.29","17.98","1","2","33.33","0","0","-","0","0","-","1","2","33.33","0","0","-","0","1","0.00","0","0","-","0.00","100.00","1.000","0","0","1","7","0.00","0","0","2","0.00"
"1291","Lassi Thomson","Jake Sanderson","OTT","5","1.9","6","1","85.71","4","0","100.00","3","0","100.00","0","0","-","0.27","0","100.00","2","1","66.67","1","0","100.00","0","0","-","1","1","50.00","0","0","-","3","0","100.00","0","0","-","0.00","-","0.00","0","0","0","6","-","0","0","0","-"
"1292","Derek Forbort","Quinn Hughes","VAN","2","1.8666666666667","1","0","100.00","1","0","100.00","1","0","100.00","0","0","-","0.13","0","100.00","1","0","100.00","1","0","100.00","0","0","-","0","0","-","0","0","-","0","1","0.00","0","0","-","0.00","-","0.00","0","0","0","6","-","0","0","1","0.00"
"1293","Emil Andrae","David Jiricek","PHI","1","1.8666666666667","0","1","0.00","0","1","0.00","0","0","-","0","0","-","0","0.12","0.00","0","1","0.00","0","1","0.00","0","0","-","0","0","-","0","0","-","0","0","-","0","0","-","-","-","-","0","1","0","2","-","0","1","0","-"
"1294","Keaton Middleton","Cale Makar","COL","3","1.8166666666667","0","2","0.00","0","2","0.00","0","2","0.00","0","0","-","0","0.14","0.00","0","2","0.00","0","1","0.00","0","0","-","0","1","0.00","0","0","-","0","1","0.00","0","0","-","-","100.00","1.00","0","0","0","2","-","0","0","1","0.00"
"1295","Ben Chiarot","Erik Gustafsson","DET","2","1.8","2","2","50.00","2","1","66.67","1","1","50.00","0","0","-","0.08","0.27","22.48","1","2","33.33","0","1","0.00","0","0","-","1","1","50.00","0","0","-","1","0","100.00","0","0","-","0.00","100.00","1.000","0","0","0","5","-","0","0","0","-"
"1296","Connor Mackey","Braden Schneider","NYR","3","1.8","1","3","25.00","1","3","25.00","1","2","33.33","0","0","-","0.09","0.54","14.32","1","3","25.00","1","3","25.00","0","0","-","0","0","-","0","0","-","0","0","-","0","0","-","0.00","100.00","1.000","0","0","0","9","-","0","0","0","-"
"1297","Ryan McDonagh","Steven Santini","T.B","2","1.7666666666667","0","1","0.00","0","0","-","0","0","-","0","0","-","0","0","-","0","0","-","0","0","-","0","0","-","0","0","-","0","0","-","0","1","0.00","0","0","-","-","-","-","0","1","0","5","-","0","2","0","-"
"1298","Roman Josi","Andreas Englund","NSH","3","1.7333333333333","1","1","50.00","1","1","50.00","1","0","100.00","0","0","-","0.04","0.1","31.57","1","1","50.00","0","1","0.00","0","0","-","1","0","100.00","0","0","-","0","1","0.00","0","0","-","0.00","-","0.00","0","1","1","2","0.00","0","1","1","0.00"
"1299","Jeremy Lauzon","Dylan Coghlan","VGK","3","1.7166666666667","1","1","50.00","1","1","50.00","0","1","0.00","0","0","-","0.01","0.05","16.73","0","1","0.00","0","0","-","0","0","-","0","1","0.00","0","0","-","1","0","100.00","0","0","-","-","100.00","1.00","0","0","0","4","-","0","0","0","-"
"1300","Kris Letang","Jack St. Ivany","PIT","16","1.6666666666667","0","0","-","0","0","-","0","0","-","0","0","-","0","0","-","0","0","-","0","0","-","0","0","-","0","0","-","0","0","-","0","0","-","0","0","-","-","-","-","0","0","0","17","-","0","0","0","-"
"1301","Tyler Myers","Alex Petrovic","DAL","2","1.6666666666667","3","0","100.00","3","0","100.00","1","0","100.00","0","0","-","0.15","0","100.00","0","0","-","0","0","-","0","0","-","0","0","-","0","0","-","3","0","100.00","0","0","-","0.00","-","0.00","0","0","0","7","-","0","0","0","-"
"1302","Christopher Tanev","Philippe Myers","TOR","3","1.6666666666667","0","2","0.00","0","2","0.00","0","0","-","0","0","-","0","0.12","0.00","0","1","0.00","0","1","0.00","0","0","-","0","0","-","0","0","-","0","2","0.00","0","0","-","-","-","-","0","0","0","10","-","0","0","1","0.00"
"1303","Connor Murphy","Ty Emberson","EDM","15","1.65","1","1","50.00","1","1","50.00","1","0","100.00","0","0","-","0","0.04","8.55","0","0","-","0","0","-","0","0","-","0","0","-","0","0","-","0","1","0.00","0","0","-","0.00","-","0.00","0","0","0","26","-","0","0","0","-"
"1304","Connor Clifton","Jack St. Ivany","PIT","7","1.65","1","1","50.00","1","1","50.00","1","1","50.00","0","0","-","0.01","0.11","9.65","0","1","0.00","0","1","0.00","0","0","-","0","0","-","0","0","-","1","0","100.00","0","0","-","0.00","100.00","1.000","0","0","0","10","-","0","0","0","-"
"1305","Jeff Petry","Viking Gustafsson-Nyberg","MIN","2","1.6166666666667","0","4","0.00","0","3","0.00","0","1","0.00","0","0","-","0","0.19","0.00","0","1","0.00","0","0","-","0","0","-","0","1","0.00","0","0","-","0","3","0.00","0","0","-","-","100.00","1.00","0","0","0","3","-","0","0","0","-"
"1306","Jonas Siegenthaler","Seamus Casey","N.J","2","1.6166666666667","2","1","66.67","2","1","66.67","0","1","0.00","0","0","-","0.04","0.02","71.09","1","0","100.00","0","0","-","0","0","-","1","0","100.00","0","0","-","2","1","66.67","0","0","-","-","100.00","1.00","1","0","0","2","100.00","1","0","0","100.00"
"1307","Jamie Drysdale"," ","PHI","3","1.6166666666667","3","2","60.00","2","1","66.67","1","1","50.00","0","0","-","0.3","0.04","86.91","2","1","66.67","2","0","100.00","0","0","-","0","1","0.00","0","0","-","1","0","100.00","0","0","-","0.00","100.00","1.000","0","0","0","2","-","0","0","0","-"
"1308","Joel Hanley","Daniil Miromanov","CGY","1","1.6","1","2","33.33","1","2","33.33","0","1","0.00","0","0","-","0.02","0.05","25.78","0","1","0.00","0","0","-","0","0","-","0","1","0.00","0","0","-","1","2","33.33","0","0","-","-","100.00","1.00","0","1","1","2","0.00","0","1","1","0.00"
"1309","Oliver Ekman-Larsson","Marshall Rifai","TOR","1","1.5166666666667","3","3","50.00","3","3","50.00","2","2","50.00","1","0","100.00","0.18","0.14","57.34","2","2","50.00","1","1","50.00","0","0","-","1","1","50.00","1","0","100.00","1","1","50.00","0","0","-","50.00","100.00","1.500","0","0","1","2","0.00","0","0","1","0.00"
"1310","Dylan McIlrath","Cole Hutson","WSH","1","1.5166666666667","1","2","33.33","1","1","50.00","1","1","50.00","0","0","-","0.09","0.03","77.65","1","1","50.00","0","0","-","0","0","-","1","1","50.00","0","0","-","0","1","0.00","0","0","-","0.00","100.00","1.000","0","0","0","7","-","0","0","0","-"
"1311","Troy Stecher","Evan Bouchard","EDM","6","1.5166666666667","0","0","-","0","0","-","0","0","-","0","0","-","0","0","-","0","0","-","0","0","-","0","0","-","0","0","-","0","0","-","0","0","-","0","0","-","-","-","-","0","0","0","7","-","0","0","0","-"
"1312","Matt Kiersted","Carson Lambos","MIN","1","1.5","0","2","0.00","0","1","0.00","0","1","0.00","0","0","-","0","0.09","0.00","0","1","0.00","0","0","-","0","0","-","0","1","0.00","0","0","-","0","1","0.00","0","0","-","-","100.00","1.00","0","0","0","2","-","0","0","0","-"
"1313","Emil Andrae","Oliver Bonk","PHI","1","1.4666666666667","0","2","0.00","0","2","0.00","0","2","0.00","0","1","0.00","0","0.17","0.00","0","2","0.00","0","1","0.00","0","1","0.00","0","1","0.00","0","0","-","0","0","-","0","0","-","-","50.00","0.50","0","0","0","0","-","0","1","0","-"
"1314","Lassi Thomson","Tyler Kleven","OTT","4","1.45","4","1","80.00","3","0","100.00","2","0","100.00","1","0","100.00","0.11","0","100.00","1","1","50.00","0","0","-","0","0","-","1","1","50.00","1","0","100.00","2","0","100.00","0","0","-","50.00","-","0.50","1","0","0","3","100.00","1","0","0","100.00"
"1315","Nikita Zadorov","Victor Soderstrom","BOS","8","1.4166666666667","4","0","100.00","4","0","100.00","2","0","100.00","2","0","100.00","0.34","0","100.00","4","0","100.00","0","0","-","0","0","-","4","0","100.00","2","0","100.00","0","0","-","0","0","-","100.00","-","1.00","0","0","0","5","-","0","0","0","-"
"1316","Jake McCabe","Henry Thrun","TOR","4","1.3833333333333","2","0","100.00","2","0","100.00","2","0","100.00","1","0","100.00","0.13","0","100.00","1","0","100.00","1","0","100.00","1","0","100.00","0","0","-","0","0","-","1","0","100.00","0","0","-","50.00","-","0.50","0","0","0","9","-","0","0","0","-"
"1317","Erik Gustafsson","Albert Johansson","DET","2","1.3833333333333","1","1","50.00","1","0","100.00","1","0","100.00","0","0","-","0.07","0","100.00","1","0","100.00","0","0","-","0","0","-","1","0","100.00","0","0","-","0","0","-","0","0","-","0.00","-","0.00","0","0","0","5","-","0","0","0","-"
"1318","Darren Raddysh","Maxim Groshev","T.B","2","1.3833333333333","3","2","60.00","3","2","60.00","2","2","50.00","0","0","-","0.38","0.09","81.30","3","2","60.00","2","0","100.00","0","0","-","1","2","33.33","0","0","-","0","0","-","0","0","-","0.00","100.00","1.000","0","0","0","3","-","0","0","0","-"
"1319","Oliver Ekman-Larsson","Matthew Benning","TOR","1","1.3666666666667","0","2","0.00","0","0","-","0","0","-","0","0","-","0","0","-","0","1","0.00","0","0","-","0","0","-","0","1","0.00","0","0","-","0","1","0.00","0","0","-","-","-","-","0","0","0","1","-","0","0","0","-"
"1320","Jacob Middleton","Viking Gustafsson-Nyberg","MIN","2","1.3666666666667","2","1","66.67","2","0","100.00","2","0","100.00","0","0","-","0.11","0","100.00","1","0","100.00","1","0","100.00","0","0","-","0","0","-","0","0","-","2","0","100.00","0","0","-","0.00","-","0.00","0","0","0","7","-","1","0","0","100.00"
"1321","Domenick Fensore","Alexander Nikishin","CAR","1","1.3666666666667","0","0","-","0","0","-","0","0","-","0","0","-","0","0","-","0","0","-","0","0","-","0","0","-","0","0","-","0","0","-","0","0","-","0","0","-","-","-","-","0","0","0","5","-","0","0","0","-"
"1322","Trevor van Riemsdyk","Timothy Liljegren","WSH","4","1.35","2","0","100.00","1","0","100.00","0","0","-","0","0","-","0.01","0","100.00","0","0","-","0","0","-","0","0","-","0","0","-","0","0","-","3","0","100.00","0","0","-","-","-","-","0","1","0","1","-","1","1","0","100.00"
"1323","Emil Andrae"," ","PHI","3","1.35","1","2","33.33","0","1","0.00","0","1","0.00","0","0","-","0","0.04","0.00","0","1","0.00","0","0","-","0","0","-","0","1","0.00","0","0","-","0","1","0.00","0","0","-","-","100.00","1.00","0","0","0","9","-","0","0","0","-"
"1324","Emil Andrae","Hunter McDonald","PHI","1","1.35","1","1","50.00","1","1","50.00","1","1","50.00","0","0","-","0.01","0.03","15.45","0","1","0.00","0","0","-","0","0","-","0","1","0.00","0","0","-","0","0","-","0","0","-","0.00","100.00","1.000","0","0","0","3","-","0","0","0","-"
"1325","Brett Kulak","Jack Ahcan","COL","2","1.3333333333333","1","0","100.00","0","0","-","0","0","-","0","0","-","0","0","-","0","0","-","0","0","-","0","0","-","0","0","-","0","0","-","0","0","-","0","0","-","-","-","-","0","0","0","3","-","0","0","0","-"
"1326","Vladislav Gavrikov","Vincent Iorio","NYR","6","1.3333333333333","2","0","100.00","2","0","100.00","0","0","-","0","0","-","0.08","0","100.00","1","0","100.00","0","0","-","0","0","-","1","0","100.00","0","0","-","1","0","100.00","0","0","-","-","-","-","0","0","0","12","-","0","0","0","-"
"1327","Adam Ginning","Cam York","PHI","2","1.3333333333333","0","0","-","0","0","-","0","0","-","0","0","-","0","0","-","0","0","-","0","0","-","0","0","-","0","0","-","0","0","-","0","0","-","0","0","-","-","-","-","0","0","0","5","-","0","0","0","-"
"1328","Andreas Englund","Nick Perbix","NSH","3","1.3166666666667","2","1","66.67","1","1","50.00","0","0","-","0","0","-","0.27","0.01","97.54","1","0","100.00","1","0","100.00","0","0","-","0","0","-","0","0","-","1","1","50.00","0","0","-","-","-","-","0","0","0","2","-","0","1","1","0.00"
"1329","Mike Benning","Ludvig Jansson","FLA","4","1.3","0","3","0.00","0","1","0.00","0","1","0.00","0","0","-","0","0.01","0.00","0","0","-","0","0","-","0","0","-","0","0","-","0","0","-","0","3","0.00","0","0","-","-","100.00","1.00","0","0","0","5","-","0","0","0","-"
"1330","Tyler Myers","Victor Mancini","VAN","10","1.2833333333333","1","0","100.00","1","0","100.00","0","0","-","0","0","-","0.04","0","100.00","1","0","100.00","0","0","-","0","0","-","1","0","100.00","0","0","-","0","0","-","0","0","-","-","-","-","0","0","0","12","-","0","0","0","-"
"1331","Kirill Kudryavtsev","Tom Willander","VAN","3","1.2833333333333","3","0","100.00","3","0","100.00","3","0","100.00","0","0","-","0.22","0","100.00","2","0","100.00","0","0","-","0","0","-","2","0","100.00","0","0","-","0","0","-","0","0","-","0.00","-","0.00","1","0","0","3","100.00","1","0","0","100.00"
"1332","Hampus Lindholm","Vladislav Kolyachonok","BOS","2","1.2666666666667","1","2","33.33","1","0","100.00","1","0","100.00","0","0","-","0.04","0","100.00","1","1","50.00","0","1","0.00","0","0","-","1","0","100.00","0","0","-","0","1","0.00","0","0","-","0.00","-","0.00","0","0","0","4","-","0","0","0","-"
"1333","Conor Timmins","Zach Metsa","BUF","5","1.2666666666667","0","1","0.00","0","0","-","0","0","-","0","0","-","0","0","-","0","0","-","0","0","-","0","0","-","0","0","-","0","0","-","0","1","0.00","0","0","-","-","-","-","0","0","0","7","-","0","0","1","0.00"
"1334","Jaccob Slavin","Joel Nystrom","CAR","4","1.25","0","2","0.00","0","2","0.00","0","2","0.00","0","0","-","0","0.08","0.00","0","0","-","0","0","-","0","0","-","0","0","-","0","0","-","0","2","0.00","0","0","-","-","100.00","1.00","0","0","0","6","-","0","0","0","-"
"1335","Donovan Sebrango","Ludvig Jansson","FLA","4","1.25","2","0","100.00","2","0","100.00","2","0","100.00","1","0","100.00","0.07","0","100.00","1","0","100.00","0","0","-","0","0","-","1","0","100.00","1","0","100.00","1","0","100.00","0","0","-","50.00","-","0.50","0","0","0","3","-","0","0","0","-"
"1336","Dougie Hamilton","Seamus Casey","N.J","2","1.2333333333333","1","1","50.00","1","1","50.00","1","0","100.00","0","0","-","0.01","0.03","21.18","0","1","0.00","0","0","-","0","0","-","0","1","0.00","0","0","-","0","0","-","0","0","-","0.00","-","0.00","0","0","0","7","-","0","0","0","-"
"1337","Carson Soucy","Isaiah George","NYI","2","1.2333333333333","1","1","50.00","1","1","50.00","0","1","0.00","0","0","-","0.01","0.22","3.74","0","1","0.00","0","1","0.00","0","0","-","0","0","-","0","0","-","1","0","100.00","0","0","-","-","100.00","1.00","0","0","0","2","-","0","0","0","-"
"1338","Jonas Siegenthaler","Topias Vilen","N.J","2","1.2333333333333","1","0","100.00","0","0","-","0","0","-","0","0","-","0","0","-","1","0","100.00","0","0","-","0","0","-","1","0","100.00","0","0","-","0","0","-","0","0","-","-","-","-","0","0","0","2","-","0","0","0","-"
"1339","Riley Stillman","Evan Bouchard","EDM","4","1.2166666666667","0","3","0.00","0","3","0.00","0","3","0.00","0","0","-","0","0.27","0.00","0","2","0.00","0","1","0.00","0","0","-","0","1","0.00","0","0","-","0","2","0.00","0","0","-","-","100.00","1.00","0","0","1","2","0.00","1","0","1","50.00"
"1340","Shayne Gostisbehere","Charles-Alexis Legault","CAR","3","1.2","0","1","0.00","0","1","0.00","0","1","0.00","0","0","-","0","0.02","0.00","0","0","-","0","0","-","0","0","-","0","0","-","0","0","-","0","1","0.00","0","0","-","-","100.00","1.00","0","0","0","9","-","0","0","0","-"
"1341","Brandon Carlo","Marshall Rifai","TOR","1","1.2","1","1","50.00","1","1","50.00","1","1","50.00","0","0","-","0.02","0","78.89","0","0","-","0","0","-","0","0","-","0","0","-","0","0","-","1","1","50.00","0","0","-","0.00","100.00","1.000","0","0","0","2","-","0","0","0","-"
"1342","Thomas Chabot","Lassi Thomson","OTT","3","1.2","0","1","0.00","0","0","-","0","0","-","0","0","-","0","0","-","0","0","-","0","0","-","0","0","-","0","0","-","0","0","-","0","0","-","0","0","-","-","-","-","0","0","0","6","-","0","0","0","-"
"1343","Travis Hamonic","Justin Faulk","DET","1","1.1666666666667","0","1","0.00","0","1","0.00","0","0","-","0","0","-","0","0.03","0.00","0","0","-","0","0","-","0","0","-","0","0","-","0","0","-","0","1","0.00","0","0","-","-","-","-","0","0","0","4","-","0","0","0","-"
"1344","Shayne Gostisbehere","Ronan Seeley","CAR","1","1.1666666666667","1","0","100.00","1","0","100.00","0","0","-","0","0","-","0.05","0","100.00","1","0","100.00","0","0","-","0","0","-","1","0","100.00","0","0","-","0","0","-","0","0","-","-","-","-","0","0","0","3","-","0","0","0","-"
"1345","Matt Roy","Timothy Liljegren","WSH","4","1.1666666666667","0","2","0.00","0","1","0.00","0","0","-","0","0","-","0","0.05","0.00","0","1","0.00","0","0","-","0","0","-","0","1","0.00","0","0","-","0","1","0.00","0","0","-","-","-","-","0","0","0","10","-","0","0","0","-"
"1346","Darnell Nurse","Riley Stillman","EDM","4","1.15","2","1","66.67","2","1","66.67","2","1","66.67","0","0","-","0.06","0.04","62.12","1","1","50.00","0","0","-","0","0","-","1","1","50.00","0","0","-","1","0","100.00","0","0","-","0.00","100.00","1.000","0","0","0","1","-","0","0","0","-"
"1347","Jeff Petry","Matt Kiersted","MIN","2","1.1333333333333","1","4","20.00","1","3","25.00","1","1","50.00","0","0","-","0.06","0.19","23.97","0","1","0.00","0","0","-","0","0","-","0","1","0.00","0","0","-","1","3","25.00","0","0","-","0.00","100.00","1.000","0","0","0","5","-","0","0","0","-"
"1348","Erik Karlsson","Jack St. Ivany","PIT","14","1.1166666666667","0","0","-","0","0","-","0","0","-","0","0","-","0","0","-","0","0","-","0","0","-","0","0","-","0","0","-","0","0","-","0","0","-","0","0","-","-","-","-","0","0","0","11","-","0","0","0","-"
"1349","Luca Cagnoni","Sam Dickinson","S.J","3","1.1166666666667","1","1","50.00","0","0","-","0","0","-","0","0","-","0","0","-","0","0","-","0","0","-","0","0","-","0","0","-","0","0","-","1","1","50.00","0","0","-","-","-","-","0","0","0","11","-","0","0","1","0.00"
"1350","Nick Jensen","Donovan Sebrango","OTT","2","1.1","0","2","0.00","0","2","0.00","0","1","0.00","0","0","-","0","0.02","0.00","0","0","-","0","0","-","0","0","-","0","0","-","0","0","-","0","2","0.00","0","0","-","-","100.00","1.00","0","0","0","4","-","0","0","0","-"
"1351","Dennis Gilbert","Lassi Thomson","OTT","2","1.1","1","2","33.33","0","1","0.00","0","0","-","0","0","-","0","0.13","0.00","0","2","0.00","0","1","0.00","0","0","-","0","1","0.00","0","0","-","1","0","100.00","0","0","-","-","-","-","0","1","0","2","-","0","1","0","-"
"1352","John Carlson","Radko Gudas","ANA","4","1.0833333333333","0","0","-","0","0","-","0","0","-","0","0","-","0","0","-","0","0","-","0","0","-","0","0","-","0","0","-","0","0","-","0","0","-","0","0","-","-","-","-","0","0","0","2","-","0","0","0","-"
"1353","Dysin Mayo","Zach Werenski","CBJ","2","1.0833333333333","2","1","66.67","1","1","50.00","1","1","50.00","0","0","-","0.02","0.02","54.19","0","0","-","0","0","-","0","0","-","0","0","-","0","0","-","1","1","50.00","0","0","-","0.00","100.00","1.000","0","0","0","4","-","0","0","0","-"
"1354","Jared Spurgeon","Carson Lambos","MIN","1","1.0666666666667","2","0","100.00","2","0","100.00","2","0","100.00","0","0","-","0.06","0","100.00","1","0","100.00","0","0","-","0","0","-","1","0","100.00","0","0","-","2","1","66.67","0","0","-","0.00","-","0.00","0","0","1","0","0.00","1","0","1","50.00"
"1355","Troy Stecher","William Villeneuve","TOR","3","1.0666666666667","1","0","100.00","0","0","-","0","0","-","0","0","-","0","0","-","0","0","-","0","0","-","0","0","-","0","0","-","0","0","-","1","0","100.00","0","0","-","-","-","-","0","0","0","2","-","0","0","0","-"
"1356","Jeff Petry","Jared Spurgeon","MIN","6","1.05","1","1","50.00","0","0","-","0","0","-","0","0","-","0","0","-","0","0","-","0","0","-","0","0","-","0","0","-","0","0","-","1","1","50.00","0","0","-","-","-","-","0","0","0","11","-","0","0","0","-"
"1357","Jake Bean","Yan Kuznetsov","CGY","6","1.05","0","0","-","0","0","-","0","0","-","0","0","-","0","0","-","0","0","-","0","0","-","0","0","-","0","0","-","0","0","-","0","0","-","0","0","-","-","-","-","0","0","0","8","-","0","0","0","-"
"1358","Colin Miller","Elias Salomonsson","WPG","2","1.0333333333333","0","0","-","0","0","-","0","0","-","0","0","-","0","0","-","0","0","-","0","0","-","0","0","-","0","0","-","0","0","-","0","0","-","0","0","-","-","-","-","0","0","0","9","-","0","0","0","-"
"1359","Adam Pelech","Cole McWard","NYI","3","1.0333333333333","0","2","0.00","0","2","0.00","0","2","0.00","0","0","-","0","0.04","0.00","0","0","-","0","0","-","0","0","-","0","0","-","0","0","-","0","1","0.00","0","0","-","-","100.00","1.00","0","0","0","5","-","0","0","0","-"
"1360","Erik Gustafsson","Moritz Seider","DET","2","1.0333333333333","5","1","83.33","5","1","83.33","3","1","75.00","0","0","-","0.21","0","98.97","3","0","100.00","0","0","-","0","0","-","3","0","100.00","0","0","-","2","0","100.00","0","0","-","0.00","100.00","1.000","0","0","0","7","-","0","0","0","-"
"1361","Kevin Gravel","Justin Barron","NSH","1","1.0166666666667","0","1","0.00","0","0","-","0","0","-","0","0","-","0","0","-","0","0","-","0","0","-","0","0","-","0","0","-","0","0","-","0","1","0.00","0","0","-","-","-","-","0","0","0","0","-","0","0","0","-"
"1362","Nikita Zadorov","Michael Callahan","BOS","5","1.0166666666667","1","2","33.33","1","2","33.33","1","2","33.33","0","1","0.00","0.02","0.15","9.29","0","1","0.00","0","1","0.00","0","1","0.00","0","0","-","0","0","-","1","1","50.00","0","0","-","0.00","50.00","0.500","0","0","0","7","-","0","0","0","-"
"1363","Ronan Seeley","Charles-Alexis Legault","CAR","1","1.0166666666667","0","1","0.00","0","0","-","0","0","-","0","0","-","0","0","-","0","0","-","0","0","-","0","0","-","0","0","-","0","0","-","0","0","-","0","0","-","-","-","-","0","1","0","2","-","0","1","0","-"
"1364","Colin Miller","Jacob Bryson","WPG","2","0.98333333333333","1","1","50.00","1","1","50.00","1","1","50.00","0","0","-","0.03","0.06","29.72","0","0","-","0","0","-","0","0","-","0","0","-","0","0","-","1","1","50.00","0","0","-","0.00","100.00","1.000","0","0","0","3","-","0","0","0","-"
"1365","Conor Timmins","Ryan Johnson","BUF","3","0.98333333333333","0","0","-","0","0","-","0","0","-","0","0","-","0","0","-","0","0","-","0","0","-","0","0","-","0","0","-","0","0","-","0","0","-","0","0","-","-","-","-","0","0","0","3","-","0","0","0","-"
"1366","Jaycob Megna","Noah Hanifin","VGK","4","0.95","0","1","0.00","0","1","0.00","0","0","-","0","0","-","0","0.06","0.00","0","1","0.00","0","0","-","0","0","-","0","1","0.00","0","0","-","0","0","-","0","0","-","-","-","-","0","0","0","4","-","0","0","0","-"
"1367","Rasmus Dahlin","Ryan Johnson","BUF","3","0.95","0","0","-","0","0","-","0","0","-","0","0","-","0","0","-","0","0","-","0","0","-","0","0","-","0","0","-","0","0","-","0","0","-","0","0","-","-","-","-","0","0","0","7","-","0","0","0","-"
"1368","Kaiden Guhle","David Reinbacher","MTL","2","0.95","0","0","-","0","0","-","0","0","-","0","0","-","0","0","-","0","0","-","0","0","-","0","0","-","0","0","-","0","0","-","0","0","-","0","0","-","-","-","-","0","0","0","3","-","0","0","0","-"
"1369","Tyler Myers","Derek Forbort","VAN","2","0.93333333333333","1","3","25.00","0","1","0.00","0","0","-","0","0","-","0","0.03","0.00","0","2","0.00","0","0","-","0","0","-","0","2","0.00","0","0","-","1","1","50.00","0","0","-","-","-","-","0","0","1","3","0.00","0","0","1","0.00"
"1370","Jordan Oesterle","Justin Barron","NSH","1","0.93333333333333","3","0","100.00","3","0","100.00","1","0","100.00","0","0","-","0.17","0","100.00","3","0","100.00","1","0","100.00","0","0","-","2","0","100.00","0","0","-","1","0","100.00","0","0","-","0.00","-","0.00","0","0","0","5","-","1","0","0","100.00"
"1371","Jeff Petry","Zach Bogosian","MIN","1","0.9","1","1","50.00","0","1","0.00","0","1","0.00","0","0","-","0","0.03","0.00","0","0","-","0","0","-","0","0","-","0","0","-","0","0","-","0","1","0.00","0","0","-","-","100.00","1.00","0","0","0","1","-","0","0","0","-"
"1372","Derek Forbort","Marcus Pettersson","VAN","2","0.9","0","0","-","0","0","-","0","0","-","0","0","-","0","0","-","0","0","-","0","0","-","0","0","-","0","0","-","0","0","-","0","0","-","0","0","-","-","-","-","0","0","0","7","-","0","0","0","-"
"1373","Connor Clifton","Jake Livanavage","PIT","1","0.9","0","1","0.00","0","1","0.00","0","0","-","0","0","-","0","0.07","0.00","0","0","-","0","0","-","0","0","-","0","0","-","0","0","-","0","1","0.00","0","0","-","-","-","-","0","0","0","3","-","0","0","0","-"
"1374","Ilya Solovyov","Jake Livanavage","PIT","1","0.9","1","0","100.00","1","0","100.00","1","0","100.00","1","0","100.00","0.07","0","100.00","1","0","100.00","1","0","100.00","1","0","100.00","0","0","-","0","0","-","0","0","-","0","0","-","100.00","-","1.00","0","1","0","0","-","0","1","0","-"
"1375","Daniil Miromanov","Zayne Parekh","CGY","1","0.88333333333333","0","2","0.00","0","1","0.00","0","0","-","0","0","-","0","0.06","0.00","0","0","-","0","0","-","0","0","-","0","0","-","0","0","-","0","2","0.00","0","0","-","-","-","-","0","0","0","1","-","0","0","0","-"
"1376","Nick Seeler"," ","PHI","3","0.86666666666667","0","1","0.00","0","1","0.00","0","0","-","0","0","-","0","0.09","0.00","0","1","0.00","0","1","0.00","0","0","-","0","0","-","0","0","-","0","0","-","0","0","-","-","-","-","0","0","0","16","-","0","0","0","-"
"1377","MacKenzie Weegar","Zach Whitecloud","CGY","12","0.86666666666667","0","0","-","0","0","-","0","0","-","0","0","-","0","0","-","0","0","-","0","0","-","0","0","-","0","0","-","0","0","-","0","0","-","0","0","-","-","-","-","0","0","0","11","-","0","0","0","-"
"1378","Thomas Harley","Vladislav Kolyachonok","DAL","1","0.85","1","0","100.00","0","0","-","0","0","-","0","0","-","0","0","-","0","0","-","0","0","-","0","0","-","0","0","-","0","0","-","0","0","-","0","0","-","-","-","-","0","0","0","2","-","0","0","0","-"
"1379","Mike Matheson","David Reinbacher","MTL","1","0.83333333333333","0","0","-","0","0","-","0","0","-","0","0","-","0","0","-","0","0","-","0","0","-","0","0","-","0","0","-","0","0","-","0","0","-","0","0","-","-","-","-","0","0","0","1","-","0","0","0","-"
"1380","Charlie McAvoy","Michael Callahan","BOS","3","0.83333333333333","2","0","100.00","2","0","100.00","2","0","100.00","0","0","-","0.04","0","100.00","0","0","-","0","0","-","0","0","-","0","0","-","0","0","-","2","0","100.00","0","0","-","0.00","-","0.00","0","0","0","7","-","0","0","0","-"
"1381","Dysin Mayo","Dante Fabbro","CBJ","3","0.81666666666667","0","0","-","0","0","-","0","0","-","0","0","-","0","0","-","0","0","-","0","0","-","0","0","-","0","0","-","0","0","-","0","0","-","0","0","-","-","-","-","0","0","0","5","-","0","0","0","-"
"1382","Charlie McAvoy","Vladislav Kolyachonok","BOS","2","0.81666666666667","0","1","0.00","0","0","-","0","0","-","0","0","-","0","0","-","0","0","-","0","0","-","0","0","-","0","0","-","0","0","-","0","0","-","0","0","-","-","-","-","0","0","1","2","0.00","0","0","1","0.00"
"1383","Kevin Gravel","Adam Wilsby","NSH","1","0.8","0","1","0.00","0","1","0.00","0","0","-","0","0","-","0","0.03","0.00","0","0","-","0","0","-","0","0","-","0","0","-","0","0","-","0","1","0.00","0","0","-","-","-","-","0","0","0","4","-","0","0","0","-"
"1384","Erik Gustafsson","Jacob Bernard-Docker","DET","1","0.8","3","0","100.00","3","0","100.00","2","0","100.00","0","0","-","0.3","0","100.00","3","0","100.00","2","0","100.00","0","0","-","1","0","100.00","0","0","-","0","0","-","0","0","-","0.00","-","0.00","0","0","0","2","-","0","0","0","-"
"1385","Topias Vilen","Simon Nemec","N.J","2","0.78333333333333","0","1","0.00","0","1","0.00","0","1","0.00","0","0","-","0","0.06","0.00","0","0","-","0","0","-","0","0","-","0","0","-","0","0","-","0","2","0.00","0","0","-","-","100.00","1.00","0","0","1","4","0.00","0","0","1","0.00"
"1386","David Jiricek","Hunter McDonald","PHI","1","0.78333333333333","0","0","-","0","0","-","0","0","-","0","0","-","0","0","-","0","0","-","0","0","-","0","0","-","0","0","-","0","0","-","0","0","-","0","0","-","-","-","-","0","0","0","3","-","0","0","0","-"
"1387","Jeff Petry","Mikulas Hovorka","FLA","1","0.76666666666667","0","5","0.00","0","5","0.00","0","4","0.00","0","1","0.00","0","0.93","0.00","0","5","0.00","0","3","0.00","0","1","0.00","0","2","0.00","0","0","-","0","0","-","0","0","-","-","75.00","0.75","0","0","0","1","-","0","0","0","-"
"1388","Mike Reilly","Ronan Seeley","CAR","1","0.76666666666667","1","0","100.00","0","0","-","0","0","-","0","0","-","0","0","-","0","0","-","0","0","-","0","0","-","0","0","-","0","0","-","0","0","-","0","0","-","-","-","-","0","0","0","5","-","0","0","0","-"
"1389","Matthew Benning","Troy Stecher","TOR","1","0.76666666666667","2","2","50.00","1","1","50.00","1","0","100.00","0","0","-","0.03","0.02","64.37","1","1","50.00","0","0","-","0","0","-","1","1","50.00","0","0","-","1","1","50.00","0","0","-","0.00","-","0.00","0","0","0","1","-","0","0","0","-"
"1390","Kevin Bahl","Daniil Miromanov","CGY","1","0.76666666666667","0","4","0.00","0","3","0.00","0","0","-","0","0","-","0","0.17","0.00","0","2","0.00","0","0","-","0","0","-","0","2","0.00","0","0","-","0","2","0.00","0","0","-","-","-","-","0","0","0","1","-","0","0","0","-"
"1391","Christopher Tanev","Troy Stecher","TOR","3","0.75","2","0","100.00","2","0","100.00","2","0","100.00","0","0","-","0.05","0","100.00","1","0","100.00","0","0","-","0","0","-","1","0","100.00","0","0","-","1","0","100.00","0","0","-","0.00","-","0.00","0","0","0","8","-","0","0","0","-"
"1392","Josh Morrissey","Isaak Phillips","WPG","2","0.75","1","2","33.33","0","2","0.00","0","1","0.00","0","0","-","0","0.06","0.00","0","0","-","0","0","-","0","0","-","0","0","-","0","0","-","1","2","33.33","0","0","-","-","100.00","1.00","0","0","0","3","-","0","0","0","-"
"1393","Luke Schenn","Conor Timmins","BUF","1","0.73333333333333","1","1","50.00","1","1","50.00","1","1","50.00","0","0","-","0.06","0.05","58.28","1","1","50.00","0","0","-","0","0","-","1","1","50.00","0","0","-","0","0","-","0","0","-","0.00","100.00","1.000","0","0","0","2","-","0","1","0","-"
"1394","Dylan McIlrath","Matt Roy","WSH","11","0.73333333333333","0","0","-","0","0","-","0","0","-","0","0","-","0","0","-","0","0","-","0","0","-","0","0","-","0","0","-","0","0","-","0","0","-","0","0","-","-","-","-","0","0","0","5","-","0","0","0","-"
"1395","Ryan Johnson","Owen Power","BUF","2","0.73333333333333","0","1","0.00","0","1","0.00","0","1","0.00","0","0","-","0","0.09","0.00","0","1","0.00","0","1","0.00","0","0","-","0","0","-","0","0","-","0","0","-","0","0","-","-","100.00","1.00","1","0","0","0","100.00","1","0","0","100.00"
"1396","Dysin Mayo","Egor Zamula","CBJ","1","0.71666666666667","0","4","0.00","0","4","0.00","0","2","0.00","0","0","-","0","0.59","0.00","0","3","0.00","0","1","0.00","0","0","-","0","2","0.00","0","0","-","0","1","0.00","0","0","-","-","100.00","1.00","0","0","0","2","-","0","0","0","-"
"1397","Daemon Hunt","Matt Kiersted","MIN","4","0.71666666666667","0","0","-","0","0","-","0","0","-","0","0","-","0","0","-","0","0","-","0","0","-","0","0","-","0","0","-","0","0","-","0","0","-","0","0","-","-","-","-","0","0","0","2","-","0","0","0","-"
"1398","John Carlson","Dylan McIlrath","WSH","10","0.66666666666667","0","0","-","0","0","-","0","0","-","0","0","-","0","0","-","0","0","-","0","0","-","0","0","-","0","0","-","0","0","-","0","0","-","0","0","-","-","-","-","0","0","0","8","-","0","0","0","-"
"1399","Ryan Pulock","Isaiah George","NYI","1","0.66666666666667","0","0","-","0","0","-","0","0","-","0","0","-","0","0","-","0","0","-","0","0","-","0","0","-","0","0","-","0","0","-","0","0","-","0","0","-","-","-","-","0","0","0","0","-","0","0","1","0.00"
"1400","Rasmus Andersson","Daniil Miromanov","CGY","1","0.63333333333333","0","1","0.00","0","1","0.00","0","0","-","0","0","-","0","0.05","0.00","0","1","0.00","0","0","-","0","0","-","0","1","0.00","0","0","-","0","0","-","0","0","-","-","-","-","0","0","0","4","-","0","0","0","-"
"1401","Noah Juulsen","Hunter McDonald","PHI","1","0.63333333333333","0","1","0.00","0","0","-","0","0","-","0","0","-","0","0","-","0","0","-","0","0","-","0","0","-","0","0","-","0","0","-","0","2","0.00","0","0","-","-","-","-","0","0","1","0","0.00","0","0","1","0.00"
"1402","Seamus Casey","Simon Nemec","N.J","2","0.63333333333333","1","0","100.00","1","0","100.00","0","0","-","0","0","-","0.05","0","100.00","1","0","100.00","0","0","-","0","0","-","1","0","100.00","0","0","-","0","0","-","0","0","-","-","-","-","0","0","0","7","-","0","0","0","-"
"1403","Logan Stanley","Ville Heinola","WPG","2","0.61666666666667","0","0","-","0","0","-","0","0","-","0","0","-","0","0","-","0","0","-","0","0","-","0","0","-","0","0","-","0","0","-","0","0","-","0","0","-","-","-","-","0","0","0","2","-","0","0","0","-"
"1404","Jared Spurgeon","David Spacek","MIN","2","0.6","1","1","50.00","1","1","50.00","0","0","-","0","0","-","0.05","0.02","72.51","1","0","100.00","0","0","-","0","0","-","1","0","100.00","0","0","-","0","1","0.00","0","0","-","-","-","-","0","0","0","1","-","0","0","0","-"
"1405","Ryan Pulock","Cole McWard","NYI","3","0.6","0","0","-","0","0","-","0","0","-","0","0","-","0","0","-","0","0","-","0","0","-","0","0","-","0","0","-","0","0","-","0","0","-","0","0","-","-","-","-","0","0","0","3","-","0","0","0","-"
"1406","Riley Stillman","Spencer Stastney","EDM","4","0.6","0","1","0.00","0","1","0.00","0","1","0.00","0","0","-","0","0.02","0.00","0","0","-","0","0","-","0","0","-","0","0","-","0","0","-","0","0","-","0","0","-","-","100.00","1.00","0","0","0","2","-","0","0","0","-"
"1407","Brenden Dillon","Topias Vilen","N.J","2","0.56666666666667","0","0","-","0","0","-","0","0","-","0","0","-","0","0","-","0","0","-","0","0","-","0","0","-","0","0","-","0","0","-","0","0","-","0","0","-","-","-","-","0","0","0","5","-","0","0","0","-"
"1408","Niko Mikkola","Mikulas Hovorka","FLA","1","0.55","0","2","0.00","0","2","0.00","0","2","0.00","0","1","0.00","0","0.37","0.00","0","2","0.00","0","2","0.00","0","1","0.00","0","0","-","0","0","-","0","0","-","0","0","-","-","50.00","0.50","0","0","0","3","-","0","1","0","-"
"1409","Brayden McNabb","Dylan Coghlan","VGK","1","0.53333333333333","0","3","0.00","0","1","0.00","0","0","-","0","0","-","0","0.03","0.00","0","1","0.00","0","0","-","0","0","-","0","1","0.00","0","0","-","0","3","0.00","0","0","-","-","-","-","0","0","1","2","0.00","0","0","1","0.00"
"1410","Dysin Mayo","Ivan Provorov","CBJ","3","0.53333333333333","0","0","-","0","0","-","0","0","-","0","0","-","0","0","-","0","0","-","0","0","-","0","0","-","0","0","-","0","0","-","0","0","-","0","0","-","-","-","-","0","0","0","2","-","0","0","0","-"
"1411","Luke Schenn","Zach Metsa","BUF","2","0.5","2","0","100.00","1","0","100.00","1","0","100.00","1","0","100.00","0.25","0","100.00","2","0","100.00","1","0","100.00","1","0","100.00","1","0","100.00","0","0","-","0","0","-","0","0","-","100.00","-","1.00","0","0","0","6","-","0","0","0","-"
"1412","Justin Holl","Matthew Kessel","STL","1","0.5","1","2","33.33","1","1","50.00","1","0","100.00","0","0","-","0.07","0.02","78.99","1","1","50.00","0","1","0.00","0","0","-","1","0","100.00","0","0","-","0","1","0.00","0","0","-","0.00","-","0.00","0","0","0","1","-","0","0","0","-"
"1413","Hampus Lindholm","Michael Callahan","BOS","2","0.5","1","1","50.00","1","1","50.00","1","1","50.00","1","0","100.00","0.17","0.1","63.05","1","1","50.00","1","1","50.00","1","0","100.00","0","0","-","0","0","-","0","0","-","0","0","-","100.00","100.00","2.000","0","0","0","3","-","0","0","0","-"
"1414","Yan Kuznetsov","Abram Wiebe","CGY","1","0.5","0","0","-","0","0","-","0","0","-","0","0","-","0","0","-","0","0","-","0","0","-","0","0","-","0","0","-","0","0","-","0","0","-","0","0","-","-","-","-","0","0","0","4","-","0","0","0","-"
"1415","Brett Kulak","Ryan Graves","PIT","2","0.48333333333333","0","1","0.00","0","0","-","0","0","-","0","0","-","0","0","-","0","0","-","0","0","-","0","0","-","0","0","-","0","0","-","0","0","-","0","0","-","-","-","-","0","0","0","3","-","0","0","0","-"
"1416","Jaycob Megna","Jeremy Lauzon","VGK","4","0.48333333333333","1","2","33.33","1","2","33.33","1","0","100.00","0","0","-","0.01","0.49","1.70","0","2","0.00","0","2","0.00","0","0","-","0","0","-","0","0","-","1","0","100.00","0","0","-","0.00","-","0.00","0","0","0","7","-","0","0","0","-"
"1417","Noah Juulsen","David Jiricek","PHI","1","0.48333333333333","0","2","0.00","0","2","0.00","0","2","0.00","0","0","-","0","0.12","0.00","0","1","0.00","0","1","0.00","0","0","-","0","0","-","0","0","-","0","1","0.00","0","0","-","-","100.00","1.00","0","0","0","2","-","0","0","0","-"
"1418","Tristan Luneau","Pavel Mintyukov","ANA","1","0.48333333333333","2","0","100.00","1","0","100.00","0","0","-","0","0","-","0.05","0","100.00","2","0","100.00","0","0","-","0","0","-","2","0","100.00","0","0","-","0","0","-","0","0","-","-","-","-","0","0","0","4","-","0","0","0","-"
"1419","Steven Santini","Maxwell Crozier","T.B","3","0.45","0","1","0.00","0","0","-","0","0","-","0","0","-","0","0","-","0","0","-","0","0","-","0","0","-","0","0","-","0","0","-","0","1","0.00","0","0","-","-","-","-","0","0","0","2","-","0","0","0","-"
"1420","Kevin Gravel","Brady Skjei","NSH","1","0.41666666666667","0","2","0.00","0","1","0.00","0","1","0.00","0","0","-","0","0.21","0.00","0","1","0.00","0","1","0.00","0","0","-","0","0","-","0","0","-","0","1","0.00","0","0","-","-","100.00","1.00","0","0","0","1","-","0","0","0","-"
"1421","Jonas Brodin","Matt Kiersted","MIN","2","0.41666666666667","1","0","100.00","0","0","-","0","0","-","0","0","-","0","0","-","0","0","-","0","0","-","0","0","-","0","0","-","0","0","-","0","0","-","0","0","-","-","-","-","0","0","0","3","-","0","0","0","-"
"1422","Nick Seeler","Hunter McDonald","PHI","1","0.38333333333333","0","0","-","0","0","-","0","0","-","0","0","-","0","0","-","0","0","-","0","0","-","0","0","-","0","0","-","0","0","-","0","0","-","0","0","-","-","-","-","0","0","0","2","-","0","0","0","-"
"1423","Jordan Oesterle","Adam Wilsby","NSH","1","0.38333333333333","0","0","-","0","0","-","0","0","-","0","0","-","0","0","-","0","0","-","0","0","-","0","0","-","0","0","-","0","0","-","0","0","-","0","0","-","-","-","-","0","0","0","2","-","0","0","0","-"
"1424","Jared Spurgeon","Viking Gustafsson-Nyberg","MIN","1","0.36666666666667","1","0","100.00","1","0","100.00","1","0","100.00","0","0","-","0.02","0","100.00","0","0","-","0","0","-","0","0","-","0","0","-","0","0","-","1","0","100.00","0","0","-","0.00","-","0.00","0","0","0","1","-","0","0","0","-"
"1425","Alexander Nikishin","Ronan Seeley","CAR","1","0.36666666666667","0","1","0.00","0","1","0.00","0","1","0.00","0","0","-","0","0.05","0.00","0","1","0.00","0","0","-","0","0","-","0","1","0.00","0","0","-","0","0","-","0","0","-","-","100.00","1.00","0","0","0","4","-","0","0","0","-"
"1426","Adam Engstrom","David Reinbacher","MTL","1","0.35","0","0","-","0","0","-","0","0","-","0","0","-","0","0","-","0","0","-","0","0","-","0","0","-","0","0","-","0","0","-","0","0","-","0","0","-","-","-","-","0","0","0","1","-","0","0","0","-"
"1427","Adam Ginning","Egor Zamula","PHI","2","0.33333333333333","1","0","100.00","0","0","-","0","0","-","0","0","-","0","0","-","1","0","100.00","0","0","-","0","0","-","1","0","100.00","0","0","-","0","0","-","0","0","-","-","-","-","0","0","0","3","-","0","0","0","-"
"1428","David Jiricek","Oliver Bonk","PHI","1","0.33333333333333","0","0","-","0","0","-","0","0","-","0","0","-","0","0","-","0","0","-","0","0","-","0","0","-","0","0","-","0","0","-","0","0","-","0","0","-","-","-","-","0","0","0","3","-","0","0","0","-"
"1429","Ryan Graves","Samuel Girard","PIT","2","0.31666666666667","0","0","-","0","0","-","0","0","-","0","0","-","0","0","-","0","0","-","0","0","-","0","0","-","0","0","-","0","0","-","0","0","-","0","0","-","-","-","-","0","0","0","4","-","0","0","0","-"
"1430","Morgan Rielly","Marshall Rifai","TOR","1","0.3","0","1","0.00","0","1","0.00","0","1","0.00","0","1","0.00","0","0.07","0.00","0","1","0.00","0","0","-","0","0","-","0","1","0.00","0","1","0.00","0","0","-","0","0","-","-","0.00","0.00","0","0","0","0","-","0","0","0","-"
"1431","Jackson LaCombe","Tyson Hinds","ANA","6","0.3","0","0","-","0","0","-","0","0","-","0","0","-","0","0","-","0","0","-","0","0","-","0","0","-","0","0","-","0","0","-","0","0","-","0","0","-","-","-","-","0","0","0","6","-","0","0","0","-"
"1432","Mike Benning","Mikulas Hovorka","FLA","3","0.3","1","0","100.00","1","0","100.00","1","0","100.00","0","0","-","0.01","0","100.00","0","0","-","0","0","-","0","0","-","0","0","-","0","0","-","1","0","100.00","0","0","-","0.00","-","0.00","0","0","0","4","-","0","0","0","-"
"1433","Ryan Shea","Owen Pickering","PIT","4","0.28333333333333","0","0","-","0","0","-","0","0","-","0","0","-","0","0","-","0","0","-","0","0","-","0","0","-","0","0","-","0","0","-","0","0","-","0","0","-","-","-","-","0","0","0","1","-","0","0","0","-"
"1434","Cole McWard","Matthew Schaefer","NYI","3","0.28333333333333","1","0","100.00","1","0","100.00","1","0","100.00","0","0","-","0.02","0","100.00","0","0","-","0","0","-","0","0","-","0","0","-","0","0","-","1","0","100.00","0","0","-","0.00","-","0.00","0","0","0","4","-","0","0","0","-"
"1435","Jackson LaCombe","Tristan Luneau","ANA","1","0.26666666666667","1","0","100.00","1","0","100.00","1","0","100.00","0","0","-","0.05","0","100.00","1","0","100.00","0","0","-","0","0","-","1","0","100.00","0","0","-","0","0","-","0","0","-","0.00","-","0.00","0","0","0","2","-","0","0","0","-"
"1436","Matthew Kessel","Theo Lindstein","STL","1","0.26666666666667","0","1","0.00","0","1","0.00","0","0","-","0","0","-","0","0.14","0.00","0","1","0.00","0","1","0.00","0","0","-","0","0","-","0","0","-","0","0","-","0","0","-","-","-","-","0","0","0","2","-","0","0","0","-"
"1437","Thomas Chabot","Donovan Sebrango","OTT","2","0.25","0","0","-","0","0","-","0","0","-","0","0","-","0","0","-","0","0","-","0","0","-","0","0","-","0","0","-","0","0","-","0","0","-","0","0","-","-","-","-","0","0","0","2","-","0","0","0","-"
"1438","Jaycob Megna","Shea Theodore","VGK","1","0.23333333333333","0","0","-","0","0","-","0","0","-","0","0","-","0","0","-","0","0","-","0","0","-","0","0","-","0","0","-","0","0","-","0","0","-","0","0","-","-","-","-","0","0","0","1","-","0","0","0","-"
"1439","Dysin Mayo","Denton Mateychuk","CBJ","1","0.23333333333333","0","0","-","0","0","-","0","0","-","0","0","-","0","0","-","0","0","-","0","0","-","0","0","-","0","0","-","0","0","-","0","0","-","0","0","-","-","-","-","0","0","0","1","-","0","0","0","-"
"1440","Brady Skjei","Jordan Oesterle","NSH","1","0.21666666666667","0","0","-","0","0","-","0","0","-","0","0","-","0","0","-","0","0","-","0","0","-","0","0","-","0","0","-","0","0","-","0","0","-","0","0","-","-","-","-","0","0","0","3","-","0","0","0","-"
"1441","Erik Karlsson","Owen Pickering","PIT","4","0.18333333333333","0","0","-","0","0","-","0","0","-","0","0","-","0","0","-","0","0","-","0","0","-","0","0","-","0","0","-","0","0","-","0","0","-","0","0","-","-","-","-","0","0","0","3","-","0","0","0","-"
"1442","Jake McCabe","Matthew Benning","TOR","1","0.18333333333333","0","1","0.00","0","1","0.00","0","1","0.00","0","0","-","0","0.02","0.00","0","0","-","0","0","-","0","0","-","0","0","-","0","0","-","0","1","0.00","0","0","-","-","100.00","1.00","0","0","0","2","-","0","0","0","-"
"1443","Dennis Gilbert","Tyler Kleven","OTT","6","0.18333333333333","0","0","-","0","0","-","0","0","-","0","0","-","0","0","-","0","0","-","0","0","-","0","0","-","0","0","-","0","0","-","0","0","-","0","0","-","-","-","-","0","0","0","5","-","0","0","0","-"
"1444","Dylan Coghlan","Kaedan Korczak","VGK","3","0.18333333333333","0","0","-","0","0","-","0","0","-","0","0","-","0","0","-","0","0","-","0","0","-","0","0","-","0","0","-","0","0","-","0","0","-","0","0","-","-","-","-","0","0","0","1","-","0","0","0","-"
"1445","Adam Ginning","Emil Andrae","PHI","1","0.16666666666667","0","0","-","0","0","-","0","0","-","0","0","-","0","0","-","0","0","-","0","0","-","0","0","-","0","0","-","0","0","-","0","0","-","0","0","-","-","-","-","0","0","0","2","-","0","0","0","-"
"1446","Tyler Myers","Kyle Capobianco","DAL","1","0.15","0","1","0.00","0","1","0.00","0","1","0.00","0","0","-","0","0.01","0.00","0","0","-","0","0","-","0","0","-","0","0","-","0","0","-","0","1","0.00","0","0","-","-","100.00","1.00","0","0","0","1","-","0","0","0","-"
"1447","Jordan Oesterle","Nick Perbix","NSH","1","0.15","0","0","-","0","0","-","0","0","-","0","0","-","0","0","-","0","0","-","0","0","-","0","0","-","0","0","-","0","0","-","0","0","-","0","0","-","-","-","-","0","0","0","2","-","0","0","0","-"
"1448","Tyson Hinds","Pavel Mintyukov","ANA","5","0.15","0","0","-","0","0","-","0","0","-","0","0","-","0","0","-","0","0","-","0","0","-","0","0","-","0","0","-","0","0","-","0","0","-","0","0","-","-","-","-","0","0","0","5","-","0","0","0","-"
"1449","Colton Parayko","Hunter Skinner","STL","1","0.11666666666667","0","0","-","0","0","-","0","0","-","0","0","-","0","0","-","0","0","-","0","0","-","0","0","-","0","0","-","0","0","-","0","0","-","0","0","-","-","-","-","0","0","0","3","-","0","0","0","-"
"1450","Darren Raddysh","Simon Lundmark","T.B","1","0.11666666666667","1","0","100.00","1","0","100.00","1","0","100.00","0","0","-","0.06","0","100.00","1","0","100.00","0","0","-","0","0","-","1","0","100.00","0","0","-","0","0","-","0","0","-","0.00","-","0.00","0","0","0","2","-","0","0","0","-"
"1451","Kevin Gravel","Nick Perbix","NSH","1","0.1","0","0","-","0","0","-","0","0","-","0","0","-","0","0","-","0","0","-","0","0","-","0","0","-","0","0","-","0","0","-","0","0","-","0","0","-","-","-","-","0","0","0","3","-","0","0","0","-"
"1452","Noah Juulsen","Oliver Bonk","PHI","1","0.1","0","0","-","0","0","-","0","0","-","0","0","-","0","0","-","0","0","-","0","0","-","0","0","-","0","0","-","0","0","-","0","0","-","0","0","-","-","-","-","0","0","0","0","-","0","0","0","-"
"1453","Quinn Hughes","Carson Lambos","MIN","1","0.1","0","0","-","0","0","-","0","0","-","0","0","-","0","0","-","0","0","-","0","0","-","0","0","-","0","0","-","0","0","-","0","0","-","0","0","-","-","-","-","0","0","0","3","-","0","0","0","-"
"1454","Jake Sanderson","Donovan Sebrango","OTT","2","0.1","0","0","-","0","0","-","0","0","-","0","0","-","0","0","-","0","0","-","0","0","-","0","0","-","0","0","-","0","0","-","0","0","-","0","0","-","-","-","-","0","0","0","3","-","0","0","0","-"
"1455","Ludvig Jansson","Mikulas Hovorka","FLA","1","0.1","0","0","-","0","0","-","0","0","-","0","0","-","0","0","-","0","0","-","0","0","-","0","0","-","0","0","-","0","0","-","0","0","-","0","0","-","-","-","-","0","0","0","1","-","0","0","0","-"
"1456","Justin Faulk","Hunter Skinner","STL","1","0.083333333333333","0","0","-","0","0","-","0","0","-","0","0","-","0","0","-","0","0","-","0","0","-","0","0","-","0","0","-","0","0","-","0","0","-","0","0","-","-","-","-","0","0","0","1","-","0","0","0","-"
"1457","Damon Severson","Dysin Mayo","CBJ","2","0.083333333333333","0","0","-","0","0","-","0","0","-","0","0","-","0","0","-","0","0","-","0","0","-","0","0","-","0","0","-","0","0","-","0","0","-","0","0","-","-","-","-","0","0","0","1","-","0","0","0","-"
"1458","Thomas Chabot","Dennis Gilbert","OTT","5","0.083333333333333","0","0","-","0","0","-","0","0","-","0","0","-","0","0","-","0","0","-","0","0","-","0","0","-","0","0","-","0","0","-","0","0","-","0","0","-","-","-","-","0","0","0","2","-","0","0","0","-"
"1459","Luke Schenn","Michael Kesselring","BUF","1","0.066666666666667","0","0","-","0","0","-","0","0","-","0","0","-","0","0","-","0","0","-","0","0","-","0","0","-","0","0","-","0","0","-","0","0","-","0","0","-","-","-","-","0","0","0","1","-","0","0","0","-"
"1460","Isaak Phillips","Elias Salomonsson","WPG","1","0.066666666666667","0","0","-","0","0","-","0","0","-","0","0","-","0","0","-","0","0","-","0","0","-","0","0","-","0","0","-","0","0","-","0","0","-","0","0","-","-","-","-","0","0","0","0","-","0","0","0","-"
"1461","Dennis Gilbert","Jake Sanderson","OTT","1","0.05","0","0","-","0","0","-","0","0","-","0","0","-","0","0","-","0","0","-","0","0","-","0","0","-","0","0","-","0","0","-","0","0","-","0","0","-","-","-","-","0","0","0","1","-","0","0","0","-"
"1462","Cameron Crotty","Jake Sanderson","OTT","3","0.05","0","0","-","0","0","-","0","0","-","0","0","-","0","0","-","0","0","-","0","0","-","0","0","-","0","0","-","0","0","-","0","0","-","0","0","-","-","-","-","0","0","0","1","-","0","0","0","-"
"1463","Philip Broberg","Hunter Skinner","STL","1","0.05","0","0","-","0","0","-","0","0","-","0","0","-","0","0","-","0","0","-","0","0","-","0","0","-","0","0","-","0","0","-","0","0","-","0","0","-","-","-","-","0","0","0","0","-","0","0","0","-"
"1464","Shayne Gostisbehere","Domenick Fensore","CAR","1","0.033333333333333","0","0","-","0","0","-","0","0","-","0","0","-","0","0","-","0","0","-","0","0","-","0","0","-","0","0","-","0","0","-","0","0","-","0","0","-","-","-","-","0","0","0","2","-","0","0","0","-"
"1465","Rasmus Andersson","Dylan Coghlan","VGK","1","0.033333333333333","0","0","-","0","0","-","0","0","-","0","0","-","0","0","-","0","0","-","0","0","-","0","0","-","0","0","-","0","0","-","0","0","-","0","0","-","-","-","-","0","0","0","2","-","0","0","0","-"
"1466","Mattias Samuelsson","Ryan Johnson","BUF","1","0.033333333333333","0","0","-","0","0","-","0","0","-","0","0","-","0","0","-","0","0","-","0","0","-","0","0","-","0","0","-","0","0","-","0","0","-","0","0","-","-","-","-","0","0","0","0","-","0","0","0","-"
"1467","Brock Faber","Carson Lambos","MIN","1","0.033333333333333","0","0","-","0","0","-","0","0","-","0","0","-","0","0","-","0","0","-","0","0","-","0","0","-","0","0","-","0","0","-","0","0","-","0","0","-","-","-","-","0","0","0","1","-","0","0","0","-"
"1468","Maxim Groshev","Declan Carlile","T.B","2","0.033333333333333","0","0","-","0","0","-","0","0","-","0","0","-","0","0","-","0","0","-","0","0","-","0","0","-","0","0","-","0","0","-","0","0","-","0","0","-","-","-","-","0","0","0","1","-","0","0","0","-"
"1469","John Carlson","Tristan Luneau","ANA","1","0.016666666666667","0","0","-","0","0","-","0","0","-","0","0","-","0","0","-","0","0","-","0","0","-","0","0","-","0","0","-","0","0","-","0","0","-","0","0","-","-","-","-","0","0","0","1","-","0","0","0","-"
"1470","Jonas Brodin","Viking Gustafsson-Nyberg","MIN","1","0.016666666666667","0","0","-","0","0","-","0","0","-","0","0","-","0","0","-","0","0","-","0","0","-","0","0","-","0","0","-","0","0","-","0","0","-","0","0","-","-","-","-","0","0","0","1","-","0","0","0","-"
"1471","Dylan Coghlan","Zach Whitecloud","VGK","1","0.016666666666667","0","0","-","0","0","-","0","0","-","0","0","-","0","0","-","0","0","-","0","0","-","0","0","-","0","0","-","0","0","-","0","0","-","0","0","-","-","-","-","0","0","0","0","-","0","0","0","-"
"1472","Tyler Kleven","Jorian Donovan","OTT","2","0.016666666666667","0","0","-","0","0","-","0","0","-","0","0","-","0","0","-","0","0","-","0","0","-","0","0","-","0","0","-","0","0","-","0","0","-","0","0","-","-","-","-","0","0","0","0","-","0","0","0","-"
"1473","Brock Faber","David Spacek","MIN","2","0.016666666666667","0","0","-","0","0","-","0","0","-","0","0","-","0","0","-","0","0","-","0","0","-","0","0","-","0","0","-","0","0","-","0","0","-","0","0","-","-","-","-","0","0","0","0","-","0","0","0","-"
"1474","Maxim Groshev","Janis Moser","T.B","2","0.016666666666667","0","0","-","0","0","-","0","0","-","0","0","-","0","0","-","0","0","-","0","0","-","0","0","-","0","0","-","0","0","-","0","0","-","0","0","-","-","-","-","0","0","0","0","-","0","0","0","-"
"1475","Jorian Donovan","Carter Yakemchuk","OTT","2","0.016666666666667","0","0","-","0","0","-","0","0","-","0","0","-","0","0","-","0","0","-","0","0","-","0","0","-","0","0","-","0","0","-","0","0","-","0","0","-","-","-","-","0","0","0","0","-","0","0","0","-"
